small_kind,small_case,N,seed,eps,method,iter,gibbs_calls,time_sec,F_marg,e_tr,converged_final
ising,mixed,4,0,0.001,KL descent,0,1,0.0,0.031077038943180604,0.23301665724750253,False
ising,mixed,4,0,0.001,KL descent,1,2,0.0010006427764892578,0.030849819266047213,0.2315712641144389,False
ising,mixed,4,0,0.001,KL descent,2,3,0.0025076866149902344,0.030630848772721826,0.23015225820825452,False
ising,mixed,4,0,0.001,KL descent,3,4,0.003516674041748047,0.0304198125834121,0.22875916289925263,False
ising,mixed,4,0,0.001,KL descent,4,5,0.004567146301269531,0.030216407608809333,0.22739150878206565,False
ising,mixed,4,0,0.001,KL descent,5,6,0.005563020706176758,0.030020342131607803,0.22604883364699024,False
ising,mixed,4,0,0.001,KL descent,6,7,0.006895542144775391,0.029831335401055283,0.2247306824461035,False
ising,mixed,4,0,0.001,KL descent,7,8,0.007947444915771484,0.029649117240278633,0.22343660725454528,False
ising,mixed,4,0,0.001,KL descent,8,9,0.009951353073120117,0.02947342766610722,0.22216616722733462,False
ising,mixed,4,0,0.001,KL descent,9,10,0.011033296585083008,0.02930401652111919,0.22091892855206996,False
ising,mixed,4,0,0.001,KL descent,10,11,0.011033296585083008,0.029140643117626396,0.21969446439780793,False
ising,mixed,4,0,0.001,KL descent,11,12,0.012668848037719727,0.028983075893318805,0.21849235486047303,False
ising,mixed,4,0,0.001,KL descent,12,13,0.013818740844726562,0.02883109207827482,0.21731218690504517,False
ising,mixed,4,0,0.001,KL descent,13,14,0.015688419342041016,0.028684477373057564,0.2161535543048297,False
ising,mixed,4,0,0.001,KL descent,14,15,0.016684532165527344,0.028543025637605822,0.21501605757804726,False
ising,mixed,4,0,0.001,KL descent,15,16,0.01780104637145996,0.02840653859063616,0.21389930392201167,False
ising,mixed,4,0,0.001,KL descent,16,17,0.01880192756652832,0.02827482551927192,0.2128029071451082,False
ising,mixed,4,0,0.001,KL descent,17,18,0.019739389419555664,0.0281477029986111,0.21172648759678903,False
ising,mixed,4,0,0.001,KL descent,18,19,0.020809650421142578,0.028024994620964618,0.21066967209581966,False
ising,mixed,4,0,0.001,KL descent,19,20,0.021798372268676758,0.027906530734472634,0.20963209385692777,False
ising,mixed,4,0,0.001,KL descent,20,21,0.02336287498474121,0.027792148190839243,0.2086133924160612,False
ising,mixed,4,0,0.001,KL descent,21,22,0.02443552017211914,0.027681690101910152,0.2076132135544413,False
ising,mixed,4,0,0.001,KL descent,22,23,0.02548527717590332,0.027575005604823736,0.2066312092215244,False
ising,mixed,4,0,0.001,KL descent,23,24,0.02648162841796875,0.027471949635485406,0.2056670374570766,False
ising,mixed,4,0,0.001,KL descent,24,25,0.02747964859008789,0.02737238271009777,0.20472036231247137,False
ising,mixed,4,0,0.001,KL descent,25,26,0.028487443923950195,0.02727617071450155,0.20379085377134104,False
ising,mixed,4,0,0.001,KL descent,26,27,0.02949070930480957,0.027183184701080887,0.2028781876697282,False
ising,mixed,4,0,0.001,KL descent,27,28,0.03148961067199707,0.027093300692989493,0.201982045615841,False
ising,mixed,4,0,0.001,KL descent,28,29,0.03248310089111328,0.02700639949546268,0.20110211490951518,False
ising,mixed,4,0,0.001,KL descent,29,30,0.03311872482299805,0.02692236651398623,0.2002380884614927,False
ising,mixed,4,0,0.001,KL descent,30,31,0.03418707847595215,0.026841091579096317,0.19938966471261915,False
ising,mixed,4,0,0.001,KL descent,31,32,0.03523993492126465,0.026762468777589938,0.19855654755302615,False
ising,mixed,4,0,0.001,KL descent,32,33,0.036214590072631836,0.026686396289935237,0.1977384462414099,False
ising,mixed,4,0,0.001,KL descent,33,34,0.0372164249420166,0.026612776233668464,0.19693507532445698,False
ising,mixed,4,0,0.001,KL descent,34,35,0.038214683532714844,0.02654151451258225,0.19614615455650897,False
ising,mixed,4,0,0.001,KL descent,35,36,0.04015970230102539,0.026472520671495345,0.19537140881950604,False
ising,mixed,4,0,0.001,KL descent,36,37,0.04114818572998047,0.026405707756430735,0.19461056804331744,False
ising,mixed,4,0,0.001,KL descent,37,38,0.04269742965698242,0.0263409921799942,0.19386336712645302,False
ising,mixed,4,0,0.001,KL descent,38,39,0.04376840591430664,0.026278293591790104,0.19312954585725528,False
ising,mixed,4,0,0.001,KL descent,39,40,0.04479575157165527,0.026217534753688577,0.19240884883562281,False
ising,mixed,4,0,0.001,KL descent,40,41,0.0457916259765625,0.026158641419775197,0.19170102539525047,False
ising,mixed,4,0,0.001,KL descent,41,42,0.04679226875305176,0.026101542220822723,0.19100582952651501,False
ising,mixed,4,0,0.001,KL descent,42,43,0.04779815673828125,0.026046168553114788,0.19032301979996258,False
ising,mixed,4,0,0.001,KL descent,43,44,0.04878973960876465,0.025992454471478143,0.18965235929048918,False
ising,mixed,4,0,0.001,KL descent,44,45,0.05075550079345703,0.025940336586361107,0.1889936155022064,False
ising,mixed,4,0,0.001,KL descent,45,46,0.05337691307067871,0.025889753964821374,0.18834656029404878,False
ising,mixed,4,0,0.001,KL descent,46,47,0.05538129806518555,0.025840648035276297,0.1877109698061304,False
ising,mixed,4,0,0.001,KL descent,47,48,0.05733323097229004,0.025792962495881942,0.18708662438687834,False
ising,mixed,4,0,0.001,KL descent,48,49,0.05933427810668945,0.02574664322640989,0.186473308520967,False
ising,mixed,4,0,0.001,KL descent,49,50,0.06138181686401367,0.025701638203486272,0.18587081075806988,False
ising,mixed,4,0,0.001,KL descent,50,51,0.06294584274291992,0.025657897419082157,0.18527892364243714,False
ising,mixed,4,0,0.001,KL descent,51,52,0.06499242782592773,0.025615372802125294,0.18469744364332852,False
ising,mixed,4,0,0.001,KL descent,52,53,0.06701040267944336,0.025574018143120027,0.1841261710863003,False
ising,mixed,4,0,0.001,KL descent,53,54,0.06906843185424805,0.025533789021669907,0.18356491008535758,False
ising,mixed,4,0,0.001,KL descent,54,55,0.07106828689575195,0.025494642736784087,0.18301346847599276,False
ising,mixed,4,0,0.001,KL descent,55,56,0.07269740104675293,0.025456538239876408,0.1824716577491018,False
ising,mixed,4,0,0.001,KL descent,56,57,0.07471466064453125,0.025419436070346784,0.18193929298580236,False
ising,mixed,4,0,0.001,KL descent,57,58,0.07684659957885742,0.025383298293652504,0.1814161927931322,False
ising,mixed,4,0,0.001,KL descent,58,59,0.07873916625976562,0.025348088441775114,0.1809021792406526,False
ising,mixed,4,0,0.001,KL descent,59,60,0.08082056045532227,0.02531377145599216,0.18039707779797076,False
ising,mixed,4,0,0.001,KL descent,60,61,0.08277273178100586,0.02528031363187186,0.17990071727313034,False
ising,mixed,4,0,0.001,KL descent,61,62,0.08438324928283691,0.02524768256639019,0.17941292975193834,False
ising,mixed,4,0,0.001,KL descent,62,63,0.08639121055603027,0.025215847107117547,0.17893355053816923,False
ising,mixed,4,0,0.001,KL descent,63,64,0.08834075927734375,0.025184777303369637,0.17846241809467667,False
ising,mixed,4,0,0.001,KL descent,64,65,0.09033370018005371,0.025154444359262652,0.1779993739854112,False
ising,mixed,4,0,0.001,KL descent,65,66,0.0923776626586914,0.025124820588595376,0.17754426281831837,False
ising,mixed,4,0,0.001,KL descent,66,67,0.09398555755615234,0.025095879371491107,0.17709693218913602,False
ising,mixed,4,0,0.001,KL descent,67,68,0.0959920883178711,0.025067595112728856,0.17665723262607014,False
ising,mixed,4,0,0.001,KL descent,68,69,0.0979468822479248,0.025039943201701196,0.17622501753535402,False
ising,mixed,4,0,0.001,KL descent,69,70,0.09999871253967285,0.025012899973935885,0.175800143147689,False
ising,mixed,4,0,0.001,KL descent,70,71,0.10099029541015625,0.02498644267412013,0.17538246846553385,False
ising,mixed,4,0,0.001,KL descent,71,72,0.10353326797485352,0.024960549420572152,0.17497185521127734,False
ising,mixed,4,0,0.001,KL descent,72,73,0.10597705841064453,0.02493519917110103,0.1745681677762546,False
ising,mixed,4,0,0.001,KL descent,73,74,0.10710406303405762,0.02491037169020334,0.17417127317060443,False
ising,mixed,4,0,0.001,KL descent,74,75,0.10917997360229492,0.02488604751754449,0.17378104097397756,False
ising,mixed,4,0,0.001,KL descent,75,76,0.11116933822631836,0.02486220793767587,0.17339734328706846,False
ising,mixed,4,0,0.001,KL descent,76,77,0.11356353759765625,0.024838834950935626,0.17302005468396708,False
ising,mixed,4,0,0.001,KL descent,77,78,0.11556625366210938,0.024815911245496237,0.17264905216533777,False
ising,mixed,4,0,0.001,KL descent,78,79,0.11752700805664062,0.024793420170501075,0.17228421511237774,False
ising,mixed,4,0,0.001,KL descent,79,80,0.1195211410522461,0.024771345710262693,0.1719254252416016,False
ising,mixed,4,0,0.001,KL descent,80,81,0.12151575088500977,0.02474967245946796,0.17157256656038267,False
ising,mixed,4,0,0.001,KL descent,81,82,0.1230318546295166,0.02472838559936141,0.17122552532329205,False
ising,mixed,4,0,0.001,KL descent,82,83,0.12510061264038086,0.024707470874858126,0.1708841899891942,False
ising,mixed,4,0,0.001,KL descent,83,84,0.12708568572998047,0.02468691457256498,0.17054845117910566,False
ising,mixed,4,0,0.001,KL descent,84,85,0.12904787063598633,0.02466670349965453,0.17021820163479096,False
ising,mixed,4,0,0.001,KL descent,85,86,0.13110589981079102,0.02464682496357809,0.16989333617811414,False
ising,mixed,4,0,0.001,KL descent,86,87,0.1326758861541748,0.024627266752571802,0.16957375167109318,False
ising,mixed,4,0,0.001,KL descent,87,88,0.13474392890930176,0.024608017116931207,0.16925934697670036,False
ising,mixed,4,0,0.001,KL descent,88,89,0.13674020767211914,0.024589064751019067,0.1689500229203365,False
ising,mixed,4,0,0.001,KL descent,89,90,0.13873553276062012,0.024570398775985724,0.1686456822520483,False
ising,mixed,4,0,0.001,KL descent,90,91,0.1407604217529297,0.02455200872316457,0.16834622960937634,False
ising,mixed,4,0,0.001,KL descent,91,92,0.14273405075073242,0.024533884518122735,0.16805157148092942,False
ising,mixed,4,0,0.001,KL descent,92,93,0.14500784873962402,0.02451601646533858,0.16776161617059915,False
ising,mixed,4,0,0.001,KL descent,93,94,0.14600324630737305,0.024498395233482465,0.16747627376243962,False
ising,mixed,4,0,0.001,KL descent,94,95,0.1480095386505127,0.02448101184127672,0.16719545608619812,False
ising,mixed,4,0,0.001,KL descent,95,96,0.1499626636505127,0.02446385764390955,0.16691907668346895,False
ising,mixed,4,0,0.001,KL descent,96,97,0.15247297286987305,0.02444692431998658,0.16664705077449254,False
ising,mixed,4,0,0.001,KL descent,97,98,0.1544950008392334,0.024430203858994512,0.16637929522555633,False
ising,mixed,4,0,0.001,KL descent,98,99,0.15648555755615234,0.024413688549256258,0.166115728517012,False
ising,mixed,4,0,0.001,KL descent,99,100,0.15848493576049805,0.02439737096636093,0.16585627071189446,False
ising,mixed,4,0,0.001,KL descent,100,101,0.16048550605773926,0.02438124396205072,0.16560084342510323,False
ising,mixed,4,0,0.001,KL descent,101,102,0.16248083114624023,0.024365300653541103,0.16534936979320192,False
ising,mixed,4,0,0.001,KL descent,102,103,0.16363215446472168,0.0243495344132628,0.16510177444475094,False
ising,mixed,4,0,0.001,KL descent,103,104,0.16562676429748535,0.02433393885900901,0.1648579834712235,False
ising,mixed,4,0,0.001,KL descent,104,105,0.16762757301330566,0.02431850784446457,0.16461792439844547,False
ising,mixed,4,0,0.001,KL descent,105,106,0.16962671279907227,0.024303235450112457,0.16438152615862284,False
ising,mixed,4,0,0.001,KL descent,106,107,0.1716315746307373,0.024288115974494828,0.16414871906283213,False
ising,mixed,4,0,0.001,KL descent,107,108,0.17429327964782715,0.024273143925818058,0.16391943477409643,False
ising,mixed,4,0,0.001,KL descent,108,109,0.17750048637390137,0.024258314013886895,0.16369360628094742,False
ising,mixed,4,0,0.001,KL descent,109,110,0.1795332431793213,0.0242436211423557,0.16347116787147808,False
ising,mixed,4,0,0.001,KL descent,110,111,0.18053150177001953,0.024229060401283586,0.16325205510792262,False
ising,mixed,4,0,0.001,KL descent,111,112,0.18305253982543945,0.02421462705998284,0.16303620480170194,False
ising,mixed,4,0,0.001,KL descent,112,113,0.18506550788879395,0.024200316560143438,0.16282355498894807,False
ising,mixed,4,0,0.001,KL descent,113,114,0.1880655288696289,0.024186124509234606,0.16261404490650905,False
ising,mixed,4,0,0.001,KL descent,114,115,0.19019436836242676,0.02417204667415769,0.1624076149684095,False
ising,mixed,4,0,0.001,KL descent,115,116,0.19220733642578125,0.024158078975151334,0.16220420674276492,False
ising,mixed,4,0,0.001,KL descent,116,117,0.19373416900634766,0.024144217479934834,0.16200376292913893,False
ising,mixed,4,0,0.001,KL descent,117,118,0.19572949409484863,0.02413045839808217,0.16180622733634015,False
ising,mixed,4,0,0.001,KL descent,118,119,0.19672822952270508,0.024116798075611928,0.16161154486064788,False
ising,mixed,4,0,0.001,KL descent,119,120,0.1987295150756836,0.024103232989792542,0.16141966146446118,False
ising,mixed,4,0,0.001,KL descent,120,121,0.2007303237915039,0.024089759744151323,0.16123052415536648,False
ising,mixed,4,0,0.001,KL descent,121,122,0.20323586463928223,0.024076375063674445,0.16104408096558986,False
ising,mixed,4,0,0.001,KL descent,122,123,0.20798087120056152,0.024063075790197407,0.1608602809318781,False
ising,mixed,4,0,0.001,KL descent,123,124,0.2099931240081787,0.024049858877976085,0.16067907407575077,False
ising,mixed,4,0,0.001,KL descent,124,125,0.21099543571472168,0.024036721389427456,0.16050041138414206,False
ising,mixed,4,0,0.001,KL descent,125,126,0.2125110626220703,0.02402366049103912,0.16032424479042318,False
ising,mixed,4,0,0.001,KL descent,126,127,0.2145218849182129,0.024010673449438455,0.1601505271557917,False
ising,mixed,4,0,0.001,KL descent,127,128,0.2165355682373047,0.023997757627611662,0.1599792122510202,False
ising,mixed,4,0,0.001,KL descent,128,129,0.21753382682800293,0.02398491048127253,0.1598102547385709,False
ising,mixed,4,0,0.001,KL descent,129,130,0.21853208541870117,0.023972129555374637,0.15964361015505413,False
ising,mixed,4,0,0.001,KL descent,130,131,0.21953344345092773,0.02395941248075226,0.15947923489403282,False
ising,mixed,4,0,0.001,KL descent,131,132,0.22107553482055664,0.02394675697090022,0.15931708618915164,False
ising,mixed,4,0,0.001,KL descent,132,133,0.22461628913879395,0.023934160818871893,0.1591571220976205,False
ising,mixed,4,0,0.001,KL descent,133,134,0.22761869430541992,0.02392162189430192,0.15899930148400215,False
ising,mixed,4,0,0.001,KL descent,134,135,0.22961783409118652,0.02390913814054202,0.15884358400432275,False
ising,mixed,4,0,0.001,KL descent,135,136,0.23161792755126953,0.023896707571908662,0.1586899300904996,False
ising,mixed,4,0,0.001,KL descent,136,137,0.23312878608703613,0.02388432827103719,0.1585383009350705,False
ising,mixed,4,0,0.001,KL descent,137,138,0.23514151573181152,0.02387199838633844,0.15838865847622063,False
ising,mixed,4,0,0.001,KL descent,138,139,0.23813915252685547,0.02385971612955359,0.15824096538311427,False
ising,mixed,4,0,0.001,KL descent,139,140,0.2401444911956787,0.023847479773402985,0.1580951850415011,False
ising,mixed,4,0,0.001,KL descent,140,141,0.24114274978637695,0.02383528764932698,0.15795128153962157,False
ising,mixed,4,0,0.001,KL descent,141,142,0.24270367622375488,0.02382313814531184,0.1578092196543739,False
ising,mixed,4,0,0.001,KL descent,142,143,0.24471426010131836,0.023811029703801265,0.15766896483776544,False
ising,mixed,4,0,0.001,KL descent,143,144,0.2467174530029297,0.023798960819689286,0.1575304832036334,False
ising,mixed,4,0,0.001,KL descent,144,145,0.24771857261657715,0.02378693003838473,0.1573937415146059,False
ising,mixed,4,0,0.001,KL descent,145,146,0.24973082542419434,0.023774935953959058,0.1572587071693624,False
ising,mixed,4,0,0.001,KL descent,146,147,0.2523157596588135,0.02376297720735606,0.15712534819008733,False
ising,mixed,4,0,0.001,KL descent,147,148,0.25432705879211426,0.02375105248467776,0.15699363321023385,False
ising,mixed,4,0,0.001,KL descent,148,149,0.2563440799713135,0.023739160515529815,0.15686353146247922,False
ising,mixed,4,0,0.001,KL descent,149,150,0.25833797454833984,0.023727300071436138,0.156735012766953,False
ising,mixed,4,0,0.001,KL descent,150,151,0.2593412399291992,0.02371546996430847,0.15660804751967194,False
ising,mixed,4,0,0.001,KL descent,151,152,0.2614760398864746,0.02370366904498047,0.15648260668122393,False
ising,mixed,4,0,0.001,KL descent,152,153,0.26296496391296387,0.023691896201790012,0.156358661765663,False
ising,mixed,4,0,0.001,KL descent,153,154,0.2649869918823242,0.023680150359224526,0.15623618482963325,False
ising,mixed,4,0,0.001,KL descent,154,155,0.2659909725189209,0.02366843047661067,0.15611514846169838,False
ising,mixed,4,0,0.001,KL descent,155,156,0.2679879665374756,0.023656735546856197,0.15599552577189207,False
ising,mixed,4,0,0.001,KL descent,156,157,0.26898646354675293,0.023645064595241943,0.15587729038146791,False
ising,mixed,4,0,0.001,KL descent,157,158,0.27098894119262695,0.023633416678255956,0.15576041641285965,False
ising,mixed,4,0,0.001,KL descent,158,159,0.27098894119262695,0.023621790882475454,0.15564487847982955,False
ising,mixed,4,0,0.001,KL descent,159,160,0.2745187282562256,0.02361018632348606,0.15553065167783253,False
ising,mixed,4,0,0.001,KL descent,160,161,0.27553486824035645,0.023598602144849063,0.15541771157453976,False
ising,mixed,4,0,0.001,KL descent,161,162,0.27654051780700684,0.02358703751710024,0.15530603420058436,False
ising,mixed,4,0,0.001,KL descent,162,163,0.27753329277038574,0.023575491636791873,0.15519559604046107,False
ising,mixed,4,0,0.001,KL descent,163,164,0.279538631439209,0.02356396372556797,0.155086374023634,False
ising,mixed,4,0,0.001,KL descent,164,165,0.2805314064025879,0.023552453029275614,0.15497834551579676,False
ising,mixed,4,0,0.001,KL descent,165,166,0.28152894973754883,0.02354095881710918,0.15487148831031555,False
ising,mixed,4,0,0.001,KL descent,166,167,0.28304433822631836,0.02352948038078704,0.15476578061985186,False
ising,mixed,4,0,0.001,KL descent,167,168,0.2850775718688965,0.023518017033757437,0.15466120106813314,False
ising,mixed,4,0,0.001,KL descent,168,169,0.28708815574645996,0.02350656811043801,0.15455772868190032,False
ising,mixed,4,0,0.001,KL descent,169,170,0.28807687759399414,0.023495132965478702,0.15445534288300727,False
ising,mixed,4,0,0.001,KL descent,170,171,0.29007601737976074,0.023483710973055554,0.1543540234806841,False
ising,mixed,4,0,0.001,KL descent,171,172,0.2910799980163574,0.023472301526190717,0.15425375066394964,False
ising,mixed,4,0,0.001,KL descent,172,173,0.2936108112335205,0.023460904036096065,0.15415450499417493,False
ising,mixed,4,0,0.001,KL descent,173,174,0.2946152687072754,0.023449517931541656,0.15405626739779477,False
ising,mixed,4,0,0.001,KL descent,174,175,0.2966141700744629,0.023438142658249655,0.1539590191591652,False
ising,mixed,4,0,0.001,KL descent,175,176,0.298616886138916,0.023426777678307056,0.15386274191356097,False
ising,mixed,4,0,0.001,KL descent,176,177,0.29961395263671875,0.02341542246960452,0.15376741764031232,False
ising,mixed,4,0,0.001,KL descent,177,178,0.30160975456237793,0.023404076525291008,0.15367302865608,False
ising,mixed,4,0,0.001,KL descent,178,179,0.30397510528564453,0.023392739353252385,0.15357955760825803,False
ising,mixed,4,0,0.001,KL descent,179,180,0.30498266220092773,0.02338141047560871,0.15348698746852169,False
ising,mixed,4,0,0.001,KL descent,180,181,0.30797529220581055,0.023370089428227065,0.15339530152648817,False
ising,mixed,4,0,0.001,KL descent,181,182,0.3099827766418457,0.023358775760256443,0.15330448338349678,False
ising,mixed,4,0,0.001,KL descent,182,183,0.31098198890686035,0.02334746903367561,0.15321451694655575,False
ising,mixed,4,0,0.001,KL descent,183,184,0.31249499320983887,0.023336168822860773,0.15312538642233892,False
ising,mixed,4,0,0.001,KL descent,184,185,0.3145172595977783,0.023324874714168234,0.15303707631137325,False
ising,mixed,4,0,0.001,KL descent,185,186,0.3165104389190674,0.023313586305528513,0.15294957140228932,False
ising,mixed,4,0,0.001,KL descent,186,187,0.31751060485839844,0.023302303206062372,0.15286285676622047,False
ising,mixed,4,0,0.001,KL descent,187,188,0.31951236724853516,0.02329102503570442,0.15277691775128455,False
ising,mixed,4,0,0.001,KL descent,188,189,0.32151222229003906,0.02327975142484314,0.15269173997720015,False
ising,mixed,4,0,0.001,KL descent,189,190,0.32302212715148926,0.023268482013973787,0.1526073093299959,False
ising,mixed,4,0,0.001,KL descent,190,191,0.32503700256347656,0.023257216453362685,0.15252361195682163,False
ising,mixed,4,0,0.001,KL descent,191,192,0.3260493278503418,0.02324595440272456,0.15244063426087795,False
ising,mixed,4,0,0.001,KL descent,192,193,0.3280518054962158,0.023234695530913434,0.15235836289643268,False
ising,mixed,4,0,0.001,KL descent,193,194,0.32904934883117676,0.02322343951561946,0.15227678476393647,False
ising,mixed,4,0,0.001,KL descent,194,195,0.33104729652404785,0.023212186043080115,0.15219588700524894,False
ising,mixed,4,0,0.001,KL descent,195,196,0.33104729652404785,0.023200934807804205,0.15211565699894436,False
ising,mixed,4,0,0.001,KL descent,196,197,0.3335850238800049,0.023189685512298004,0.15203608235570704,False
ising,mixed,4,0,0.001,KL descent,197,198,0.33458566665649414,0.023178437866809648,0.15195715091384832,False
ising,mixed,4,0,0.001,KL descent,198,199,0.33560609817504883,0.023167191589076534,0.15187885073487228,False
ising,mixed,4,0,0.001,KL descent,199,200,0.3366074562072754,0.023155946404085803,0.1518011700991581,False
ising,mixed,4,0,0.001,KL descent,200,201,0.3376040458679199,0.023144702043839192,0.15172409750171223,False
ising,mixed,4,0,0.001,KL descent,201,202,0.33960533142089844,0.023133458247129687,0.1516476216480122,False
ising,mixed,4,0,0.001,KL descent,202,203,0.34085869789123535,0.023122214759324057,0.15157173144994013,False
ising,mixed,4,0,0.001,KL descent,203,204,0.3423795700073242,0.023110971332154687,0.15149641602176994,False
ising,mixed,4,0,0.001,KL descent,204,205,0.34339308738708496,0.02309972772351642,0.15142166467627066,False
ising,mixed,4,0,0.001,KL descent,205,206,0.34439563751220703,0.023088483697272174,0.15134746692085577,False
ising,mixed,4,0,0.001,KL descent,206,207,0.34539079666137695,0.023077239023065087,0.1512738124538282,False
ising,mixed,4,0,0.001,KL descent,207,208,0.346393346786499,0.02306599347613604,0.1512006911606842,False
ising,mixed,4,0,0.001,KL descent,208,209,0.3473927974700928,0.023054746837150544,0.15112809311051223,False
ising,mixed,4,0,0.001,KL descent,209,210,0.3493926525115967,0.02304349889202648,0.1510560085524375,False
ising,mixed,4,0,0.001,KL descent,210,211,0.35039353370666504,0.02303224943177389,0.15098442791215594,False
ising,mixed,4,0,0.001,KL descent,211,212,0.3513920307159424,0.02302099825233487,0.1509133417885241,False
ising,mixed,4,0,0.001,KL descent,212,213,0.35239434242248535,0.023009745154432257,0.1508427409502343,False
ising,mixed,4,0,0.001,KL descent,213,214,0.3529040813446045,0.022998489943422025,0.15077261633253075,False
ising,mixed,4,0,0.001,KL descent,214,215,0.3549234867095947,0.022987232429152682,0.15070295903400333,False
ising,mixed,4,0,0.001,KL descent,215,216,0.3559122085571289,0.022975972425825733,0.15063376031345677,False
ising,mixed,4,0,0.001,KL descent,216,217,0.3579106330871582,0.022964709751864446,0.15056501158682067,False
ising,mixed,4,0,0.001,KL descent,217,218,0.35890913009643555,0.02295344422978694,0.15049670442413088,False
ising,mixed,4,0,0.001,KL descent,218,219,0.3599109649658203,0.02294217568607875,0.15042883054657052,False
ising,mixed,4,0,0.001,KL descent,219,220,0.36243152618408203,0.02293090395107691,0.15036138182356362,False
ising,mixed,4,0,0.001,KL descent,220,221,0.3644440174102783,0.022919628858852927,0.1502943502699392,False
ising,mixed,4,0,0.001,KL descent,221,222,0.366443395614624,0.022908350247100584,0.15022772804313855,False
ising,mixed,4,0,0.001,KL descent,222,223,0.36845827102661133,0.022897067957029078,0.15016150744047607,False
ising,mixed,4,0,0.001,KL descent,223,224,0.3694577217102051,0.02288578183325789,0.15009568089646874,False
ising,mixed,4,0,0.001,KL descent,224,225,0.3714463710784912,0.022874491723715386,0.1500302409802058,False
ising,mixed,4,0,0.001,KL descent,225,226,0.3735628128051758,0.022863197479542578,0.1499651803927713,False
ising,mixed,4,0,0.001,KL descent,226,227,0.37456321716308594,0.02285189895499885,0.14990049196472593,False
ising,mixed,4,0,0.001,KL descent,227,228,0.37656569480895996,0.02284059600736782,0.14983616865362248,False
ising,mixed,4,0,0.001,KL descent,228,229,0.3775639533996582,0.022829288496873545,0.14977220354159287,False
ising,mixed,4,0,0.001,KL descent,229,230,0.3785684108734131,0.022817976286591598,0.14970858983296398,False
ising,mixed,4,0,0.001,KL descent,230,231,0.3795645236968994,0.022806659242368407,0.14964532085192267,False
ising,mixed,4,0,0.001,KL descent,231,232,0.38056445121765137,0.022795337232740156,0.14958239004023455,False
ising,mixed,4,0,0.001,KL descent,232,233,0.382565975189209,0.022784010128856773,0.14951979095500545,False
ising,mixed,4,0,0.001,KL descent,233,234,0.3830757141113281,0.02277267780440661,0.1494575172664857,False
ising,mixed,4,0,0.001,KL descent,234,235,0.38408660888671875,0.022761340135543203,0.14942173636703765,False
ising,mixed,4,0,0.001,KL descent,235,236,0.38509035110473633,0.0227499970008173,0.14940951889695864,False
ising,mixed,4,0,0.001,KL descent,236,237,0.3861057758331299,0.022738648281106284,0.14939692902932844,False
ising,mixed,4,0,0.001,KL descent,237,238,0.3871002197265625,0.02272729385955119,0.1493839721291204,False
ising,mixed,4,0,0.001,KL descent,238,239,0.3891127109527588,0.022715933621492605,0.14937065346298634,False
ising,mixed,4,0,0.001,KL descent,239,240,0.3901057243347168,0.022704567454407163,0.1493569782011226,False
ising,mixed,4,0,0.001,KL descent,240,241,0.391110897064209,0.022693195247850653,0.14934295141907505,False
ising,mixed,4,0,0.001,KL descent,241,242,0.39263439178466797,0.022681816893398987,0.1493285780995554,False
ising,mixed,4,0,0.001,KL descent,242,243,0.3936493396759033,0.022670432284592038,0.14931386313417305,False
ising,mixed,4,0,0.001,KL descent,243,244,0.39464759826660156,0.022659041316880124,0.14929881132515743,False
ising,mixed,4,0,0.001,KL descent,244,245,0.3956480026245117,0.022647643887572635,0.14928342738705136,False
ising,mixed,4,0,0.001,KL descent,245,246,0.39764928817749023,0.022636239895785268,0.1492677159483521,False
ising,mixed,4,0,0.001,KL descent,246,247,0.39865660667419434,0.02262482924239153,0.1492516815531389,False
ising,mixed,4,0,0.001,KL descent,247,248,0.39964985847473145,0.022613411829976067,0.1492353286626622,False
ising,mixed,4,0,0.001,KL descent,248,249,0.4006516933441162,0.022601987562787022,0.1492186616568949,False
ising,mixed,4,0,0.001,KL descent,249,250,0.4026501178741455,0.022590556346692135,0.149201684836055,False
ising,mixed,4,0,0.001,KL descent,250,251,0.40316104888916016,0.022579118089135868,0.14918440242211628,False
ising,mixed,4,0,0.001,KL descent,251,252,0.40416669845581055,0.0225676726990953,0.1491668185602627,False
ising,mixed,4,0,0.001,KL descent,252,253,0.4061696529388428,0.022556220087042247,0.14914893732033485,False
ising,mixed,4,0,0.001,KL descent,253,254,0.4082503318786621,0.022544760164901118,0.1491307626982346,False
ising,mixed,4,0,0.001,KL descent,254,255,0.40926074981689453,0.022533292846012142,0.14911229861731007,False
ising,mixed,4,0,0.001,KL descent,255,256,0.4102668762207031,0.02252181804509349,0.149093548929712,False
ising,mixed,4,0,0.001,KL descent,256,257,0.4112725257873535,0.022510335678205807,0.14907451741772904,False
ising,mixed,4,0,0.001,KL descent,257,258,0.41278576850891113,0.02249884566271619,0.14905520779507941,False
ising,mixed,4,0,0.001,KL descent,258,259,0.41379833221435547,0.02248734791726594,0.14903562370819834,False
ising,mixed,4,0,0.001,KL descent,259,260,0.4147958755493164,0.02247584236173587,0.14901576873748534,False
ising,mixed,4,0,0.001,KL descent,260,261,0.4167969226837158,0.022464328917215375,0.14899564639854207,False
ising,mixed,4,0,0.001,KL descent,261,262,0.41782689094543457,0.02245280750597187,0.14897526014336548,False
ising,mixed,4,0,0.001,KL descent,262,263,0.41881442070007324,0.02244127805141982,0.1489546133615357,False
ising,mixed,4,0,0.001,KL descent,263,264,0.4198017120361328,0.022429740478091403,0.14893370938137918,False
ising,mixed,4,0,0.001,KL descent,264,265,0.42079877853393555,0.022418194711609392,0.1489125514710945,False
ising,mixed,4,0,0.001,KL descent,265,266,0.42333149909973145,0.022406640678658774,0.1488911428398716,False
ising,mixed,4,0,0.001,KL descent,266,267,0.42533278465270996,0.022395078306959526,0.1488694866389877,False
ising,mixed,4,0,0.001,KL descent,267,268,0.4263455867767334,0.02238350752524283,0.14884758596286607,False
ising,mixed,4,0,0.001,KL descent,268,269,0.42732977867126465,0.022371928263223623,0.14882544385014512,False
ising,mixed,4,0,0.001,KL descent,269,270,0.42833685874938965,0.022360340451577677,0.14880306328468884,False
ising,mixed,4,0,0.001,KL descent,270,271,0.4293332099914551,0.022348744021916854,0.14878044719661265,False
ising,mixed,4,0,0.001,KL descent,271,272,0.43033361434936523,0.02233713890676628,0.14875759846326309,False
ising,mixed,4,0,0.001,KL descent,272,273,0.4313483238220215,0.02232552503954336,0.1487345199101925,False
ising,mixed,4,0,0.001,KL descent,273,274,0.43285536766052246,0.022313902354533746,0.14871121431211276,False
ising,mixed,4,0,0.001,KL descent,274,275,0.4338560104370117,0.02230227078687228,0.14868768439383262,False
ising,mixed,4,0,0.001,KL descent,275,276,0.4348609447479248,0.022290630272521695,0.1486639328311643,False
ising,mixed,4,0,0.001,KL descent,276,277,0.43686580657958984,0.022278980748251232,0.14863996225182297,False
ising,mixed,4,0,0.001,KL descent,277,278,0.4378647804260254,0.0222673221516207,0.14861577523632297,False
ising,mixed,4,0,0.001,KL descent,278,279,0.43886494636535645,0.022255654420958136,0.1485913743188194,False
ising,mixed,4,0,0.001,KL descent,279,280,0.4398620128631592,0.022243977495344083,0.1485667619879762,False
ising,mixed,4,0,0.001,KL descent,280,281,0.44091343879699707,0.022232291314591552,0.14854194068777615,False
ising,mixed,4,0,0.001,KL descent,281,282,0.44247865676879883,0.022220595819231522,0.14851691281835877,False
ising,mixed,4,0,0.001,KL descent,282,283,0.4445044994354248,0.022208890950493266,0.1484916807367992,False
ising,mixed,4,0,0.001,KL descent,283,284,0.4455268383026123,0.022197176650290522,0.1484662467578992,False
ising,mixed,4,0,0.001,KL descent,284,285,0.44652295112609863,0.0221854528612034,0.14844061315496582,False
ising,mixed,4,0,0.001,KL descent,285,286,0.4475209712982178,0.02217371952646451,0.14841478216055087,False
ising,mixed,4,0,0.001,KL descent,286,287,0.4495222568511963,0.022161976589944163,0.1483887559671958,False
ising,mixed,4,0,0.001,KL descent,287,288,0.45052242279052734,0.022150223996134196,0.14836253672815797,False
ising,mixed,4,0,0.001,KL descent,288,289,0.4515206813812256,0.022138461690134895,0.14833612655812473,False
ising,mixed,4,0,0.001,KL descent,289,290,0.4530298709869385,0.022126689617641485,0.14830952753390492,False
ising,mixed,4,0,0.001,KL descent,290,291,0.4541139602661133,0.022114907724929755,0.14828274169511724,False
ising,mixed,4,0,0.001,KL descent,291,292,0.4560511112213135,0.022103115958843622,0.14825577104485893,False
ising,mixed,4,0,0.001,KL descent,292,293,0.457050085067749,0.02209131426678317,0.14822861755037253,False
ising,mixed,4,0,0.001,KL descent,293,294,0.45804762840270996,0.022079502596690163,0.1482012831436742,False
ising,mixed,4,0,0.001,KL descent,294,295,0.46004390716552734,0.02206768089703762,0.14817376972220775,False
ising,mixed,4,0,0.001,KL descent,295,296,0.4610447883605957,0.022055849116818693,0.14814607914945221,False
ising,mixed,4,0,0.001,KL descent,296,297,0.4610447883605957,0.022044007205533248,0.1481182132555346,False
ising,mixed,4,0,0.001,KL descent,297,298,0.4635746479034424,0.02203215511317949,0.1480901738378334,False
ising,mixed,4,0,0.001,KL descent,298,299,0.46457433700561523,0.02202029279024046,0.14806196266155336,False
ising,mixed,4,0,0.001,KL descent,299,300,0.465587854385376,0.02200842018767487,0.1480335814603141,False
ising,mixed,4,0,0.001,KL descent,300,301,0.46659040451049805,0.021996537256907533,0.14800503193670744,False
ising,mixed,4,0,0.001,KL descent,301,302,0.4675881862640381,0.021984643949818528,0.14797631576284775,False
ising,mixed,4,0,0.001,KL descent,302,303,0.4695882797241211,0.021972740218733234,0.14794743458092352,False
ising,mixed,4,0,0.001,KL descent,303,304,0.47058534622192383,0.021960826016413876,0.14791839000372564,False
ising,mixed,4,0,0.001,KL descent,304,305,0.471585750579834,0.021948901296050476,0.14788918361516573,False
ising,mixed,4,0,0.001,KL descent,305,306,0.473102331161499,0.021936966011250773,0.14785981697080103,False
ising,mixed,4,0,0.001,KL descent,306,307,0.47512269020080566,0.02192502011603238,0.1478302915983244,False
ising,mixed,4,0,0.001,KL descent,307,308,0.47617363929748535,0.021913063564814126,0.14780060899806247,False
ising,mixed,4,0,0.001,KL descent,308,309,0.4771263599395752,0.02190109631240881,0.1477707706434659,False
ising,mixed,4,0,0.001,KL descent,309,310,0.4791231155395508,0.02188911831401189,0.14774077798157592,False
ising,mixed,4,0,0.001,KL descent,310,311,0.48012280464172363,0.021877129525199476,0.1477106324334927,False
ising,mixed,4,0,0.001,KL descent,311,312,0.48111963272094727,0.021865129901914422,0.14768033539483827,False
ising,mixed,4,0,0.001,KL descent,312,313,0.4836444854736328,0.021853119400463642,0.1476498882361904,False
ising,mixed,4,0,0.001,KL descent,313,314,0.4846482276916504,0.021841097977509417,0.1476192923035482,False
ising,mixed,4,0,0.001,KL descent,314,315,0.48566150665283203,0.021829065590060363,0.14758854891873463,False
ising,mixed,4,0,0.001,KL descent,315,316,0.4866611957550049,0.021817022195468883,0.1475576593798411,False
ising,mixed,4,0,0.001,KL descent,316,317,0.488659143447876,0.021804967751419834,0.14752662496163466,False
ising,mixed,4,0,0.001,KL descent,317,318,0.4896695613861084,0.021792902215927758,0.14749544691596972,False
ising,mixed,4,0,0.001,KL descent,318,319,0.4916648864746094,0.021780825547328322,0.1474641264721807,False
ising,mixed,4,0,0.001,KL descent,319,320,0.4931812286376953,0.021768737704274448,0.14743266483748674,False
ising,mixed,4,0,0.001,KL descent,320,321,0.4941999912261963,0.021756638645727636,0.14740106319736368,False
ising,mixed,4,0,0.001,KL descent,321,322,0.495222806930542,0.021744528330953736,0.14736932271593806,False
ising,mixed,4,0,0.001,KL descent,322,323,0.49622488021850586,0.02173240671951687,0.147337444536344,False
ising,mixed,4,0,0.001,KL descent,323,324,0.4982147216796875,0.021720273771275174,0.1473054297810913,False
ising,mixed,4,0,0.001,KL descent,324,325,0.49921417236328125,0.021708129446373372,0.14727327955242814,False
ising,mixed,4,0,0.001,KL descent,325,326,0.5002191066741943,0.02169597370523901,0.14724099493268672,False
ising,mixed,4,0,0.001,KL descent,326,327,0.5012211799621582,0.021683806508576604,0.1472085769846262,False
ising,mixed,4,0,0.001,KL descent,327,328,0.5027375221252441,0.02167162781736309,0.1471760267517755,False
ising,mixed,4,0,0.001,KL descent,328,329,0.503751277923584,0.02165943759284347,0.1471433452587616,False
ising,mixed,4,0,0.001,KL descent,329,330,0.5057647228240967,0.021647235796524743,0.1471105335116355,False
ising,mixed,4,0,0.001,KL descent,330,331,0.507105827331543,0.021635022390173068,0.1470775924981903,False
ising,mixed,4,0,0.001,KL descent,331,332,0.5081307888031006,0.02162279733580774,0.14704452318827677,False
ising,mixed,4,0,0.001,KL descent,332,333,0.5101237297058105,0.021610560595698464,0.14701132653410665,False
ising,mixed,4,0,0.001,KL descent,333,334,0.511124849319458,0.02159831213235859,0.14697800347056067,False
ising,mixed,4,0,0.001,KL descent,334,335,0.512636661529541,0.0215860519085446,0.14694455491547898,False
ising,mixed,4,0,0.001,KL descent,335,336,0.5136518478393555,0.021573779887249376,0.14691098176995754,False
ising,mixed,4,0,0.001,KL descent,336,337,0.5146615505218506,0.021561496031698744,0.14687728491862218,False
ising,mixed,4,0,0.001,KL descent,337,338,0.5156533718109131,0.02154920030534873,0.1468434652299282,False
ising,mixed,4,0,0.001,KL descent,338,339,0.5176548957824707,0.02153689267188035,0.1468095235564153,False
ising,mixed,4,0,0.001,KL descent,339,340,0.5186550617218018,0.02152457309519812,0.14677546073498604,False
ising,mixed,4,0,0.001,KL descent,340,341,0.5196533203125,0.02151224153942463,0.1467412775871776,False
ising,mixed,4,0,0.001,KL descent,341,342,0.5206515789031982,0.021499897968898257,0.14670697491940476,False
ising,mixed,4,0,0.001,KL descent,342,343,0.5226519107818604,0.021487542348168517,0.14667255352323239,False
ising,mixed,4,0,0.001,KL descent,343,344,0.5238196849822998,0.02147517464199548,0.14663801417561695,False
ising,mixed,4,0,0.001,KL descent,344,345,0.5258147716522217,0.021462794815343363,0.14660335763914945,False
ising,mixed,4,0,0.001,KL descent,345,346,0.5268125534057617,0.021450402833379706,0.14656858466231448,False
ising,mixed,4,0,0.001,KL descent,346,347,0.5278096199035645,0.02143799866147264,0.14653369597969568,False
ising,mixed,4,0,0.001,KL descent,347,348,0.5288140773773193,0.021425582265186108,0.14649869231224005,False
ising,mixed,4,0,0.001,KL descent,348,349,0.5298147201538086,0.02141315361027858,0.14646357436747126,False
ising,mixed,4,0,0.001,KL descent,349,350,0.530815601348877,0.021400712662699786,0.14642834283971345,False
ising,mixed,4,0,0.001,KL descent,350,351,0.5323398113250732,0.021388259388588578,0.14639299841031467,False
ising,mixed,4,0,0.001,KL descent,351,352,0.5343549251556396,0.021375793754269144,0.14635754174786497,False
ising,mixed,4,0,0.001,KL descent,352,353,0.5353562831878662,0.02136331572625091,0.14632197350840026,False
ising,mixed,4,0,0.001,KL descent,353,354,0.5363554954528809,0.02135082527122227,0.14628629433562534,False
ising,mixed,4,0,0.001,KL descent,354,355,0.5373539924621582,0.02133832235605259,0.1462505048610992,False
ising,mixed,4,0,0.001,KL descent,355,356,0.5393567085266113,0.021325806947786803,0.14621460570445444,False
ising,mixed,4,0,0.001,KL descent,356,357,0.5407388210296631,0.02131327901364428,0.14617859747358164,False
ising,mixed,4,0,0.001,KL descent,357,358,0.5425333976745605,0.021300738521016518,0.1461424807648316,False
ising,mixed,4,0,0.001,KL descent,358,359,0.5435450077056885,0.021288185437465947,0.14610625616319628,False
ising,mixed,4,0,0.001,KL descent,359,360,0.5455470085144043,0.021275619730721753,0.14606992424250875,False
ising,mixed,4,0,0.001,KL descent,360,361,0.5469756126403809,0.021263041368680003,0.1460334855656133,False
ising,mixed,4,0,0.001,KL descent,361,362,0.5479931831359863,0.02125045031940069,0.14599694068454788,False
ising,mixed,4,0,0.001,KL descent,362,363,0.5494146347045898,0.02123784655110629,0.1459602901407358,False
ising,mixed,4,0,0.001,KL descent,363,364,0.550431489944458,0.02122523003217945,0.14592353446513595,False
ising,mixed,4,0,0.001,KL descent,364,365,0.5529444217681885,0.02121260073116178,0.14588667417843393,False
ising,mixed,4,0,0.001,KL descent,365,366,0.5534555912017822,0.021199958616751276,0.14584970979119172,False
ising,mixed,4,0,0.001,KL descent,366,367,0.5557787418365479,0.021187303657802133,0.14581264180403053,False
ising,mixed,4,0,0.001,KL descent,367,368,0.5578904151916504,0.02117463582332204,0.14577547070777852,False
ising,mixed,4,0,0.001,KL descent,368,369,0.5589063167572021,0.021161955082470315,0.14573819698363344,False
ising,mixed,4,0,0.001,KL descent,369,370,0.5609073638916016,0.021149261404558337,0.14570082110332183,False
ising,mixed,4,0,0.001,KL descent,370,371,0.5624308586120605,0.021136554759044676,0.14566334352924903,False
ising,mixed,4,0,0.001,KL descent,371,372,0.5638372898101807,0.021123835115537934,0.14562576471464672,False
ising,mixed,4,0,0.001,KL descent,372,373,0.5648517608642578,0.021111102443791323,0.14558808510372923,False
ising,mixed,4,0,0.001,KL descent,373,374,0.5668511390686035,0.021098356713704716,0.14555030513182965,False
ising,mixed,4,0,0.001,KL descent,374,375,0.5678534507751465,0.021085597895320267,0.14551242522554897,False
ising,mixed,4,0,0.001,KL descent,375,376,0.5688512325286865,0.02107282595882505,0.1454744458028876,False
ising,mixed,4,0,0.001,KL descent,376,377,0.5698497295379639,0.021060040874544644,0.14543636727339887,False
ising,mixed,4,0,0.001,KL descent,377,378,0.5708534717559814,0.02104724261294775,0.1453981900382999,False
ising,mixed,4,0,0.001,KL descent,378,379,0.5733749866485596,0.021034431144640063,0.1453599144906303,False
ising,mixed,4,0,0.001,KL descent,379,380,0.5743811130523682,0.0210216064403669,0.14532154101536432,False
ising,mixed,4,0,0.001,KL descent,380,381,0.5753734111785889,0.02100876847101004,0.14528306998954366,False
ising,mixed,4,0,0.001,KL descent,381,382,0.5774526596069336,0.02099591720758782,0.14524450178241421,False
ising,mixed,4,0,0.001,KL descent,382,383,0.5784683227539062,0.02098305262125248,0.14520583675552756,False
ising,mixed,4,0,0.001,KL descent,383,384,0.5794613361358643,0.02097017468329148,0.14516707526288353,False
ising,mixed,4,0,0.001,KL descent,384,385,0.5804641246795654,0.02095728336512598,0.14512821765103934,False
ising,mixed,4,0,0.001,KL descent,385,386,0.5824646949768066,0.02094437863830857,0.14508926425922813,False
ising,mixed,4,0,0.001,KL descent,386,387,0.5829801559448242,0.020931460474524145,0.14505021541947855,False
ising,mixed,4,0,0.001,KL descent,387,388,0.5839858055114746,0.02091852884558845,0.14501107145671377,False
ising,mixed,4,0,0.001,KL descent,388,389,0.5859854221343994,0.020905583723446627,0.14497183268888525,False
ising,mixed,4,0,0.001,KL descent,389,390,0.5869860649108887,0.020892625080174244,0.1449324994270676,False
ising,mixed,4,0,0.001,KL descent,390,391,0.5879886150360107,0.020879652887975428,0.1448930719755635,False
ising,mixed,4,0,0.001,KL descent,391,392,0.589991569519043,0.020866667119181122,0.144853550632019,False
ising,mixed,4,0,0.001,KL descent,392,393,0.5909836292266846,0.020853667746250786,0.14481393568752515,False
ising,mixed,4,0,0.001,KL descent,393,394,0.5922892093658447,0.020840654741771276,0.1447742274267083,False
ising,mixed,4,0,0.001,KL descent,394,395,0.593306303024292,0.02082762807845332,0.14473442612784782,False
ising,mixed,4,0,0.001,KL descent,395,396,0.5943071842193604,0.020814587729135987,0.14469453206296634,False
ising,mixed,4,0,0.001,KL descent,396,397,0.5963194370269775,0.020801533666781842,0.14465454549792545,False
ising,mixed,4,0,0.001,KL descent,397,398,0.597322940826416,0.020788465864479102,0.14461446669251876,False
ising,mixed,4,0,0.001,KL descent,398,399,0.5983898639678955,0.02077538429543889,0.1445742959005739,False
ising,mixed,4,0,0.001,KL descent,399,400,0.5993297100067139,0.020762288932997832,0.144534033370038,False
ising,mixed,4,0,0.001,KL descent,400,401,0.6003191471099854,0.020749179750614886,0.14449367934307067,False
ising,mixed,4,0,0.001,KL descent,401,402,0.6023283004760742,0.020736056721871326,0.14445323405612964,False
ising,mixed,4,0,0.001,KL descent,402,403,0.6028413772583008,0.020722919820472672,0.14441269774006016,False
ising,mixed,4,0,0.001,KL descent,403,404,0.6048691272735596,0.020709769020245232,0.14437207062018864,False
ising,mixed,4,0,0.001,KL descent,404,405,0.6058719158172607,0.020696604295138584,0.14433135291638877,False
ising,mixed,4,0,0.001,KL descent,405,406,0.6078691482543945,0.02068342561922258,0.1442905448431826,False
ising,mixed,4,0,0.001,KL descent,406,407,0.6089117527008057,0.02067023296668896,0.1442496466098132,False
ising,mixed,4,0,0.001,KL descent,407,408,0.6118462085723877,0.0206570263118514,0.144208658420324,False
ising,mixed,4,0,0.001,KL descent,408,409,0.614372730255127,0.020643805629144148,0.14416758047364708,False
ising,mixed,4,0,0.001,KL descent,409,410,0.6172585487365723,0.020630570893120696,0.14412641296366807,False
ising,mixed,4,0,0.001,KL descent,410,411,0.618781328201294,0.020617322078457203,0.14408515607931038,False
ising,mixed,4,0,0.001,KL descent,411,412,0.6199812889099121,0.02060405915994843,0.14404381000460964,False
ising,mixed,4,0,0.001,KL descent,412,413,0.6210432052612305,0.020590782112511072,0.14400237491878354,False
ising,mixed,4,0,0.001,KL descent,413,414,0.623572826385498,0.020577490911180177,0.14396085099630973,False
ising,mixed,4,0,0.001,KL descent,414,415,0.6255679130554199,0.020564185531111757,0.1439192384069921,False
ising,mixed,4,0,0.001,KL descent,415,416,0.6265671253204346,0.020550865947581824,0.14387753731603847,False
ising,mixed,4,0,0.001,KL descent,416,417,0.6275663375854492,0.020537532135985664,0.14383574788411646,False
ising,mixed,4,0,0.001,KL descent,417,418,0.6285698413848877,0.020524184071838463,0.14379387026743473,False
ising,mixed,4,0,0.001,KL descent,418,419,0.6305701732635498,0.02051082173077637,0.14375190461780546,False
ising,mixed,4,0,0.001,KL descent,419,420,0.631643533706665,0.020497445088552745,0.14370985108270462,False
ising,mixed,4,0,0.001,KL descent,420,421,0.6331889629364014,0.0204840541210431,0.1436677098053437,False
ising,mixed,4,0,0.001,KL descent,421,422,0.634235143661499,0.02047064880424142,0.14362548092473293,False
ising,mixed,4,0,0.001,KL descent,422,423,0.6351923942565918,0.020457229114262628,0.14358316457573322,False
ising,mixed,4,0,0.001,KL descent,423,424,0.6361920833587646,0.020443795027339732,0.1435407608891357,False
ising,mixed,4,0,0.001,KL descent,424,425,0.6381902694702148,0.020430346519827437,0.14349826999170678,False
ising,mixed,4,0,0.001,KL descent,425,426,0.6401877403259277,0.020416883568199998,0.1434556920062522,False
ising,mixed,4,0,0.001,KL descent,426,427,0.6411881446838379,0.020403406149051086,0.14341302705168046,False
ising,mixed,4,0,0.001,KL descent,427,428,0.6427011489868164,0.020389914239095027,0.14337027524305512,False
ising,mixed,4,0,0.001,KL descent,428,429,0.6447186470031738,0.020376407815167055,0.14332743669165088,False
ising,mixed,4,0,0.001,KL descent,429,430,0.6457176208496094,0.02036288685422276,0.14328451150501348,False
ising,mixed,4,0,0.001,KL descent,430,431,0.6467158794403076,0.020349351333337803,0.14324149978701461,False
ising,mixed,4,0,0.001,KL descent,431,432,0.6477153301239014,0.020335801229709172,0.14319840163789777,False
ising,mixed,4,0,0.001,KL descent,432,433,0.6487174034118652,0.020322236520655217,0.14315521715434154,False
ising,mixed,4,0,0.001,KL descent,433,434,0.6497161388397217,0.020308657183615204,0.1431119464295103,False
ising,mixed,4,0,0.001,KL descent,434,435,0.6517202854156494,0.020295063196149144,0.14306858955309865,False
ising,mixed,4,0,0.001,KL descent,435,436,0.6527259349822998,0.020281454535940928,0.14302514661138777,False
ising,mixed,4,0,0.001,KL descent,436,437,0.6538939476013184,0.020267831180794633,0.142981617687296,False
ising,mixed,4,0,0.001,KL descent,437,438,0.656294584274292,0.020254193108636617,0.14293800286042418,False
ising,mixed,4,0,0.001,KL descent,438,439,0.6583094596862793,0.020240540297516704,0.14289430220710841,False
ising,mixed,4,0,0.001,KL descent,439,440,0.6603422164916992,0.020226872725606863,0.14285051580046054,False
ising,mixed,4,0,0.001,KL descent,440,441,0.6613078117370605,0.02021319037120254,0.1428066437104255,False
ising,mixed,4,0,0.001,KL descent,441,442,0.662827730178833,0.020199493212722304,0.14276268600381742,False
ising,mixed,4,0,0.001,KL descent,442,443,0.6640541553497314,0.020185781228708906,0.14271864274437207,False
ising,mixed,4,0,0.001,KL descent,443,444,0.6650726795196533,0.020172054397828158,0.14267451399278425,False
ising,mixed,4,0,0.001,KL descent,444,445,0.6662189960479736,0.020158312698871528,0.14263029980676056,False
ising,mixed,4,0,0.001,KL descent,445,446,0.6672394275665283,0.020144556110754292,0.14258600024104973,False
ising,mixed,4,0,0.001,KL descent,446,447,0.669287919998169,0.020130784612517837,0.1425416153475101,False
ising,mixed,4,0,0.001,KL descent,447,448,0.6706225872039795,0.020116998183327933,0.1424971451751194,False
ising,mixed,4,0,0.001,KL descent,448,449,0.6731448173522949,0.020103196802477474,0.1424525897700396,False
ising,mixed,4,0,0.001,KL descent,449,450,0.6741883754730225,0.02008938044938471,0.14240794917564736,False
ising,mixed,4,0,0.001,KL descent,450,451,0.6753368377685547,0.020075549103595228,0.14236322343257934,False
ising,mixed,4,0,0.001,KL descent,451,452,0.6763508319854736,0.020061702744781217,0.14231841257876487,False
ising,mixed,4,0,0.001,KL descent,452,453,0.678851842880249,0.020047841352742988,0.14227351664947235,False
ising,mixed,4,0,0.001,KL descent,453,454,0.6798481941223145,0.020033964907408473,0.14222853567734756,False
ising,mixed,4,0,0.001,KL descent,454,455,0.6808512210845947,0.020020073388834776,0.1421834696924411,False
ising,mixed,4,0,0.001,KL descent,455,456,0.6825211048126221,0.020006166777206447,0.1421383187222574,False
ising,mixed,4,0,0.001,KL descent,456,457,0.6835353374481201,0.019992245052839773,0.14209308279178384,False
ising,mixed,4,0,0.001,KL descent,457,458,0.6845357418060303,0.01997830819617889,0.14204776192353102,False
ising,mixed,4,0,0.001,KL descent,458,459,0.6855359077453613,0.019964356187798918,0.14200235613756862,False
ising,mixed,4,0,0.001,KL descent,459,460,0.6875369548797607,0.019950389008406875,0.14195686545155595,False
ising,mixed,4,0,0.001,KL descent,460,461,0.6885385513305664,0.019936406638839246,0.1419112898807819,False
ising,mixed,4,0,0.001,KL descent,461,462,0.6905391216278076,0.019922409060066336,0.14186562943819359,False
ising,mixed,4,0,0.001,KL descent,462,463,0.6915595531463623,0.019908396253189825,0.1418198841344308,False
ising,mixed,4,0,0.001,KL descent,463,464,0.6925561428070068,0.019894368199444623,0.14177405397787057,False
ising,mixed,4,0,0.001,KL descent,464,465,0.6930699348449707,0.019880324880199234,0.1417281389746377,False
ising,mixed,4,0,0.001,KL descent,465,466,0.6950912475585938,0.01986626627695666,0.1416821391286589,False
ising,mixed,4,0,0.001,KL descent,466,467,0.6960926055908203,0.019852192371353456,0.14163605444167787,False
ising,mixed,4,0,0.001,KL descent,467,468,0.6970727443695068,0.01983810313854331,0.1415898848925018,False
ising,mixed,4,0,0.001,KL descent,468,469,0.698073148727417,0.019823998556886015,0.14154363046740498,False
ising,mixed,4,0,0.001,KL descent,469,470,0.6990756988525391,0.01980987860896596,0.14149729116339876,False
ising,mixed,4,0,0.001,KL descent,470,471,0.7000772953033447,0.019795743271440812,0.14145086695635634,False
ising,mixed,4,0,0.001,KL descent,471,472,0.7011101245880127,0.019781592517932576,0.14140435781009852,False
ising,mixed,4,0,0.001,KL descent,472,473,0.7037620544433594,0.019767426317210648,0.1413577636706424,False
ising,mixed,4,0,0.001,KL descent,473,474,0.7047579288482666,0.01975324463032514,0.1413110844571357,False
ising,mixed,4,0,0.001,KL descent,474,475,0.7057187557220459,0.019739047406093495,0.14126432004758738,False
ising,mixed,4,0,0.001,KL descent,475,476,0.7067201137542725,0.019724834573998727,0.1412174702563363,False
ising,mixed,4,0,0.001,KL descent,476,477,0.7087228298187256,0.019710606033005985,0.1411705347985875,False
ising,mixed,4,0,0.001,KL descent,477,478,0.7097170352935791,0.019696361633953073,0.14112351323450428,False
ising,mixed,4,0,0.001,KL descent,478,479,0.7107174396514893,0.01968210115182884,0.14107640488116263,False
ising,mixed,4,0,0.001,KL descent,479,480,0.7117528915405273,0.019667824242125157,0.1410292086738158,False
ising,mixed,4,0,0.001,KL descent,480,481,0.7127528190612793,0.01965353037211455,0.14098192294738354,False
ising,mixed,4,0,0.001,KL descent,481,482,0.7139453887939453,0.019639218712645616,0.14093454509222064,False
ising,mixed,4,0,0.001,KL descent,482,483,0.7159423828125,0.019624887967774816,0.1408870710118839,False
ising,mixed,4,0,0.001,KL descent,483,484,0.716944694519043,0.019610536106513397,0.14083949426895237,False
ising,mixed,4,0,0.001,KL descent,484,485,0.7189452648162842,0.019596159940456218,0.14079180473949893,False
ising,mixed,4,0,0.001,KL descent,485,486,0.7199575901031494,0.01958175445873023,0.14074398649351993,False
ising,mixed,4,0,0.001,KL descent,486,487,0.7209398746490479,0.019567311780838297,0.1406960144560669,False
ising,mixed,4,0,0.001,KL descent,487,488,0.7235143184661865,0.01955281950786973,0.14064784914762185,False
ising,mixed,4,0,0.001,KL descent,488,489,0.7254688739776611,0.019538258126452355,0.14059942839891998,False
ising,mixed,4,0,0.001,KL descent,489,490,0.7275080680847168,0.019523596921367806,0.1405506542999816,False
ising,mixed,4,0,0.001,KL descent,490,491,0.7294692993164062,0.01950878754045496,0.14050137264269386,False
ising,mixed,4,0,0.001,KL descent,491,492,0.7315194606781006,0.019493753864255635,0.14045134054133784,False
ising,mixed,4,0,0.001,KL descent,492,493,0.7340972423553467,0.01947837606079259,0.14040017543739647,False
ising,mixed,4,0,0.001,KL descent,493,494,0.7361454963684082,0.019462465493635416,0.14034727479821535,False
ising,mixed,4,0,0.001,KL descent,494,495,0.7381467819213867,0.019445725251124642,0.14029168969848482,False
ising,mixed,4,0,0.001,KL descent,495,496,0.7401173114776611,0.01942768809370212,0.14023192587606498,False
ising,mixed,4,0,0.001,KL descent,496,497,0.7437286376953125,0.019407618990954337,0.14016563084525452,False
ising,mixed,4,0,0.001,KL descent,497,498,0.7456881999969482,0.019384362267477886,0.1400891022820106,False
ising,mixed,4,0,0.001,KL descent,498,499,0.7477233409881592,0.019356102437006407,0.13999651676176583,False
ising,mixed,4,0,0.001,KL descent,499,500,0.7496883869171143,0.019319991373838438,0.1398787226860147,False
ising,mixed,4,0,0.001,KL descent,500,501,0.7506892681121826,0.01927157055056795,0.1397213583370046,False
ising,mixed,4,0,0.001,KL descent,501,502,0.7516882419586182,0.019203884162894872,0.13950193553143037,False
ising,mixed,4,0,0.001,KL descent,502,503,0.7526865005493164,0.019106138616792622,0.1391853641758839,False
ising,mixed,4,0,0.001,KL descent,503,504,0.7547895908355713,0.018961727528947786,0.13871719194011106,False
ising,mixed,4,0,0.001,KL descent,504,505,0.7567472457885742,0.018745446938195055,0.13801365569660368,False
ising,mixed,4,0,0.001,KL descent,505,506,0.7577762603759766,0.018419872267354618,0.136947679109868,False
ising,mixed,4,0,0.001,KL descent,506,507,0.7597696781158447,0.017931379645261262,0.13533069576353385,False
ising,mixed,4,0,0.001,KL descent,507,508,0.7607736587524414,0.017207580446761392,0.13289269368535206,False
ising,mixed,4,0,0.001,KL descent,508,509,0.7623217105865479,0.016160498397000428,0.12926899782424334,False
ising,mixed,4,0,0.001,KL descent,509,510,0.7633757591247559,0.014703431772914825,0.12401384540646737,False
ising,mixed,4,0,0.001,KL descent,510,511,0.7643733024597168,0.012790740724381454,0.11667535568126575,False
ising,mixed,4,0,0.001,KL descent,511,512,0.76637864112854,0.010479194944080752,0.10696735904827442,False
ising,mixed,4,0,0.001,KL descent,512,513,0.7683346271514893,0.007977237926251327,0.09502335349104929,False
ising,mixed,4,0,0.001,KL descent,513,514,0.7709829807281494,0.005615283371975605,0.08159667187296182,False
ising,mixed,4,0,0.001,KL descent,514,515,0.7724916934967041,0.003706848627380282,0.06798003562498955,False
ising,mixed,4,0,0.001,KL descent,515,516,0.7755062580108643,0.002393495906686526,0.055565802236132666,False
ising,mixed,4,0,0.001,KL descent,516,517,0.7775099277496338,0.0016141960667203194,0.045317297411389956,False
ising,mixed,4,0,0.001,KL descent,517,518,0.7790162563323975,0.0012040773478480486,0.037532903954066665,False
ising,mixed,4,0,0.001,KL descent,518,519,0.7810335159301758,0.001004443023927538,0.031980845250464796,False
ising,mixed,4,0,0.001,KL descent,519,520,0.7835633754730225,0.0009092164331394411,0.02818493163592617,False
ising,mixed,4,0,0.001,KL descent,520,521,0.786562442779541,0.0008610477718212428,0.025650107640450337,False
ising,mixed,4,0,0.001,KL descent,521,522,0.7885599136352539,0.0008328337598728125,0.0239692100797278,False
ising,mixed,4,0,0.001,KL descent,522,523,0.7895674705505371,0.0008128224640354459,0.023249272119409303,False
ising,mixed,4,0,0.001,KL descent,523,524,0.7915642261505127,0.0007961890243646762,0.023185420420388847,False
ising,mixed,4,0,0.001,KL descent,524,525,0.792560338973999,0.0007810185237406555,0.023069342620407496,False
ising,mixed,4,0,0.001,KL descent,525,526,0.7938857078552246,0.0007665657328460784,0.022921515712153395,False
ising,mixed,4,0,0.001,KL descent,526,527,0.7958879470825195,0.0007525429105613105,0.022754776972567337,False
ising,mixed,4,0,0.001,KL descent,527,528,0.7978849411010742,0.0007388382240801107,0.022577096914756456,False
ising,mixed,4,0,0.001,KL descent,528,529,0.7998843193054199,0.0007254067645242239,0.02239339325279666,False
ising,mixed,4,0,0.001,KL descent,529,530,0.8008849620819092,0.0007122289247167074,0.0222066867020307,False
ising,mixed,4,0,0.001,KL descent,530,531,0.8034026622772217,0.0006992946404756764,0.022018826028082084,False
ising,mixed,4,0,0.001,KL descent,531,532,0.8054137229919434,0.0006865974597856216,0.021830938617359897,False
ising,mixed,4,0,0.001,KL descent,532,533,0.8074078559875488,0.0006741323209062079,0.021643708863424274,False
ising,mixed,4,0,0.001,KL descent,533,534,0.8084056377410889,0.0006618947232840053,0.02145754954999802,False
ising,mixed,4,0,0.001,KL descent,534,535,0.8094043731689453,0.0006498804193255667,0.02127270711863555,False
ising,mixed,4,0,0.001,KL descent,535,536,0.8104031085968018,0.0006380853001217734,0.0210893262304303,False
ising,mixed,4,0,0.001,KL descent,536,537,0.8114025592803955,0.0006265053530377139,0.020907489322351445,False
ising,mixed,4,0,0.001,KL descent,537,538,0.8129096031188965,0.0006151366457473918,0.020727240825980153,False
ising,mixed,4,0,0.001,KL descent,538,539,0.8139169216156006,0.0006039753199521677,0.020548601988208334,False
ising,mixed,4,0,0.001,KL descent,539,540,0.8149163722991943,0.0005930175888463527,0.0203715799378041,False
ising,mixed,4,0,0.001,KL descent,540,541,0.8159220218658447,0.0005822597368693996,0.020196173234691576,False
ising,mixed,4,0,0.001,KL descent,541,542,0.8169221878051758,0.0005716981239419928,0.02002237528119824,False
ising,mixed,4,0,0.001,KL descent,542,543,0.8189704418182373,0.0005613292049384314,0.01985017648052778,False
ising,mixed,4,0,0.001,KL descent,543,544,0.8200173377990723,0.0005511496052741736,0.019679565831225848,False
ising,mixed,4,0,0.001,KL descent,544,545,0.8209598064422607,0.0005411564045450577,0.019510532933978378,False
ising,mixed,4,0,0.001,KL descent,545,546,0.8224706649780273,0.0005313481923783581,0.019343073086504722,False
ising,mixed,4,0,0.001,KL descent,546,547,0.8266713619232178,0.0005217289912617887,0.01917720488443094,False
ising,mixed,4,0,0.001,KL descent,547,548,0.8296442031860352,0.0005123228268072637,0.01901303525081605,False
ising,mixed,4,0,0.001,KL descent,548,549,0.830641508102417,0.0005032278518522977,0.018851002524724374,False
ising,mixed,4,0,0.001,KL descent,549,550,0.8316431045532227,0.0004948174490095351,0.01869278694735689,False
ising,mixed,4,0,0.001,KL descent,550,551,0.8337104320526123,0.000488487639823267,0.01854472020486756,False
ising,mixed,4,0,0.001,KL descent,551,552,0.8347079753875732,0.0004894355706560093,0.018430520060721163,False
ising,mixed,4,0,0.001,KL descent,552,553,0.8357071876525879,0.0005169904427227822,0.0184383471796893,False
ising,mixed,4,0,0.001,KL descent,553,554,0.8367230892181396,0.0006430239679427615,0.020164963769853207,False
ising,mixed,4,0,0.001,KL descent,554,555,0.837723970413208,0.0011346289078374891,0.028196754702351896,False
ising,mixed,4,0,0.001,KL descent,555,556,0.8397095203399658,0.0029819019028953834,0.04742157412174659,False
ising,mixed,4,0,0.001,KL descent,556,557,0.8417072296142578,0.009818629318944927,0.09003631167835564,False
ising,mixed,4,0,0.001,KL descent,557,558,0.8427069187164307,0.034486814051277716,0.17095246858060822,False
ising,mixed,4,0,0.001,KL descent,558,559,0.8432514667510986,0.11640055023769696,0.3136289748269341,False
ising,mixed,4,0,0.001,KL descent,559,560,0.8452551364898682,0.32536431766300034,0.517411205128419,False
ising,mixed,4,0,0.001,KL descent,560,561,0.8462564945220947,0.603525263224698,0.6901898777160653,False
ising,mixed,4,0,0.001,KL descent,561,562,0.8472912311553955,0.7015590743597778,0.7381759324417446,False
ising,mixed,4,0,0.001,KL descent,562,563,0.8492915630340576,0.5917782849012696,0.6841535684451145,False
ising,mixed,4,0,0.001,KL descent,563,564,0.8502802848815918,0.44523389933689733,0.6004043774389906,False
ising,mixed,4,0,0.001,KL descent,564,565,0.8512604236602783,0.3503049239361641,0.5365373385546488,False
ising,mixed,4,0,0.001,KL descent,565,566,0.8527836799621582,0.30419220923626256,0.5017341657689096,False
ising,mixed,4,0,0.001,KL descent,566,567,0.8538033962249756,0.2926523207113551,0.49249218701191166,False
ising,mixed,4,0,0.001,KL descent,567,568,0.8548400402069092,0.3053338348987947,0.5024698658184188,False
ising,mixed,4,0,0.001,KL descent,568,569,0.856029748916626,0.33352865592952624,0.5239802293927992,False
ising,mixed,4,0,0.001,KL descent,569,570,0.8580422401428223,0.366932406630218,0.5481760064166367,False
ising,mixed,4,0,0.001,KL descent,570,571,0.8590435981750488,0.39417092640199186,0.5669893391897665,False
ising,mixed,4,0,0.001,KL descent,571,572,0.8600549697875977,0.4074439384501771,0.5758776797825513,False
ising,mixed,4,0,0.001,KL descent,572,573,0.8610455989837646,0.40627036827850904,0.5751143513011844,False
ising,mixed,4,0,0.001,KL descent,573,574,0.8610455989837646,0.39609116555396207,0.5683078113456408,False
ising,mixed,4,0,0.001,KL descent,574,575,0.8625552654266357,0.3836779875425286,0.5598678910248307,False
ising,mixed,4,0,0.001,KL descent,575,576,0.8635656833648682,0.3738376282415434,0.5530461253289483,False
ising,mixed,4,0,0.001,KL descent,576,577,0.8645663261413574,0.3686339679896786,0.5493954099870388,False
ising,mixed,4,0,0.001,KL descent,577,578,0.8655660152435303,0.3680140536892137,0.5489419567367597,False
ising,mixed,4,0,0.001,KL descent,578,579,0.8666157722473145,0.3706542057576894,0.5507901361542011,False
ising,mixed,4,0,0.001,KL descent,579,580,0.8676128387451172,0.3747408105602954,0.553632649608816,False
ising,mixed,4,0,0.001,KL descent,580,581,0.8696146011352539,0.37858905671460064,0.556303845689357,False
ising,mixed,4,0,0.001,KL descent,581,582,0.8706121444702148,0.3811138480713294,0.5580401048236703,False
ising,mixed,4,0,0.001,KL descent,582,583,0.8716118335723877,0.3819846693318184,0.5586418835007909,False
ising,mixed,4,0,0.001,KL descent,583,584,0.8725740909576416,0.3815148501494763,0.5583109443242218,False
ising,mixed,4,0,0.001,KL descent,584,585,0.8736186027526855,0.3803345322726555,0.557497869267635,False
ising,mixed,4,0,0.001,KL descent,585,586,0.8756170272827148,0.37908926503358553,0.556628917829442,False
ising,mixed,4,0,0.001,KL descent,586,587,0.8766212463378906,0.3782162523666165,0.5560244730275221,False
ising,mixed,4,0,0.001,KL descent,587,588,0.877617359161377,0.3778935103692071,0.5557919163649628,False
ising,mixed,4,0,0.001,KL descent,588,589,0.8786237239837646,0.37806297410452766,0.555909145444706,False
ising,mixed,4,0,0.001,KL descent,589,590,0.880622386932373,0.3785405691041195,0.5562316023001669,False
ising,mixed,4,0,0.001,KL descent,590,591,0.8816194534301758,0.3791023950383722,0.5566209518076829,False
ising,mixed,4,0,0.001,KL descent,591,592,0.8826169967651367,0.3795786729501641,0.5569428852540295,False
ising,mixed,4,0,0.001,KL descent,592,593,0.8831250667572021,0.37987661409827483,0.5571499457457089,False
ising,mixed,4,0,0.001,KL descent,593,594,0.8851377964019775,0.3799956744092192,0.5572253429540213,False
ising,mixed,4,0,0.001,KL descent,594,595,0.8861358165740967,0.3799852887280441,0.5572195355750372,False
ising,mixed,4,0,0.001,KL descent,595,596,0.8871345520019531,0.3799241620906021,0.5571706756346357,False
ising,mixed,4,0,0.001,KL descent,596,597,0.8881344795227051,0.3798743363633267,0.5571376567496207,False
ising,mixed,4,0,0.001,KL descent,597,598,0.8901376724243164,0.379878795955531,0.5571343116194305,False
ising,mixed,4,0,0.001,KL descent,598,599,0.8911371231079102,0.3799432916675442,0.5571803998394034,False
ising,mixed,4,0,0.001,KL descent,599,600,0.8926517963409424,0.38005824116590187,0.5572537040970438,False
ising,mixed,4,0,0.001,KL descent,600,601,0.8946688175201416,0.3801958283062773,0.5573504859602217,False
ising,mixed,4,0,0.001,KL descent,601,602,0.8956699371337891,0.380335731872012,0.5574413668111821,False
ising,mixed,4,0,0.001,KL descent,602,603,0.8966679573059082,0.38045808823444127,0.5575278246618922,False
ising,mixed,4,0,0.001,KL descent,603,604,0.8976659774780273,0.3805602917626846,0.5575929861785349,False
ising,mixed,4,0,0.001,KL descent,604,605,0.8986754417419434,0.3806413489319864,0.5576510911604012,False
ising,mixed,4,0,0.001,KL descent,605,606,0.8996684551239014,0.3807122137245333,0.5576948930609442,False
ising,mixed,4,0,0.001,KL descent,606,607,0.9016685485839844,0.3807778763280615,0.557742501809418,False
ising,mixed,4,0,0.001,KL descent,607,608,0.9027211666107178,0.38084819141320037,0.557786176351989,False
ising,mixed,4,0,0.001,KL descent,608,609,0.9038112163543701,0.38092288068939784,0.5578401358404478,False
ising,mixed,4,0,0.001,KL descent,609,610,0.904808759689331,0.38100522781545443,0.557892361618501,False
ising,mixed,4,0,0.001,KL descent,610,611,0.9068498611450195,0.3810897532193634,0.5579532303356536,False
ising,mixed,4,0,0.001,KL descent,611,612,0.9078130722045898,0.38117689235526997,0.5580090080108654,False
ising,mixed,4,0,0.001,KL descent,612,613,0.9088146686553955,0.3812609450208152,0.5580696693642725,False
ising,mixed,4,0,0.001,KL descent,613,614,0.9098110198974609,0.3813437620599704,0.5581227020989328,False
ising,mixed,4,0,0.001,KL descent,614,615,0.910813570022583,0.3814218754095049,0.5581793759951976,False
ising,mixed,4,0,0.001,KL descent,615,616,0.912322998046875,0.38149903910812955,0.5582287329103702,False
ising,mixed,4,0,0.001,KL descent,616,617,0.9143364429473877,0.3815730462327847,0.5582826730576602,False
ising,mixed,4,0,0.001,KL descent,617,618,0.9153790473937988,0.3816479217958545,0.5583306628890186,False
ising,mixed,4,0,0.001,KL descent,618,619,0.916379451751709,0.3817211572943336,0.5583841601578905,False
ising,mixed,4,0,0.001,KL descent,619,620,0.917377233505249,0.3817960239182632,0.5584323449647501,False
ising,mixed,4,0,0.001,KL descent,620,621,0.9193699359893799,0.38186936120825354,0.5584859951816152,False
ising,mixed,4,0,0.001,KL descent,621,622,0.9213533401489258,0.38194389582606114,0.5585341442667264,False
ising,mixed,4,0,0.001,KL descent,622,623,0.923480749130249,0.3820163270941093,0.5585872469559057,False
ising,mixed,4,0,0.001,KL descent,623,624,0.9254844188690186,0.38208939204133957,0.5586345681412375,False
ising,mixed,4,0,0.001,KL descent,624,625,0.9284813404083252,0.3821600566119458,0.5586865239271606,False
ising,mixed,4,0,0.001,KL descent,625,626,0.930497407913208,0.38223125231109334,0.5587327334042629,False
ising,mixed,4,0,0.001,KL descent,626,627,0.9325242042541504,0.38230018778128805,0.5587835617513928,False
ising,mixed,4,0,0.001,KL descent,627,628,0.9347834587097168,0.3823698374696855,0.558828873887499,False
ising,mixed,4,0,0.001,KL descent,628,629,0.9368019104003906,0.3824374614315418,0.5588788563928799,False
ising,mixed,4,0,0.001,KL descent,629,630,0.939795732498169,0.38250592210363704,0.5589235093196171,False
ising,mixed,4,0,0.001,KL descent,630,631,0.9433317184448242,0.3825724459643811,0.5589727860634612,False
ising,mixed,4,0,0.001,KL descent,631,632,0.9453303813934326,0.38263977411724076,0.5590168114356967,False
ising,mixed,4,0,0.001,KL descent,632,633,0.9463846683502197,0.3827051405122538,0.559065337760394,False
ising,mixed,4,0,0.001,KL descent,633,634,0.9473226070404053,0.38277122908764444,0.5591086549060287,False
ising,mixed,4,0,0.001,KL descent,634,635,0.9493241310119629,0.3828353379881494,0.5591563569738695,False
ising,mixed,4,0,0.001,KL descent,635,636,0.9503748416900635,0.38290013057095906,0.559198920288116,False
ising,mixed,4,0,0.001,KL descent,636,637,0.9513883590698242,0.3829629783747304,0.5592457908124593,False
ising,mixed,4,0,0.001,KL descent,637,638,0.9528868198394775,0.3830265149030233,0.5592876212422304,False
ising,mixed,4,0,0.001,KL descent,638,639,0.9539005756378174,0.3830881639768389,0.5593336985635249,False
ising,mixed,4,0,0.001,KL descent,639,640,0.9549405574798584,0.38315050943283235,0.5593748345678037,False
ising,mixed,4,0,0.001,KL descent,640,641,0.9569034576416016,0.383211012158728,0.5594201504068383,False
ising,mixed,4,0,0.001,KL descent,641,642,0.9579033851623535,0.3832722013971168,0.5594606099939043,False
ising,mixed,4,0,0.001,KL descent,642,643,0.9599010944366455,0.3833315760833815,0.5595051728619951,False
ising,mixed,4,0,0.001,KL descent,643,644,0.9609007835388184,0.3833916178764316,0.5595449563467222,False
ising,mixed,4,0,0.001,KL descent,644,645,0.9624130725860596,0.38344987014845644,0.5595887662344572,False
ising,mixed,4,0,0.001,KL descent,645,646,0.9634253978729248,0.3835087733298853,0.5596278741993735,False
ising,mixed,4,0,0.001,KL descent,646,647,0.9644854068756104,0.3835659171962644,0.5596709370515548,False
ising,mixed,4,0,0.001,KL descent,647,648,0.965484619140625,0.38362370174322397,0.559709377960474,False
ising,mixed,4,0,0.001,KL descent,648,649,0.9664821624755859,0.38367976059087316,0.5597517063575983,False
ising,mixed,4,0,0.001,KL descent,649,650,0.9684805870056152,0.383736451637673,0.5597894924374504,False
ising,mixed,4,0,0.001,KL descent,650,651,0.9694783687591553,0.38379144950988636,0.5598310995965061,False
ising,mixed,4,0,0.001,KL descent,651,652,0.9704723358154297,0.38384706955662906,0.5598682414756005,False
ising,mixed,4,0,0.001,KL descent,652,653,0.9714674949645996,0.3839010264289209,0.5599091379954018,False
ising,mixed,4,0,0.001,KL descent,653,654,0.9734504222869873,0.3839555941371501,0.5599456438662813,False
ising,mixed,4,0,0.001,KL descent,654,655,0.9744622707366943,0.3840085274184391,0.5599858387498508,False
ising,mixed,4,0,0.001,KL descent,655,656,0.9754714965820312,0.384062060425035,0.5600217162935939,False
ising,mixed,4,0,0.001,KL descent,656,657,0.9775073528289795,0.3841139877550857,0.560061218862411,False
ising,mixed,4,0,0.001,KL descent,657,658,0.9785120487213135,0.38416650458097035,0.560096476552582,False
ising,mixed,4,0,0.001,KL descent,658,659,0.9795105457305908,0.3842174445498809,0.5601352969346531,False
ising,mixed,4,0,0.001,KL descent,659,660,0.9805099964141846,0.3842689643050862,0.5601699438283728,False
ising,mixed,4,0,0.001,KL descent,660,661,0.9815137386322021,0.3843189355819069,0.5602080923539412,False
ising,mixed,4,0,0.001,KL descent,661,662,0.9855339527130127,0.3843694769911262,0.5602421374162426,False
ising,mixed,4,0,0.001,KL descent,662,663,0.9885849952697754,0.38441849758722996,0.5602796241058169,False
ising,mixed,4,0,0.001,KL descent,663,664,0.990548849105835,0.3844680786412332,0.560313075963595,False
ising,mixed,4,0,0.001,KL descent,664,665,0.991553544998169,0.3845161659312116,0.5603499105360794,False
ising,mixed,4,0,0.001,KL descent,665,666,0.9930629730224609,0.38456480414649385,0.5603827776497827,False
ising,mixed,4,0,0.001,KL descent,666,667,0.9940757751464844,0.38461197520156154,0.5604189697454556,False
ising,mixed,4,0,0.001,KL descent,667,668,0.9950869083404541,0.38465968789932625,0.5604512605944258,False
ising,mixed,4,0,0.001,KL descent,668,669,0.9971208572387695,0.3847059596454183,0.5604868198779376,False
ising,mixed,4,0,0.001,KL descent,669,670,0.998131275177002,0.38475276398052194,0.5605185429744561,False
ising,mixed,4,0,0.001,KL descent,670,671,0.9991307258605957,0.38479815313211735,0.5605534790841575,False
ising,mixed,4,0,0.001,KL descent,671,672,1.0001335144042969,0.38484406598496423,0.5605846428936336,False
ising,mixed,4,0,0.001,KL descent,672,673,1.001121997833252,0.3848885889442314,0.5606189653672577,False
ising,mixed,4,0,0.001,KL descent,673,674,1.002669334411621,0.38493362685859933,0.560649578260071,False
ising,mixed,4,0,0.001,KL descent,674,675,1.0037131309509277,0.3849772997012496,0.5606832965200443,False
ising,mixed,4,0,0.001,KL descent,675,676,1.0056841373443604,0.3850214789074123,0.560713366782094,False
ising,mixed,4,0,0.001,KL descent,676,677,1.008678913116455,0.38506431742064773,0.5607464901567876,False
ising,mixed,4,0,0.001,KL descent,677,678,1.012681007385254,0.38510765387136003,0.5607760260090431,False
ising,mixed,4,0,0.001,KL descent,678,679,1.013206958770752,0.38514967358157903,0.5608085637471822,False
ising,mixed,4,0,0.001,KL descent,679,680,1.0152018070220947,0.3851921829693366,0.5608375733526205,False
ising,mixed,4,0,0.001,KL descent,680,681,1.0161988735198975,0.385233399145215,0.5608695346209951,False
ising,mixed,4,0,0.001,KL descent,681,682,1.017199993133545,0.3852750968918994,0.5608980260727594,False
ising,mixed,4,0,0.001,KL descent,682,683,1.0181999206542969,0.3853155245316949,0.5609294199432842,False
ising,mixed,4,0,0.001,KL descent,683,684,1.0191993713378906,0.3853564257845621,0.5609574012573599,False
ising,mixed,4,0,0.001,KL descent,684,685,1.020296573638916,0.3853960796181358,0.5609882367043723,False
ising,mixed,4,0,0.001,KL descent,685,686,1.021233320236206,0.3854361992516988,0.5610157158164754,False
ising,mixed,4,0,0.001,KL descent,686,687,1.0238621234893799,0.38547509374554545,0.56104600171625,False
ising,mixed,4,0,0.001,KL descent,687,688,1.026883840560913,0.3855144463711394,0.5610729864841322,False
ising,mixed,4,0,0.001,KL descent,688,689,1.028874158859253,0.38555259573447576,0.5611027316152939,False
ising,mixed,4,0,0.001,KL descent,689,690,1.0308749675750732,0.3855911957050593,0.5611292298179356,False
ising,mixed,4,0,0.001,KL descent,690,691,1.0323944091796875,0.3856286138978939,0.5611584428633476,False
ising,mixed,4,0,0.001,KL descent,691,692,1.0344464778900146,0.38566647531218573,0.5611844621998697,False
ising,mixed,4,0,0.001,KL descent,692,693,1.0364480018615723,0.3857031760441868,0.5612131517423852,False
ising,mixed,4,0,0.001,KL descent,693,694,1.037461757659912,0.3857403127469517,0.561238699828442,False
ising,mixed,4,0,0.001,KL descent,694,695,1.0396289825439453,0.3857763094799188,0.5612668743492437,False
ising,mixed,4,0,0.001,KL descent,695,696,1.0416460037231445,0.3858127350661673,0.5612919587162474,False
ising,mixed,4,0,0.001,KL descent,696,697,1.0431463718414307,0.3858480410214816,0.5613196265967311,False
ising,mixed,4,0,0.001,KL descent,697,698,1.0452544689178467,0.38588376884362163,0.5613442546932317,False
ising,mixed,4,0,0.001,KL descent,698,699,1.0471553802490234,0.3859183970019632,0.5613714242117345,False
ising,mixed,4,0,0.001,KL descent,699,700,1.0492520332336426,0.3859534401693192,0.5613956033997047,False
ising,mixed,4,0,0.001,KL descent,700,701,1.051250696182251,0.38598740327834036,0.5614222827337829,False
ising,mixed,4,0,0.001,KL descent,701,702,1.0539119243621826,0.3860217746640501,0.5614460202900844,False
ising,mixed,4,0,0.001,KL descent,702,703,1.0549097061157227,0.3860550852395897,0.5614722175145064,False
ising,mixed,4,0,0.001,KL descent,703,704,1.057269811630249,0.3860887974829307,0.5614955206293406,False
ising,mixed,4,0,0.001,KL descent,704,705,1.0593242645263672,0.3861214678134739,0.5615212437163984,False
ising,mixed,4,0,0.001,KL descent,705,706,1.0622727870941162,0.38615453332385397,0.5615441194930246,False
ising,mixed,4,0,0.001,KL descent,706,707,1.063880205154419,0.38618657547394375,0.5615693763122578,False
ising,mixed,4,0,0.001,KL descent,707,708,1.0658903121948242,0.38621900643443163,0.5615918317665008,False
ising,mixed,4,0,0.001,KL descent,708,709,1.067885398864746,0.3862504322481785,0.5616166300845769,False
ising,mixed,4,0,0.001,KL descent,709,710,1.0698845386505127,0.3862822406200202,0.5616386721451249,False
ising,mixed,4,0,0.001,KL descent,710,711,1.0723521709442139,0.3863130617253429,0.5616630196263304,False
ising,mixed,4,0,0.001,KL descent,711,712,1.0735275745391846,0.38634425925052973,0.5616846551338068,False
ising,mixed,4,0,0.001,KL descent,712,713,1.0755360126495361,0.3863744870627686,0.5617085593402054,False
ising,mixed,4,0,0.001,KL descent,713,714,1.0775346755981445,0.3864050852685208,0.5617297950476519,False
ising,mixed,4,0,0.001,KL descent,714,715,1.0795340538024902,0.3864347309922324,0.5617532634380951,False
ising,mixed,4,0,0.001,KL descent,715,716,1.0815355777740479,0.38646474119378305,0.5617741060103845,False
ising,mixed,4,0,0.001,KL descent,716,717,1.0830445289611816,0.38649381582908016,0.5617971459427213,False
ising,mixed,4,0,0.001,KL descent,717,718,1.0850582122802734,0.38652324913410047,0.5618176019571992,False
ising,mixed,4,0,0.001,KL descent,718,719,1.087068796157837,0.38655176347772896,0.5618402206869801,False
ising,mixed,4,0,0.001,KL descent,719,720,1.089069128036499,0.3865806307892665,0.561860296633176,False
ising,mixed,4,0,0.001,KL descent,720,721,1.0910704135894775,0.3866085954392332,0.5618825013148566,False
ising,mixed,4,0,0.001,KL descent,721,722,1.093592882156372,0.38663690745932866,0.5619022035947465,False
ising,mixed,4,0,0.001,KL descent,722,723,1.0956060886383057,0.3866643328179852,0.5619240012819355,False
ising,mixed,4,0,0.001,KL descent,723,724,1.097627878189087,0.38669210005057,0.5619433362098,False
ising,mixed,4,0,0.001,KL descent,724,725,1.0996570587158203,0.3867189963276452,0.5619647338555335,False
ising,mixed,4,0,0.001,KL descent,725,726,1.1007308959960938,0.3867462290843957,0.56198370765992,False
ising,mixed,4,0,0.001,KL descent,726,727,1.1032185554504395,0.38677260630203225,0.5620047121183988,False
ising,mixed,4,0,0.001,KL descent,727,728,1.104278326034546,0.3867993147012878,0.5620233309394214,False
ising,mixed,4,0,0.001,KL descent,728,729,1.1064956188201904,0.3868251826939763,0.5620439489643143,False
ising,mixed,4,0,0.001,KL descent,729,730,1.1075537204742432,0.3868513766682326,0.5620622188568904,False
ising,mixed,4,0,0.001,KL descent,730,731,1.1085476875305176,0.38687674509008513,0.5620824571047431,False
ising,mixed,4,0,0.001,KL descent,731,732,1.1095097064971924,0.38690243438783367,0.5621003840380427,False
ising,mixed,4,0,0.001,KL descent,732,733,1.1105072498321533,0.386927312711903,0.5621202490663071,False
ising,mixed,4,0,0.001,KL descent,733,734,1.1125056743621826,0.3869525069004184,0.5621378389239131,False
ising,mixed,4,0,0.001,KL descent,734,735,1.1130146980285645,0.38697690442545146,0.5621573371941246,False
ising,mixed,4,0,0.001,KL descent,735,736,1.1140270233154297,0.38700161289338736,0.5621745957741416,False
ising,mixed,4,0,0.001,KL descent,736,737,1.1150269508361816,0.38702553874432194,0.5621937336508818,False
ising,mixed,4,0,0.001,KL descent,737,738,1.1160359382629395,0.3870497707067276,0.5622106666677601,False
ising,mixed,4,0,0.001,KL descent,738,739,1.1170361042022705,0.38707323383756237,0.5622294504193013,False
ising,mixed,4,0,0.001,KL descent,739,740,1.1180360317230225,0.3870969983369968,0.562246063503054,False
ising,mixed,4,0,0.001,KL descent,740,741,1.119037389755249,0.38712000753661246,0.5622644993040886,False
ising,mixed,4,0,0.001,KL descent,741,742,1.1200366020202637,0.38714331344865455,0.5622807980025761,False
ising,mixed,4,0,0.001,KL descent,742,743,1.1210355758666992,0.38716587734208113,0.5622988919338696,False
ising,mixed,4,0,0.001,KL descent,743,744,1.122544527053833,0.3871887333752935,0.5623148817113666,False
ising,mixed,4,0,0.001,KL descent,744,745,1.1235790252685547,0.38721086042429254,0.5623326397590142,False
ising,mixed,4,0,0.001,KL descent,745,746,1.1255950927734375,0.38723327512551614,0.5623483259984478,False
ising,mixed,4,0,0.001,KL descent,746,747,1.1266014575958252,0.3872549736367806,0.5623657540583774,False
ising,mixed,4,0,0.001,KL descent,747,748,1.127600908279419,0.387276955393588,0.5623811420617045,False
ising,mixed,4,0,0.001,KL descent,748,749,1.1286027431488037,0.3872982335164972,0.5623982459371051,False
ising,mixed,4,0,0.001,KL descent,749,750,1.1296019554138184,0.3873197905585748,0.5624133409249925,False
ising,mixed,4,0,0.001,KL descent,750,751,1.1305546760559082,0.38734065629048864,0.5624301263289175,False
ising,mixed,4,0,0.001,KL descent,751,752,1.1315555572509766,0.387361796694471,0.5624449334428498,False
ising,mixed,4,0,0.001,KL descent,752,753,1.1325559616088867,0.387382257883654,0.5624614059992707,False
ising,mixed,4,0,0.001,KL descent,753,754,1.1336767673492432,0.38740298957459113,0.5624759303013909,False
ising,mixed,4,0,0.001,KL descent,754,755,1.134676218032837,0.38742305392118054,0.5624920955449425,False
ising,mixed,4,0,0.001,KL descent,755,756,1.136728286743164,0.3874433846761281,0.5625063420193895,False
ising,mixed,4,0,0.001,KL descent,756,757,1.1386771202087402,0.38746305973754,0.562522205398203,False
ising,mixed,4,0,0.001,KL descent,757,758,1.1400511264801025,0.38748299718830803,0.5625361789519323,False
ising,mixed,4,0,0.001,KL descent,758,759,1.1424362659454346,0.38750229037891826,0.5625517458265838,False
ising,mixed,4,0,0.001,KL descent,759,760,1.144568681716919,0.3875218420119592,0.5625654512882678,False
ising,mixed,4,0,0.001,KL descent,760,761,1.1465814113616943,0.3875407606070205,0.5625807269336636,False
ising,mixed,4,0,0.001,KL descent,761,762,1.148653268814087,0.3875599337710007,0.5625941690578852,False
ising,mixed,4,0,0.001,KL descent,762,763,1.1506614685058594,0.38757848490953767,0.5626091586644947,False
ising,mixed,4,0,0.001,KL descent,763,764,1.1533300876617432,0.3875972868136589,0.5626223421296551,False
ising,mixed,4,0,0.001,KL descent,764,765,1.1543712615966797,0.3876154775011895,0.5626370508046452,False
ising,mixed,4,0,0.001,KL descent,765,766,1.1573810577392578,0.3876339152203805,0.5626499802156218,False
ising,mixed,4,0,0.001,KL descent,766,767,1.1594583988189697,0.38765175233005367,0.5626644129829614,False
ising,mixed,4,0,0.001,KL descent,767,768,1.1614916324615479,0.38766983280444367,0.5626770928698767,False
ising,mixed,4,0,0.001,KL descent,768,769,1.1630899906158447,0.38768732307901865,0.5626912546710325,False
ising,mixed,4,0,0.001,KL descent,769,770,1.1651949882507324,0.38770505311962605,0.5627036894923108,False
ising,mixed,4,0,0.001,KL descent,770,771,1.166179895401001,0.38772220317764705,0.5627175851898523,False
ising,mixed,4,0,0.001,KL descent,771,772,1.1671900749206543,0.3877395894685519,0.5627297793329156,False
ising,mixed,4,0,0.001,KL descent,772,773,1.1681361198425293,0.3877564058020859,0.5627434137083812,False
ising,mixed,4,0,0.001,KL descent,773,774,1.170182228088379,0.3877734548977716,0.5627553714870722,False
ising,mixed,4,0,0.001,KL descent,774,775,1.1711859703063965,0.3877899438761044,0.562768749242935,False
ising,mixed,4,0,0.001,KL descent,775,776,1.1711859703063965,0.3878066622113181,0.5627804749035215,False
ising,mixed,4,0,0.001,KL descent,776,777,1.1726958751678467,0.38782283008538276,0.562793600665686,False
ising,mixed,4,0,0.001,KL descent,777,778,1.1737065315246582,0.38783922397231485,0.5628050983842359,False
ising,mixed,4,0,0.001,KL descent,778,779,1.1747488975524902,0.38785507687454523,0.5628179767014304,False
ising,mixed,4,0,0.001,KL descent,779,780,1.1768040657043457,0.38787115250604076,0.5628292505853475,False
ising,mixed,4,0,0.001,KL descent,780,781,1.1777567863464355,0.38788669645257756,0.5628418859301559,False
ising,mixed,4,0,0.001,KL descent,781,782,1.178755521774292,0.38790245990500116,0.5628529400194797,False
ising,mixed,4,0,0.001,KL descent,782,783,1.1797542572021484,0.38791770079839794,0.562865336789738,False
ising,mixed,4,0,0.001,KL descent,783,784,1.1807925701141357,0.3879331580335618,0.5628761750578568,False
ising,mixed,4,0,0.001,KL descent,784,785,1.1807925701141357,0.3879481016669145,0.5628883375790372,False
ising,mixed,4,0,0.001,KL descent,785,786,1.1834385395050049,0.3879632585342928,0.5628989639336157,False
ising,mixed,4,0,0.001,KL descent,786,787,1.1844565868377686,0.38797791058889985,0.5629108964568248,False
ising,mixed,4,0,0.001,KL descent,787,788,1.1854686737060547,0.38799277282673555,0.5629213147399974,False
ising,mixed,4,0,0.001,KL descent,788,789,1.186455488204956,0.3880071388777201,0.5629330214454277,False
ising,mixed,4,0,0.001,KL descent,789,790,1.187464714050293,0.38802171211725694,0.5629432354361427,False
ising,mixed,4,0,0.001,KL descent,790,791,1.1884634494781494,0.3880357976345097,0.5629547204333532,False
ising,mixed,4,0,0.001,KL descent,791,792,1.1895792484283447,0.3880500873995812,0.5629647338465856,False
ising,mixed,4,0,0.001,KL descent,792,793,1.1905951499938965,0.3880638977484214,0.5629760011746117,False
ising,mixed,4,0,0.001,KL descent,793,794,1.1915931701660156,0.38807790945767834,0.5629858176623895,False
ising,mixed,4,0,0.001,KL descent,794,795,1.1931016445159912,0.3880914499028349,0.562996871292117,False
ising,mixed,4,0,0.001,KL descent,795,796,1.1941115856170654,0.3881051888746449,0.5630064944463963,False
ising,mixed,4,0,0.001,KL descent,796,797,1.1951138973236084,0.3881184645823452,0.5630173382816985,False
ising,mixed,4,0,0.001,KL descent,797,798,1.1961228847503662,0.3881319360324461,0.5630267716323116,False
ising,mixed,4,0,0.001,KL descent,798,799,1.1971230506896973,0.38814495206791977,0.5630374095080453,False
ising,mixed,4,0,0.001,KL descent,799,800,1.198173999786377,0.38815816111369983,0.563046656525186,False
ising,mixed,4,0,0.001,KL descent,800,801,1.1991777420043945,0.388170922450053,0.5630570922129731,False
ising,mixed,4,0,0.001,KL descent,801,802,1.2011828422546387,0.3881838741142163,0.5630661563092954,False
ising,mixed,4,0,0.001,KL descent,802,803,1.2011828422546387,0.38819638562758596,0.5630763935139591,False
ising,mixed,4,0,0.001,KL descent,803,804,1.2027559280395508,0.3882090848340653,0.5630852780413889,False
ising,mixed,4,0,0.001,KL descent,804,805,1.203822135925293,0.3882213513086365,0.5630953204041337,False
ising,mixed,4,0,0.001,KL descent,805,806,1.2057721614837646,0.38823380289053766,0.563104028658914,False
ising,mixed,4,0,0.001,KL descent,806,807,1.206812858581543,0.38824582902172855,0.5631138797592687,False
ising,mixed,4,0,0.001,KL descent,807,808,1.2088079452514648,0.38825803772016865,0.5631224149808152,False
ising,mixed,4,0,0.001,KL descent,808,809,1.2098290920257568,0.38826982811086874,0.5631320783338538,False
ising,mixed,4,0,0.001,KL descent,809,810,1.210770606994629,0.388281798576218,0.5631404437052441,False
ising,mixed,4,0,0.001,KL descent,810,811,1.2123265266418457,0.3882933577465509,0.5631499227680382,False
ising,mixed,4,0,0.001,KL descent,811,812,1.2133944034576416,0.38830509454286083,0.5631581214187245,False
ising,mixed,4,0,0.001,KL descent,812,813,1.2153728008270264,0.38831642692269575,0.5631674195850546,False
ising,mixed,4,0,0.001,KL descent,813,814,1.216393232345581,0.38832793452528624,0.5631754545888837,False
ising,mixed,4,0,0.001,KL descent,814,815,1.2173938751220703,0.3883390444629173,0.5631845751949753,False
ising,mixed,4,0,0.001,KL descent,815,816,1.218390703201294,0.38835032726247753,0.5631924495727065,False
ising,mixed,4,0,0.001,KL descent,816,817,1.2194061279296875,0.388361219022999,0.5632013958959552,False
ising,mixed,4,0,0.001,KL descent,817,818,1.220397710800171,0.3883722813291448,0.5632091126173892,False
ising,mixed,4,0,0.001,KL descent,818,819,1.2223436832427979,0.38838295909748133,0.5632178878782799,False
ising,mixed,4,0,0.001,KL descent,819,820,1.222853422164917,0.3883938051345184,0.563225449859105,False
ising,mixed,4,0,0.001,KL descent,820,821,1.2238998413085938,0.3884042730146237,0.563234057220513,False
ising,mixed,4,0,0.001,KL descent,821,822,1.2259573936462402,0.38841490693053865,0.5632414673281667,False
ising,mixed,4,0,0.001,KL descent,822,823,1.2269597053527832,0.3884251689496458,0.5632499098981298,False
ising,mixed,4,0,0.001,KL descent,823,824,1.2279531955718994,0.388435594809847,0.563257170947296,False
ising,mixed,4,0,0.001,KL descent,824,825,1.2299015522003174,0.38844565491697297,0.5632654517778628,False
ising,mixed,4,0,0.001,KL descent,825,826,1.2309656143188477,0.38845587671130843,0.5632725665350118,False
ising,mixed,4,0,0.001,KL descent,826,827,1.2336361408233643,0.3884657387822857,0.5632806886255577,False
ising,mixed,4,0,0.001,KL descent,827,828,1.2355735301971436,0.38847576042514875,0.5632876598087952,False
ising,mixed,4,0,0.001,KL descent,828,829,1.2385187149047852,0.3884854282612066,0.5632956261049571,False
ising,mixed,4,0,0.001,KL descent,829,830,1.2405450344085693,0.38849525359245396,0.563302456384442,False
ising,mixed,4,0,0.001,KL descent,830,831,1.2425589561462402,0.3885047309226648,0.5633102697796748,False
ising,mixed,4,0,0.001,KL descent,831,832,1.2451934814453125,0.38851436370867976,0.56331696177813,False
ising,mixed,4,0,0.001,KL descent,832,833,1.2471835613250732,0.3885236541911095,0.5633246251144088,False
ising,mixed,4,0,0.001,KL descent,833,834,1.249194622039795,0.3885330981262616,0.5633311814079273,False
ising,mixed,4,0,0.001,KL descent,834,835,1.251152753829956,0.3885422053489518,0.5633386974763296,False
ising,mixed,4,0,0.001,KL descent,835,836,1.252669095993042,0.38855146405742125,0.5633451205954365,False
ising,mixed,4,0,0.001,KL descent,836,837,1.2546846866607666,0.38856039153939004,0.5633524921367499,False
ising,mixed,4,0,0.001,KL descent,837,838,1.2566907405853271,0.3885694685772072,0.5633587845676051,False
ising,mixed,4,0,0.001,KL descent,838,839,1.2586817741394043,0.38857821977375595,0.563366014275872,False
ising,mixed,4,0,0.001,KL descent,839,840,1.2606821060180664,0.38858711862913053,0.5633721784603418,False
ising,mixed,4,0,0.001,KL descent,840,841,1.2631964683532715,0.3885956969258473,0.5633792689787156,False
ising,mixed,4,0,0.001,KL descent,841,842,1.2652032375335693,0.3886044210192473,0.5633853073142525,False
ising,mixed,4,0,0.001,KL descent,842,843,1.2671997547149658,0.3886128297394218,0.5633922612399868,False
ising,mixed,4,0,0.001,KL descent,843,844,1.2692029476165771,0.3886213824274289,0.5633981760821183,False
ising,mixed,4,0,0.001,KL descent,844,845,1.2702553272247314,0.3886296248298057,0.5634049959649908,False
ising,mixed,4,0,0.001,KL descent,845,846,1.2727103233337402,0.3886380094045926,0.5634107896268038,False
ising,mixed,4,0,0.001,KL descent,846,847,1.274733543395996,0.3886460886865335,0.5634174779712234,False
ising,mixed,4,0,0.001,KL descent,847,848,1.2767326831817627,0.3886543083772309,0.5634231527241762,False
ising,mixed,4,0,0.001,KL descent,848,849,1.2787723541259766,0.38866222767545683,0.5634297119896456,False
ising,mixed,4,0,0.001,KL descent,849,850,1.280771017074585,0.38867028565023,0.5634352700648408,False
ising,mixed,4,0,0.001,KL descent,850,851,1.282331943511963,0.388678048039871,0.5634417026652783,False
ising,mixed,4,0,0.001,KL descent,851,852,1.284388542175293,0.3886859474055452,0.5634471462530873,False
ising,mixed,4,0,0.001,KL descent,852,853,1.285393238067627,0.38869355590548843,0.5634534545604369,False
ising,mixed,4,0,0.001,KL descent,853,854,1.2864000797271729,0.3887012997117317,0.563458785813235,False
ising,mixed,4,0,0.001,KL descent,854,855,1.2873947620391846,0.3887087572818148,0.5634649721555358,False
ising,mixed,4,0,0.001,KL descent,855,856,1.2893502712249756,0.3887163485171405,0.5634701931848609,False
ising,mixed,4,0,0.001,KL descent,856,857,1.2903985977172852,0.3887236580599976,0.5634762598474692,False
ising,mixed,4,0,0.001,KL descent,857,858,1.291351318359375,0.38873109965792213,0.5634813727281188,False
ising,mixed,4,0,0.001,KL descent,858,859,1.2923462390899658,0.3887382640232278,0.5634873219565941,False
ising,mixed,4,0,0.001,KL descent,859,860,1.2928566932678223,0.3887455588607047,0.563492328725458,False
ising,mixed,4,0,0.001,KL descent,860,861,1.2948808670043945,0.3887525808405585,0.5634981627223988,False
ising,mixed,4,0,0.001,KL descent,861,862,1.2958805561065674,0.38875973173902956,0.5635030653790754,False
ising,mixed,4,0,0.001,KL descent,862,863,1.296933650970459,0.3887666140746213,0.5635087863086506,False
ising,mixed,4,0,0.001,KL descent,863,864,1.2979345321655273,0.3887736238032934,0.563513586817592,False
ising,mixed,4,0,0.001,KL descent,864,865,1.2989299297332764,0.38878036918290376,0.5635191968041722,False
ising,mixed,4,0,0.001,KL descent,865,866,1.2999305725097656,0.38878724045604374,0.5635238970927614,False
ising,mixed,4,0,0.001,KL descent,866,867,1.3009343147277832,0.3887938515154413,0.563529398221187,False
ising,mixed,4,0,0.001,KL descent,867,868,1.302494764328003,0.38880058699667114,0.5635340001825749,False
ising,mixed,4,0,0.001,KL descent,868,869,1.303516149520874,0.3888070663229987,0.563539394500798,False
ising,mixed,4,0,0.001,KL descent,869,870,1.3045690059661865,0.38881366862503836,0.5635438999936607,False
ising,mixed,4,0,0.001,KL descent,870,871,1.306509256362915,0.3888200187542715,0.5635491895110234,False
ising,mixed,4,0,0.001,KL descent,871,872,1.3075621128082275,0.3888264904397334,0.5635536003600274,False
ising,mixed,4,0,0.001,KL descent,872,873,1.3095605373382568,0.3888327138608067,0.5635587870500707,False
ising,mixed,4,0,0.001,KL descent,873,874,1.310577154159546,0.38883905744268155,0.563563105046136,False
ising,mixed,4,0,0.001,KL descent,874,875,1.3115527629852295,0.3888451565956849,0.5635681908453813,False
ising,mixed,4,0,0.001,KL descent,875,876,1.3125710487365723,0.38885137453950513,0.5635724177470943,False
ising,mixed,4,0,0.001,KL descent,876,877,1.3131392002105713,0.3888573518182875,0.5635774045568269,False
ising,mixed,4,0,0.001,KL descent,877,878,1.3142166137695312,0.3888634465425068,0.5635815420906367,False
ising,mixed,4,0,0.001,KL descent,878,879,1.315263271331787,0.3888693042962791,0.5635864317780075,False
ising,mixed,4,0,0.001,KL descent,879,880,1.3172838687896729,0.388875278173841,0.563590481639239,False
ising,mixed,4,0,0.001,KL descent,880,881,1.318152904510498,0.38888101870533176,0.5635952760360281,False
ising,mixed,4,0,0.001,KL descent,881,882,1.3191947937011719,0.3888868740619975,0.5635992398876888,False
ising,mixed,4,0,0.001,KL descent,882,883,1.320239782333374,0.3888924996303103,0.563603940792262,False
ising,mixed,4,0,0.001,KL descent,883,884,1.3212416172027588,0.3888982387476528,0.5636078202670314,False
ising,mixed,4,0,0.001,KL descent,884,885,1.3222954273223877,0.3889037515676125,0.5636124294439113,False
ising,mixed,4,0,0.001,KL descent,885,886,1.3233487606048584,0.3889093766845458,0.5636162261451378,False
ising,mixed,4,0,0.001,KL descent,886,887,1.3254013061523438,0.3889147789304789,0.5636207453276055,False
ising,mixed,4,0,0.001,KL descent,887,888,1.3263497352600098,0.38892029224294067,0.563624460829043,False
ising,mixed,4,0,0.001,KL descent,888,889,1.327312707901001,0.38892558604776495,0.5636288917185319,False
ising,mixed,4,0,0.001,KL descent,889,890,1.3283135890960693,0.3889309897101546,0.563632527565281,False
ising,mixed,4,0,0.001,KL descent,890,891,1.3293137550354004,0.3889361771639104,0.5636368718304096,False
ising,mixed,4,0,0.001,KL descent,891,892,1.3303053379058838,0.3889414732868884,0.56364042953738,False
ising,mixed,4,0,0.001,KL descent,892,893,1.3313097953796387,0.3889465564401838,0.5636446888163054,False
ising,mixed,4,0,0.001,KL descent,893,894,1.3328197002410889,0.3889517470963386,0.5636481698720384,False
ising,mixed,4,0,0.001,KL descent,894,895,1.3338322639465332,0.3889567279611149,0.5636523457730215,False
ising,mixed,4,0,0.001,KL descent,895,896,1.334846019744873,0.38896181518252426,0.5636557516379902,False
ising,mixed,4,0,0.001,KL descent,896,897,1.3358445167541504,0.3889666957316072,0.5636598457391087,False
ising,mixed,4,0,0.001,KL descent,897,898,1.3368425369262695,0.3889716815111857,0.5636631778466158,False
ising,mixed,4,0,0.001,KL descent,898,899,1.3378450870513916,0.38897646368024,0.5636671916971154,False
ising,mixed,4,0,0.001,KL descent,899,900,1.3398442268371582,0.3889813499739296,0.5636704514547491,False
ising,mixed,4,0,0.001,KL descent,900,901,1.3408443927764893,0.38898603566099266,0.5636743865747731,False
ising,mixed,4,0,0.001,KL descent,901,902,1.3408443927764893,0.38899082438600074,0.5636775753631791,False
ising,mixed,4,0,0.001,KL descent,902,903,1.3423597812652588,0.3889954154532341,0.5636814332449711,False
ising,mixed,4,0,0.001,KL descent,903,904,1.3443729877471924,0.3890001084895437,0.5636845524188596,False
ising,mixed,4,0,0.001,KL descent,904,905,1.3453853130340576,0.38900460676178206,0.5636883345258223,False
ising,mixed,4,0,0.001,KL descent,905,906,1.346386194229126,0.38900920595529137,0.5636913854160785,False
ising,mixed,4,0,0.001,KL descent,906,907,1.3473823070526123,0.3890136132245883,0.5636950931858917,False
ising,mixed,4,0,0.001,KL descent,907,908,1.3483848571777344,0.38901812038375655,0.5636980770972753,False
ising,mixed,4,0,0.001,KL descent,908,909,1.3493835926055908,0.38902243840658757,0.5637017119400263,False
ising,mixed,4,0,0.001,KL descent,909,910,1.350386381149292,0.38902685530630526,0.5637046301537845,False
ising,mixed,4,0,0.001,KL descent,910,911,1.3513829708099365,0.3890310858055478,0.5637081934533471,False
ising,mixed,4,0,0.001,KL descent,911,912,1.3528897762298584,0.3890354141865732,0.563711047226815,False
ising,mixed,4,0,0.001,KL descent,912,913,1.3549127578735352,0.3890395588518839,0.563714540341145,False
ising,mixed,4,0,0.001,KL descent,913,914,1.3559112548828125,0.3890438004213177,0.5637173309080508,False
ising,mixed,4,0,0.001,KL descent,914,915,1.3569142818450928,0.3890478609108657,0.5637207551703904,False
ising,mixed,4,0,0.001,KL descent,915,916,1.357914924621582,0.3890520173437442,0.5637234837419258,False
ising,mixed,4,0,0.001,KL descent,916,917,1.3589138984680176,0.38905599528235424,0.5637268404595894,False
ising,mixed,4,0,0.001,KL descent,917,918,1.3599119186401367,0.3890600682199492,0.5637295082232356,False
ising,mixed,4,0,0.001,KL descent,918,919,1.3609113693237305,0.3890639652021785,0.5637327986797298,False
ising,mixed,4,0,0.001,KL descent,919,920,1.3624231815338135,0.3890679562559615,0.5637354068019478,False
ising,mixed,4,0,0.001,KL descent,920,921,1.3634369373321533,0.38907177384638497,0.5637386322571941,False
ising,mixed,4,0,0.001,KL descent,921,922,1.3644342422485352,0.38907568459637754,0.563741181882293,False
ising,mixed,4,0,0.001,KL descent,922,923,1.3664443492889404,0.38907942432775783,0.5637443435714402,False
ising,mixed,4,0,0.001,KL descent,923,924,1.3674466609954834,0.38908325632307006,0.5637468358219258,False
ising,mixed,4,0,0.001,KL descent,924,925,1.368445634841919,0.3890869197008586,0.5637499349584247,False
ising,mixed,4,0,0.001,KL descent,925,926,1.3694477081298828,0.38909067446149304,0.5637523709362285,False
ising,mixed,4,0,0.001,KL descent,926,927,1.3704442977905273,0.38909426295919236,0.5637554087087291,False
ising,mixed,4,0,0.001,KL descent,927,928,1.3714449405670166,0.3890979419750199,0.5637577894944945,False
ising,mixed,4,0,0.001,KL descent,928,929,1.3729524612426758,0.3891014570419438,0.5637607670721545,False
ising,mixed,4,0,0.001,KL descent,929,930,1.3739638328552246,0.38910506177645143,0.5637630937277964,False
ising,mixed,4,0,0.001,KL descent,930,931,1.374974250793457,0.389108504830381,0.5637660122553274,False
ising,mixed,4,0,0.001,KL descent,931,932,1.3769750595092773,0.389112036716111,0.5637682858209012,False
ising,mixed,4,0,0.001,KL descent,932,933,1.3779752254486084,0.3891154091498689,0.5637711464230752,False
ising,mixed,4,0,0.001,KL descent,933,934,1.3789722919464111,0.38911886959423264,0.5637733679207431,False
ising,mixed,4,0,0.001,KL descent,934,935,1.379974603652954,0.3891221727727209,0.5637761717004176,False
ising,mixed,4,0,0.001,KL descent,935,936,1.3809740543365479,0.3891255631535365,0.5637783421314101,False
ising,mixed,4,0,0.001,KL descent,936,937,1.3809740543365479,0.38912879841556547,0.5637810901708005,False
ising,mixed,4,0,0.001,KL descent,937,938,1.383500337600708,0.3891321200874469,0.563783210519752,False
ising,mixed,4,0,0.001,KL descent,938,939,1.3845007419586182,0.38913528874644054,0.5637859038809632,False
ising,mixed,4,0,0.001,KL descent,939,940,1.385511875152588,0.3891385430352765,0.5637879751121601,False
ising,mixed,4,0,0.001,KL descent,940,941,1.3865110874176025,0.3891416463793292,0.5637906148372505,False
ising,mixed,4,0,0.001,KL descent,941,942,1.3875114917755127,0.38914483458630345,0.5637926378973619,False
ising,mixed,4,0,0.001,KL descent,942,943,1.3885107040405273,0.389147873878934,0.5637952250088993,False
ising,mixed,4,0,0.001,KL descent,943,944,1.3905119895935059,0.3891509972802205,0.5637972008267724,False
ising,mixed,4,0,0.001,KL descent,944,945,1.3915104866027832,0.3891539737588464,0.5637997363268317,False
ising,mixed,4,0,0.001,KL descent,945,946,1.392512559890747,0.3891570336062006,0.5638016658138876,False
ising,mixed,4,0,0.001,KL descent,946,947,1.3930211067199707,0.3891599484881555,0.563804150688182,False
ising,mixed,4,0,0.001,KL descent,947,948,1.3950459957122803,0.3891629460107889,0.5638060347397038,False
ising,mixed,4,0,0.001,KL descent,948,949,1.3960411548614502,0.38916580048748206,0.563808469953648,False
ising,mixed,4,0,0.001,KL descent,949,950,1.3970441818237305,0.3891687368876146,0.5638103094457455,False
ising,mixed,4,0,0.001,KL descent,950,951,1.3980417251586914,0.38917153212596634,0.563812695945467,False
ising,mixed,4,0,0.001,KL descent,951,952,1.3990440368652344,0.38917440858498753,0.5638144917392707,False
ising,mixed,4,0,0.001,KL descent,952,953,1.400045394897461,0.3891771457327241,0.5638168304552564,False
ising,mixed,4,0,0.001,KL descent,953,954,1.4010443687438965,0.38917996340857397,0.5638185833951428,False
ising,mixed,4,0,0.001,KL descent,954,955,1.4025545120239258,0.3891826435900307,0.5638208752394105,False
ising,mixed,4,0,0.001,KL descent,955,956,1.403566598892212,0.38918540361996734,0.5638225861548902,False
ising,mixed,4,0,0.001,KL descent,956,957,1.4045662879943848,0.3891880279374236,0.563824832021941,False
ising,mixed,4,0,0.001,KL descent,957,958,1.4065768718719482,0.3891907314343412,0.5638265017251438,False
ising,mixed,4,0,0.001,KL descent,958,959,1.4075779914855957,0.38919330096887694,0.5638287024925787,False
ising,mixed,4,0,0.001,KL descent,959,960,1.408576488494873,0.3891959490253376,0.5638303317810152,False
ising,mixed,4,0,0.001,KL descent,960,961,1.4095771312713623,0.38919846483839404,0.5638324883106274,False
ising,mixed,4,0,0.001,KL descent,961,962,1.4105768203735352,0.38920105852660264,0.5638340779671707,False
ising,mixed,4,0,0.001,KL descent,962,963,1.4115781784057617,0.3892035216579556,0.5638361911036116,False
ising,mixed,4,0,0.001,KL descent,963,964,1.4130866527557373,0.3892060620287123,0.5638377418957857,False
ising,mixed,4,0,0.001,KL descent,964,965,1.4140963554382324,0.3892084734986057,0.5638398124680434,False
ising,mixed,4,0,0.001,KL descent,965,966,1.4151082038879395,0.3892109615825259,0.5638413251488634,False
ising,mixed,4,0,0.001,KL descent,966,967,1.4171085357666016,0.3892133223909497,0.5638433539698159,False
ising,mixed,4,0,0.001,KL descent,967,968,1.4181060791015625,0.38921575919855583,0.5638448292778478,False
ising,mixed,4,0,0.001,KL descent,968,969,1.4191062450408936,0.38921807032682393,0.5638468171453612,False
ising,mixed,4,0,0.001,KL descent,969,970,1.420107364654541,0.3892204568505397,0.5638482558060955,False
ising,mixed,4,0,0.001,KL descent,970,971,1.421105146408081,0.38922271926238106,0.5638502035038093,False
ising,mixed,4,0,0.001,KL descent,971,972,1.4226152896881104,0.3892250564741794,0.5638516062280576,False
ising,mixed,4,0,0.001,KL descent,972,973,1.4236292839050293,0.38922727111128097,0.5638535145223831,False
ising,mixed,4,0,0.001,KL descent,973,974,1.4246282577514648,0.38922955996464975,0.5638548820076184,False
ising,mixed,4,0,0.001,KL descent,974,975,1.4256386756896973,0.3892317277545103,0.5638567516531168,False
ising,mixed,4,0,0.001,KL descent,975,976,1.4266397953033447,0.3892339691844734,0.5638580845835099,False
ising,mixed,4,0,0.001,KL descent,976,977,1.4286394119262695,0.3892360910333417,0.5638599163181213,False
ising,mixed,4,0,0.001,KL descent,977,978,1.4296374320983887,0.38923828595783216,0.5638612153654601,False
ising,mixed,4,0,0.001,KL descent,978,979,1.4306411743164062,0.389240362757457,0.5638630099151284,False
ising,mixed,4,0,0.001,KL descent,979,980,1.4316377639770508,0.38924251207599364,0.5638642757379442,False
ising,mixed,4,0,0.001,KL descent,980,981,1.433150053024292,0.38924454469870806,0.5638660338133086,False
ising,mixed,4,0,0.001,KL descent,981,982,1.4341604709625244,0.3892466492929164,0.5638672670572217,False
ising,mixed,4,0,0.001,KL descent,982,983,1.435171127319336,0.38924863859464026,0.563868989355689,False
ising,mixed,4,0,0.001,KL descent,983,984,1.4361693859100342,0.38925069932970074,0.5638701906544105,False
ising,mixed,4,0,0.001,KL descent,984,985,1.437171220779419,0.389252646150865,0.5638718778608167,False
ising,mixed,4,0,0.001,KL descent,985,986,1.4381706714630127,0.38925466387683266,0.5638730478370491,False
ising,mixed,4,0,0.001,KL descent,986,987,1.440171241760254,0.3892565690420029,0.5638747006234412,False
ising,mixed,4,0,0.001,KL descent,987,988,1.4411695003509521,0.38925854458990916,0.5638758398862384,False
ising,mixed,4,0,0.001,KL descent,988,989,1.4411695003509521,0.3892604089050867,0.5638774589100602,False
ising,mixed,4,0,0.001,KL descent,989,990,1.4426820278167725,0.3892623430919294,0.5638785680582172,False
ising,mixed,4,0,0.001,KL descent,990,991,1.4446966648101807,0.3892641673506185,0.5638801539664777,False
ising,mixed,4,0,0.001,KL descent,991,992,1.4457077980041504,0.3892660609761698,0.5638812335863855,False
ising,mixed,4,0,0.001,KL descent,992,993,1.4467072486877441,0.3892678459545941,0.5638827870124292,False
ising,mixed,4,0,0.001,KL descent,993,994,1.447706937789917,0.3892696998037457,0.5638838376796605,False
ising,mixed,4,0,0.001,KL descent,994,995,1.448706865310669,0.38927144626342236,0.5638853592449551,False
ising,mixed,4,0,0.001,KL descent,995,996,1.449706792831421,0.38927326110710675,0.5638863815249042,False
ising,mixed,4,0,0.001,KL descent,996,997,1.4507083892822266,0.3892749697967149,0.5638878718403366,False
ising,mixed,4,0,0.001,KL descent,997,998,1.452707290649414,0.3892767463897074,0.5638888662867411,False
ising,mixed,4,0,0.001,KL descent,998,999,1.4532160758972168,0.3892784180414222,0.5638903259501536,False
ising,mixed,4,0,0.001,KL descent,999,1000,1.4542272090911865,0.3892801571239929,0.5638912931062134,False
ising,mixed,4,0,0.001,KL descent,1000,1001,1.4562370777130127,0.38928179245632344,0.5638927227043704,False
ising,mixed,4,0,0.001,KL descent,1001,1002,1.4572358131408691,0.3892834947550029,0.563893663103282,False
ising,mixed,4,0,0.001,KL descent,1002,1003,1.4582362174987793,0.38928509447263526,0.5638950632117867,False
ising,mixed,4,0,0.001,KL descent,1003,1004,1.459235668182373,0.38928676069932366,0.5638959773761417,False
ising,mixed,4,0,0.001,KL descent,1004,1005,1.4602363109588623,0.3892883254939705,0.5638973485600436,False
ising,mixed,4,0,0.001,KL descent,1005,1006,1.4612369537353516,0.38928995634776437,0.5638982370030872,False
ising,mixed,4,0,0.001,KL descent,1006,1007,1.4627509117126465,0.3892914868974798,0.5638995798164451,False
ising,mixed,4,0,0.001,KL descent,1007,1008,1.4637656211853027,0.3892930830634993,0.5639004430412784,False
ising,mixed,4,0,0.001,KL descent,1008,1009,1.4647657871246338,0.38929458003279166,0.5639017580272706,False
ising,mixed,4,0,0.001,KL descent,1009,1010,1.465775966644287,0.38929614218151887,0.5639025965264103,False
ising,mixed,4,0,0.001,KL descent,1010,1011,1.4667799472808838,0.3892976062225032,0.563903884218135,False
ising,mixed,4,0,0.001,KL descent,1011,1012,1.4687762260437012,0.3892991350151624,0.5639046984771855,False
ising,mixed,4,0,0.001,KL descent,1012,1013,1.4697761535644531,0.3893005667675341,0.5639059593976802,False
ising,mixed,4,0,0.001,KL descent,1013,1014,1.4707789421081543,0.3893020628490737,0.56390674989056,False
ising,mixed,4,0,0.001,KL descent,1014,1015,1.4707789421081543,0.3893034629394445,0.5639079845523786,False
ising,mixed,4,0,0.001,KL descent,1015,1016,1.4733023643493652,0.3893049269433166,0.5639087517445849,False
ising,mixed,4,0,0.001,KL descent,1016,1017,1.4743051528930664,0.3893062959872767,0.5639099606512141,False
ising,mixed,4,0,0.001,KL descent,1017,1018,1.4753174781799316,0.38930772853532486,0.5639107049997589,False
ising,mixed,4,0,0.001,KL descent,1018,1019,1.4763166904449463,0.38930906713562746,0.5639118886444217,False
ising,mixed,4,0,0.001,KL descent,1019,1020,1.4773173332214355,0.38931046883773235,0.5639126105975851,False
ising,mixed,4,0,0.001,KL descent,1020,1021,1.4793167114257812,0.38931177758603713,0.56391376946445,False
ising,mixed,4,0,0.001,KL descent,1021,1022,1.4803171157836914,0.3893131490394095,0.5639144694613227,False
ising,mixed,4,0,0.001,KL descent,1022,1023,1.481316089630127,0.389314428515719,0.5639156040251423,False
ising,mixed,4,0,0.001,KL descent,1023,1024,1.4823181629180908,0.389315770307237,0.5639162824972144,False
ising,mixed,4,0,0.001,KL descent,1024,1025,1.48282790184021,0.38931702108102145,0.563917393224121,False
ising,mixed,4,0,0.001,KL descent,1025,1026,1.4848403930664062,0.38931833378527314,0.5639180505939577,False
ising,mixed,4,0,0.001,KL descent,1026,1027,1.485851526260376,0.38931955641397736,0.5639191379404728,False
ising,mixed,4,0,0.001,KL descent,1027,1028,1.4868526458740234,0.3893208405949995,0.563919774622909,False
ising,mixed,4,0,0.001,KL descent,1028,1029,1.4878535270690918,0.38932203562596535,0.5639208390372658,False
ising,mixed,4,0,0.001,KL descent,1029,1030,1.4888479709625244,0.3893232918365568,0.5639214554389484,False
ising,mixed,4,0,0.001,KL descent,1030,1031,1.4898555278778076,0.38932445980565367,0.5639224973601975,False
ising,mixed,4,0,0.001,KL descent,1031,1032,1.4908533096313477,0.3893256885876501,0.563923093879775,False
ising,mixed,4,0,0.001,KL descent,1032,1033,1.4923629760742188,0.3893268300219743,0.5639241137396345,False
ising,mixed,4,0,0.001,KL descent,1033,1034,1.4933769702911377,0.3893280319078059,0.5639246907688279,False
ising,mixed,4,0,0.001,KL descent,1034,1035,1.4943790435791016,0.38932914732303747,0.5639256889899174,False
ising,mixed,4,0,0.001,KL descent,1035,1036,1.495389461517334,0.38933032283504504,0.5639262469130593,False
ising,mixed,4,0,0.001,KL descent,1036,1037,1.4963963031768799,0.38933141273812094,0.5639272239107357,False
ising,mixed,4,0,0.001,KL descent,1037,1038,1.4973912239074707,0.3893325623866274,0.563927763103474,False
ising,mixed,4,0,0.001,KL descent,1038,1039,1.4983887672424316,0.3893336272729929,0.5639287192839839,False
ising,mixed,4,0,0.001,KL descent,1039,1040,1.4993891716003418,0.3893347515597577,0.5639292401156304,False
ising,mixed,4,0,0.001,KL descent,1040,1041,1.5003910064697266,0.3893357919157805,0.5639301758777769,False
ising,mixed,4,0,0.001,KL descent,1041,1042,1.5013890266418457,0.38933689133301447,0.5639306787106465,False
ising,mixed,4,0,0.001,KL descent,1042,1043,1.502903938293457,0.3893379076370741,0.5639315944465575,False
ising,mixed,4,0,0.001,KL descent,1043,1044,1.5039122104644775,0.3893389826675694,0.5639320796360681,False
ising,mixed,4,0,0.001,KL descent,1044,1045,1.5049221515655518,0.3893399753876166,0.5639329757295487,False
ising,mixed,4,0,0.001,KL descent,1045,1046,1.5059235095977783,0.38934102650427116,0.5639334436239003,False
ising,mixed,4,0,0.001,KL descent,1046,1047,1.5069279670715332,0.38934199609965703,0.5639343204517052,False
ising,mixed,4,0,0.001,KL descent,1047,1048,1.5079264640808105,0.38934302376638685,0.5639347713925191,False
ising,mixed,4,0,0.001,KL descent,1048,1049,1.5089211463928223,0.3893439706860729,0.5639356293231488,False
ising,mixed,4,0,0.001,KL descent,1049,1050,1.5099220275878906,0.389344975357932,0.5639360636455379,False
ising,mixed,4,0,0.001,KL descent,1050,1051,1.510923147201538,0.38934590004489045,0.5639369030422654,False
ising,mixed,4,0,0.001,KL descent,1051,1052,1.5124335289001465,0.3893468821680864,0.5639373210748664,False
ising,mixed,4,0,0.001,KL descent,1052,1053,1.5134499073028564,0.3893477850543233,0.5639381422923577,False
ising,mixed,4,0,0.001,KL descent,1053,1054,1.514449119567871,0.3893487450668043,0.5639385443577335,False
ising,mixed,4,0,0.001,KL descent,1054,1055,1.5154590606689453,0.38934962657787153,0.5639393477451469,False
ising,mixed,4,0,0.001,KL descent,1055,1056,1.5164594650268555,0.38935056490901787,0.5639397341595858,False
ising,mixed,4,0,0.001,KL descent,1056,1057,1.5174615383148193,0.3893514254606943,0.5639405200583305,False
ising,mixed,4,0,0.001,KL descent,1057,1058,1.5184595584869385,0.389352342530652,0.5639408911313933,False
ising,mixed,4,0,0.001,KL descent,1058,1059,1.5194590091705322,0.38935318253182444,0.5639416598771099,False
ising,mixed,4,0,0.001,KL descent,1059,1060,1.5204763412475586,0.38935407875438816,0.5639420159136076,False
ising,mixed,4,0,0.001,KL descent,1060,1061,1.521463394165039,0.38935489860588707,0.5639427678353948,False
ising,mixed,4,0,0.001,KL descent,1061,1062,1.5229721069335938,0.38935577438538405,0.5639431091332707,False
ising,mixed,4,0,0.001,KL descent,1062,1063,1.523984670639038,0.38935657447876487,0.5639438445528717,False
ising,mixed,4,0,0.001,KL descent,1063,1064,1.5249948501586914,0.3893574302119498,0.5639441714044937,False
ising,mixed,4,0,0.001,KL descent,1064,1065,1.526041030883789,0.38935821093307676,0.5639448906387607,False
ising,mixed,4,0,0.001,KL descent,1065,1066,1.527048110961914,0.3893590470095193,0.563945203331198,False
ising,mixed,4,0,0.001,KL descent,1066,1067,1.5280416011810303,0.3893598087362011,0.5639459066904967,False
ising,mixed,4,0,0.001,KL descent,1067,1068,1.5290381908416748,0.3893606255381376,0.5639462055054225,False
ising,mixed,4,0,0.001,KL descent,1068,1069,1.530043601989746,0.3893613686406694,0.5639468932940208,False
ising,mixed,4,0,0.001,KL descent,1069,1070,1.5310499668121338,0.38936216654212363,0.5639471785071197,False
ising,mixed,4,0,0.001,KL descent,1070,1071,1.532602071762085,0.38936289138464275,0.5639478510241234,False
ising,mixed,4,0,0.001,KL descent,1071,1072,1.5336620807647705,0.38936367075327116,0.5639481229063622,False
ising,mixed,4,0,0.001,KL descent,1072,1073,1.5346598625183105,0.3893643776903343,0.5639487804434099,False
ising,mixed,4,0,0.001,KL descent,1073,1074,1.5356619358062744,0.3893651388855737,0.5639490392597641,False
ising,mixed,4,0,0.001,KL descent,1074,1075,1.536665678024292,0.38936582826871435,0.5639496821055011,False
ising,mixed,4,0,0.001,KL descent,1075,1076,1.5376648902893066,0.38936657164479305,0.5639499281170386,False
ising,mixed,4,0,0.001,KL descent,1076,1077,1.5386769771575928,0.3893672438152857,0.5639505565522123,False
ising,mixed,4,0,0.001,KL descent,1077,1078,1.5406227111816406,0.38936796971711457,0.5639507900132747,False
ising,mixed,4,0,0.001,KL descent,1078,1079,1.541614055633545,0.38936862501022984,0.5639514043136493,False
ising,mixed,4,0,0.001,KL descent,1079,1080,1.542614459991455,0.38936933377841204,0.563951625475283,False
ising,mixed,4,0,0.001,KL descent,1080,1081,1.5431222915649414,0.38936997252526107,0.5639522259129053,False
ising,mixed,4,0,0.001,KL descent,1081,1082,1.5441341400146484,0.3893706644930608,0.5639524350208083,False
ising,mixed,4,0,0.001,KL descent,1082,1083,1.546142816543579,0.38937128701608925,0.5639530218609593,False
ising,mixed,4,0,0.001,KL descent,1083,1084,1.5471439361572266,0.3893719625097076,0.5639532191556615,False
ising,mixed,4,0,0.001,KL descent,1084,1085,1.5481452941894531,0.38937256912680374,0.5639537926596719,False
ising,mixed,4,0,0.001,KL descent,1085,1086,1.549142837524414,0.38937322846760825,0.5639539783780712,False
ising,mixed,4,0,0.001,KL descent,1086,1087,1.5501422882080078,0.3893738194882293,0.5639545388006963,False
ising,mixed,4,0,0.001,KL descent,1087,1088,1.551145315170288,0.3893744629888271,0.5639547131733824,False
ising,mixed,4,0,0.001,KL descent,1088,1089,1.551145315170288,0.3893750387182057,0.5639552607656788,False
ising,mixed,4,0,0.001,KL descent,1089,1090,1.5527167320251465,0.3893756666873792,0.5639554240203052,False
ising,mixed,4,0,0.001,KL descent,1090,1091,1.5537800788879395,0.3893762274238666,0.5639559590278456,False
ising,mixed,4,0,0.001,KL descent,1091,1092,1.5562405586242676,0.38937684016379914,0.5639561113872382,False
ising,mixed,4,0,0.001,KL descent,1092,1093,1.5582518577575684,0.3893773862012464,0.5639566340517348,False
ising,mixed,4,0,0.001,KL descent,1093,1094,1.560253620147705,0.3893779840084957,0.5639567757345737,False
ising,mixed,4,0,0.001,KL descent,1094,1095,1.5612525939941406,0.38937851563478887,0.5639572862929043,False
ising,mixed,4,0,0.001,KL descent,1095,1096,1.5637784004211426,0.38937909880043164,0.5639574175138177,False
ising,mixed,4,0,0.001,KL descent,1096,1097,1.5657868385314941,0.38937961629661927,0.5639579161974451,False
ising,mixed,4,0,0.001,KL descent,1097,1098,1.5677855014801025,0.38938018510440014,0.5639580371657537,False
ising,mixed,4,0,0.001,KL descent,1098,1099,1.5697853565216064,0.3893806887469552,0.5639585242022774,False
ising,mixed,4,0,0.001,KL descent,1099,1100,1.5723109245300293,0.38938124347708924,0.5639586351245948,False
ising,mixed,4,0,0.001,KL descent,1100,1101,1.5743186473846436,0.3893817335374242,0.5639591107374337,False
ising,mixed,4,0,0.001,KL descent,1101,1102,1.5763354301452637,0.3893822744634724,0.5639592118155411,False
ising,mixed,4,0,0.001,KL descent,1102,1103,1.5783352851867676,0.3893827512068577,0.5639596762232155,False
ising,mixed,4,0,0.001,KL descent,1103,1104,1.580345630645752,0.38938327859797056,0.5639597676555925,False
ising,mixed,4,0,0.001,KL descent,1104,1105,1.5823359489440918,0.3893837422858734,0.5639602210733221,False
ising,mixed,4,0,0.001,KL descent,1105,1106,1.583890676498413,0.38938425640564245,0.5639603030543784,False
ising,mixed,4,0,0.001,KL descent,1106,1107,1.585874319076538,0.38938470729348873,0.5639607456925728,False
ising,mixed,4,0,0.001,KL descent,1107,1108,1.5878839492797852,0.3893852084010407,0.5639608184133851,False
ising,mixed,4,0,0.001,KL descent,1108,1109,1.5898773670196533,0.3893856467400354,0.5639612504789098,False
ising,mixed,4,0,0.001,KL descent,1109,1110,1.5923919677734375,0.3893861350878945,0.5639613141257831,False
ising,mixed,4,0,0.001,KL descent,1110,1111,1.5944244861602783,0.3893865611231608,0.5639617358206831,False
ising,mixed,4,0,0.001,KL descent,1111,1112,1.5964183807373047,0.3893870369603367,0.5639617905772509,False
ising,mixed,4,0,0.001,KL descent,1112,1113,1.5984184741973877,0.3893874509326344,0.5639622020999517,False
ising,mixed,4,0,0.001,KL descent,1113,1114,1.6004209518432617,0.3893879145020318,0.5639622481454181,False
ising,mixed,4,0,0.001,KL descent,1114,1115,1.6024203300476074,0.3893883166480226,0.5639626496909061,False
ising,mixed,4,0,0.001,KL descent,1115,1116,1.6042957305908203,0.38938876818960766,0.5639626872022141,False
ising,mixed,4,0,0.001,KL descent,1116,1117,1.6063117980957031,0.38938915874236085,0.5639630789623938,False
ising,mixed,4,0,0.001,KL descent,1117,1118,1.6083102226257324,0.38938959849193766,0.5639631081133822,False
ising,mixed,4,0,0.001,KL descent,1118,1119,1.610306739807129,0.38938997767810624,0.5639634902751821,False
ising,mixed,4,0,0.001,KL descent,1119,1120,1.6128270626068115,0.3893904058628761,0.5639635112335828,False
ising,mixed,4,0,0.001,KL descent,1120,1121,1.6148309707641602,0.38939077390506843,0.5639638839805525,False
ising,mixed,4,0,0.001,KL descent,1121,1122,1.6158301830291748,0.38939119075203527,0.5639638969137097,False
ising,mixed,4,0,0.001,KL descent,1122,1123,1.6178297996520996,0.38939154786941427,0.5639642604264631,False
ising,mixed,4,0,0.001,KL descent,1123,1124,1.620833396911621,0.3893919535995035,0.5639642654973283,False
ising,mixed,4,0,0.001,KL descent,1124,1125,1.622342586517334,0.38939230000618263,0.5639646199524577,False
ising,mixed,4,0,0.001,KL descent,1125,1126,1.6244068145751953,0.3893926948363675,0.56396461732105,False
ising,mixed,4,0,0.001,KL descent,1126,1127,1.626471996307373,0.38939303074309656,0.5639649628922764,False
ising,mixed,4,0,0.001,KL descent,1127,1128,1.6284818649291992,0.3893934148856641,0.5639649527151911,False
ising,mixed,4,0,0.001,KL descent,1128,1129,1.630481481552124,0.3893937404987621,0.5639652895726492,False
ising,mixed,4,0,0.001,KL descent,1129,1130,1.6324732303619385,0.3893941141627868,0.5639652720040518,False
ising,mixed,4,0,0.001,KL descent,1130,1131,1.634166955947876,0.3893944296835382,0.5639656003139043,False
ising,mixed,4,0,0.001,KL descent,1131,1132,1.6362390518188477,0.38939479307305486,0.5639655755043006,False
ising,mixed,4,0,0.001,KL descent,1132,1133,1.6381754875183105,0.3893950987005975,0.5639658954306996,False
ising,mixed,4,0,0.001,KL descent,1133,1134,1.6402409076690674,0.3893954520162268,0.5639658635280467,False
ising,mixed,4,0,0.001,KL descent,1134,1135,1.6428263187408447,0.38939574794537574,0.563966175231659,False
ising,mixed,4,0,0.001,KL descent,1135,1136,1.6449224948883057,0.3893960913847102,0.5639661363816271,False
ising,mixed,4,0,0.001,KL descent,1136,1137,1.6469383239746094,0.3893963778058898,0.56396644001962,False
ising,mixed,4,0,0.001,KL descent,1137,1138,1.6489324569702148,0.38939671156064776,0.5639663943636611,False
ising,mixed,4,0,0.001,KL descent,1138,1139,1.6509289741516113,0.38939698866012057,0.5639666900898431,False
ising,mixed,4,0,0.001,KL descent,1139,1140,1.6525332927703857,0.38939731291936497,0.5639666377673863,False
ising,mixed,4,0,0.001,KL descent,1140,1141,1.6546366214752197,0.3893975808818267,0.5639669257339945,False
ising,mixed,4,0,0.001,KL descent,1141,1142,1.6565766334533691,0.389397895832146,0.5639668668825762,False
ising,mixed,4,0,0.001,KL descent,1142,1143,1.658602237701416,0.3893981548364328,0.5639671472373687,False
ising,mixed,4,0,0.001,KL descent,1143,1144,1.6605961322784424,0.38939846065841743,0.5639670819902324,False
ising,mixed,4,0,0.001,KL descent,1144,1145,1.6631643772125244,0.3893987108814463,0.5639673548791668,False
ising,mixed,4,0,0.001,KL descent,1145,1146,1.664217472076416,0.38939900775492864,0.563967283368838,False
ising,mixed,4,0,0.001,KL descent,1146,1147,1.6661832332611084,0.38939924936982173,0.5639675489348168,False
ising,mixed,4,0,0.001,KL descent,1147,1148,1.6681830883026123,0.3893995374693267,0.5639674712900018,False
ising,mixed,4,0,0.001,KL descent,1148,1149,1.670180082321167,0.38939977064602577,0.5639677296732951,False
ising,mixed,4,0,0.001,KL descent,1149,1150,1.6726915836334229,0.3894000501427132,0.5639676460202212,False
ising,mixed,4,0,0.001,KL descent,1150,1151,1.67470383644104,0.38940027504673325,0.5639678973576169,False
ising,mixed,4,0,0.001,KL descent,1151,1152,1.676715612411499,0.38940054610846786,0.5639678078200756,False
ising,mixed,4,0,0.001,KL descent,1152,1153,1.6787171363830566,0.38940076290291803,0.5639680522462799,False
ising,mixed,4,0,0.001,KL descent,1153,1154,1.6808443069458008,0.3894010256953039,0.563967956946329,False
ising,mixed,4,0,0.001,KL descent,1154,1155,1.6824829578399658,0.389401234540095,0.5639681945934242,False
ising,mixed,4,0,0.001,KL descent,1155,1156,1.6846189498901367,0.3894014892249927,0.5639680936503896,False
ising,mixed,4,0,0.001,KL descent,1156,1157,1.6866142749786377,0.3894016902787436,0.5639683246491463,False
ising,mixed,4,0,0.001,KL descent,1157,1158,1.6884965896606445,0.38940193701499215,0.5639682181801168,False
ising,mixed,4,0,0.001,KL descent,1158,1159,1.690556526184082,0.3894021304294946,0.5639684426562306,False
ising,mixed,4,0,0.001,KL descent,1159,1160,1.6926136016845703,0.389402369371993,0.5639683307754324,False
ising,mixed,4,0,0.001,KL descent,1160,1161,1.694265604019165,0.3894025552989753,0.5639685488541354,False
ising,mixed,4,0,0.001,KL descent,1161,1162,1.6963176727294922,0.3894027866011294,0.5639684316746045,False
ising,mixed,4,0,0.001,KL descent,1162,1163,1.698310375213623,0.3894029651894113,0.5639686434787401,False
ising,mixed,4,0,0.001,KL descent,1163,1164,1.7003123760223389,0.3894031890005113,0.5639685211105376,False
ising,mixed,4,0,0.001,KL descent,1164,1165,1.7028710842132568,0.3894033603934904,0.5639687267588549,False
ising,mixed,4,0,0.001,KL descent,1165,1166,1.704871654510498,0.3894035768597943,0.5639685993098065,False
ising,mixed,4,0,0.001,KL descent,1166,1167,1.706949234008789,0.38940374120025734,0.5639687989202435,False
ising,mixed,4,0,0.001,KL descent,1167,1168,1.7089312076568604,0.38940395046636855,0.563968666496886,False
ising,mixed,4,0,0.001,KL descent,1168,1169,1.7109150886535645,0.3894041078944298,0.5639688601851716,False
ising,mixed,4,0,0.001,KL descent,1169,1170,1.7135305404663086,0.38940431010182425,0.5639687228917428,False
ising,mixed,4,0,0.001,KL descent,1170,1171,1.714536190032959,0.3894044607539266,0.563968910770733,False
ising,mixed,4,0,0.001,KL descent,1171,1172,1.7155532836914062,0.38940465603976715,0.5639687687083841,False
ising,mixed,4,0,0.001,KL descent,1172,1173,1.7165355682373047,0.3894048000502892,0.5639689508891454,False
ising,mixed,4,0,0.001,KL descent,1173,1174,1.718489646911621,0.38940498855136474,0.5639688041586121,False
ising,mixed,4,0,0.001,KL descent,1174,1175,1.7195327281951904,0.389405126051244,0.5639689807495083,False
ising,mixed,4,0,0.001,KL descent,1175,1176,1.720538854598999,0.38940530789976485,0.5639688294482541,False
ising,mixed,4,0,0.001,KL descent,1176,1177,1.7214853763580322,0.38940543901890234,0.5639690005565834,False
ising,mixed,4,0,0.001,KL descent,1177,1178,1.7240471839904785,0.38940561434649923,0.563968844781525,False
ising,mixed,4,0,0.001,KL descent,1178,1179,1.7260537147521973,0.3894057392113633,0.5639690105118974,False
ising,mixed,4,0,0.001,KL descent,1179,1180,1.729048490524292,0.3894059081456516,0.5639688503570742,False
ising,mixed,4,0,0.001,KL descent,1180,1181,1.7310540676116943,0.3894060268800667,0.563969010811948,False
ising,mixed,4,0,0.001,KL descent,1181,1182,1.7326254844665527,0.38940618954588885,0.5639688463693658,False
ising,mixed,4,0,0.001,KL descent,1182,1183,1.734689712524414,0.3894063022710503,0.563969001649076,False
ising,mixed,4,0,0.001,KL descent,1183,1184,1.736645221710205,0.38940645879201174,0.5639688330097525,False
ising,mixed,4,0,0.001,KL descent,1184,1185,1.7386467456817627,0.38940656562745113,0.5639689832131647,False
ising,mixed,4,0,0.001,KL descent,1185,1186,1.741701364517212,0.38940671612437033,0.5639688104660769,False
ising,mixed,4,0,0.001,KL descent,1186,1187,1.743152141571045,0.38940681718752423,0.5639689556903094,False
ising,mixed,4,0,0.001,KL descent,1187,1188,1.7441661357879639,0.3894069617791791,0.5639687789229118,False
ising,mixed,4,0,0.001,KL descent,1188,1189,1.7461771965026855,0.389407057185135,0.5639689192631584,False
ising,mixed,4,0,0.001,KL descent,1189,1190,1.7471835613250732,0.389407195986532,0.5639687385602066,False
ising,mixed,4,0,0.001,KL descent,1190,1191,1.7481794357299805,0.3894072858470049,0.563968874109045,False
ising,mixed,4,0,0.001,KL descent,1191,1192,1.7491776943206787,0.3894074189729957,0.5639686895550557,False
ising,mixed,4,0,0.001,KL descent,1192,1193,1.750178337097168,0.38940750339828456,0.5639688204038014,False
ising,mixed,4,0,0.001,KL descent,1193,1194,1.7511751651763916,0.38940763095944386,0.5639686320802442,False
ising,mixed,4,0,0.001,KL descent,1194,1195,1.752685785293579,0.3894077100586681,0.5639687583190975,False
ising,mixed,4,0,0.001,KL descent,1195,1196,1.7537028789520264,0.38940783216607733,0.5639685663076643,False
ising,mixed,4,0,0.001,KL descent,1196,1197,1.754697322845459,0.38940790604432507,0.563968688023794,False
ising,mixed,4,0,0.001,KL descent,1197,1198,1.7572438716888428,0.3894080228038924,0.5639684924025262,False
ising,mixed,4,0,0.001,KL descent,1198,1199,1.7585453987121582,0.38940809156618017,0.5639686096827536,False
ising,mixed,4,0,0.001,KL descent,1199,1200,1.759606122970581,0.38940820308466634,0.563968410530153,False
ising,mixed,4,0,0.001,KL descent,1200,1201,1.760603904724121,0.38940826683224206,0.5639685234584515,False
ising,mixed,4,0,0.001,KL descent,1201,1202,1.7625634670257568,0.38940837321043736,0.5639683208488354,False
ising,mixed,4,0,0.001,KL descent,1202,1203,1.76363205909729,0.3894084320432653,0.5639684295080172,False
ising,mixed,4,0,0.001,KL descent,1203,1204,1.764685869216919,0.3894085333847713,0.5639682235174968,False
ising,mixed,4,0,0.001,KL descent,1204,1205,1.765683889389038,0.38940858740223755,0.5639683279897123,False
ising,mixed,4,0,0.001,KL descent,1205,1206,1.766686201095581,0.3894086838061013,0.563968118691186,False
ising,mixed,4,0,0.001,KL descent,1206,1207,1.7686679363250732,0.3894087331032843,0.563968219055382,False
ising,mixed,4,0,0.001,KL descent,1207,1208,1.7696716785430908,0.3894088246659244,0.5639680065198373,False
ising,mixed,4,0,0.001,KL descent,1208,1209,1.770683765411377,0.38940886933697755,0.563968102854066,False
ising,mixed,4,0,0.001,KL descent,1209,1210,1.7716374397277832,0.38940895615384685,0.5639678871517294,False
ising,mixed,4,0,0.001,KL descent,1210,1211,1.773648738861084,0.3894089962922012,0.5639679795332853,False
ising,mixed,4,0,0.001,KL descent,1211,1212,1.7747814655303955,0.3894090784578203,0.5639677607336366,False
ising,mixed,4,0,0.001,KL descent,1212,1213,1.7757856845855713,0.3894091141542926,0.5639678492377864,False
ising,mixed,4,0,0.001,KL descent,1213,1214,1.7767817974090576,0.38940919176020006,0.5639676274081669,False
ising,mixed,4,0,0.001,KL descent,1214,1215,1.778782844543457,0.38940922310292836,0.5639677121081018,False
ising,mixed,4,0,0.001,KL descent,1215,1216,1.7797811031341553,0.3894092962395821,0.563967487315012,False
ising,mixed,4,0,0.001,KL descent,1216,1217,1.780782699584961,0.3894093233162956,0.5639675682834004,False
ising,mixed,4,0,0.001,KL descent,1217,1218,1.7817845344543457,0.38940939207050707,0.5639673405907546,False
ising,mixed,4,0,0.001,KL descent,1218,1219,1.7832961082458496,0.3894094149667778,0.5639674178985501,False
ising,mixed,4,0,0.001,KL descent,1219,1220,1.7843072414398193,0.38940947942703225,0.5639671873713039,False
ising,mixed,4,0,0.001,KL descent,1220,1221,1.785318374633789,0.3894094982265175,0.5639672610879274,False
ising,mixed,4,0,0.001,KL descent,1221,1222,1.7873179912567139,0.38940955847596653,0.5639670277873001,False
ising,mixed,4,0,0.001,KL descent,1222,1223,1.7893173694610596,0.3894095732612648,0.563967097981217,False
ising,mixed,4,0,0.001,KL descent,1223,1224,1.791318655014038,0.3894096293849245,0.5639668619696043,False
ising,mixed,4,0,0.001,KL descent,1224,1225,1.793839454650879,0.3894096402366855,0.5639669287077256,False
ising,mixed,4,0,0.001,KL descent,1225,1226,1.794839859008789,0.389409692315425,0.5639666900446045,False
ising,mixed,4,0,0.001,KL descent,1226,1227,1.7958505153656006,0.3894096993129912,0.5639667533927263,False
ising,mixed,4,0,0.001,KL descent,1227,1228,1.7968568801879883,0.38940974742639856,0.5639665121366072,False
ising,mixed,4,0,0.001,KL descent,1228,1229,1.7978572845458984,0.3894097506462186,0.5639665721583416,False
ising,mixed,4,0,0.001,KL descent,1229,1230,1.7988526821136475,0.389409794873711,0.5639663283675209,False
ising,mixed,4,0,0.001,KL descent,1230,1231,1.799851894378662,0.3894097943936603,0.5639663851272357,False
ising,mixed,4,0,0.001,KL descent,1231,1232,1.8008525371551514,0.38940983481188074,0.5639661388580386,False
ising,mixed,4,0,0.001,KL descent,1232,1233,1.8023672103881836,0.38940983070527013,0.56396619241678,False
ising,mixed,4,0,0.001,KL descent,1233,1234,1.8033838272094727,0.3894098673904244,0.5639659437251439,False
ising,mixed,4,0,0.001,KL descent,1234,1235,1.8064017295837402,0.38940985973119696,0.5639659941441825,False
ising,mixed,4,0,0.001,KL descent,1235,1236,1.8083975315093994,0.38940989275544535,0.5639657430832028,False
ising,mixed,4,0,0.001,KL descent,1236,1237,1.8094162940979004,0.38940988161368584,0.563965790420984,False
ising,mixed,4,0,0.001,KL descent,1237,1238,1.811396598815918,0.3894099110508794,0.56396553704482,False
ising,mixed,4,0,0.001,KL descent,1238,1239,1.812448501586914,0.38940989649967994,0.56396558136163,False
ising,mixed,4,0,0.001,KL descent,1239,1240,1.8135836124420166,0.38940992242307637,0.5639653257239546,False
ising,mixed,4,0,0.001,KL descent,1240,1241,1.8146421909332275,0.3894099045301157,0.5639653670762121,False
ising,mixed,4,0,0.001,KL descent,1241,1242,1.815641164779663,0.38940992700648164,0.5639651092262004,False
ising,mixed,4,0,0.001,KL descent,1242,1243,1.816627025604248,0.3894099058380571,0.5639651476691809,False
ising,mixed,4,0,0.001,KL descent,1243,1244,1.8176288604736328,0.3894099249361589,0.5639648876572857,False
ising,mixed,4,0,0.001,KL descent,1244,1245,1.8195850849151611,0.38940990056110925,0.5639649232478063,False
ising,mixed,4,0,0.001,KL descent,1245,1246,1.8206145763397217,0.38940991635067757,0.563964661125059,False
ising,mixed,4,0,0.001,KL descent,1246,1247,1.8225834369659424,0.3894098888320118,0.5639646939157958,False
ising,mixed,4,0,0.001,KL descent,1247,1248,1.8241803646087646,0.38940990137601106,0.563964429728542,False
ising,mixed,4,0,0.001,KL descent,1248,1249,1.8251721858978271,0.3894098707789211,0.563964459773467,False
ising,mixed,4,0,0.001,KL descent,1249,1250,1.8261709213256836,0.38940988014408795,0.5639641935705455,False
ising,mixed,4,0,0.001,KL descent,1250,1251,1.8271842002868652,0.3894098465299225,0.5639642209208435,False
ising,mixed,4,0,0.001,KL descent,1251,1252,1.8281865119934082,0.389409852778112,0.5639639527476941,False
ising,mixed,4,0,0.001,KL descent,1252,1253,1.8291420936584473,0.38940981620939114,0.5639639774551651,False
ising,mixed,4,0,0.001,KL descent,1253,1254,1.8301434516906738,0.38940981940336783,0.5639637073577831,False
ising,mixed,4,0,0.001,KL descent,1254,1255,1.8311424255371094,0.38940977993959397,0.5639637294720058,False
ising,mixed,4,0,0.001,KL descent,1255,1256,1.832681655883789,0.3894097801410722,0.5639634574955867,False
ising,mixed,4,0,0.001,KL descent,1256,1257,1.8337345123291016,0.38940973784183475,0.5639634770660367,False
ising,mixed,4,0,0.001,KL descent,1257,1258,1.8346936702728271,0.3894097351092683,0.5639632032534948,False
ising,mixed,4,0,0.001,KL descent,1258,1259,1.8367483615875244,0.38940969003137527,0.5639632203275841,False
ising,mixed,4,0,0.001,KL descent,1259,1260,1.8387043476104736,0.3894096844237443,0.5639629447221195,False
ising,mixed,4,0,0.001,KL descent,1260,1261,1.8397057056427002,0.3894096366243579,0.5639629593473452,False
ising,mixed,4,0,0.001,KL descent,1261,1262,1.841703176498413,0.38940962819887637,0.5639626819908866,False
ising,mixed,4,0,0.001,KL descent,1262,1263,1.8427038192749023,0.38940957773387597,0.5639626942137101,False
ising,mixed,4,0,0.001,KL descent,1263,1264,1.8442292213439941,0.38940956654774045,0.5639624151481142,False
ising,mixed,4,0,0.001,KL descent,1264,1265,1.845238208770752,0.38940951347233643,0.5639624250143891,False
ising,mixed,4,0,0.001,KL descent,1265,1266,1.8462369441986084,0.3894094995809556,0.5639621442802252,False
ising,mixed,4,0,0.001,KL descent,1266,1267,1.847236156463623,0.38940944394786137,0.5639621518339524,False
ising,mixed,4,0,0.001,KL descent,1267,1268,1.8482468128204346,0.38940942740406675,0.5639618694699734,False
ising,mixed,4,0,0.001,KL descent,1268,1269,1.849238395690918,0.3894093692650986,0.5639618747543944,False
ising,mixed,4,0,0.001,KL descent,1269,1270,1.8512370586395264,0.3894093501226866,0.5639615907999499,False
ising,mixed,4,0,0.001,KL descent,1270,1271,1.8512370586395264,0.38940928952988674,0.5639615938583136,False
ising,mixed,4,0,0.001,KL descent,1271,1272,1.8537590503692627,0.3894092678411704,0.563961308351675,False
ising,mixed,4,0,0.001,KL descent,1272,1273,1.855236291885376,0.3894092048459822,0.5639613092266815,False
ising,mixed,4,0,0.001,KL descent,1273,1274,1.8562486171722412,0.38940918066225183,0.5639610222053724,False
ising,mixed,4,0,0.001,KL descent,1274,1275,1.857248067855835,0.3894091153125854,0.5639610209371717,False
ising,mixed,4,0,0.001,KL descent,1275,1276,1.8582522869110107,0.38940908868273555,0.5639607324370216,False
ising,mixed,4,0,0.001,KL descent,1276,1277,1.8592493534088135,0.3894090210271919,0.5639607290660971,False
ising,mixed,4,0,0.001,KL descent,1277,1278,1.8612544536590576,0.3894089920016879,0.5639604391239468,False
ising,mixed,4,0,0.001,KL descent,1278,1279,1.8612544536590576,0.3894089220889188,0.5639604336906856,False
ising,mixed,4,0,0.001,KL descent,1279,1280,1.862767219543457,0.38940889071594326,0.563960142341764,False
ising,mixed,4,0,0.001,KL descent,1280,1281,1.8647820949554443,0.3894088185928271,0.5639601348852079,False
ising,mixed,4,0,0.001,KL descent,1281,1282,1.8657829761505127,0.38940878491923014,0.5639598421637851,False
ising,mixed,4,0,0.001,KL descent,1282,1283,1.866783857345581,0.3894087106293923,0.5639598327206361,False
ising,mixed,4,0,0.001,KL descent,1283,1284,1.868783712387085,0.38940867470049134,0.5639595386598822,False
ising,mixed,4,0,0.001,KL descent,1284,1285,1.8707916736602783,0.3894085982904579,0.5639595272686806,False
ising,mixed,4,0,0.001,KL descent,1285,1286,1.8737132549285889,0.3894085601532737,0.563959231902875,False
ising,mixed,4,0,0.001,KL descent,1286,1287,1.8747456073760986,0.38940848166688435,0.5639592186002136,False
ising,mixed,4,0,0.001,KL descent,1287,1288,1.875737190246582,0.38940844136571706,0.5639589219617254,False
ising,mixed,4,0,0.001,KL descent,1288,1289,1.876725673675537,0.3894083608458396,0.5639589067834148,False
ising,mixed,4,0,0.001,KL descent,1289,1290,1.8777105808258057,0.38940831842387114,0.5639586089038036,False
ising,mixed,4,0,0.001,KL descent,1290,1291,1.8787248134613037,0.3894082359131533,0.5639585918853779,False
ising,mixed,4,0,0.001,KL descent,1291,1292,1.8797242641448975,0.3894081914135064,0.5639582927961124,False
ising,mixed,4,0,0.001,KL descent,1292,1293,1.8817238807678223,0.3894081069528561,0.5639582739718055,False
ising,mixed,4,0,0.001,KL descent,1293,1294,1.8827235698699951,0.38940806041733933,0.5639579737034135,False
ising,mixed,4,0,0.001,KL descent,1294,1295,1.8832757472991943,0.3894079740465365,0.5639579531065801,False
ising,mixed,4,0,0.001,KL descent,1295,1296,1.8843142986297607,0.3894079255157964,0.5639576516887388,False
ising,mixed,4,0,0.001,KL descent,1296,1297,1.8853058815002441,0.3894078372768656,0.5639576293541365,False
ising,mixed,4,0,0.001,KL descent,1297,1298,1.8872935771942139,0.3894077867931979,0.5639573268176155,False
ising,mixed,4,0,0.001,KL descent,1298,1299,1.8882811069488525,0.3894076967241926,0.5639573027771954,False
ising,mixed,4,0,0.001,KL descent,1299,1300,1.8892810344696045,0.38940764432558206,0.5639569991497695,False
ising,mixed,4,0,0.001,KL descent,1300,1301,1.8902816772460938,0.38940755246463404,0.5639569734354285,False
ising,mixed,4,0,0.001,KL descent,1301,1302,1.8912806510925293,0.3894074981905694,0.5639566687458553,False
ising,mixed,4,0,0.001,KL descent,1302,1303,1.8927900791168213,0.3894074045754021,0.5639566413890977,False
ising,mixed,4,0,0.001,KL descent,1303,1304,1.8938634395599365,0.389407348463643,0.5639563356649139,False
ising,mixed,4,0,0.001,KL descent,1304,1305,1.8948590755462646,0.3894072531315505,0.5639563066968507,False
ising,mixed,4,0,0.001,KL descent,1305,1306,1.895892858505249,0.3894071952200603,0.5639559999656857,False
ising,mixed,4,0,0.001,KL descent,1306,1307,1.8968899250030518,0.3894070982067392,0.5639559694162362,False
ising,mixed,4,0,0.001,KL descent,1307,1308,1.8978948593139648,0.38940703853146286,0.5639556617043058,False
ising,mixed,4,0,0.001,KL descent,1308,1309,1.898803949356079,0.38940693987132563,0.5639556296024141,False
ising,mixed,4,0,0.001,KL descent,1309,1310,1.8998427391052246,0.38940687846813915,0.5639553209358376,False
ising,mixed,4,0,0.001,KL descent,1310,1311,1.9008471965789795,0.38940677819795,0.5639552873119472,False
ising,mixed,4,0,0.001,KL descent,1311,1312,1.9024569988250732,0.38940671510279545,0.5639549777168569,False
ising,mixed,4,0,0.001,KL descent,1312,1313,1.903517723083496,0.38940661325596954,0.5639549425990338,False
ising,mixed,4,0,0.001,KL descent,1313,1314,1.904531478881836,0.38940654850373285,0.5639546321007975,False
ising,mixed,4,0,0.001,KL descent,1314,1315,1.9054760932922363,0.3894064451131782,0.5639545955166718,False
ising,mixed,4,0,0.001,KL descent,1315,1316,1.9094724655151367,0.3894063787365799,0.5639542841391421,False
ising,mixed,4,0,0.001,KL descent,1316,1317,1.9124712944030762,0.38940627383520876,0.5639542461162479,False
ising,mixed,4,0,0.001,KL descent,1317,1318,1.913992166519165,0.38940620586836805,0.5639539338841932,False
ising,mixed,4,0,0.001,KL descent,1318,1319,1.915004014968872,0.38940609948882055,0.5639538944497908,False
ising,mixed,4,0,0.001,KL descent,1319,1320,1.9160056114196777,0.3894060299636125,0.563953581386412,False
ising,mixed,4,0,0.001,KL descent,1320,1321,1.917003870010376,0.3894059221364986,0.563953540566285,False
ising,mixed,4,0,0.001,KL descent,1321,1322,1.917999029159546,0.3894058510847706,0.5639532266947296,False
ising,mixed,4,0,0.001,KL descent,1322,1323,1.9190001487731934,0.38940574184156407,0.5639531845151603,False
ising,mixed,4,0,0.001,KL descent,1323,1324,1.9200050830841064,0.3894056692955941,0.5639528698588296,False
ising,mixed,4,0,0.001,KL descent,1324,1325,1.921004295349121,0.3894055586667641,0.5639528263453348,False
ising,mixed,4,0,0.001,KL descent,1325,1326,1.9225170612335205,0.3894054846570918,0.5639525109264122,False
ising,mixed,4,0,0.001,KL descent,1326,1327,1.9235293865203857,0.3894053726726665,0.5639524661041216,False
ising,mixed,4,0,0.001,KL descent,1327,1328,1.9245274066925049,0.38940529722954664,0.563952149944557,False
ising,mixed,4,0,0.001,KL descent,1328,1329,1.9255359172821045,0.3894051839176074,0.5639521038371913,False
ising,mixed,4,0,0.001,KL descent,1329,1330,1.9265356063842773,0.38940510706914155,0.5639517869574395,False
ising,mixed,4,0,0.001,KL descent,1330,1331,1.9275364875793457,0.3894049924577497,0.5639517395886248,False
ising,mixed,4,0,0.001,KL descent,1331,1332,1.9295411109924316,0.38940491423412116,0.5639514220105204,False
ising,mixed,4,0,0.001,KL descent,1332,1333,1.9315381050109863,0.38940479835337616,0.5639513734051813,False
ising,mixed,4,0,0.001,KL descent,1333,1334,1.9340593814849854,0.3894047187838496,0.5639510551499048,False
ising,mixed,4,0,0.001,KL descent,1334,1335,1.9350688457489014,0.389404601660566,0.5639510053306603,False
ising,mixed,4,0,0.001,KL descent,1335,1336,1.9370701313018799,0.3894045207715983,0.5639506864174444,False
ising,mixed,4,0,0.001,KL descent,1336,1337,1.9401259422302246,0.3894044024316046,0.5639506354061641,False
ising,mixed,4,0,0.001,KL descent,1337,1338,1.9411263465881348,0.3894043202509061,0.5639503158550618,False
ising,mixed,4,0,0.001,KL descent,1338,1339,1.9437599182128906,0.38940420072158527,0.5639502636745901,False
ising,mixed,4,0,0.001,KL descent,1339,1340,1.9452259540557861,0.3894041172756667,0.563949943504812,False
ising,mixed,4,0,0.001,KL descent,1340,1341,1.9472475051879883,0.38940399658195257,0.5639498901762616,False
ising,mixed,4,0,0.001,KL descent,1341,1342,1.9492480754852295,0.38940391189787626,0.5639495694073542,False
ising,mixed,4,0,0.001,KL descent,1342,1343,1.9512457847595215,0.38940379006588455,0.5639495149525626,False
ising,mixed,4,0,0.001,KL descent,1343,1344,1.9537880420684814,0.389403704168638,0.5639491936026371,False
ising,mixed,4,0,0.001,KL descent,1344,1345,1.955867052078247,0.3894035812241122,0.5639491380431171,False
ising,mixed,4,0,0.001,KL descent,1345,1346,1.9578514099121094,0.38940349413990927,0.5639488161310894,False
ising,mixed,4,0,0.001,KL descent,1346,1347,1.9598538875579834,0.38940337010529674,0.563948759486042,False
ising,mixed,4,0,0.001,KL descent,1347,1348,1.9608430862426758,0.38940328185773765,0.5639484370290176,False
ising,mixed,4,0,0.001,KL descent,1348,1349,1.9634747505187988,0.3894031567586842,0.5639483793197484,False
ising,mixed,4,0,0.001,KL descent,1349,1350,1.9654641151428223,0.38940306737342284,0.5639480563362032,False
ising,mixed,4,0,0.001,KL descent,1350,1351,1.9674618244171143,0.38940294123214314,0.5639479975816221,False
ising,mixed,4,0,0.001,KL descent,1351,1352,1.9694607257843018,0.3894028507317555,0.5639476740879068,False
ising,mixed,4,0,0.001,KL descent,1352,1353,1.9714136123657227,0.389402723572442,0.5639476143081953,False
ising,mixed,4,0,0.001,KL descent,1353,1354,1.9731252193450928,0.38940263198082276,0.5639472903215357,False
ising,mixed,4,0,0.001,KL descent,1354,1355,1.9761357307434082,0.38940250382484504,0.5639472295348935,False
ising,mixed,4,0,0.001,KL descent,1355,1356,1.9781293869018555,0.3894024111649056,0.563946905071814,False
ising,mixed,4,0,0.001,KL descent,1356,1357,1.9801280498504639,0.389402282035553,0.5639468432976791,False
ising,mixed,4,0,0.001,KL descent,1357,1358,1.9811270236968994,0.3894021883300842,0.5639465183746029,False
ising,mixed,4,0,0.001,KL descent,1358,1359,1.983752727508545,0.38940205824808616,0.5639464556306131,False
ising,mixed,4,0,0.001,KL descent,1359,1360,1.9857964515686035,0.38940196351861034,0.5639461302630662,False
ising,mixed,4,0,0.001,KL descent,1360,1361,1.9877829551696777,0.3894018325056823,0.5639460665674656,False
ising,mixed,4,0,0.001,KL descent,1361,1362,1.9897091388702393,0.38940173677373124,0.5639457407709607,False
ising,mixed,4,0,0.001,KL descent,1362,1363,1.992708683013916,0.3894016048505509,0.5639456761412284,False
ising,mixed,4,0,0.001,KL descent,1363,1364,1.9942359924316406,0.38940150813758456,0.5639453499312024,False
ising,mixed,4,0,0.001,KL descent,1364,1365,1.9967072010040283,0.3894013753248763,0.5639452843847881,False
ising,mixed,4,0,0.001,KL descent,1365,1366,1.9987316131591797,0.389401277652269,0.563944957776598,False
ising,mixed,4,0,0.001,KL descent,1366,1367,2.0007739067077637,0.3894011439705888,0.5639448913307794,False
ising,mixed,4,0,0.001,KL descent,1367,1368,2.002777099609375,0.38940104535778064,0.5639445643384415,False
ising,mixed,4,0,0.001,KL descent,1368,1369,2.0043833255767822,0.38940091082517114,0.5639444970087315,False
ising,mixed,4,0,0.001,KL descent,1369,1370,2.006401300430298,0.38940081129217,0.5639441696466181,False
ising,mixed,4,0,0.001,KL descent,1370,1371,2.008394718170166,0.38940067592897604,0.5639441014500384,False
ising,mixed,4,0,0.001,KL descent,1371,1372,2.0103907585144043,0.38940057549557877,0.5639437737323645,False
ising,mixed,4,0,0.001,KL descent,1372,1373,2.0129404067993164,0.38940043932132595,0.5639437046853214,False
ising,mixed,4,0,0.001,KL descent,1373,1374,2.0149996280670166,0.3894003380077335,0.5639433766265521,False
ising,mixed,4,0,0.001,KL descent,1374,1375,2.0170137882232666,0.3894002010399794,0.5639433067440636,False
ising,mixed,4,0,0.001,KL descent,1375,1376,2.0189473628997803,0.38940009886362803,0.5639429783567589,False
ising,mixed,4,0,0.001,KL descent,1376,1377,2.02103853225708,0.3893999611210283,0.5639429076545316,False
ising,mixed,4,0,0.001,KL descent,1377,1378,2.023613691329956,0.3893998581015972,0.5639425789527585,False
ising,mixed,4,0,0.001,KL descent,1378,1379,2.0246005058288574,0.38939971960145675,0.5639425074455399,False
ising,mixed,4,0,0.001,KL descent,1379,1380,2.0266027450561523,0.38939961575554,0.5639421784412397,False
ising,mixed,4,0,0.001,KL descent,1380,1381,2.0286006927490234,0.38939947651540074,0.5639421061438746,False
ising,mixed,4,0,0.001,KL descent,1381,1382,2.0305991172790527,0.3893993718619502,0.5639417768505783,False
ising,mixed,4,0,0.001,KL descent,1382,1383,2.0331404209136963,0.38939923189922154,0.5639417037777767,False
ising,mixed,4,0,0.001,KL descent,1383,1384,2.03519344329834,0.3893991264552114,0.5639413742076489,False
ising,mixed,4,0,0.001,KL descent,1384,1385,2.037194013595581,0.38939898578690835,0.5639413003738037,False
ising,mixed,4,0,0.001,KL descent,1385,1386,2.0391416549682617,0.3893988795695415,0.5639409705391414,False
ising,mixed,4,0,0.001,KL descent,1386,1387,2.041192054748535,0.3893987382117518,0.5639408959579657,False
ising,mixed,4,0,0.001,KL descent,1387,1388,2.0427544116973877,0.3893986312381863,0.5639405658710173,False
ising,mixed,4,0,0.001,KL descent,1388,1389,2.04482102394104,0.3893984892075002,0.563940490556522,False
ising,mixed,4,0,0.001,KL descent,1389,1390,2.046818494796753,0.38939838149362627,0.5639401602286552,False
ising,mixed,4,0,0.001,KL descent,1390,1391,2.048804998397827,0.3893982388054943,0.5639400841940251,False
ising,mixed,4,0,0.001,KL descent,1391,1392,2.0508124828338623,0.38939813036751564,0.5639397536368022,False
ising,mixed,4,0,0.001,KL descent,1392,1393,2.053056001663208,0.3893979870375537,0.5639396768952887,False
ising,mixed,4,0,0.001,KL descent,1393,1394,2.055072784423828,0.38939787789122937,0.5639393461199511,False
ising,mixed,4,0,0.001,KL descent,1394,1395,2.0571627616882324,0.3893977339341346,0.5639392686841426,False
ising,mixed,4,0,0.001,KL descent,1395,1396,2.0590691566467285,0.38939762409503725,0.5639389377017838,False
ising,mixed,4,0,0.001,KL descent,1396,1397,2.0611050128936768,0.38939747952645554,0.5639388595848642,False
ising,mixed,4,0,0.001,KL descent,1397,1398,2.063620090484619,0.3893973690096467,0.5639385284062176,False
ising,mixed,4,0,0.001,KL descent,1398,1399,2.065619945526123,0.38939722384378267,0.5639384496203501,False
ising,mixed,4,0,0.001,KL descent,1399,1400,2.0676214694976807,0.38939711266481514,0.5639381182564613,False
ising,mixed,4,0,0.001,KL descent,1400,1401,2.068619966506958,0.3893969669171986,0.5639380388146698,False
ising,mixed,4,0,0.001,KL descent,1401,1402,2.070622682571411,0.3893968550900368,0.5639377072754883,False
ising,mixed,4,0,0.001,KL descent,1402,1403,2.0726239681243896,0.3893967087731209,0.5639376271886595,False
ising,mixed,4,0,0.001,KL descent,1403,1404,2.07365345954895,0.38939659631216017,0.5639372954844148,False
ising,mixed,4,0,0.001,KL descent,1404,1405,2.074690818786621,0.38939644944075985,0.5639372147650025,False
ising,mixed,4,0,0.001,KL descent,1405,1406,2.075671672821045,0.38939633636011506,0.5639368829057116,False
ising,mixed,4,0,0.001,KL descent,1406,1407,2.076669216156006,0.3893961889471578,0.5639368015648469,False
ising,mixed,4,0,0.001,KL descent,1407,1408,2.0776679515838623,0.389396075260389,0.5639364695601391,False
ising,mixed,4,0,0.001,KL descent,1408,1409,2.07865047454834,0.38939592731861616,0.5639363876087861,False
ising,mixed,4,0,0.001,KL descent,1409,1410,2.079650402069092,0.38939581303934584,0.5639360554683093,False
ising,mixed,4,0,0.001,KL descent,1410,1411,2.0816569328308105,0.38939566458342667,0.5639359729187088,False
ising,mixed,4,0,0.001,KL descent,1411,1412,2.082671642303467,0.3893955497254494,0.5639356406522229,False
ising,mixed,4,0,0.001,KL descent,1412,1413,2.08321475982666,0.3893954007674336,0.5639355575147914,False
ising,mixed,4,0,0.001,KL descent,1413,1414,2.084246873855591,0.3893952853430317,0.5639352251310078,False
ising,mixed,4,0,0.001,KL descent,1414,1415,2.0852203369140625,0.3893951358943335,0.563935141415695,False
ising,mixed,4,0,0.001,KL descent,1415,1416,2.086230516433716,0.38939501991657993,0.5639348089238432,False
ising,mixed,4,0,0.001,KL descent,1416,1417,2.0872206687927246,0.3893948699907154,0.5639347246419948,False
ising,mixed,4,0,0.001,KL descent,1417,1418,2.089218854904175,0.3893947534718593,0.5639343920507378,False
ising,mixed,4,0,0.001,KL descent,1418,1419,2.0902130603790283,0.38939460308014967,0.5639343072121676,False
ising,mixed,4,0,0.001,KL descent,1419,1420,2.091214418411255,0.38939448603264754,0.5639339745302916,False
ising,mixed,4,0,0.001,KL descent,1420,1421,2.091214418411255,0.38939433518768357,0.5639338891456442,False
ising,mixed,4,0,0.001,KL descent,1421,1422,2.092728853225708,0.3893942176235496,0.5639335563816208,False
ising,mixed,4,0,0.001,KL descent,1422,1423,2.0937466621398926,0.3893940663361343,0.5639334704602901,False
ising,mixed,4,0,0.001,KL descent,1423,1424,2.0947461128234863,0.38939394826707124,0.5639331376223634,False
ising,mixed,4,0,0.001,KL descent,1424,1425,2.095745086669922,0.3893937965487119,0.5639330511741905,False
ising,mixed,4,0,0.001,KL descent,1425,1426,2.0967392921447754,0.3893936779859578,0.56393271827028,False
ising,mixed,4,0,0.001,KL descent,1426,1427,2.0977425575256348,0.38939352584839904,0.563932631305228,False
ising,mixed,4,0,0.001,KL descent,1427,1428,2.0997421741485596,0.3893934068045683,0.5639322983441761,False
ising,mixed,4,0,0.001,KL descent,1428,1429,2.1007518768310547,0.3893932542577689,0.5639322108709728,False
ising,mixed,4,0,0.001,KL descent,1429,1430,2.101745128631592,0.3893931347418913,0.5639318778591661,False
ising,mixed,4,0,0.001,KL descent,1430,1431,2.1027426719665527,0.38939298179575743,0.5639317898864589,False
ising,mixed,4,0,0.001,KL descent,1431,1432,2.103257656097412,0.38939286181980515,0.5639314568322744,False
ising,mixed,4,0,0.001,KL descent,1432,1433,2.104261636734009,0.38939270848622864,0.563931368370041,False
ising,mixed,4,0,0.001,KL descent,1433,1434,2.106264114379883,0.38939258806089283,0.5639310352809745,False
ising,mixed,4,0,0.001,KL descent,1434,1435,2.1072611808776855,0.389392434350255,0.5639309463381293,False
ising,mixed,4,0,0.001,KL descent,1435,1436,2.108275890350342,0.3893923134869333,0.5639306132221453,False
ising,mixed,4,0,0.001,KL descent,1436,1437,2.1092755794525146,0.3893921594097187,0.5639305238076466,False
ising,mixed,4,0,0.001,KL descent,1437,1438,2.110274314880371,0.38939203811764134,0.5639301906712216,False
ising,mixed,4,0,0.001,KL descent,1438,1439,2.1112749576568604,0.38939188368208183,0.563930100792462,False
ising,mixed,4,0,0.001,KL descent,1439,1440,2.1112749576568604,0.3893917619702183,0.5639297676418842,False
ising,mixed,4,0,0.001,KL descent,1440,1441,2.1128017902374268,0.38939160718574184,0.5639296773070437,False
ising,mixed,4,0,0.001,KL descent,1441,1442,2.113840103149414,0.3893914850656947,0.5639293441503797,False
ising,mixed,4,0,0.001,KL descent,1442,1443,2.1148526668548584,0.3893913299435074,0.5639292533688202,False
ising,mixed,4,0,0.001,KL descent,1443,1444,2.11687970161438,0.38939120742504524,0.5639289202128792,False
ising,mixed,4,0,0.001,KL descent,1444,1445,2.11887264251709,0.3893910519741913,0.5639288289924622,False
ising,mixed,4,0,0.001,KL descent,1445,1446,2.119871139526367,0.3893909290655107,0.5639284958429771,False
ising,mixed,4,0,0.001,KL descent,1446,1447,2.1208689212799072,0.3893907732939553,0.5639284041908059,False
ising,mixed,4,0,0.001,KL descent,1447,1448,2.1223819255828857,0.38939065000526146,0.5639280710548598,False
ising,mixed,4,0,0.001,KL descent,1448,1449,2.123396396636963,0.38939049392230585,0.56392797897892,False
ising,mixed,4,0,0.001,KL descent,1449,1450,2.1244242191314697,0.3893903702622576,0.5639276458625353,False
ising,mixed,4,0,0.001,KL descent,1450,1451,2.125434160232544,0.38939021387773887,0.5639275533711425,False
ising,mixed,4,0,0.001,KL descent,1451,1452,2.127455234527588,0.38939008985551793,0.5639272202806928,False
ising,mixed,4,0,0.001,KL descent,1452,1453,2.128444194793701,0.38938993317651094,0.5639271273802696,False
ising,mixed,4,0,0.001,KL descent,1453,1454,2.12945294380188,0.3893898088012751,0.5639267943220908,False
ising,mixed,4,0,0.001,KL descent,1454,1455,2.1304521560668945,0.3893896518372956,0.5639267010206903,False
ising,mixed,4,0,0.001,KL descent,1455,1456,2.1314501762390137,0.38938952711677277,0.5639263680001447,False
ising,mixed,4,0,0.001,KL descent,1456,1457,2.1324594020843506,0.38938936987494693,0.5639262743041709,False
ising,mixed,4,0,0.001,KL descent,1457,1458,2.1330339908599854,0.3893892448181277,0.5639259413274683,False
ising,mixed,4,0,0.001,KL descent,1458,1459,2.1350347995758057,0.38938908730775,0.5639258472447719,False
ising,mixed,4,0,0.001,KL descent,1459,1460,2.1361052989959717,0.38938896192247285,0.5639255143173285,False
ising,mixed,4,0,0.001,KL descent,1460,1461,2.137113094329834,0.38938880415061067,0.5639254198542265,False
ising,mixed,4,0,0.001,KL descent,1461,1462,2.138044595718384,0.3893886784458583,0.5639250869822259,False
ising,mixed,4,0,0.001,KL descent,1462,1463,2.139082670211792,0.38938852042110295,0.563924992146047,False
ising,mixed,4,0,0.001,KL descent,1463,1464,2.1410462856292725,0.3893883944047549,0.5639246593349196,False
ising,mixed,4,0,0.001,KL descent,1464,1465,2.1410462856292725,0.38938823613428136,0.5639245641320059,False
ising,mixed,4,0,0.001,KL descent,1465,1466,2.142611265182495,0.38938810981296434,0.5639242313863132,False
ising,mixed,4,0,0.001,KL descent,1466,1467,2.1436774730682373,0.3893879513037969,0.5639241358228819,False
ising,mixed,4,0,0.001,KL descent,1467,1468,2.145677328109741,0.3893878246859457,0.5639238031484137,False
ising,mixed,4,0,0.001,KL descent,1468,1469,2.146678924560547,0.3893876659458199,0.5639237072311423,False
ising,mixed,4,0,0.001,KL descent,1469,1470,2.1476733684539795,0.3893875390389104,0.5639233746330226,False
ising,mixed,4,0,0.001,KL descent,1470,1471,2.1486759185791016,0.3893873800754363,0.5639232783684847,False
ising,mixed,4,0,0.001,KL descent,1471,1472,2.1496379375457764,0.38938725288713494,0.5639229458519617,False
ising,mixed,4,0,0.001,KL descent,1472,1473,2.1506776809692383,0.38938709370641794,0.5639228492456853,False
ising,mixed,4,0,0.001,KL descent,1473,1474,2.1516737937927246,0.38938696624287344,0.5639225168149644,False
ising,mixed,4,0,0.001,KL descent,1474,1475,2.1526918411254883,0.38938680685177723,0.5639224198729729,False
ising,mixed,4,0,0.001,KL descent,1475,1476,2.1532554626464844,0.3893866791211926,0.5639220875336477,False
ising,mixed,4,0,0.001,KL descent,1476,1477,2.1552698612213135,0.38938651952802716,0.5639219902629266,False
ising,mixed,4,0,0.001,KL descent,1477,1478,2.1563167572021484,0.3893863915369955,0.5639216580194959,False
ising,mixed,4,0,0.001,KL descent,1478,1479,2.157332420349121,0.3893862317472894,0.5639215604251193,False
ising,mixed,4,0,0.001,KL descent,1479,1480,2.158330202102661,0.3893861035024144,0.5639212282820747,False
ising,mixed,4,0,0.001,KL descent,1480,1481,2.1593267917633057,0.38938594352256145,0.5639211303696849,False
ising,mixed,4,0,0.001,KL descent,1481,1482,2.1603236198425293,0.3893858150303685,0.5639207983314585,False
ising,mixed,4,0,0.001,KL descent,1482,1483,2.1613242626190186,0.38938565486611554,0.5639207001062361,False
ising,mixed,4,0,0.001,KL descent,1483,1484,2.162881851196289,0.3893855261330923,0.5639203681772269,False
ising,mixed,4,0,0.001,KL descent,1484,1485,2.163930892944336,0.38938536579286276,0.5639202696461636,False
ising,mixed,4,0,0.001,KL descent,1485,1486,2.164923667907715,0.3893852368268036,0.5639199378316557,False
ising,mixed,4,0,0.001,KL descent,1486,1487,2.165923833847046,0.38938507631473857,0.5639198389988,False
ising,mixed,4,0,0.001,KL descent,1487,1488,2.16693115234375,0.3893849471195476,0.563919507301419,False
ising,mixed,4,0,0.001,KL descent,1488,1489,2.1679322719573975,0.38938478644110847,0.5639194081717083,False
ising,mixed,4,0,0.001,KL descent,1489,1490,2.168923854827881,0.38938465702452213,0.5639190765966814,False
ising,mixed,4,0,0.001,KL descent,1490,1491,2.16992449760437,0.3893844961883612,0.5639189771772011,False
ising,mixed,4,0,0.001,KL descent,1491,1492,2.171793222427368,0.38938436655668934,0.5639186457287824,False
ising,mixed,4,0,0.001,KL descent,1492,1493,2.172299861907959,0.38938420556639003,0.5639185460231537,False
ising,mixed,4,0,0.001,KL descent,1493,1494,2.1733083724975586,0.38938407572494904,0.5639182147049097,False
ising,mixed,4,0,0.001,KL descent,1494,1495,2.1743083000183105,0.38938391458688604,0.5639181147186357,False
ising,mixed,4,0,0.001,KL descent,1495,1496,2.17531681060791,0.3893837845409079,0.563917783534073,False
ising,mixed,4,0,0.001,KL descent,1496,1497,2.177316904067993,0.3893836232596152,0.5639176832713854,False
ising,mixed,4,0,0.001,KL descent,1497,1498,2.1783158779144287,0.3893834930158126,0.5639173522250087,False
ising,mixed,4,0,0.001,KL descent,1498,1499,2.1793694496154785,0.38938333159827443,0.5639172516917941,False
ising,mixed,4,0,0.001,KL descent,1499,1500,2.180366277694702,0.38938320116090747,0.5639169207864352,False
ising,mixed,4,0,0.001,KL descent,1500,1501,2.1813695430755615,0.389383039611569,0.5639168199868289,False
ising,mixed,4,0,0.001,KL descent,1501,1502,2.1823654174804688,0.38938290898805195,0.5639164892274617,False
ising,mixed,4,0,0.001,KL descent,1502,1503,2.182936429977417,0.38938274731205325,0.5639163881660673,False
ising,mixed,4,0,0.001,KL descent,1503,1504,2.1839866638183594,0.3893826165064837,0.5639160575553963,False
ising,mixed,4,0,0.001,KL descent,1504,1505,2.1849799156188965,0.38938245470960675,0.5639159562372271,False
ising,mixed,4,0,0.001,KL descent,1505,1506,2.185986280441284,0.389382323727719,0.5639156257790737,False
ising,mixed,4,0,0.001,KL descent,1506,1507,2.186979055404663,0.38938216181430574,0.5639155242081564,False
ising,mixed,4,0,0.001,KL descent,1507,1508,2.1879396438598633,0.38938203066060145,0.5639151939054898,False
ising,mixed,4,0,0.001,KL descent,1508,1509,2.1899383068084717,0.3893818686355287,0.5639150920861964,False
ising,mixed,4,0,0.001,KL descent,1509,1510,2.19093918800354,0.38938173731472764,0.5639147619421321,False
ising,mixed,4,0,0.001,KL descent,1510,1511,2.19093918800354,0.38938157518307326,0.5639146598789528,False
ising,mixed,4,0,0.001,KL descent,1511,1512,2.1924490928649902,0.38938144370180827,0.563914329897906,False
ising,mixed,4,0,0.001,KL descent,1512,1513,2.194514274597168,0.389381281468306,0.5639142275950889,False
ising,mixed,4,0,0.001,KL descent,1513,1514,2.1955153942108154,0.3893811498301766,0.5639138977793986,False
ising,mixed,4,0,0.001,KL descent,1514,1515,2.1965253353118896,0.3893809874998485,0.56391379524137,False
ising,mixed,4,0,0.001,KL descent,1515,1516,2.197511911392212,0.38938085571049075,0.5639134655947642,False
ising,mixed,4,0,0.001,KL descent,1516,1517,2.1985182762145996,0.38938069328723696,0.5639133628251733,False
ising,mixed,4,0,0.001,KL descent,1517,1518,2.199517250061035,0.38938056135059546,0.5639130333502145,False
ising,mixed,4,0,0.001,KL descent,1518,1519,2.200509786605835,0.38938039883952447,0.5639129303535235,False
ising,mixed,4,0,0.001,KL descent,1519,1520,2.2015082836151123,0.38938026676053267,0.5639126010534514,False
ising,mixed,4,0,0.001,KL descent,1520,1521,2.203073501586914,0.38938010416392804,0.5639124978321802,False
ising,mixed,4,0,0.001,KL descent,1521,1522,2.204125165939331,0.38937997194538704,0.563912168708769,False
ising,mixed,4,0,0.001,KL descent,1522,1523,2.2050790786743164,0.38937980927033794,0.5639120652686969,False
ising,mixed,4,0,0.001,KL descent,1523,1524,2.2061243057250977,0.389379676919734,0.5639117363269124,False
ising,mixed,4,0,0.001,KL descent,1524,1525,2.2071268558502197,0.3893795141692783,0.5639116326710518,False
ising,mixed,4,0,0.001,KL descent,1525,1526,2.209136486053467,0.38937938168947867,0.5639113039127106,False
ising,mixed,4,0,0.001,KL descent,1526,1527,2.2111308574676514,0.3893792188679648,0.5639112000449473,False
ising,mixed,4,0,0.001,KL descent,1527,1528,2.212700843811035,0.38937908626258444,0.5639108714723708,False
ising,mixed,4,0,0.001,KL descent,1528,1529,2.214773416519165,0.38937892337298463,0.5639107673956459,False
ising,mixed,4,0,0.001,KL descent,1529,1530,2.216771125793457,0.3893787906467842,0.5639104390119243,False
ising,mixed,4,0,0.001,KL descent,1530,1531,2.218773126602173,0.3893786276938587,0.5639103347303824,False
ising,mixed,4,0,0.001,KL descent,1531,1532,2.219773530960083,0.38937849485016685,0.563910006537637,False
ising,mixed,4,0,0.001,KL descent,1532,1533,2.2217185497283936,0.3893783318374805,0.5639099020545941,False
ising,mixed,4,0,0.001,KL descent,1533,1534,2.223332405090332,0.389378198881818,0.5639095740564242,False
ising,mixed,4,0,0.001,KL descent,1534,1535,2.224382162094116,0.3893780358141509,0.5639094693760205,False
ising,mixed,4,0,0.001,KL descent,1535,1536,2.2253904342651367,0.3893779027494223,0.563909141574245,False
ising,mixed,4,0,0.001,KL descent,1536,1537,2.2263879776000977,0.38937773962915584,0.5639090366989692,False
ising,mixed,4,0,0.001,KL descent,1537,1538,2.228384256362915,0.3893776064595496,0.5639087090962807,False
ising,mixed,4,0,0.001,KL descent,1538,1539,2.2293813228607178,0.38937744329080903,0.563908604029796,False
ising,mixed,4,0,0.001,KL descent,1539,1540,2.2303807735443115,0.3893773100194616,0.5639082766281596,False
ising,mixed,4,0,0.001,KL descent,1540,1541,2.2313811779022217,0.3893771468063345,0.563908171374095,False
ising,mixed,4,0,0.001,KL descent,1541,1542,2.232389450073242,0.3893770134372656,0.5639078441760835,False
ising,mixed,4,0,0.001,KL descent,1542,1543,2.2329673767089844,0.3893768501822473,0.5639077387369722,False
ising,mixed,4,0,0.001,KL descent,1543,1544,2.2350175380706787,0.38937671671960467,0.5639074117452303,False
ising,mixed,4,0,0.001,KL descent,1544,1545,2.236025094985962,0.38937655342693933,0.56390730612479,False
ising,mixed,4,0,0.001,KL descent,1545,1546,2.2370262145996094,0.3893764198735086,0.5639069793410372,False
ising,mixed,4,0,0.001,KL descent,1546,1547,2.237968921661377,0.3893762565461752,0.5639068735421053,False
ising,mixed,4,0,0.001,KL descent,1547,1548,2.239025354385376,0.38937612290547424,0.563906546968558,False
ising,mixed,4,0,0.001,KL descent,1548,1549,2.2410261631011963,0.38937595954654874,0.5639064409940346,False
ising,mixed,4,0,0.001,KL descent,1549,1550,2.2410261631011963,0.3893758258226922,0.5639061146333076,False
ising,mixed,4,0,0.001,KL descent,1550,1551,2.242587089538574,0.3893756624355387,0.5639060084862764,False
ising,mixed,4,0,0.001,KL descent,1551,1552,2.243651866912842,0.3893755286314179,0.5639056823401499,False
ising,mixed,4,0,0.001,KL descent,1552,1553,2.2446513175964355,0.3893753652201795,0.5639055760242141,False
ising,mixed,4,0,0.001,KL descent,1553,1554,2.245652198791504,0.38937523133940793,0.5639052500949577,False
ising,mixed,4,0,0.001,KL descent,1554,1555,2.2466542720794678,0.38937506790546295,0.5639051436118312,False
ising,mixed,4,0,0.001,KL descent,1555,1556,2.2476441860198975,0.38937493395011014,0.5639048179006605,False
ising,mixed,4,0,0.001,KL descent,1556,1557,2.2486448287963867,0.38937477049760644,0.5639047112539279,False
ising,mixed,4,0,0.001,KL descent,1557,1558,2.2496509552001953,0.38937463647207093,0.5639043857636379,False
ising,mixed,4,0,0.001,KL descent,1558,1559,2.2506449222564697,0.3893744730037193,0.5639042789559024,False
ising,mixed,4,0,0.001,KL descent,1559,1560,2.252645254135132,0.3893743389108206,0.5639039536882131,False
ising,mixed,4,0,0.001,KL descent,1560,1561,2.253209114074707,0.3893741754290636,0.5639038467218831,False
ising,mixed,4,0,0.001,KL descent,1561,1562,2.254270553588867,0.3893740412709894,0.563903521678076,False
ising,mixed,4,0,0.001,KL descent,1562,1563,2.2562625408172607,0.38937387777962795,0.5639034145564732,False
ising,mixed,4,0,0.001,KL descent,1563,1564,2.2582778930664062,0.38937374356037074,0.5639030897390654,False
ising,mixed,4,0,0.001,KL descent,1564,1565,2.2602787017822266,0.38937358006129086,0.5639029824642017,False
ising,mixed,4,0,0.001,KL descent,1565,1566,2.2612740993499756,0.3893734457835396,0.5639026578748119,False
ising,mixed,4,0,0.001,KL descent,1566,1567,2.263903856277466,0.38937328228024576,0.5639025504497929,False
ising,mixed,4,0,0.001,KL descent,1567,1568,2.2659008502960205,0.3893731479473056,0.5639022260904583,False
ising,mixed,4,0,0.001,KL descent,1568,1569,2.266897439956665,0.3893729844423788,0.5639021185177504,False
ising,mixed,4,0,0.001,KL descent,1569,1570,2.267888307571411,0.3893728500560464,0.563901794389479,False
ising,mixed,4,0,0.001,KL descent,1570,1571,2.268890142440796,0.3893726865513362,0.5639016866710431,False
ising,mixed,4,0,0.001,KL descent,1571,1572,2.2698934078216553,0.3893725521141541,0.5639013627753493,False
ising,mixed,4,0,0.001,KL descent,1572,1573,2.270904541015625,0.3893723886124048,0.5639012549137477,False
ising,mixed,4,0,0.001,KL descent,1573,1574,2.272418260574341,0.38937225412812165,0.563900931252961,False
ising,mixed,4,0,0.001,KL descent,1574,1575,2.273432970046997,0.3893720906329325,0.5639008232513258,False
ising,mixed,4,0,0.001,KL descent,1575,1576,2.275439977645874,0.38937195610374126,0.563900499826718,False
ising,mixed,4,0,0.001,KL descent,1576,1577,2.276499032974243,0.3893717926158571,0.5639003916862355,False
ising,mixed,4,0,0.001,KL descent,1577,1578,2.2774901390075684,0.38937165804396756,0.563900068499086,False
ising,mixed,4,0,0.001,KL descent,1578,1579,2.278496265411377,0.38937149456708287,0.5638999602229406,False
ising,mixed,4,0,0.001,KL descent,1579,1580,2.279442310333252,0.38937135995569155,0.5638996372751947,False
ising,mixed,4,0,0.001,KL descent,1580,1581,2.2804431915283203,0.3893711964923793,0.5638995288658003,False
ising,mixed,4,0,0.001,KL descent,1581,1582,2.281442642211914,0.38937106184386266,0.5638992061588443,False
ising,mixed,4,0,0.001,KL descent,1582,1583,2.282954454421997,0.3893708983960575,0.5638990976181717,False
ising,mixed,4,0,0.001,KL descent,1583,1584,2.2839572429656982,0.3893707637124638,0.5638987751531731,False
ising,mixed,4,0,0.001,KL descent,1584,1585,2.284965753555298,0.389370600281563,0.5638986664828192,False
ising,mixed,4,0,0.001,KL descent,1585,1586,2.2860052585601807,0.3893704655652891,0.5638983442611708,False
ising,mixed,4,0,0.001,KL descent,1586,1587,2.2870028018951416,0.38937030215416846,0.5638982354637327,False
ising,mixed,4,0,0.001,KL descent,1587,1588,2.287961006164551,0.38937016740802366,0.5638979134871089,False
ising,mixed,4,0,0.001,KL descent,1588,1589,2.288956642150879,0.3893700040197922,0.5638978045653372,False
ising,mixed,4,0,0.001,KL descent,1589,1590,2.289956569671631,0.38936986924575523,0.5638974828348484,False
ising,mixed,4,0,0.001,KL descent,1590,1591,2.2909560203552246,0.38936970588129716,0.5638973737899673,False
ising,mixed,4,0,0.001,KL descent,1591,1592,2.2924628257751465,0.3893695710810512,0.5638970523065163,False
ising,mixed,4,0,0.001,KL descent,1592,1593,2.2934720516204834,0.389369407742723,0.5638969431407469,False
ising,mixed,4,0,0.001,KL descent,1593,1594,2.2944719791412354,0.38936927291948625,0.5638966219062826,False
ising,mixed,4,0,0.001,KL descent,1594,1595,2.295478343963623,0.38936910960938087,0.5638965126216642,False
ising,mixed,4,0,0.001,KL descent,1595,1596,2.296478271484375,0.38936897476514265,0.563896191637294,False
ising,mixed,4,0,0.001,KL descent,1596,1597,2.297478199005127,0.38936881148617747,0.5638960822364143,False
ising,mixed,4,0,0.001,KL descent,1597,1598,2.298478364944458,0.38936867662242636,0.5638957615029064,False
ising,mixed,4,0,0.001,KL descent,1598,1599,2.29947829246521,0.3893685133751253,0.5638956519867213,False
ising,mixed,4,0,0.001,KL descent,1599,1600,2.300478219985962,0.3893683784942883,0.5638953315054742,False
ising,mixed,4,0,0.001,KL descent,1600,1601,2.301478624343872,0.3893682152810204,0.5638952218761917,False
ising,mixed,4,0,0.001,KL descent,1601,1602,2.3029849529266357,0.38936808038469184,0.5638949016480409,False
ising,mixed,4,0,0.001,KL descent,1602,1603,2.303992748260498,0.3893679172077828,0.5638947919078241,False
ising,mixed,4,0,0.001,KL descent,1603,1604,2.3049936294555664,0.38936778229922464,0.5638944719347392,False
ising,mixed,4,0,0.001,KL descent,1604,1605,2.306001663208008,0.38936761916062196,0.5638943620854932,False
ising,mixed,4,0,0.001,KL descent,1605,1606,2.3070008754730225,0.38936748424087775,0.5638940423679286,False
ising,mixed,4,0,0.001,KL descent,1606,1607,2.308000087738037,0.3893673211419214,0.5638939324111434,False
ising,mixed,4,0,0.001,KL descent,1607,1608,2.309000015258789,0.3893671862130029,0.5638936129502112,False
ising,mixed,4,0,0.001,KL descent,1608,1609,2.309999942779541,0.3893670231555962,0.563893502887747,False
ising,mixed,4,0,0.001,KL descent,1609,1610,2.3110008239746094,0.38936688821909127,0.5638931836842695,False
ising,mixed,4,0,0.001,KL descent,1610,1611,2.312506914138794,0.38936672520450255,0.5638930735175488,False
ising,mixed,4,0,0.001,KL descent,1611,1612,2.3135151863098145,0.3893665902619955,0.5638927545723474,False
ising,mixed,4,0,0.001,KL descent,1612,1613,2.3145148754119873,0.3893664272923107,0.5638926443033498,False
ising,mixed,4,0,0.001,KL descent,1613,1614,2.315521478652954,0.3893662923464328,0.5638923256179484,False
ising,mixed,4,0,0.001,KL descent,1614,1615,2.316521406173706,0.389366129423864,0.5638922152487246,False
ising,mixed,4,0,0.001,KL descent,1615,1616,2.317521572113037,0.3893659944761943,0.5638918968239395,False
ising,mixed,4,0,0.001,KL descent,1616,1617,2.318521738052368,0.389365831602331,0.5638917863561184,False
ising,mixed,4,0,0.001,KL descent,1617,1618,2.3195598125457764,0.3893656966550622,0.5638914681931787,False
ising,mixed,4,0,0.001,KL descent,1618,1619,2.321524143218994,0.38936553383077693,0.5638913576278886,False
ising,mixed,4,0,0.001,KL descent,1619,1620,2.323040008544922,0.3893653988847834,0.5638910397271242,False
ising,mixed,4,0,0.001,KL descent,1620,1621,2.3240530490875244,0.389365236111938,0.5638909290661702,False
ising,mixed,4,0,0.001,KL descent,1621,1622,2.325050115585327,0.3893651011683447,0.5638906114280754,False
ising,mixed,4,0,0.001,KL descent,1622,1623,2.326056957244873,0.38936493844774234,0.5638905006725325,False
ising,mixed,4,0,0.001,KL descent,1623,1624,2.327057123184204,0.38936480350948827,0.5638901832988392,False
ising,mixed,4,0,0.001,KL descent,1624,1625,2.328057050704956,0.3893646408443203,0.5638900724513999,False
ising,mixed,4,0,0.001,KL descent,1625,1626,2.329056978225708,0.3893645059131578,0.5638897553430331,False
ising,mixed,4,0,0.001,KL descent,1626,1627,2.330056667327881,0.3893643433040298,0.5638896444046284,False
ising,mixed,4,0,0.001,KL descent,1627,1628,2.331057548522949,0.38936420838045166,0.5638893275616523,False
ising,mixed,4,0,0.001,KL descent,1628,1629,2.3325631618499756,0.38936404582829043,0.5638892165334253,False
ising,mixed,4,0,0.001,KL descent,1629,1630,2.3335719108581543,0.3893639109133115,0.5638888999562556,False
ising,mixed,4,0,0.001,KL descent,1630,1631,2.3355870246887207,0.38936374841930843,0.5638887888395261,False
ising,mixed,4,0,0.001,KL descent,1631,1632,2.337585926055908,0.3893636135154253,0.5638884725295872,False
ising,mixed,4,0,0.001,KL descent,1632,1633,2.339585304260254,0.3893634510825191,0.5638883613268555,False
ising,mixed,4,0,0.001,KL descent,1633,1634,2.341585397720337,0.38936331619267495,0.5638880452858785,False
ising,mixed,4,0,0.001,KL descent,1634,1635,2.3430912494659424,0.3893631538212643,0.5638879339979199,False
ising,mixed,4,0,0.001,KL descent,1635,1636,2.3450992107391357,0.3893630189442997,0.5638876182248374,False
ising,mixed,4,0,0.001,KL descent,1636,1637,2.3471055030822754,0.3893628566354922,0.5638875068528919,False
ising,mixed,4,0,0.001,KL descent,1637,1638,2.3491055965423584,0.3893627217748125,0.5638871913497447,False
ising,mixed,4,0,0.001,KL descent,1638,1639,2.3511598110198975,0.38936255953046955,0.5638870798955733,False
ising,mixed,4,0,0.001,KL descent,1639,1640,2.3527135848999023,0.3893624246850124,0.5638867646613615,False
ising,mixed,4,0,0.001,KL descent,1640,1641,2.3549489974975586,0.3893622625055738,0.5638866531257416,False
ising,mixed,4,0,0.001,KL descent,1641,1642,2.35701584815979,0.38936212767895156,0.5638863381626422,False
ising,mixed,4,0,0.001,KL descent,1642,1643,2.359008550643921,0.3893619655657191,0.5638862265469472,False
ising,mixed,4,0,0.001,KL descent,1643,1644,2.361009120941162,0.3893618307584108,0.563885911855005,False
ising,mixed,4,0,0.001,KL descent,1644,1645,2.3625648021698,0.3893616687141735,0.5638858001616025,False
ising,mixed,4,0,0.001,KL descent,1645,1646,2.364621162414551,0.3893615339284621,0.5638854857420889,False
ising,mixed,4,0,0.001,KL descent,1646,1647,2.3666203022003174,0.38936137195298165,0.5638853739712918,False
ising,mixed,4,0,0.001,KL descent,1647,1648,2.368619918823242,0.389361237188949,0.5638850598239815,False
ising,mixed,4,0,0.001,KL descent,1648,1649,2.3706235885620117,0.38936107528376535,0.5638849479773043,False
ising,mixed,4,0,0.001,KL descent,1649,1650,2.3726236820220947,0.38936094054244674,0.5638846341026176,False
ising,mixed,4,0,0.001,KL descent,1650,1651,2.3742475509643555,0.3893607787074421,0.5638845221804432,False
ising,mixed,4,0,0.001,KL descent,1651,1652,2.3762404918670654,0.3893606439902467,0.5638842085790507,False
ising,mixed,4,0,0.001,KL descent,1652,1653,2.3782436847686768,0.3893604822282195,0.5638840965837422,False
ising,mixed,4,0,0.001,KL descent,1653,1654,2.380237340927124,0.38936034753777904,0.5638837832571522,False
ising,mixed,4,0,0.001,KL descent,1654,1655,2.382707118988037,0.3893601858503103,0.563883671190238,False
ising,mixed,4,0,0.001,KL descent,1655,1656,2.384723663330078,0.3893600511868256,0.5638833581383025,False
ising,mixed,4,0,0.001,KL descent,1656,1657,2.386723518371582,0.38935988957369283,0.5638832460000857,False
ising,mixed,4,0,0.001,KL descent,1657,1658,2.388725996017456,0.38935975493749275,0.5638829332227411,False
ising,mixed,4,0,0.001,KL descent,1658,1659,2.3907241821289062,0.3893595933992189,0.5638828210140212,False
ising,mixed,4,0,0.001,KL descent,1659,1660,2.391723871231079,0.3893594587924025,0.5638825085124044,False
ising,mixed,4,0,0.001,KL descent,1660,1661,2.3942384719848633,0.38935929733062796,0.5638823962347441,False
ising,mixed,4,0,0.001,KL descent,1661,1662,2.396244525909424,0.38935916275420296,0.5638820840092524,False
ising,mixed,4,0,0.001,KL descent,1662,1663,2.3973724842071533,0.3893590013715628,0.5638819716648812,False
ising,mixed,4,0,0.001,KL descent,1663,1664,2.398375988006592,0.38935886682783233,0.5638816597167954,False
ising,mixed,4,0,0.001,KL descent,1664,1665,2.399376630783081,0.38935870552309565,0.5638815473053125,False
ising,mixed,4,0,0.001,KL descent,1665,1666,2.400367021560669,0.38935857101046123,0.5638812356332532,False
ising,mixed,4,0,0.001,KL descent,1666,1667,2.4013729095458984,0.3893584097850126,0.5638811231560351,False
ising,mixed,4,0,0.001,KL descent,1667,1668,2.402376174926758,0.38935827530579836,0.5638808117612871,False
ising,mixed,4,0,0.001,KL descent,1668,1669,2.4030144214630127,0.38935811416049326,0.5638806992193421,False
ising,mixed,4,0,0.001,KL descent,1669,1670,2.405062437057495,0.38935797971605696,0.5638803881025446,False
ising,mixed,4,0,0.001,KL descent,1670,1671,2.4060590267181396,0.3893578186531027,0.5638802754977992,False
ising,mixed,4,0,0.001,KL descent,1671,1672,2.407119035720825,0.38935768424461664,0.563879964659455,False
ising,mixed,4,0,0.001,KL descent,1672,1673,2.4081060886383057,0.3893575232638961,0.5638798519922525,False
ising,mixed,4,0,0.001,KL descent,1673,1674,2.4091100692749023,0.3893573888916136,0.5638795414322405,False
ising,mixed,4,0,0.001,KL descent,1674,1675,2.410097122192383,0.3893572279936539,0.5638794287033577,False
ising,mixed,4,0,0.001,KL descent,1675,1676,2.4110963344573975,0.3893570936587476,0.5638791184221816,False
ising,mixed,4,0,0.001,KL descent,1676,1677,2.4110963344573975,0.3893569328449938,0.5638790056330176,False
ising,mixed,4,0,0.001,KL descent,1677,1678,2.412691593170166,0.38935679854856403,0.563878695631131,False
ising,mixed,4,0,0.001,KL descent,1678,1679,2.4137983322143555,0.3893566378196754,0.5638785827825441,False
ising,mixed,4,0,0.001,KL descent,1679,1680,2.414799928665161,0.3893565035629804,0.5638782730605069,False
ising,mixed,4,0,0.001,KL descent,1680,1681,2.4157938957214355,0.38935634292041377,0.5638781601538996,False
ising,mixed,4,0,0.001,KL descent,1681,1682,2.416795492172241,0.3893562087039287,0.5638778507117426,False
ising,mixed,4,0,0.001,KL descent,1682,1683,2.417792558670044,0.38935604814735797,0.5638777377472968,False
ising,mixed,4,0,0.001,KL descent,1683,1684,2.418785810470581,0.38935591397163216,0.5638774285850974,False
ising,mixed,4,0,0.001,KL descent,1684,1685,2.419795274734497,0.3893557535026486,0.5638773155642939,False
ising,mixed,4,0,0.001,KL descent,1685,1686,2.421705961227417,0.38935561936921276,0.563877006682797,False
ising,mixed,4,0,0.001,KL descent,1686,1687,2.42280912399292,0.3893554589878085,0.5638768936060344,False
ising,mixed,4,0,0.001,KL descent,1687,1688,2.4234161376953125,0.3893553248967555,0.5638765850050025,False
ising,mixed,4,0,0.001,KL descent,1688,1689,2.4245142936706543,0.38935516460479286,0.5638764718739422,False
ising,mixed,4,0,0.001,KL descent,1689,1690,2.4255104064941406,0.3893550305580511,0.5638761635543935,False
ising,mixed,4,0,0.001,KL descent,1690,1691,2.42651104927063,0.3893548703557892,0.5638760503696059,False
ising,mixed,4,0,0.001,KL descent,1691,1692,2.4275076389312744,0.38935473635369855,0.5638757423314705,False
ising,mixed,4,0,0.001,KL descent,1692,1693,2.4285166263580322,0.3893545762412643,0.5638756290934333,False
ising,mixed,4,0,0.001,KL descent,1693,1694,2.4294259548187256,0.38935444228441035,0.5638753213368113,False
ising,mixed,4,0,0.001,KL descent,1694,1695,2.4304192066192627,0.3893542822628697,0.5638752080466378,False
ising,mixed,4,0,0.001,KL descent,1695,1696,2.4314181804656982,0.38935414835172644,0.5638749005715521,False
ising,mixed,4,0,0.001,KL descent,1696,1697,2.4329235553741455,0.3893539884219797,0.5638747872302321,False
ising,mixed,4,0,0.001,KL descent,1697,1698,2.433932304382324,0.38935385455764193,0.5638744800371327,False
ising,mixed,4,0,0.001,KL descent,1698,1699,2.434931993484497,0.3893536947201227,0.5638743666453502,False
ising,mixed,4,0,0.001,KL descent,1699,1700,2.4359381198883057,0.38935356090399587,0.5638740597348868,False
ising,mixed,4,0,0.001,KL descent,1700,1701,2.4369380474090576,0.389353401160403,0.5638739462941749,False
ising,mixed,4,0,0.001,KL descent,1701,1702,2.4379384517669678,0.38935326739240256,0.5638736396659958,False
ising,mixed,4,0,0.001,KL descent,1702,1703,2.438938617706299,0.389353107740943,0.5638735261755082,False
ising,mixed,4,0,0.001,KL descent,1703,1704,2.4399380683898926,0.3893529740220553,0.5638732198299794,False
ising,mixed,4,0,0.001,KL descent,1704,1705,2.440938711166382,0.3893528144657759,0.5638731062921639,False
ising,mixed,4,0,0.001,KL descent,1705,1706,2.4424448013305664,0.3893526807967541,0.5638728002294986,False
ising,mixed,4,0,0.001,KL descent,1706,1707,2.4434542655944824,0.38935252133543247,0.5638726866445783,False
ising,mixed,4,0,0.001,KL descent,1707,1708,2.444453239440918,0.38935238771684016,0.5638723808648591,False
ising,mixed,4,0,0.001,KL descent,1708,1709,2.4465396404266357,0.38935222835014427,0.5638722672329721,False
ising,mixed,4,0,0.001,KL descent,1709,1710,2.4485814571380615,0.3893520947826101,0.563871961736323,False
ising,mixed,4,0,0.001,KL descent,1710,1711,2.4505863189697266,0.38935193551252206,0.5638718480591867,False
ising,mixed,4,0,0.001,KL descent,1711,1712,2.4525842666625977,0.38935180199701636,0.5638715428459651,False
ising,mixed,4,0,0.001,KL descent,1712,1713,2.45385479927063,0.38935164282351353,0.5638714291239295,False
ising,mixed,4,0,0.001,KL descent,1713,1714,2.45599365234375,0.389351509360937,0.563871124194449,False
ising,mixed,4,0,0.001,KL descent,1714,1715,2.457996368408203,0.38935135028514106,0.5638710104286326,False
ising,mixed,4,0,0.001,KL descent,1715,1716,2.4599907398223877,0.38935121687522234,0.563870705782406,False
ising,mixed,4,0,0.001,KL descent,1716,1717,2.4625487327575684,0.3893510578961569,0.5638705919725064,False
ising,mixed,4,0,0.001,KL descent,1717,1718,2.463679075241089,0.389350924539798,0.5638702876098395,False
ising,mixed,4,0,0.001,KL descent,1718,1719,2.4656856060028076,0.3893507656594345,0.5638701737575562,False
ising,mixed,4,0,0.001,KL descent,1719,1720,2.467682361602783,0.38935063235782924,0.5638698696789607,False
ising,mixed,4,0,0.001,KL descent,1720,1721,2.4696826934814453,0.3893504735760329,0.5638697557845544,False
ising,mixed,4,0,0.001,KL descent,1721,1722,2.4716010093688965,0.38935034032861837,0.5638694519893465,False
ising,mixed,4,0,0.001,KL descent,1722,1723,2.4731876850128174,0.38935018164584795,0.563869338053477,False
ising,mixed,4,0,0.001,KL descent,1723,1724,2.4752347469329834,0.3893500484545643,0.563869034542672,False
ising,mixed,4,0,0.001,KL descent,1724,1725,2.4772400856018066,0.38934988987231917,0.5638689205667116,False
ising,mixed,4,0,0.001,KL descent,1725,1726,2.479240894317627,0.3893497567379307,0.5638686173405265,False
ising,mixed,4,0,0.001,KL descent,1726,1727,2.4812324047088623,0.38934959825579657,0.5638685033245431,False
ising,mixed,4,0,0.001,KL descent,1727,1728,2.482783079147339,0.3893494651773499,0.5638682003820245,False
ising,mixed,4,0,0.001,KL descent,1728,1729,2.4848382472991943,0.3893493067951322,0.563868086326225,False
ising,mixed,4,0,0.001,KL descent,1729,1730,2.4868392944335938,0.38934917377373035,0.5638677836678175,False
ising,mixed,4,0,0.001,KL descent,1730,1731,2.4888527393341064,0.3893490154936993,0.5638676695740936,False
ising,mixed,4,0,0.001,KL descent,1731,1732,2.4908416271209717,0.3893488825305251,0.5638673672003016,False
ising,mixed,4,0,0.001,KL descent,1732,1733,2.492675542831421,0.3893487243517979,0.5638672530683921,False
ising,mixed,4,0,0.001,KL descent,1733,1734,2.4947357177734375,0.3893485914465352,0.5638669509786929,False
ising,mixed,4,0,0.001,KL descent,1734,1735,2.4967260360717773,0.38934843336911057,0.5638668368089335,False
ising,mixed,4,0,0.001,KL descent,1735,1736,2.498734712600708,0.3893483005225172,0.5638665350035399,False
ising,mixed,4,0,0.001,KL descent,1736,1737,2.5007336139678955,0.3893481425478614,0.5638664207972648,False
ising,mixed,4,0,0.001,KL descent,1737,1738,2.502732276916504,0.3893480097612483,0.5638661192767628,False
ising,mixed,4,0,0.001,KL descent,1738,1739,2.5042858123779297,0.3893478518899927,0.5638660050347412,False
ising,mixed,4,0,0.001,KL descent,1739,1740,2.5063295364379883,0.38934771916273936,0.5638657037984041,False
ising,mixed,4,0,0.001,KL descent,1740,1741,2.508333444595337,0.3893475613943738,0.5638655895206153,False
ising,mixed,4,0,0.001,KL descent,1741,1742,2.5103342533111572,0.3893474287283485,0.5638652885694087,False
ising,mixed,4,0,0.001,KL descent,1742,1743,2.51233172416687,0.389347271064338,0.563865174257186,False
ising,mixed,4,0,0.001,KL descent,1743,1744,2.513930559158325,0.389347138458398,0.5638648735900273,False
ising,mixed,4,0,0.001,KL descent,1744,1745,2.515937328338623,0.389346980898136,0.5638647592432819,False
ising,mixed,4,0,0.001,KL descent,1745,1746,2.517937660217285,0.3893468483534141,0.5638644588606381,False
ising,mixed,4,0,0.001,KL descent,1746,1747,2.5199365615844727,0.38934669089675805,0.563864344479599,False
ising,mixed,4,0,0.001,KL descent,1747,1748,2.5225021839141846,0.38934655841321136,0.5638640443811364,False
ising,mixed,4,0,0.001,KL descent,1748,1749,2.523575782775879,0.3893464010617583,0.5638639299672161,False
ising,mixed,4,0,0.001,KL descent,1749,1750,2.5245656967163086,0.38934626864068383,0.5638636301535092,False
ising,mixed,4,0,0.001,KL descent,1750,1751,2.5255587100982666,0.38934611139499975,0.5638635157074157,False
ising,mixed,4,0,0.001,KL descent,1751,1752,2.5265605449676514,0.38934597903778645,0.5638632161791068,False
ising,mixed,4,0,0.001,KL descent,1752,1753,2.5275635719299316,0.38934582189768835,0.5638631017010396,False
ising,mixed,4,0,0.001,KL descent,1753,1754,2.5285632610321045,0.38934568960188165,0.563862802456151,False
ising,mixed,4,0,0.001,KL descent,1754,1755,2.5295581817626953,0.3893455325663873,0.5638626879457564,False
ising,mixed,4,0,0.001,KL descent,1755,1756,2.530564069747925,0.3893454003341924,0.5638623889854844,False
ising,mixed,4,0,0.001,KL descent,1756,1757,2.531557559967041,0.38934524340600235,0.5638622744449189,False
ising,mixed,4,0,0.001,KL descent,1757,1758,2.5331239700317383,0.38934511123850374,0.5638619757696977,False
ising,mixed,4,0,0.001,KL descent,1758,1759,2.5341708660125732,0.3893449544168196,0.5638618611987345,False
ising,mixed,4,0,0.001,KL descent,1759,1760,2.5351722240448,0.3893448223133244,0.563861562807784,False
ising,mixed,4,0,0.001,KL descent,1760,1761,2.5361742973327637,0.389344665598314,0.5638614482068524,False
ising,mixed,4,0,0.001,KL descent,1761,1762,2.5371763706207275,0.389344533559227,0.5638611501001463,False
ising,mixed,4,0,0.001,KL descent,1762,1763,2.538125991821289,0.38934437695093876,0.5638610354695872,False
ising,mixed,4,0,0.001,KL descent,1763,1764,2.5392208099365234,0.38934424497656595,0.5638607376470266,False
ising,mixed,4,0,0.001,KL descent,1764,1765,2.5401699542999268,0.3893440884765882,0.5638606229882317,False
ising,mixed,4,0,0.001,KL descent,1765,1766,2.541170120239258,0.3893439565684056,0.5638603254505147,False
ising,mixed,4,0,0.001,KL descent,1766,1767,2.542724132537842,0.38934380017575154,0.5638602107631265,False
ising,mixed,4,0,0.001,KL descent,1767,1768,2.5437886714935303,0.3893436683324223,0.5638599135090412,False
ising,mixed,4,0,0.001,KL descent,1768,1769,2.544785499572754,0.3893435120473012,0.5638597987935061,False
ising,mixed,4,0,0.001,KL descent,1769,1770,2.545781135559082,0.38934338027070337,0.5638595018240196,False
ising,mixed,4,0,0.001,KL descent,1770,1771,2.5467798709869385,0.38934322409439565,0.5638593870815152,False
ising,mixed,4,0,0.001,KL descent,1771,1772,2.547821044921875,0.3893430923837925,0.5638590903958227,False
ising,mixed,4,0,0.001,KL descent,1772,1773,2.548874616622925,0.38934293631570216,0.563858975626248,False
ising,mixed,4,0,0.001,KL descent,1773,1774,2.5498554706573486,0.3893428046716891,0.5638586792244529,False
ising,mixed,4,0,0.001,KL descent,1774,1775,2.550854444503784,0.3893426487122955,0.5638585644284339,False
ising,mixed,4,0,0.001,KL descent,1775,1776,2.550854444503784,0.3893425171363664,0.5638582683112447,False
ising,mixed,4,0,0.001,KL descent,1776,1777,2.5524957180023193,0.3893423612866723,0.5638581534897691,False
ising,mixed,4,0,0.001,KL descent,1777,1778,2.5541975498199463,0.38934222977787447,0.5638578576562319,False
ising,mixed,4,0,0.001,KL descent,1778,1779,2.556257486343384,0.3893420740376327,0.563857742809429,False
ising,mixed,4,0,0.001,KL descent,1779,1780,2.558255672454834,0.3893419425968381,0.5638574472598349,False
ising,mixed,4,0,0.001,KL descent,1780,1781,2.5602619647979736,0.38934178696532434,0.5638573323875057,False
ising,mixed,4,0,0.001,KL descent,1781,1782,2.5612576007843018,0.3893416555915502,0.5638570371208809,False
ising,mixed,4,0,0.001,KL descent,1782,1783,2.5638749599456787,0.38934150006990575,0.5638569222241038,False
ising,mixed,4,0,0.001,KL descent,1783,1784,2.565873384475708,0.389341368765878,0.5638566272419949,False
ising,mixed,4,0,0.001,KL descent,1784,1785,2.56786847114563,0.3893412133551535,0.5638565123217785,False
ising,mixed,4,0,0.001,KL descent,1785,1786,2.5698769092559814,0.3893410821191315,0.5638562176226987,False
ising,mixed,4,0,0.001,KL descent,1786,1787,2.57082462310791,0.38934092681791405,0.5638561026783759,False
ising,mixed,4,0,0.001,KL descent,1787,1788,2.5734591484069824,0.3893407956509607,0.5638558082627448,False
ising,mixed,4,0,0.001,KL descent,1788,1789,2.5754432678222656,0.38934064046000527,0.5638556932951193,False
ising,mixed,4,0,0.001,KL descent,1789,1790,2.5774459838867188,0.3893405093618604,0.5638553991624533,False
ising,mixed,4,0,0.001,KL descent,1790,1791,2.5794460773468018,0.3893403542816605,0.5638552841721525,False
ising,mixed,4,0,0.001,KL descent,1791,1792,2.5814480781555176,0.38934022325447765,0.5638549903236107,False
ising,mixed,4,0,0.001,KL descent,1792,1793,2.583928346633911,0.38934006828564177,0.563854875311341,False
ising,mixed,4,0,0.001,KL descent,1793,1794,2.5849087238311768,0.38933993732720396,0.5638545817451157,False
ising,mixed,4,0,0.001,KL descent,1794,1795,2.585909843444824,0.3893397824691144,0.5638544667107408,False
ising,mixed,4,0,0.001,KL descent,1795,1796,2.5869109630584717,0.3893396515810181,0.5638541734276099,False
ising,mixed,4,0,0.001,KL descent,1796,1797,2.5878942012786865,0.3893394968339353,0.5638540583715956,False
ising,mixed,4,0,0.001,KL descent,1797,1798,2.5899765491485596,0.38933936601566305,0.5638537653709066,False
ising,mixed,4,0,0.001,KL descent,1798,1799,2.590984582901001,0.389339211379612,0.5638536502935536,False
ising,mixed,4,0,0.001,KL descent,1799,1800,2.590984582901001,0.38933908063257416,0.5638533575759572,False
ising,mixed,4,0,0.001,KL descent,1800,1801,2.592611074447632,0.3893389261088329,0.5638532424784212,False
ising,mixed,4,0,0.001,KL descent,1801,1802,2.593745231628418,0.38933879543281097,0.5638529500434712,False
ising,mixed,4,0,0.001,KL descent,1802,1803,2.594748020172119,0.3893386410210351,0.5638528349257992,False
ising,mixed,4,0,0.001,KL descent,1803,1804,2.595745086669922,0.38933851041664974,0.5638525427736105,False
ising,mixed,4,0,0.001,KL descent,1804,1805,2.5967488288879395,0.38933835611706924,0.5638524276362413,False
ising,mixed,4,0,0.001,KL descent,1805,1806,2.597745180130005,0.3893382255830258,0.5638521357656308,False
ising,mixed,4,0,0.001,KL descent,1806,1807,2.5987465381622314,0.3893380713943506,0.563852020607968,False
ising,mixed,4,0,0.001,KL descent,1807,1808,2.5997495651245117,0.3893379409318183,0.5638517290194285,False
ising,mixed,4,0,0.001,KL descent,1808,1809,2.6007516384124756,0.3893377868558957,0.5638516138430033,False
ising,mixed,4,0,0.001,KL descent,1809,1810,2.6017439365386963,0.38933765646575297,0.5638513225368287,False
ising,mixed,4,0,0.001,KL descent,1810,1811,2.603395462036133,0.38933750250249527,0.5638512073418632,False
ising,mixed,4,0,0.001,KL descent,1811,1812,2.6044020652770996,0.389337372184428,0.5638509163175371,False
ising,mixed,4,0,0.001,KL descent,1812,1813,2.6054153442382812,0.38933721833368096,0.5638508011042036,False
ising,mixed,4,0,0.001,KL descent,1813,1814,2.60654354095459,0.389337088087545,0.5638505103613223,False
ising,mixed,4,0,0.001,KL descent,1814,1815,2.6075439453125,0.3893369343486801,0.5638503951294682,False
ising,mixed,4,0,0.001,KL descent,1815,1816,2.608527421951294,0.38933680417532823,0.5638501046683112,False
ising,mixed,4,0,0.001,KL descent,1816,1817,2.609532117843628,0.3893366505504351,0.563849989419634,False
ising,mixed,4,0,0.001,KL descent,1817,1818,2.611534357070923,0.3893365204496892,0.5638496992397782,False
ising,mixed,4,0,0.001,KL descent,1818,1819,2.6125330924987793,0.3893363669373977,0.5638495839736115,False
ising,mixed,4,0,0.001,KL descent,1819,1820,2.6131625175476074,0.38933623691002045,0.563849294075278,False
ising,mixed,4,0,0.001,KL descent,1820,1821,2.614199638366699,0.3893360835107574,0.5638491787921913,False
ising,mixed,4,0,0.001,KL descent,1821,1822,2.615262269973755,0.3893359535552053,0.563848889174023,False
ising,mixed,4,0,0.001,KL descent,1822,1823,2.616257905960083,0.3893358002681903,0.563848773873753,False
ising,mixed,4,0,0.001,KL descent,1823,1824,2.617260217666626,0.38933567038623323,0.5638484845366497,False
ising,mixed,4,0,0.001,KL descent,1824,1825,2.619215726852417,0.38933551721370363,0.5638483692209895,False
ising,mixed,4,0,0.001,KL descent,1825,1826,2.621171474456787,0.38933538740599105,0.5638480801650984,False
ising,mixed,4,0,0.001,KL descent,1826,1827,2.62362003326416,0.38933523434672873,0.5638479648334866,False
ising,mixed,4,0,0.001,KL descent,1827,1828,2.625617504119873,0.38933510461244053,0.563847676057945,False
ising,mixed,4,0,0.001,KL descent,1828,1829,2.627622127532959,0.3893349516665161,0.5638475607106985,False
ising,mixed,4,0,0.001,KL descent,1829,1830,2.6296234130859375,0.3893348220058476,0.5638472722153383,False
ising,mixed,4,0,0.001,KL descent,1830,1831,2.6316211223602295,0.38933466917380477,0.5638471568530912,False
ising,mixed,4,0,0.001,KL descent,1831,1832,2.633235454559326,0.3893345395873777,0.5638468686380358,False
ising,mixed,4,0,0.001,KL descent,1832,1833,2.635333776473999,0.38933438686926103,0.5638467532610845,False
ising,mixed,4,0,0.001,KL descent,1833,1834,2.6373398303985596,0.3893342573569532,0.5638464653259476,False
ising,mixed,4,0,0.001,KL descent,1834,1835,2.6393489837646484,0.38933410475246893,0.5638463499343582,False
ising,mixed,4,0,0.001,KL descent,1835,1836,2.641326665878296,0.38933397531471603,0.5638460622791386,False
ising,mixed,4,0,0.001,KL descent,1836,1837,2.6429193019866943,0.389333822824228,0.5638459468734198,False
ising,mixed,4,0,0.001,KL descent,1837,1838,2.6450178623199463,0.389333693459748,0.5638456594969455,False
ising,mixed,4,0,0.001,KL descent,1838,1839,2.647019863128662,0.38933354108228685,0.5638455440766985,False
ising,mixed,4,0,0.001,KL descent,1839,1840,2.6490159034729004,0.38933341179325076,0.5638452569801422,False
ising,mixed,4,0,0.001,KL descent,1840,1841,2.6510138511657715,0.38933325953127623,0.563845141547306,False
ising,mixed,4,0,0.001,KL descent,1841,1842,2.652608871459961,0.3893331303179265,0.5638448547305372,False
ising,mixed,4,0,0.001,KL descent,1842,1843,2.6553189754486084,0.3893329781699384,0.5638447392843484,False
ising,mixed,4,0,0.001,KL descent,1843,1844,2.657320737838745,0.3893328490309693,0.5638444527461799,False
ising,mixed,4,0,0.001,KL descent,1844,1845,2.6593194007873535,0.38933269699684037,0.5638443372868107,False
ising,mixed,4,0,0.001,KL descent,1845,1846,2.661311626434326,0.38933256793250903,0.5638440510271153,False
ising,mixed,4,0,0.001,KL descent,1846,1847,2.662867784500122,0.38933241601254925,0.563843935555034,False
ising,mixed,4,0,0.001,KL descent,1847,1848,2.6649272441864014,0.38933228702329914,0.5638436495738169,False
ising,mixed,4,0,0.001,KL descent,1848,1849,2.6659302711486816,0.3893321352178443,0.563843534089511,False
ising,mixed,4,0,0.001,KL descent,1849,1850,2.666938066482544,0.38933200630505554,0.5638432483874104,False
ising,mixed,4,0,0.001,KL descent,1850,1851,2.667929172515869,0.38933185461445247,0.5638431328913744,False
ising,mixed,4,0,0.001,KL descent,1851,1852,2.668928623199463,0.3893317257770294,0.5638428474673444,False
ising,mixed,4,0,0.001,KL descent,1852,1853,2.6699304580688477,0.3893315742017064,0.5638427319601214,False
ising,mixed,4,0,0.001,KL descent,1853,1854,2.6708834171295166,0.3893314454395058,0.5638424468137715,False
ising,mixed,4,0,0.001,KL descent,1854,1855,2.6708834171295166,0.3893312939774236,0.5638423312942283,False
ising,mixed,4,0,0.001,KL descent,1855,1856,2.6734673976898193,0.38933116529091877,0.5638420464255829,False
ising,mixed,4,0,0.001,KL descent,1856,1857,2.674464464187622,0.38933101394414604,0.5638419308953808,False
ising,mixed,4,0,0.001,KL descent,1857,1858,2.675476312637329,0.38933088533322124,0.5638416463040591,False
ising,mixed,4,0,0.001,KL descent,1858,1859,2.6764883995056152,0.3893307341009656,0.5638415307629112,False
ising,mixed,4,0,0.001,KL descent,1859,1860,2.677522897720337,0.3893306055672017,0.5638412464496938,False
ising,mixed,4,0,0.001,KL descent,1860,1861,2.6785261631011963,0.3893304544498321,0.5638411308981051,False
ising,mixed,4,0,0.001,KL descent,1861,1862,2.6795332431793213,0.3893303259921588,0.563840846861966,False
ising,mixed,4,0,0.001,KL descent,1862,1863,2.6804819107055664,0.38933017498968325,0.5638407313001917,False
ising,mixed,4,0,0.001,KL descent,1863,1864,2.6814780235290527,0.3893300466074512,0.5638404475403912,False
ising,mixed,4,0,0.001,KL descent,1864,1865,2.6824793815612793,0.3893298957197315,0.5638403319685847,False
ising,mixed,4,0,0.001,KL descent,1865,1866,2.6840012073516846,0.3893297674142379,0.5638400484857127,False
ising,mixed,4,0,0.001,KL descent,1866,1867,2.6850008964538574,0.3893296166415512,0.5638399329043132,False
ising,mixed,4,0,0.001,KL descent,1867,1868,2.6860105991363525,0.3893294884126934,0.5638396496980019,False
ising,mixed,4,0,0.001,KL descent,1868,1869,2.687009334564209,0.3893293377554078,0.5638395341075064,False
ising,mixed,4,0,0.001,KL descent,1869,1870,2.688018798828125,0.389329209602976,0.5638392511773169,False
ising,mixed,4,0,0.001,KL descent,1870,1871,2.689063787460327,0.3893290590603461,0.5638391355774675,False
ising,mixed,4,0,0.001,KL descent,1871,1872,2.6900603771209717,0.38932893098490223,0.5638388529234867,False
ising,mixed,4,0,0.001,KL descent,1872,1873,2.691066026687622,0.3893287805565132,0.5638387373142448,False
ising,mixed,4,0,0.001,KL descent,1873,1874,2.691066026687622,0.3893286525570783,0.5638384549355091,False
ising,mixed,4,0,0.001,KL descent,1874,1875,2.6926231384277344,0.3893285022445807,0.563838339318242,False
ising,mixed,4,0,0.001,KL descent,1875,1876,2.693687915802002,0.3893283743231941,0.5638380572158502,False
ising,mixed,4,0,0.001,KL descent,1876,1877,2.6956892013549805,0.38932822412588786,0.5638379415903314,False
ising,mixed,4,0,0.001,KL descent,1877,1878,2.6966850757598877,0.3893280962811758,0.563837659763048,False
ising,mixed,4,0,0.001,KL descent,1878,1879,2.6976845264434814,0.3893279461988372,0.5638375441293653,False
ising,mixed,4,0,0.001,KL descent,1879,1880,2.698685884475708,0.3893278184308403,0.5638372625769263,False
ising,mixed,4,0,0.001,KL descent,1880,1881,2.6996829509735107,0.3893276684636352,0.5638371469354375,False
ising,mixed,4,0,0.001,KL descent,1881,1882,2.700683355331421,0.389327540773751,0.5638368656584974,False
ising,mixed,4,0,0.001,KL descent,1882,1883,2.7016842365264893,0.3893273909220023,0.5638367500096653,False
ising,mixed,4,0,0.001,KL descent,1883,1884,2.7026865482330322,0.38932726330841705,0.5638364690066981,False
ising,mixed,4,0,0.001,KL descent,1884,1885,2.703268051147461,0.38932711357066235,0.5638363533497629,False
ising,mixed,4,0,0.001,KL descent,1885,1886,2.7053046226501465,0.3893269860344052,0.563836072621174,False
ising,mixed,4,0,0.001,KL descent,1886,1887,2.7063186168670654,0.3893268364130261,0.5638359569580005,False
ising,mixed,4,0,0.001,KL descent,1887,1888,2.7073144912719727,0.3893267089548421,0.5638356765040087,False
ising,mixed,4,0,0.001,KL descent,1888,1889,2.708312511444092,0.3893265594483134,0.5638355608337998,False
ising,mixed,4,0,0.001,KL descent,1889,1890,2.709317445755005,0.38932643206771655,0.5638352806537735,False
ising,mixed,4,0,0.001,KL descent,1890,1891,2.710317611694336,0.3893262826771802,0.5638351649775446,False
ising,mixed,4,0,0.001,KL descent,1891,1892,2.7113237380981445,0.3893261553737857,0.5638348850709376,False
ising,mixed,4,0,0.001,KL descent,1892,1893,2.7139322757720947,0.3893260060973905,0.5638347693876651,False
ising,mixed,4,0,0.001,KL descent,1893,1894,2.715938091278076,0.38932587887210035,0.5638344897547931,False
ising,mixed,4,0,0.001,KL descent,1894,1895,2.7179360389709473,0.38932572971185025,0.5638343740660815,False
ising,mixed,4,0,0.001,KL descent,1895,1896,2.7199316024780273,0.3893256025643275,0.5638340947064238,False
ising,mixed,4,0,0.001,KL descent,1896,1897,2.7209315299987793,0.3893254535180841,0.5638339790110557,False
ising,mixed,4,0,0.001,KL descent,1897,1898,2.723559856414795,0.38932532644704604,0.5638336999234483,False
ising,mixed,4,0,0.001,KL descent,1898,1899,2.725562810897827,0.389325177516715,0.5638335842229487,False
ising,mixed,4,0,0.001,KL descent,1899,1900,2.727518320083618,0.3893250505251484,0.5638333054091353,False
ising,mixed,4,0,0.001,KL descent,1900,1901,2.72951602935791,0.3893249017106981,0.5638331897037232,False
ising,mixed,4,0,0.001,KL descent,1901,1902,2.731515645980835,0.38932477479668864,0.5638329111621108,False
ising,mixed,4,0,0.001,KL descent,1902,1903,2.733020544052124,0.3893246260969443,0.5638327954512197,False
ising,mixed,4,0,0.001,KL descent,1903,1904,2.7350289821624756,0.38932449926063717,0.5638325171816125,False
ising,mixed,4,0,0.001,KL descent,1904,1905,2.7370357513427734,0.3893243506763574,0.563832401465993,False
ising,mixed,4,0,0.001,KL descent,1905,1906,2.739036798477173,0.38932422391922267,0.5638321234691022,False
ising,mixed,4,0,0.001,KL descent,1906,1907,2.7410361766815186,0.3893240754501966,0.5638320077488486,False
ising,mixed,4,0,0.001,KL descent,1907,1908,2.742594003677368,0.389323948770084,0.5638317300229232,False
ising,mixed,4,0,0.001,KL descent,1908,1909,2.744612693786621,0.3893238004159465,0.5638316142980114,False
ising,mixed,4,0,0.001,KL descent,1909,1910,2.7466108798980713,0.3893236738137298,0.5638313368433548,False
ising,mixed,4,0,0.001,KL descent,1910,1911,2.7486114501953125,0.3893235255744372,0.5638312211139884,False
ising,mixed,4,0,0.001,KL descent,1911,1912,2.750608205795288,0.3893233990515516,0.5638309439312865,False
ising,mixed,4,0,0.001,KL descent,1912,1913,2.75311541557312,0.38932325092889514,0.5638308281989179,False
ising,mixed,4,0,0.001,KL descent,1913,1914,2.754633903503418,0.38932312448414136,0.5638305512870683,False
ising,mixed,4,0,0.001,KL descent,1914,1915,2.7566957473754883,0.3893229764760481,0.5638304355505134,False
ising,mixed,4,0,0.001,KL descent,1915,1916,2.758650064468384,0.3893228501095526,0.563830158909314,False
ising,mixed,4,0,0.001,KL descent,1916,1917,2.760647773742676,0.3893227022160695,0.563830043168838,False
ising,mixed,4,0,0.001,KL descent,1917,1918,2.763158082962036,0.38932257592741937,0.5638297667977177,False
ising,mixed,4,0,0.001,KL descent,1918,1919,2.765181303024292,0.38932242814951884,0.5638296510542075,False
ising,mixed,4,0,0.001,KL descent,1919,1920,2.767180919647217,0.38932230194006506,0.5638293749537968,False
ising,mixed,4,0,0.001,KL descent,1920,1921,2.769179582595825,0.3893221542779598,0.5638292592076302,False
ising,mixed,4,0,0.001,KL descent,1921,1922,2.771181344985962,0.38932202814787137,0.5638289833777582,False
ising,mixed,4,0,0.001,KL descent,1922,1923,2.7726950645446777,0.3893218806006266,0.5638288676285212,False
ising,mixed,4,0,0.001,KL descent,1923,1924,2.7737131118774414,0.3893217545472484,0.5638285920670951,False
ising,mixed,4,0,0.001,KL descent,1924,1925,2.7757201194763184,0.3893216071141827,0.5638284763145529,False
ising,mixed,4,0,0.001,KL descent,1925,1926,2.776719808578491,0.38932148113940807,0.5638282010225721,False
ising,mixed,4,0,0.001,KL descent,1926,1927,2.777719259262085,0.38932133382215056,0.5638280852680583,False
ising,mixed,4,0,0.001,KL descent,1927,1928,2.7787184715270996,0.38932120792699776,0.5638278102459284,False
ising,mixed,4,0,0.001,KL descent,1928,1929,2.779717445373535,0.38932106072562583,0.5638276944897207,False
ising,mixed,4,0,0.001,KL descent,1929,1930,2.780716896057129,0.38932093490969516,0.5638274197368885,False
ising,mixed,4,0,0.001,KL descent,1930,1931,2.78171706199646,0.3893207878226358,0.5638273039781418,False
ising,mixed,4,0,0.001,KL descent,1931,1932,2.782717704772949,0.3893206620849181,0.5638270294936301,False
ising,mixed,4,0,0.001,KL descent,1932,1933,2.78322434425354,0.389320515112732,0.563826913732953,False
ising,mixed,4,0,0.001,KL descent,1933,1934,2.7842326164245605,0.38932038945355185,0.563826639516696,False
ising,mixed,4,0,0.001,KL descent,1934,1935,2.7852389812469482,0.3893202425969135,0.5638265237547695,False
ising,mixed,4,0,0.001,KL descent,1935,1936,2.786238670349121,0.38932011701681524,0.5638262498068525,False
ising,mixed,4,0,0.001,KL descent,1936,1937,2.7882866859436035,0.3893199702745048,0.5638261340430681,False
ising,mixed,4,0,0.001,KL descent,1937,1938,2.7894906997680664,0.38931984477251214,0.5638258603625492,False
ising,mixed,4,0,0.001,KL descent,1938,1939,2.7905478477478027,0.389319698145381,0.563825744597705,False
ising,mixed,4,0,0.001,KL descent,1939,1940,2.791548013687134,0.38931957272284234,0.56382547118521,False
ising,mixed,4,0,0.001,KL descent,1940,1941,2.7925479412078857,0.38931942621090493,0.5638253554195441,False
ising,mixed,4,0,0.001,KL descent,1941,1942,2.7931087017059326,0.3893193008675289,0.5638250822745934,False
ising,mixed,4,0,0.001,KL descent,1942,1943,2.794163703918457,0.3893191544704099,0.5638249665080679,False
ising,mixed,4,0,0.001,KL descent,1943,1944,2.7961535453796387,0.389319029205884,0.5638246936301631,False
ising,mixed,4,0,0.001,KL descent,1944,1945,2.7971537113189697,0.3893188829237662,0.563824577863122,False
ising,mixed,4,0,0.001,KL descent,1945,1946,2.79815936088562,0.3893187577380315,0.5638243052519414,False
ising,mixed,4,0,0.001,KL descent,1946,1947,2.7991533279418945,0.38931861157005854,0.5638241894840237,False
ising,mixed,4,0,0.001,KL descent,1947,1948,2.8001558780670166,0.3893184864628329,0.5638239171390923,False
ising,mixed,4,0,0.001,KL descent,1948,1949,2.801157236099243,0.38931834041013813,0.5638238013712864,False
ising,mixed,4,0,0.001,KL descent,1949,1950,2.801157236099243,0.3893182153824448,0.5638235292930158,False
ising,mixed,4,0,0.001,KL descent,1950,1951,2.802708387374878,0.38931806944514424,0.5638234135256206,False
ising,mixed,4,0,0.001,KL descent,1951,1952,2.803770065307617,0.38931794449707885,0.5638231417137954,False
ising,mixed,4,0,0.001,KL descent,1952,1953,2.8062944412231445,0.3893177986736904,0.5638230259460202,False
ising,mixed,4,0,0.001,KL descent,1953,1954,2.80726957321167,0.3893176738033661,0.5638227543990755,False
ising,mixed,4,0,0.001,KL descent,1954,1955,2.8082730770111084,0.3893175280943827,0.5638226386314714,False
ising,mixed,4,0,0.001,KL descent,1955,1956,2.809269428253174,0.3893174033041119,0.5638223673506957,False
ising,mixed,4,0,0.001,KL descent,1956,1957,2.8102734088897705,0.38931725771063197,0.5638222515842287,False
ising,mixed,4,0,0.001,KL descent,1957,1958,2.811272621154785,0.38931713299892295,0.5638219805683311,False
ising,mixed,4,0,0.001,KL descent,1958,1959,2.8128273487091064,0.38931698751942106,0.5638218648021751,False
ising,mixed,4,0,0.001,KL descent,1959,1960,2.8138809204101562,0.3893168628874121,0.5638215940516447,False
ising,mixed,4,0,0.001,KL descent,1960,1961,2.8148863315582275,0.3893167175229193,0.5638214782867208,False
ising,mixed,4,0,0.001,KL descent,1961,1962,2.815882444381714,0.389316592969607,0.5638212078005965,False
ising,mixed,4,0,0.001,KL descent,1962,1963,2.816887140274048,0.3893164477191043,0.5638210920364269,False
ising,mixed,4,0,0.001,KL descent,1963,1964,2.817894697189331,0.3893163232443704,0.5638208218143489,False
ising,mixed,4,0,0.001,KL descent,1964,1965,2.8188841342926025,0.38931617810766417,0.5638207060510111,False
ising,mixed,4,0,0.001,KL descent,1965,1966,2.8198862075805664,0.38931605371298245,0.5638204360936978,False
ising,mixed,4,0,0.001,KL descent,1966,1967,2.8208796977996826,0.38931590869233074,0.5638203203329486,False
ising,mixed,4,0,0.001,KL descent,1967,1968,2.822462797164917,0.38931578437737807,0.5638200506399023,False
ising,mixed,4,0,0.001,KL descent,1968,1969,2.8235232830047607,0.3893156394709609,0.5638199348807151,False
ising,mixed,4,0,0.001,KL descent,1969,1970,2.824523687362671,0.3893155152346872,0.5638196654509458,False
ising,mixed,4,0,0.001,KL descent,1970,1971,2.8255228996276855,0.38931537044129877,0.5638195496927119,False
ising,mixed,4,0,0.001,KL descent,1971,1972,2.826519727706909,0.38931524628333947,0.5638192805256883,False
ising,mixed,4,0,0.001,KL descent,1972,1973,2.8275251388549805,0.38931510160467725,0.5638191647697717,False
ising,mixed,4,0,0.001,KL descent,1973,1974,2.828523635864258,0.3893149775268206,0.5638188958664356,False
ising,mixed,4,0,0.001,KL descent,1974,1975,2.8295204639434814,0.38931483296272984,0.5638187801129471,False
ising,mixed,4,0,0.001,KL descent,1975,1976,2.830519437789917,0.3893147089640527,0.5638185114723896,False
ising,mixed,4,0,0.001,KL descent,1976,1977,2.8315212726593018,0.3893145645142789,0.5638183957213656,False
ising,mixed,4,0,0.001,KL descent,1977,1978,2.833080291748047,0.3893144405950151,0.5638181273434698,False
ising,mixed,4,0,0.001,KL descent,1978,1979,2.834134101867676,0.3893142962587329,0.5638180115945599,False
ising,mixed,4,0,0.001,KL descent,1979,1980,2.8351244926452637,0.38931417241801114,0.5638177434784573,False
ising,mixed,4,0,0.001,KL descent,1980,1981,2.8361330032348633,0.38931402819635674,0.56381762773264,False
ising,mixed,4,0,0.001,KL descent,1981,1982,2.837125301361084,0.3893139044351755,0.5638173598787313,False
ising,mixed,4,0,0.001,KL descent,1982,1983,2.8381094932556152,0.3893137603266114,0.5638172441351743,False
ising,mixed,4,0,0.001,KL descent,1983,1984,2.839083433151245,0.3893136366444119,0.5638169765428035,False
ising,mixed,4,0,0.001,KL descent,1984,1985,2.8401243686676025,0.3893134926514052,0.5638168608033896,False
ising,mixed,4,0,0.001,KL descent,1985,1986,2.84112811088562,0.38931336904987335,0.5638165934734312,False
ising,mixed,4,0,0.001,KL descent,1986,1987,2.842684030532837,0.389313225169319,0.5638164777362618,False
ising,mixed,4,0,0.001,KL descent,1987,1988,2.843740224838257,0.3893131016446503,0.5638162106658442,False
ising,mixed,4,0,0.001,KL descent,1988,1989,2.8447415828704834,0.3893129578782643,0.5638160949322892,False
ising,mixed,4,0,0.001,KL descent,1989,1990,2.8457393646240234,0.389312834434448,0.5638158281238546,False
ising,mixed,4,0,0.001,KL descent,1990,1991,2.8467414379119873,0.3893126907816277,0.5638157123937168,False
ising,mixed,4,0,0.001,KL descent,1991,1992,2.8477439880371094,0.38931256741687303,0.5638154458457723,False
ising,mixed,4,0,0.001,KL descent,1992,1993,2.8487398624420166,0.3893124238786666,0.5638153301199675,False
ising,mixed,4,0,0.001,KL descent,1993,1994,2.8497629165649414,0.3893123005937405,0.5638150638327609,False
ising,mixed,4,0,0.001,KL descent,1994,1995,2.8517394065856934,0.3893121571694981,0.5638149481110528,False
ising,mixed,4,0,0.001,KL descent,1995,1996,2.853297710418701,0.3893120339632717,0.5638146820835419,False
ising,mixed,4,0,0.001,KL descent,1996,1997,2.8559353351593018,0.38931189065068655,0.5638145663645686,False
ising,mixed,4,0,0.001,KL descent,1997,1998,2.8579325675964355,0.38931176752303215,0.5638143005963896,False
ising,mixed,4,0,0.001,KL descent,1998,1999,2.8599185943603516,0.3893116243249882,0.563814184882319,False
ising,mixed,4,0,0.001,KL descent,1999,2000,2.8609204292297363,0.38931150127773806,0.5638139193744461,False
ising,mixed,4,0,0.001,KL descent,2000,2001,2.8635311126708984,0.38931135819352625,0.5638138036649994,False
ising,mixed,4,0,0.001,KL descent,2001,2002,2.8655285835266113,0.3893112352258526,0.563813538416598,False
ising,mixed,4,0,0.001,KL descent,2002,2003,2.8675289154052734,0.3893110922549585,0.5638134227116309,False
ising,mixed,4,0,0.001,KL descent,2003,2004,2.869534969329834,0.3893109693652532,0.5638131577213331,False
ising,mixed,4,0,0.001,KL descent,2004,2005,2.8715221881866455,0.3893108265077134,0.5638130420210699,False
ising,mixed,4,0,0.001,KL descent,2005,2006,2.8732669353485107,0.3893107036976361,0.5638127772897321,False
ising,mixed,4,0,0.001,KL descent,2006,2007,2.8754220008850098,0.38931056095286704,0.5638126615939831,False
ising,mixed,4,0,0.001,KL descent,2007,2008,2.8773748874664307,0.3893104382223398,0.5638123971212805,False
ising,mixed,4,0,0.001,KL descent,2008,2009,2.8793585300445557,0.3893102955911575,0.5638122814308024,False
ising,mixed,4,0,0.001,KL descent,2009,2010,2.8813693523406982,0.3893101729395571,0.5638120172160367,False
ising,mixed,4,0,0.001,KL descent,2010,2011,2.882882595062256,0.3893100304214425,0.5638119015306793,False
ising,mixed,4,0,0.001,KL descent,2011,2012,2.884932041168213,0.38930990784952285,0.5638116375740952,False
ising,mixed,4,0,0.001,KL descent,2012,2013,2.8869528770446777,0.3893097654452461,0.5638115218945816,False
ising,mixed,4,0,0.001,KL descent,2013,2014,2.8889544010162354,0.3893096429522126,0.5638112581953715,False
ising,mixed,4,0,0.001,KL descent,2014,2015,2.8909590244293213,0.3893095006597194,0.5638111425205053,False
ising,mixed,4,0,0.001,KL descent,2015,2016,2.89357852935791,0.38930937824618655,0.563810879078807,False
ising,mixed,4,0,0.001,KL descent,2016,2017,2.89457631111145,0.3893092360680081,0.5638107634105131,False
ising,mixed,4,0,0.001,KL descent,2017,2018,2.8975744247436523,0.38930911373411436,0.563810500226158,False
ising,mixed,4,0,0.001,KL descent,2018,2019,2.8985750675201416,0.3893089716679319,0.5638103845630578,False
ising,mixed,4,0,0.001,KL descent,2019,2020,2.9005813598632812,0.3893088494123489,0.563810121634869,False
ising,mixed,4,0,0.001,KL descent,2020,2021,2.902574300765991,0.38930870745918744,0.5638100059778608,False
ising,mixed,4,0,0.001,KL descent,2021,2022,2.904710531234741,0.3893085852825218,0.5638097433059852,False
ising,mixed,4,0,0.001,KL descent,2022,2023,2.9068329334259033,0.38930844344113674,0.5638096276544176,False
ising,mixed,4,0,0.001,KL descent,2023,2024,2.9088351726531982,0.389308321344807,0.5638093652395463,False
ising,mixed,4,0,0.001,KL descent,2024,2025,2.910830020904541,0.38930817961767517,0.5638092495953086,False
ising,mixed,4,0,0.001,KL descent,2025,2026,2.9134364128112793,0.3893080576000902,0.5638089874360921,False
ising,mixed,4,0,0.001,KL descent,2026,2027,2.915565013885498,0.38930791598538944,0.56380887179814,False
ising,mixed,4,0,0.001,KL descent,2027,2028,2.9175596237182617,0.3893077940473404,0.5638086098948489,False
ising,mixed,4,0,0.001,KL descent,2028,2029,2.9195241928100586,0.38930765254523975,0.5638084942634963,False
ising,mixed,4,0,0.001,KL descent,2029,2030,2.921518564224243,0.38930753068580665,0.5638082326152369,False
ising,mixed,4,0,0.001,KL descent,2030,2031,2.923076629638672,0.38930738929471664,0.5638081169895999,False
ising,mixed,4,0,0.001,KL descent,2031,2032,2.9251770973205566,0.38930726751410094,0.5638078555962391,False
ising,mixed,4,0,0.001,KL descent,2032,2033,2.9271788597106934,0.3893071262364463,0.5638077399781629,False
ising,mixed,4,0,0.001,KL descent,2033,2034,2.929080009460449,0.3893070045354623,0.5638074788399904,False
ising,mixed,4,0,0.001,KL descent,2034,2035,2.931081533432007,0.3893068633707553,0.5638073632293392,False
ising,mixed,4,0,0.001,KL descent,2035,2036,2.932593584060669,0.38930674174948376,0.5638071023461436,False
ising,mixed,4,0,0.001,KL descent,2036,2037,2.9346060752868652,0.3893066006962844,0.563806986742134,False
ising,mixed,4,0,0.001,KL descent,2037,2038,2.936614751815796,0.3893064791527541,0.5638067261123048,False
ising,mixed,4,0,0.001,KL descent,2038,2039,2.9386768341064453,0.3893063382117978,0.5638066105156354,False
ising,mixed,4,0,0.001,KL descent,2039,2040,2.940744161605835,0.3893062167481478,0.5638063501403636,False
ising,mixed,4,0,0.001,KL descent,2040,2041,2.9433844089508057,0.38930607591957195,0.5638062345513155,False
ising,mixed,4,0,0.001,KL descent,2041,2042,2.945504903793335,0.3893059545356583,0.5638059744302393,False
ising,mixed,4,0,0.001,KL descent,2042,2043,2.947505474090576,0.38930581381977963,0.563805858849229,False
ising,mixed,4,0,0.001,KL descent,2043,2044,2.949512004852295,0.3893056925144607,0.5638055989813041,False
ising,mixed,4,0,0.001,KL descent,2044,2045,2.9514269828796387,0.3893055519093048,0.5638054834071844,False
ising,mixed,4,0,0.001,KL descent,2045,2046,2.9530177116394043,0.3893054306817418,0.5638052237915749,False
ising,mixed,4,0,0.001,KL descent,2046,2047,2.955690383911133,0.3893052901885611,0.5638051082253821,False
ising,mixed,4,0,0.001,KL descent,2047,2048,2.9577860832214355,0.3893051690406611,0.5638048488631222,False
ising,mixed,4,0,0.001,KL descent,2048,2049,2.9597840309143066,0.38930502866016703,0.56380473330554,False
ising,mixed,4,0,0.001,KL descent,2049,2050,2.9617860317230225,0.3893049075924938,0.5638044741967473,False
ising,mixed,4,0,0.001,KL descent,2050,2051,2.9633965492248535,0.38930476732427566,0.5638043586476895,False
ising,mixed,4,0,0.001,KL descent,2051,2052,2.965496063232422,0.38930464633520784,0.5638040997909997,False
ising,mixed,4,0,0.001,KL descent,2052,2053,2.9675159454345703,0.3893045061776136,0.5638039842495339,False
ising,mixed,4,0,0.001,KL descent,2053,2054,2.9694912433624268,0.38930438526675454,0.5638037256444102,False
ising,mixed,4,0,0.001,KL descent,2054,2055,2.9723992347717285,0.38930424522024,0.5638036101110381,False
ising,mixed,4,0,0.001,KL descent,2055,2056,2.9739134311676025,0.38930412438749773,0.5638033517571561,False
ising,mixed,4,0,0.001,KL descent,2056,2057,2.9759209156036377,0.3893039844524613,0.5638032362323384,False
ising,mixed,4,0,0.001,KL descent,2057,2058,2.9779202938079834,0.3893038637002085,0.563802978131051,False
ising,mixed,4,0,0.001,KL descent,2058,2059,2.9799208641052246,0.3893037238785134,0.5638028626162461,False
ising,mixed,4,0,0.001,KL descent,2059,2060,2.9824273586273193,0.38930360320550944,0.5638026047664475,False
ising,mixed,4,0,0.001,KL descent,2060,2061,2.9844374656677246,0.3893034634946025,0.563802489260112,False
ising,mixed,4,0,0.001,KL descent,2061,2062,2.986449718475342,0.3893033429003835,0.5638022316612201,False
ising,mixed,4,0,0.001,KL descent,2062,2063,2.9884469509124756,0.38930320329990775,0.5638021161633026,False
ising,mixed,4,0,0.001,KL descent,2063,2064,2.9904494285583496,0.3893030827824549,0.563801858813685,False
ising,mixed,4,0,0.001,KL descent,2064,2065,2.993062973022461,0.3893029432926878,0.5638017433245588,False
ising,mixed,4,0,0.001,KL descent,2065,2066,2.9951117038726807,0.38930282285591145,0.5638014862266153,False
ising,mixed,4,0,0.001,KL descent,2066,2067,2.997112512588501,0.3893026834790467,0.5638013707479655,False
ising,mixed,4,0,0.001,KL descent,2067,2068,2.9991261959075928,0.3893025631207746,0.5638011138999555,False
ising,mixed,4,0,0.001,KL descent,2068,2069,3.001105546951294,0.389302423854214,0.5638009984302013,False
ising,mixed,4,0,0.001,KL descent,2069,2070,3.002660036087036,0.38930230357538714,0.5638007418325077,False
ising,mixed,4,0,0.001,KL descent,2070,2071,3.005718469619751,0.3893021644196759,0.5638006263722093,False
ising,mixed,4,0,0.001,KL descent,2071,2072,3.0077965259552,0.38930204421835035,0.563800370023247,False
ising,mixed,4,0,0.001,KL descent,2072,2073,3.0097246170043945,0.3893019051730963,0.5638002545723284,False
ising,mixed,4,0,0.001,KL descent,2073,2074,3.011794090270996,0.38930178505077506,0.5637999984728571,False
ising,mixed,4,0,0.001,KL descent,2074,2075,3.0134522914886475,0.3893016461172374,0.5637998830323575,False
ising,mixed,4,0,0.001,KL descent,2075,2076,3.015599012374878,0.38930152607454555,0.563799627182547,False
ising,mixed,4,0,0.001,KL descent,2076,2077,3.0175862312316895,0.3893013872513764,0.5637995117517407,False
ising,mixed,4,0,0.001,KL descent,2077,2078,3.019578695297241,0.38930126728641745,0.5637992561500389,False
ising,mixed,4,0,0.001,KL descent,2078,2079,3.0224783420562744,0.38930112857413623,0.5637991407294654,False
ising,mixed,4,0,0.001,KL descent,2079,2080,3.0244905948638916,0.3893010086886044,0.5637988853767706,False
ising,mixed,4,0,0.001,KL descent,2080,2081,3.0264995098114014,0.3893008700871088,0.5637987699665399,False
ising,mixed,4,0,0.001,KL descent,2081,2082,3.028499126434326,0.3893007502794502,0.5637985148615379,False
ising,mixed,4,0,0.001,KL descent,2082,2083,3.0304982662200928,0.38930061178748393,0.5637983994609868,False
ising,mixed,4,0,0.001,KL descent,2083,2084,3.0325026512145996,0.3893004920591113,0.5637981446043754,False
ising,mixed,4,0,0.001,KL descent,2084,2085,3.0350253582000732,0.3893003536790292,0.5637980292152893,False
ising,mixed,4,0,0.001,KL descent,2085,2086,3.0370376110076904,0.38930023402909153,0.5637977746062384,False
ising,mixed,4,0,0.001,KL descent,2086,2087,3.0390353202819824,0.38930009575824087,0.563797659227,False
ising,mixed,4,0,0.001,KL descent,2087,2088,3.041036367416382,0.3892999761871439,0.5637974048655199,False
ising,mixed,4,0,0.001,KL descent,2088,2089,3.0435619354248047,0.3892998380267992,0.5637972894971817,False
ising,mixed,4,0,0.001,KL descent,2089,2090,3.0455732345581055,0.38929971853379897,0.5637970353825117,False
ising,mixed,4,0,0.001,KL descent,2090,2091,3.04757022857666,0.3892995804842525,0.5637969200254578,False
ising,mixed,4,0,0.001,KL descent,2091,2092,3.0495688915252686,0.3892994610700887,0.563796666157848,False
ising,mixed,4,0,0.001,KL descent,2092,2093,3.051569700241089,0.38929932313031035,0.5637965508115559,False
ising,mixed,4,0,0.001,KL descent,2093,2094,3.0533432960510254,0.38929920379408667,0.56379629719014,False
ising,mixed,4,0,0.001,KL descent,2094,2095,3.055237054824829,0.3892990659642854,0.5637961818549344,False
ising,mixed,4,0,0.001,KL descent,2095,2096,3.056246519088745,0.38929894670706006,0.5637959284801788,False
ising,mixed,4,0,0.001,KL descent,2096,2097,3.0572469234466553,0.3892988089864337,0.5637958131557017,False
ising,mixed,4,0,0.001,KL descent,2097,2098,3.05824613571167,0.38929868980790305,0.5637955600271384,False
ising,mixed,4,0,0.001,KL descent,2098,2099,3.0592455863952637,0.3892985521981022,0.5637954447146938,False
ising,mixed,4,0,0.001,KL descent,2099,2100,3.0612473487854004,0.389298433097175,0.5637951918313286,False
ising,mixed,4,0,0.001,KL descent,2100,2101,3.0612473487854004,0.38929829559710183,0.5637950765303537,False
ising,mixed,4,0,0.001,KL descent,2101,2102,3.062755584716797,0.38929817657538,0.5637948238930208,False
ising,mixed,4,0,0.001,KL descent,2102,2103,3.0647695064544678,0.38929803918530453,0.5637947086038789,False
ising,mixed,4,0,0.001,KL descent,2103,2104,3.0657846927642822,0.38929792024163645,0.563794456211542,False
ising,mixed,4,0,0.001,KL descent,2104,2105,3.0667800903320312,0.38929778296102546,0.5637943409340527,False
ising,mixed,4,0,0.001,KL descent,2105,2106,3.067823886871338,0.38929766409616606,0.5637940887869723,False
ising,mixed,4,0,0.001,KL descent,2106,2107,3.0688350200653076,0.3892975269245045,0.5637939735209656,False
ising,mixed,4,0,0.001,KL descent,2107,2108,3.0698275566101074,0.38929740813684033,0.5637937216177843,False
ising,mixed,4,0,0.001,KL descent,2108,2109,3.071781873703003,0.38929727107406725,0.5637936063634011,False
ising,mixed,4,0,0.001,KL descent,2109,2110,3.0744478702545166,0.38929715236520357,0.5637933547049626,False
ising,mixed,4,0,0.001,KL descent,2110,2111,3.076395034790039,0.3892970154142023,0.5637932394643435,False
ising,mixed,4,0,0.001,KL descent,2111,2112,3.0784361362457275,0.3892968967849372,0.56379298805094,False
ising,mixed,4,0,0.001,KL descent,2112,2113,3.0804598331451416,0.38929675994154594,0.5637928728214314,False
ising,mixed,4,0,0.001,KL descent,2113,2114,3.083754539489746,0.3892966413884215,0.5637926216504556,False
ising,mixed,4,0,0.001,KL descent,2114,2115,3.0857362747192383,0.38929650465429144,0.563792506433363,False
ising,mixed,4,0,0.001,KL descent,2115,2116,3.087738275527954,0.3892963861802394,0.5637922555065558,False
ising,mixed,4,0,0.001,KL descent,2116,2117,3.0897979736328125,0.38929624955566433,0.5637921403022557,False
ising,mixed,4,0,0.001,KL descent,2117,2118,3.090731382369995,0.3892961311597325,0.5637918896187228,False
ising,mixed,4,0,0.001,KL descent,2118,2119,3.092735528945923,0.38929599464398407,0.5637917744268959,False
ising,mixed,4,0,0.001,KL descent,2119,2120,3.094271183013916,0.38929587632616497,0.5637915239863784,False
ising,mixed,4,0,0.001,KL descent,2120,2121,3.0952839851379395,0.389295739919742,0.5637914088075477,False
ising,mixed,4,0,0.001,KL descent,2121,2122,3.0962870121002197,0.3892956216800552,0.563791158609805,False
ising,mixed,4,0,0.001,KL descent,2122,2123,3.0982861518859863,0.38929548538206343,0.5637910434435384,False
ising,mixed,4,0,0.001,KL descent,2123,2124,3.1012840270996094,0.3892953672206463,0.5637907934884185,False
ising,mixed,4,0,0.001,KL descent,2124,2125,3.102797031402588,0.3892952310315812,0.5637906783352278,False
ising,mixed,4,0,0.001,KL descent,2125,2126,3.1048178672790527,0.38929511294759733,0.5637904286219046,False
ising,mixed,4,0,0.001,KL descent,2126,2127,3.1058175563812256,0.389294976866611,0.5637903134813943,False
ising,mixed,4,0,0.001,KL descent,2127,2128,3.1078174114227295,0.38929485886068194,0.5637900640100464,False
ising,mixed,4,0,0.001,KL descent,2128,2129,3.1088671684265137,0.38929472288973654,0.5637899488837266,False
ising,mixed,4,0,0.001,KL descent,2129,2130,3.109860897064209,0.3892946049631255,0.5637896996549616,False
ising,mixed,4,0,0.001,KL descent,2130,2131,3.110854387283325,0.3892944691002009,0.5637895845416319,False
ising,mixed,4,0,0.001,KL descent,2131,2132,3.112889289855957,0.3892943512500212,0.5637893355532395,False
ising,mixed,4,0,0.001,KL descent,2132,2133,3.114459753036499,0.3892942154951858,0.5637892204531226,False
ising,mixed,4,0,0.001,KL descent,2133,2134,3.115513801574707,0.3892940977233552,0.5637889717061579,False
ising,mixed,4,0,0.001,KL descent,2134,2135,3.116464614868164,0.3892939620768765,0.5637888566196114,False
ising,mixed,4,0,0.001,KL descent,2135,2136,3.117459774017334,0.38929384438314285,0.563788608113653,False
ising,mixed,4,0,0.001,KL descent,2136,2137,3.1185152530670166,0.3892937088455007,0.5637884930411826,False
ising,mixed,4,0,0.001,KL descent,2137,2138,3.120802402496338,0.3892935912295541,0.5637882447757703,False
ising,mixed,4,0,0.001,KL descent,2138,2139,3.12282657623291,0.3892934557996596,0.563788129716806,False
ising,mixed,4,0,0.001,KL descent,2139,2140,3.124845504760742,0.38929333826140017,0.5637878816916259,False
ising,mixed,4,0,0.001,KL descent,2140,2141,3.1268467903137207,0.3892932029397432,0.5637877666466765,False
ising,mixed,4,0,0.001,KL descent,2141,2142,3.1288442611694336,0.3892930854795682,0.5637875188617525,False
ising,mixed,4,0,0.001,KL descent,2142,2143,3.13034987449646,0.3892929502660021,0.5637874038308939,False
ising,mixed,4,0,0.001,KL descent,2143,2144,3.132878541946411,0.389292832882853,0.5637871562852541,False
ising,mixed,4,0,0.001,KL descent,2144,2145,3.1349470615386963,0.389292697777013,0.5637870412684123,False
ising,mixed,4,0,0.001,KL descent,2145,2146,3.1368930339813232,0.38929258047208465,0.5637867939626249,False
ising,mixed,4,0,0.001,KL descent,2146,2147,3.138899803161621,0.3892924454751928,0.5637866789608006,False
ising,mixed,4,0,0.001,KL descent,2147,2148,3.1398942470550537,0.389292328248152,0.5637864318944013,False
ising,mixed,4,0,0.001,KL descent,2148,2149,3.140892744064331,0.38929219335810866,0.5637863169063388,False
ising,mixed,4,0,0.001,KL descent,2149,2150,3.1424031257629395,0.3892920762083788,0.5637860700786803,False
ising,mixed,4,0,0.001,KL descent,2150,2151,3.14341139793396,0.3892919414254252,0.5637859551047179,False
ising,mixed,4,0,0.001,KL descent,2151,2152,3.1444191932678223,0.3892918243534963,0.5637857085158892,False
ising,mixed,4,0,0.001,KL descent,2152,2153,3.145437717437744,0.38929168967917643,0.5637855935572526,False
ising,mixed,4,0,0.001,KL descent,2153,2154,3.1464385986328125,0.3892915726841883,0.5637853472064255,False
ising,mixed,4,0,0.001,KL descent,2154,2155,3.1484768390655518,0.3892914381168103,0.5637852322621307,False
ising,mixed,4,0,0.001,KL descent,2155,2156,3.149475336074829,0.389291321200133,0.5637849861499926,False
ising,mixed,4,0,0.001,KL descent,2156,2157,3.1504952907562256,0.3892911867405637,0.5637848712207995,False
ising,mixed,4,0,0.001,KL descent,2157,2158,3.1514813899993896,0.3892910699014105,0.5637846253465688,False
ising,mixed,4,0,0.001,KL descent,2158,2159,3.1524746417999268,0.3892909355493542,0.5637845104324543,False
ising,mixed,4,0,0.001,KL descent,2159,2160,3.153918981552124,0.3892908187874865,0.5637842647957223,False
ising,mixed,4,0,0.001,KL descent,2160,2161,3.155503273010254,0.38929068454279103,0.5637841498967522,False
ising,mixed,4,0,0.001,KL descent,2161,2162,3.1565637588500977,0.38929056785861643,0.5637839044975581,False
ising,mixed,4,0,0.001,KL descent,2162,2163,3.157519817352295,0.3892904337206307,0.5637837896134545,False
ising,mixed,4,0,0.001,KL descent,2163,2164,3.1585545539855957,0.3892903171127901,0.5637835444506298,False
ising,mixed,4,0,0.001,KL descent,2164,2165,3.160520315170288,0.3892901830818138,0.5637834295817683,False
ising,mixed,4,0,0.001,KL descent,2165,2166,3.163027286529541,0.38929006655275206,0.56378318465673,False
ising,mixed,4,0,0.001,KL descent,2166,2167,3.1650547981262207,0.38928993262911293,0.5637830698035047,False
ising,mixed,4,0,0.001,KL descent,2167,2168,3.167053699493408,0.38928981617673275,0.5637828251145831,False
ising,mixed,4,0,0.001,KL descent,2168,2169,3.1680514812469482,0.38928968236035155,0.5637827102771132,False
ising,mixed,4,0,0.001,KL descent,2169,2170,3.1695191860198975,0.3892895659847527,0.5637824658241358,False
ising,mixed,4,0,0.001,KL descent,2170,2171,3.171537160873413,0.3892894322739684,0.5637823510014519,False
ising,mixed,4,0,0.001,KL descent,2171,2172,3.174079179763794,0.3892893159763329,0.5637821067849792,False
ising,mixed,4,0,0.001,KL descent,2172,2173,3.1770851612091064,0.38928918237383997,0.5637819919790876,False
ising,mixed,4,0,0.001,KL descent,2173,2174,3.1795706748962402,0.38928906615292463,0.563781747998039,False
ising,mixed,4,0,0.001,KL descent,2174,2175,3.1805338859558105,0.3892889326561425,0.5637816332073488,False
ising,mixed,4,0,0.001,KL descent,2175,2176,3.1815314292907715,0.38928881651229597,0.563781389461711,False
ising,mixed,4,0,0.001,KL descent,2176,2177,3.1830382347106934,0.38928868312210985,0.5637812746869959,False
ising,mixed,4,0,0.001,KL descent,2177,2178,3.1840498447418213,0.38928856705643683,0.5637810311772833,False
ising,mixed,4,0,0.001,KL descent,2178,2179,3.1860592365264893,0.38928843377394307,0.5637809164194577,False
ising,mixed,4,0,0.001,KL descent,2179,2180,3.1870596408843994,0.38928831778551065,0.5637806731447985,False
ising,mixed,4,0,0.001,KL descent,2180,2181,3.189099073410034,0.3892881846088958,0.5637805584027926,False
ising,mixed,4,0,0.001,KL descent,2181,2182,3.1910629272460938,0.38928806869637556,0.5637803153620387,False
ising,mixed,4,0,0.001,KL descent,2182,2183,3.1925761699676514,0.3892879356249357,0.5637802006355391,False
ising,mixed,4,0,0.001,KL descent,2183,2184,3.1935911178588867,0.3892878197902058,0.5637799578297296,False
ising,mixed,4,0,0.001,KL descent,2184,2185,3.1956026554107666,0.3892876868259876,0.5637798431202999,False
ising,mixed,4,0,0.001,KL descent,2185,2186,3.196653127670288,0.3892875710673304,0.5637796005480256,False
ising,mixed,4,0,0.001,KL descent,2186,2187,3.197643756866455,0.3892874382086631,0.5637794858546936,False
ising,mixed,4,0,0.001,KL descent,2187,2188,3.1986477375030518,0.3892873225278007,0.5637792435168878,False
ising,mixed,4,0,0.001,KL descent,2188,2189,3.1996448040008545,0.3892871897758723,0.5637791288406242,False
ising,mixed,4,0,0.001,KL descent,2189,2190,3.2016031742095947,0.38928707417270086,0.5637788867369795,False
ising,mixed,4,0,0.001,KL descent,2190,2191,3.20259952545166,0.3892869415275205,0.5637787720779623,False
ising,mixed,4,0,0.001,KL descent,2191,2192,3.2031145095825195,0.3892868260005965,0.5637785302072529,False
ising,mixed,4,0,0.001,KL descent,2192,2193,3.2051215171813965,0.3892866934596506,0.5637784155639338,False
ising,mixed,4,0,0.001,KL descent,2193,2194,3.2061169147491455,0.3892865780086721,0.563778173925719,False
ising,mixed,4,0,0.001,KL descent,2194,2195,3.209118127822876,0.38928644557319886,0.5637780592991042,False
ising,mixed,4,0,0.001,KL descent,2195,2196,3.211122512817383,0.3892863301987424,0.5637778178935392,False
ising,mixed,4,0,0.001,KL descent,2196,2197,3.2135612964630127,0.3892861978701536,0.5637777032847519,False
ising,mixed,4,0,0.001,KL descent,2197,2198,3.215569257736206,0.3892860825744443,0.5637774621131122,False
ising,mixed,4,0,0.001,KL descent,2198,2199,3.2175590991973877,0.3892859503525862,0.5637773475222168,False
ising,mixed,4,0,0.001,KL descent,2199,2200,3.2195606231689453,0.38928583513293874,0.5637771065824426,False
ising,mixed,4,0,0.001,KL descent,2200,2201,3.2225582599639893,0.3892857030153826,0.5637769920079456,False
ising,mixed,4,0,0.001,KL descent,2201,2202,3.2239372730255127,0.3892855878722625,0.5637767513001121,False
ising,mixed,4,0,0.001,KL descent,2202,2203,3.225938558578491,0.3892854558598865,0.5637766367427757,False
ising,mixed,4,0,0.001,KL descent,2203,2204,3.227935552597046,0.38928534079249116,0.5637763962661027,False
ising,mixed,4,0,0.001,KL descent,2204,2205,3.228935718536377,0.38928520888489515,0.5637762817258171,False
ising,mixed,4,0,0.001,KL descent,2205,2206,3.2299351692199707,0.38928509389499477,0.5637760414812718,False
ising,mixed,4,0,0.001,KL descent,2206,2207,3.2309353351593018,0.3892849620943383,0.5637759269596692,False
ising,mixed,4,0,0.001,KL descent,2207,2208,3.2324490547180176,0.38928484718174905,0.5637756869468935,False
ising,mixed,4,0,0.001,KL descent,2208,2209,3.2334609031677246,0.38928471548615506,0.5637755724428611,False
ising,mixed,4,0,0.001,KL descent,2209,2210,3.234462022781372,0.38928460064956216,0.5637753326607216,False
ising,mixed,4,0,0.001,KL descent,2210,2211,3.2354609966278076,0.38928446905849196,0.5637752181740532,False
ising,mixed,4,0,0.001,KL descent,2211,2212,3.237461566925049,0.3892843542981826,0.563774978622514,False
ising,mixed,4,0,0.001,KL descent,2212,2213,3.2384607791900635,0.38928422281173186,0.5637748641534366,False
ising,mixed,4,0,0.001,KL descent,2213,2214,3.239461898803711,0.3892841081276,0.5637746248321849,False
ising,mixed,4,0,0.001,KL descent,2214,2215,3.240468978881836,0.389283976745779,0.5637745103808662,False
ising,mixed,4,0,0.001,KL descent,2215,2216,3.241462469100952,0.3892838621384268,0.563774271290085,False
ising,mixed,4,0,0.001,KL descent,2216,2217,3.242975950241089,0.3892837308621134,0.5637741568572826,False
ising,mixed,4,0,0.001,KL descent,2217,2218,3.2439792156219482,0.38928361633124287,0.5637739179965283,False
ising,mixed,4,0,0.001,KL descent,2218,2219,3.2449791431427,0.38928348516016004,0.5637738035822164,False
ising,mixed,4,0,0.001,KL descent,2219,2220,3.2459800243377686,0.3892833707062468,0.5637735649515874,False
ising,mixed,4,0,0.001,KL descent,2220,2221,3.246978759765625,0.3892832396400199,0.56377345055567,False
ising,mixed,4,0,0.001,KL descent,2221,2222,3.2479796409606934,0.3892831252623743,0.5637732121544574,False
ising,mixed,4,0,0.001,KL descent,2222,2223,3.2499802112579346,0.3892829943000386,0.5637730977764372,False
ising,mixed,4,0,0.001,KL descent,2223,2224,3.2509796619415283,0.38928287999782685,0.5637728596038445,False
ising,mixed,4,0,0.001,KL descent,2224,2225,3.2509796619415283,0.3892827491398245,0.5637727452441822,False
ising,mixed,4,0,0.001,KL descent,2225,2226,3.2535042762756348,0.3892826349139057,0.5637725073005577,False
ising,mixed,4,0,0.001,KL descent,2226,2227,3.2565486431121826,0.3892825041606045,0.5637723929596657,False
ising,mixed,4,0,0.001,KL descent,2227,2228,3.2585885524749756,0.38928239001090714,0.5637721552447297,False
ising,mixed,4,0,0.001,KL descent,2228,2229,3.2605488300323486,0.38928225936207345,0.563772040922603,False
ising,mixed,4,0,0.001,KL descent,2229,2230,3.2625763416290283,0.38928214528948707,0.5637718034367322,False
ising,mixed,4,0,0.001,KL descent,2230,2231,3.264187812805176,0.3892820147451127,0.5637716891335287,False
ising,mixed,4,0,0.001,KL descent,2231,2232,3.2671899795532227,0.38928190074805735,0.5637714518754102,False
ising,mixed,4,0,0.001,KL descent,2232,2233,3.2681891918182373,0.3892817703075251,0.5637713375908665,False
ising,mixed,4,0,0.001,KL descent,2233,2234,3.2691893577575684,0.3892816563862719,0.5637711005604606,False
ising,mixed,4,0,0.001,KL descent,2234,2235,3.271192789077759,0.3892815260498163,0.5637709862948916,False
ising,mixed,4,0,0.001,KL descent,2235,2236,3.272702693939209,0.38928141220585255,0.5637707494929753,False
ising,mixed,4,0,0.001,KL descent,2236,2237,3.274714708328247,0.389281281973516,0.5637706352465734,False
ising,mixed,4,0,0.001,KL descent,2237,2238,3.2757210731506348,0.38928116820476166,0.5637703986714993,False
ising,mixed,4,0,0.001,KL descent,2238,2239,3.2767224311828613,0.3892810380763853,0.5637702844443091,False
ising,mixed,4,0,0.001,KL descent,2239,2240,3.277724027633667,0.3892809243827454,0.5637700480957878,False
ising,mixed,4,0,0.001,KL descent,2240,2241,3.2787232398986816,0.3892807943578551,0.5637699338876438,False
ising,mixed,4,0,0.001,KL descent,2241,2242,3.2807204723358154,0.38928068074095246,0.5637696977665487,False
ising,mixed,4,0,0.001,KL descent,2242,2243,3.281722068786621,0.3892805508193199,0.5637695835774512,False
ising,mixed,4,0,0.001,KL descent,2243,2244,3.282719850540161,0.3892804372781513,0.5637693476828651,False
ising,mixed,4,0,0.001,KL descent,2244,2245,3.284233570098877,0.38928030746115094,0.5637692335139097,False
ising,mixed,4,0,0.001,KL descent,2245,2246,3.2862424850463867,0.38928019399661834,0.5637689978462247,False
ising,mixed,4,0,0.001,KL descent,2246,2247,3.287242889404297,0.3892800642832003,0.563768883696848,False
ising,mixed,4,0,0.001,KL descent,2247,2248,3.2893002033233643,0.3892799508942997,0.5637686482551464,False
ising,mixed,4,0,0.001,KL descent,2248,2249,3.2902822494506836,0.38927982128441607,0.5637685341254771,False
ising,mixed,4,0,0.001,KL descent,2249,2250,3.2913014888763428,0.3892797079711047,0.5637682989095021,False
ising,mixed,4,0,0.001,KL descent,2250,2251,3.292877435684204,0.38927957846405464,0.5637681847992153,False
ising,mixed,4,0,0.001,KL descent,2251,2252,3.293895721435547,0.38927946522586976,0.5637679498084263,False
ising,mixed,4,0,0.001,KL descent,2252,2253,3.2959437370300293,0.3892793358211637,0.5637678357173415,False
ising,mixed,4,0,0.001,KL descent,2253,2254,3.2969441413879395,0.38927922265855747,0.5637676009518173,False
ising,mixed,4,0,0.001,KL descent,2254,2255,3.2979464530944824,0.3892790933587067,0.5637674868818047,False
ising,mixed,4,0,0.001,KL descent,2255,2256,3.2988948822021484,0.38927898027245306,0.5637672523418442,False
ising,mixed,4,0,0.001,KL descent,2256,2257,3.30094051361084,0.3892788510751072,0.5637671382914503,False
ising,mixed,4,0,0.001,KL descent,2257,2258,3.30094051361084,0.38927873806457386,0.5637669039763988,False
ising,mixed,4,0,0.001,KL descent,2258,2259,3.30348539352417,0.38927860897077277,0.5637667899464898,False
ising,mixed,4,0,0.001,KL descent,2259,2260,3.304476737976074,0.3892784960362628,0.5637665558563265,False
ising,mixed,4,0,0.001,KL descent,2260,2261,3.305555820465088,0.389278367044708,0.5637664418461725,False
ising,mixed,4,0,0.001,KL descent,2261,2262,3.307535409927368,0.3892782541851958,0.563766207979965,False
ising,mixed,4,0,0.001,KL descent,2262,2263,3.308539390563965,0.3892781252971404,0.5637660939905772,False
ising,mixed,4,0,0.001,KL descent,2263,2264,3.3095388412475586,0.3892780125134696,0.5637658603486806,False
ising,mixed,4,0,0.001,KL descent,2264,2265,3.310542106628418,0.3892778837278295,0.5637657463794676,False
ising,mixed,4,0,0.001,KL descent,2265,2266,3.3115289211273193,0.3892777710184915,0.5637655129606327,False
ising,mixed,4,0,0.001,KL descent,2266,2267,3.313108444213867,0.38927764233469103,0.563765399011356,False
ising,mixed,4,0,0.001,KL descent,2267,2268,3.3141679763793945,0.389277529701328,0.5637651658164655,False
ising,mixed,4,0,0.001,KL descent,2268,2269,3.3151607513427734,0.3892774011219555,0.5637650518890402,False
ising,mixed,4,0,0.001,KL descent,2269,2270,3.3161635398864746,0.38927728856490273,0.5637648189181065,False
ising,mixed,4,0,0.001,KL descent,2270,2271,3.3171708583831787,0.3892771600871603,0.5637647050107815,False
ising,mixed,4,0,0.001,KL descent,2271,2272,3.3181560039520264,0.38927704760442716,0.5637644722622223,False
ising,mixed,4,0,0.001,KL descent,2272,2273,3.3191635608673096,0.3892769192284651,0.5637643583752491,False
ising,mixed,4,0,0.001,KL descent,2273,2274,3.321110486984253,0.38927680682160576,0.5637641258498933,False
ising,mixed,4,0,0.001,KL descent,2274,2275,3.3226747512817383,0.38927667854864606,0.563764011984258,False
ising,mixed,4,0,0.001,KL descent,2275,2276,3.3237342834472656,0.3892765662168515,0.563763779681336,False
ising,mixed,4,0,0.001,KL descent,2276,2277,3.324734687805176,0.38927643804666157,0.5637636658370323,False
ising,mixed,4,0,0.001,KL descent,2277,2278,3.3257341384887695,0.38927632579028215,0.5637634337565559,False
ising,mixed,4,0,0.001,KL descent,2278,2279,3.3267338275909424,0.3892761977215472,0.5637633199328367,False
ising,mixed,4,0,0.001,KL descent,2279,2280,3.327740430831909,0.3892760855396763,0.5637630880739678,False
ising,mixed,4,0,0.001,KL descent,2280,2281,3.3287341594696045,0.38927595757250555,0.5637629742710575,False
ising,mixed,4,0,0.001,KL descent,2281,2282,3.3297343254089355,0.38927584546679994,0.5637627426346983,False
ising,mixed,4,0,0.001,KL descent,2282,2283,3.33073353767395,0.38927571760316426,0.563762628854096,False
ising,mixed,4,0,0.001,KL descent,2283,2284,3.331740379333496,0.38927560557201735,0.5637623974389325,False
ising,mixed,4,0,0.001,KL descent,2284,2285,3.333285331726074,0.3892754778089977,0.5637622836787902,False
ising,mixed,4,0,0.001,KL descent,2285,2286,3.3343429565429688,0.38927536585281364,0.5637620524848737,False
ising,mixed,4,0,0.001,KL descent,2286,2287,3.3353374004364014,0.38927523819197896,0.5637619387464186,False
ising,mixed,4,0,0.001,KL descent,2287,2288,3.336359977722168,0.38927512631105576,0.5637617077737314,False
ising,mixed,4,0,0.001,KL descent,2288,2289,3.337292432785034,0.3892749987526821,0.5637615940572931,False
ising,mixed,4,0,0.001,KL descent,2289,2290,3.339336395263672,0.3892748869470364,0.5637613633056233,False
ising,mixed,4,0,0.001,KL descent,2290,2291,3.3413403034210205,0.3892747594899074,0.5637612496105274,False
ising,mixed,4,0,0.001,KL descent,2291,2292,3.342900037765503,0.3892746477590285,0.5637610190793092,False
ising,mixed,4,0,0.001,KL descent,2292,2293,3.344938278198242,0.38927452040291827,0.563760905405549,False
ising,mixed,4,0,0.001,KL descent,2293,2294,3.3469512462615967,0.3892744087455777,0.5637606750937209,False
ising,mixed,4,0,0.001,KL descent,2294,2295,3.3479530811309814,0.3892742814904495,0.5637605614414202,False
ising,mixed,4,0,0.001,KL descent,2295,2296,3.3489553928375244,0.389274169909949,0.563760331351008,False
ising,mixed,4,0,0.001,KL descent,2296,2297,3.349942445755005,0.38927404275759325,0.563760217721536,False
ising,mixed,4,0,0.001,KL descent,2297,2298,3.350943088531494,0.38927393125139204,0.5637599878505939,False
ising,mixed,4,0,0.001,KL descent,2298,2299,3.3525004386901855,0.3892738041997874,0.5637598742427222,False
ising,mixed,4,0,0.001,KL descent,2299,2300,3.353560447692871,0.38927369276791407,0.5637596445910439,False
ising,mixed,4,0,0.001,KL descent,2300,2301,3.3555471897125244,0.38927356581789796,0.5637595310054873,False
ising,mixed,4,0,0.001,KL descent,2301,2302,3.356112003326416,0.3892734544621047,0.5637593015740519,False
ising,mixed,4,0,0.001,KL descent,2302,2303,3.3573265075683594,0.3892733276127066,0.5637591880103019,False
ising,mixed,4,0,0.001,KL descent,2303,2304,3.35839581489563,0.3892732163300746,0.5637589587968992,False
ising,mixed,4,0,0.001,KL descent,2304,2305,3.3593926429748535,0.3892730895824155,0.563758845255858,False
ising,mixed,4,0,0.001,KL descent,2305,2306,3.3603875637054443,0.38927297837510433,0.5637586162617435,False
ising,mixed,4,0,0.001,KL descent,2306,2307,3.361391544342041,0.38927285172758946,0.5637585027424761,False
ising,mixed,4,0,0.001,KL descent,2307,2308,3.362945079803467,0.38927274059354344,0.563758273966029,False
ising,mixed,4,0,0.001,KL descent,2308,2309,3.365006446838379,0.38927261404689306,0.5637581604691686,False
ising,mixed,4,0,0.001,KL descent,2309,2310,3.366002321243286,0.38927250298933413,0.5637579319123636,False
ising,mixed,4,0,0.001,KL descent,2310,2311,3.3670027256011963,0.38927237654399266,0.563757818438366,False
ising,mixed,4,0,0.001,KL descent,2311,2312,3.368008613586426,0.3892722655606231,0.5637575900994187,False
ising,mixed,4,0,0.001,KL descent,2312,2313,3.36901593208313,0.3892721392169627,0.5637574766486759,False
ising,mixed,4,0,0.001,KL descent,2313,2314,3.3700335025787354,0.38927202830774676,0.5637572485273497,False
ising,mixed,4,0,0.001,KL descent,2314,2315,3.3710057735443115,0.3892719020633469,0.5637571350983641,False
ising,mixed,4,0,0.001,KL descent,2315,2316,3.3725593090057373,0.3892717912280606,0.5637569071942838,False
ising,mixed,4,0,0.001,KL descent,2316,2317,3.373612403869629,0.38927166508329447,0.563756793787455,False
ising,mixed,4,0,0.001,KL descent,2317,2318,3.3746228218078613,0.3892715543226675,0.563756566100897,False
ising,mixed,4,0,0.001,KL descent,2318,2319,3.3756186962127686,0.3892714282807514,0.5637564527185556,False
ising,mixed,4,0,0.001,KL descent,2319,2320,3.3766186237335205,0.3892713175960683,0.5637562252501854,False
ising,mixed,4,0,0.001,KL descent,2320,2321,3.3775744438171387,0.38927119165413543,0.5637561118905303,False
ising,mixed,4,0,0.001,KL descent,2321,2322,3.378619432449341,0.3892710810421862,0.5637558846379416,False
ising,mixed,4,0,0.001,KL descent,2322,2323,3.379627227783203,0.38927095519871935,0.5637557713000785,False
ising,mixed,4,0,0.001,KL descent,2323,2324,3.3806216716766357,0.3892708446604886,0.5637555442637281,False
ising,mixed,4,0,0.001,KL descent,2324,2325,3.381618022918701,0.38927071891753656,0.5637554309491923,False
ising,mixed,4,0,0.001,KL descent,2325,2326,3.3831801414489746,0.389270608454465,0.5637552041298431,False
ising,mixed,4,0,0.001,KL descent,2326,2327,3.3842296600341797,0.3892704828133922,0.563755090839715,False
ising,mixed,4,0,0.001,KL descent,2327,2328,3.3852298259735107,0.3892703724263236,0.5637548642377276,False
ising,mixed,4,0,0.001,KL descent,2328,2329,3.3861827850341797,0.3892702468846032,0.5637547509704265,False
ising,mixed,4,0,0.001,KL descent,2329,2330,3.3871848583221436,0.3892701365691882,0.5637545245826222,False
ising,mixed,4,0,0.001,KL descent,2330,2331,3.3891851902008057,0.3892700111267105,0.563754411338218,False
ising,mixed,4,0,0.001,KL descent,2331,2332,3.3901796340942383,0.3892699008855172,0.5637541851661324,False
ising,mixed,4,0,0.001,KL descent,2332,2333,3.3911802768707275,0.3892697755429668,0.5637540719452306,False
ising,mixed,4,0,0.001,KL descent,2333,2334,3.392688512802124,0.3892696653771617,0.5637538459894424,False
ising,mixed,4,0,0.001,KL descent,2334,2335,3.393704652786255,0.38926954013535103,0.5637537327927428,False
ising,mixed,4,0,0.001,KL descent,2335,2336,3.3947432041168213,0.38926943004386627,0.5637535070523081,False
ising,mixed,4,0,0.001,KL descent,2336,2337,3.3957455158233643,0.38926930490073147,0.5637533938785496,False
ising,mixed,4,0,0.001,KL descent,2337,2338,3.3967456817626953,0.3892691948812561,0.5637531683516828,False
ising,mixed,4,0,0.001,KL descent,2338,2339,3.3977484703063965,0.38926906983773146,0.5637530552016377,False
ising,mixed,4,0,0.001,KL descent,2339,2340,3.3987560272216797,0.3892689598935731,0.5637528298903778,False
ising,mixed,4,0,0.001,KL descent,2340,2341,3.399752140045166,0.3892688349507578,0.5637527167649374,False
ising,mixed,4,0,0.001,KL descent,2341,2342,3.4007482528686523,0.3892687250806369,0.5637524916682003,False
ising,mixed,4,0,0.001,KL descent,2342,2343,3.4017648696899414,0.3892686002361114,0.5637523785658616,False
ising,mixed,4,0,0.001,KL descent,2343,2344,3.4032907485961914,0.389268490439209,0.563752153682874,False
ising,mixed,4,0,0.001,KL descent,2344,2345,3.404449462890625,0.3892683656945424,0.5637520406048436,False
ising,mixed,4,0,0.001,KL descent,2345,2346,3.4054648876190186,0.38926825597208553,0.5637518159362307,False
ising,mixed,4,0,0.001,KL descent,2346,2347,3.4064650535583496,0.3892681313266892,0.5637517028822475,False
ising,mixed,4,0,0.001,KL descent,2347,2348,3.408461809158325,0.38926802167845936,0.5637514784276516,False
ising,mixed,4,0,0.001,KL descent,2348,2349,3.4094693660736084,0.38926789713142224,0.56375136539724,False
ising,mixed,4,0,0.001,KL descent,2349,2350,3.4104700088500977,0.3892677875557056,0.5637511411552725,False
ising,mixed,4,0,0.001,KL descent,2350,2351,3.4114625453948975,0.3892676631091681,0.563751028150026,False
ising,mixed,4,0,0.001,KL descent,2351,2352,3.4129762649536133,0.3892675536081746,0.5637508041219872,False
ising,mixed,4,0,0.001,KL descent,2352,2353,3.413980484008789,0.38926742926000774,0.5637506911405937,False
ising,mixed,4,0,0.001,KL descent,2353,2354,3.416031837463379,0.3892673198322003,0.5637504673252282,False
ising,mixed,4,0,0.001,KL descent,2354,2355,3.417024850845337,0.3892671955825567,0.5637503543679321,False
ising,mixed,4,0,0.001,KL descent,2355,2356,3.4180283546447754,0.3892670862283872,0.5637501307653321,False
ising,mixed,4,0,0.001,KL descent,2356,2357,3.4190256595611572,0.3892669620785752,0.5637500178331678,False
ising,mixed,4,0,0.001,KL descent,2357,2358,3.4200260639190674,0.38926685279809314,0.5637497944431585,False
ising,mixed,4,0,0.001,KL descent,2358,2359,3.4209823608398438,0.3892667287451692,0.56374968153426,False
ising,mixed,4,0,0.001,KL descent,2359,2360,3.422544479370117,0.3892666195384419,0.5637494583566706,False
ising,mixed,4,0,0.001,KL descent,2360,2361,3.423614501953125,0.38926649558636517,0.5637493454738688,False
ising,mixed,4,0,0.001,KL descent,2361,2362,3.424607276916504,0.38926638645323597,0.5637491225083857,False
ising,mixed,4,0,0.001,KL descent,2362,2363,3.425609827041626,0.38926626259957064,0.5637490096501654,False
ising,mixed,4,0,0.001,KL descent,2363,2364,3.426568031311035,0.3892661535399936,0.5637487868965511,False
ising,mixed,4,0,0.001,KL descent,2364,2365,3.4276163578033447,0.38926602978290126,0.5637486740617954,False
ising,mixed,4,0,0.001,KL descent,2365,2366,3.428602933883667,0.3892659207955873,0.5637484515189577,False
ising,mixed,4,0,0.001,KL descent,2366,2367,3.430602550506592,0.3892657971385911,0.5637483387102015,False
ising,mixed,4,0,0.001,KL descent,2367,2368,3.4316000938415527,0.3892656882264603,0.5637481163799198,False
ising,mixed,4,0,0.001,KL descent,2368,2369,3.432600498199463,0.38926556466778034,0.5637480035960949,False
ising,mixed,4,0,0.001,KL descent,2369,2370,3.4331603050231934,0.3892654558280492,0.5637477814762668,False
ising,mixed,4,0,0.001,KL descent,2370,2371,3.434234857559204,0.389265332367112,0.5637476687171136,False
ising,mixed,4,0,0.001,KL descent,2371,2372,3.435201644897461,0.3892652236003814,0.5637474468079446,False
ising,mixed,4,0,0.001,KL descent,2372,2373,3.436216354370117,0.3892651002378945,0.5637473340740838,False
ising,mixed,4,0,0.001,KL descent,2373,2374,3.4382078647613525,0.389264991544507,0.5637471123755902,False
ising,mixed,4,0,0.001,KL descent,2374,2375,3.439206838607788,0.3892648682795074,0.5637469996665003,False
ising,mixed,4,0,0.001,KL descent,2375,2376,3.44016695022583,0.38926475965971585,0.5637467781786498,False
ising,mixed,4,0,0.001,KL descent,2376,2377,3.441171169281006,0.38926463649288107,0.5637466654949351,False
ising,mixed,4,0,0.001,KL descent,2377,2378,3.442729949951172,0.3892645279463336,0.5637464442172766,False
ising,mixed,4,0,0.001,KL descent,2378,2379,3.4437954425811768,0.3892644048784938,0.563746331559635,False
ising,mixed,4,0,0.001,KL descent,2379,2380,3.445798397064209,0.3892642964054154,0.563746110492124,False
ising,mixed,4,0,0.001,KL descent,2380,2381,3.4467978477478027,0.3892641734342785,0.5637459978591294,False
ising,mixed,4,0,0.001,KL descent,2381,2382,3.4477956295013428,0.3892640650337604,0.5637457770009277,False
ising,mixed,4,0,0.001,KL descent,2382,2383,3.44878888130188,0.3892639421609284,0.5637456643938094,False
ising,mixed,4,0,0.001,KL descent,2383,2384,3.449798345565796,0.3892638338340931,0.5637454437454819,False
ising,mixed,4,0,0.001,KL descent,2384,2385,3.450759172439575,0.38926371105893043,0.5637453311639418,False
ising,mixed,4,0,0.001,KL descent,2385,2386,3.4517874717712402,0.3892636028045925,0.5637451107244731,False
ising,mixed,4,0,0.001,KL descent,2386,2387,3.4533560276031494,0.3892634801273346,0.5637449981688057,False
ising,mixed,4,0,0.001,KL descent,2387,2388,3.454409599304199,0.38926337194578897,0.5637447779381894,False
ising,mixed,4,0,0.001,KL descent,2388,2389,3.4558725357055664,0.3892632493652318,0.5637446654077094,False
ising,mixed,4,0,0.001,KL descent,2389,2390,3.4568886756896973,0.3892631412568292,0.5637444453859806,False
ising,mixed,4,0,0.001,KL descent,2390,2391,3.4588871002197266,0.3892630187743182,0.5637443328817388,False
ising,mixed,4,0,0.001,KL descent,2391,2392,3.4598894119262695,0.3892629107393897,0.5637441130689124,False
ising,mixed,4,0,0.001,KL descent,2392,2393,3.4608876705169678,0.38926278835387573,0.5637440005903297,False
ising,mixed,4,0,0.001,KL descent,2393,2394,3.461886167526245,0.3892626803907085,0.5637437809850399,False
ising,mixed,4,0,0.001,KL descent,2394,2395,3.4628872871398926,0.38926255810165694,0.5637436685318855,False
ising,mixed,4,0,0.001,KL descent,2395,2396,3.4633960723876953,0.38926245021182865,0.5637434491349993,False
ising,mixed,4,0,0.001,KL descent,2396,2397,3.4654147624969482,0.38926232802084054,0.5637433367084916,False
ising,mixed,4,0,0.001,KL descent,2397,2398,3.466414451599121,0.38926222020352674,0.563743117519244,False
ising,mixed,4,0,0.001,KL descent,2398,2399,3.467414617538452,0.38926209811028517,0.5637430051193074,False
ising,mixed,4,0,0.001,KL descent,2399,2400,3.468414545059204,0.3892619903668506,0.5637427861384228,False
ising,mixed,4,0,0.001,KL descent,2400,2401,3.469413995742798,0.3892618683704443,0.5637426737645672,False
ising,mixed,4,0,0.001,KL descent,2401,2402,3.4704127311706543,0.389261760699021,0.5637424549905719,False
ising,mixed,4,0,0.001,KL descent,2402,2403,3.4730284214019775,0.38926163879832,0.563742342642163,False
ising,mixed,4,0,0.001,KL descent,2403,2404,3.4740781784057617,0.3892615311981939,0.5637421240743608,False
ising,mixed,4,0,0.001,KL descent,2404,2405,3.4750876426696777,0.38926140939451864,0.5637420117524292,False
ising,mixed,4,0,0.001,KL descent,2405,2406,3.4760844707489014,0.38926130186904767,0.5637417933929028,False
ising,mixed,4,0,0.001,KL descent,2406,2407,3.478084087371826,0.38926118016449907,0.5637416810990098,False
ising,mixed,4,0,0.001,KL descent,2407,2408,3.4790968894958496,0.38926107271191956,0.5637414629463635,False
ising,mixed,4,0,0.001,KL descent,2408,2409,3.48008131980896,0.3892609511022001,0.563741350677717,False
ising,mixed,4,0,0.001,KL descent,2409,2410,3.4810781478881836,0.38926084372020237,0.5637411327301719,False
ising,mixed,4,0,0.001,KL descent,2410,2411,3.4810781478881836,0.38926072220600927,0.5637410204873764,False
ising,mixed,4,0,0.001,KL descent,2411,2412,3.482642889022827,0.3892606148967706,0.5637408027462076,False
ising,mixed,4,0,0.001,KL descent,2412,2413,3.483707904815674,0.38926049348046987,0.5637406905310067,False
ising,mixed,4,0,0.001,KL descent,2413,2414,3.485722064971924,0.3892603862446784,0.5637404729964839,False
ising,mixed,4,0,0.001,KL descent,2414,2415,3.4866881370544434,0.3892602649244824,0.563740360807792,False
ising,mixed,4,0,0.001,KL descent,2415,2416,3.4876577854156494,0.3892601577609425,0.5637401434789029,False
ising,mixed,4,0,0.001,KL descent,2416,2417,3.488698720932007,0.3892600365377591,0.5637400313174645,False
ising,mixed,4,0,0.001,KL descent,2417,2418,3.4897241592407227,0.3892599294461405,0.5637398141937766,False
ising,mixed,4,0,0.001,KL descent,2418,2419,3.4907052516937256,0.38925980831873735,0.5637397020588899,False
ising,mixed,4,0,0.001,KL descent,2419,2420,3.492708683013916,0.38925970129904786,0.5637394851402122,False
ising,mixed,4,0,0.001,KL descent,2420,2421,3.4932682514190674,0.3892595802667844,0.5637393730315656,False
ising,mixed,4,0,0.001,KL descent,2421,2422,3.4943389892578125,0.38925947331981126,0.5637391563182244,False
ising,mixed,4,0,0.001,KL descent,2422,2423,3.4953298568725586,0.3892593523860069,0.5637390442382126,False
ising,mixed,4,0,0.001,KL descent,2423,2424,3.4963173866271973,0.38925924551278807,0.5637388277307229,False
ising,mixed,4,0,0.001,KL descent,2424,2425,3.497323751449585,0.38925912467368673,0.5637387156769181,False
ising,mixed,4,0,0.001,KL descent,2425,2426,3.4983179569244385,0.38925901787019684,0.5637384993723367,False
ising,mixed,4,0,0.001,KL descent,2426,2427,3.499321699142456,0.389258897126116,0.5637383873450812,False
ising,mixed,4,0,0.001,KL descent,2427,2428,3.500316619873047,0.38925879039636857,0.5637381712459341,False
ising,mixed,4,0,0.001,KL descent,2428,2429,3.5022685527801514,0.3892586697490166,0.5637380592465255,False
ising,mixed,4,0,0.001,KL descent,2429,2430,3.502828359603882,0.38925856309011847,0.5637378433506516,False
ising,mixed,4,0,0.001,KL descent,2430,2431,3.5048553943634033,0.38925844253871866,0.5637377313786827,False
ising,mixed,4,0,0.001,KL descent,2431,2432,3.5058512687683105,0.3892583359533659,0.5637375156877148,False
ising,mixed,4,0,0.001,KL descent,2432,2433,3.5068511962890625,0.3892582154977906,0.5637374037432352,False
ising,mixed,4,0,0.001,KL descent,2433,2434,3.5078508853912354,0.3892581089835635,0.5637371882553235,False
ising,mixed,4,0,0.001,KL descent,2434,2435,3.50885272026062,0.38925798862328237,0.5637370763380949,False
ising,mixed,4,0,0.001,KL descent,2435,2436,3.509852409362793,0.38925788218133395,0.5637368610538277,False
ising,mixed,4,0,0.001,KL descent,2436,2437,3.5108516216278076,0.38925776191680217,0.5637367491642926,False
ising,mixed,4,0,0.001,KL descent,2437,2438,3.5123610496520996,0.3892576555465156,0.5637365340830519,False
ising,mixed,4,0,0.001,KL descent,2438,2439,3.513371467590332,0.38925753537771296,0.563736422221321,False
ising,mixed,4,0,0.001,KL descent,2439,2440,3.514371395111084,0.38925742908015015,0.5637362073436306,False
ising,mixed,4,0,0.001,KL descent,2440,2441,3.5153801441192627,0.3892573090057307,0.5637360955089179,False
ising,mixed,4,0,0.001,KL descent,2441,2442,3.516381025314331,0.38925720277799436,0.5637358808326077,False
ising,mixed,4,0,0.001,KL descent,2442,2443,3.5183815956115723,0.38925708279910437,0.5637357690258188,False
ising,mixed,4,0,0.001,KL descent,2443,2444,3.5203800201416016,0.38925697664529035,0.5637355545534775,False
ising,mixed,4,0,0.001,KL descent,2444,2445,3.5223803520202637,0.3892568567622177,0.5637354427749366,False
ising,mixed,4,0,0.001,KL descent,2445,2446,3.5238935947418213,0.38925675067952037,0.5637352285044602,False
ising,mixed,4,0,0.001,KL descent,2446,2447,3.5248963832855225,0.389256630891368,0.563735116753681,False
ising,mixed,4,0,0.001,KL descent,2447,2448,3.525907278060913,0.3892565248799311,0.563734902684971,False
ising,mixed,4,0,0.001,KL descent,2448,2449,3.527905225753784,0.3892564051873921,0.5637347909625505,False
ising,mixed,4,0,0.001,KL descent,2449,2450,3.5289061069488525,0.3892562992491826,0.5637345770967456,False
ising,mixed,4,0,0.001,KL descent,2450,2451,3.529907464981079,0.38925617965075354,0.563734465401796,False
ising,mixed,4,0,0.001,KL descent,2451,2452,3.5309066772460938,0.3892560737825103,0.563734251736479,False
ising,mixed,4,0,0.001,KL descent,2452,2453,3.532414436340332,0.38925595427858917,0.5637341400693874,False
ising,mixed,4,0,0.001,KL descent,2453,2454,3.5334253311157227,0.3892558484824118,0.5637339266057904,False
ising,mixed,4,0,0.001,KL descent,2454,2455,3.534478187561035,0.389255729074275,0.5637338149675575,False
ising,mixed,4,0,0.001,KL descent,2455,2456,3.5364794731140137,0.38925562334956954,0.563733601705084,False
ising,mixed,4,0,0.001,KL descent,2456,2457,3.53747296333313,0.38925550403604287,0.5637334900950326,False
ising,mixed,4,0,0.001,KL descent,2457,2458,3.5384750366210938,0.38925539838379036,0.5637332770341521,False
ising,mixed,4,0,0.001,KL descent,2458,2459,3.5394322872161865,0.38925527916472014,0.5637331654523069,False
ising,mixed,4,0,0.001,KL descent,2459,2460,3.5414814949035645,0.38925517358293193,0.563732952591468,False
ising,mixed,4,0,0.001,KL descent,2460,2461,3.542476177215576,0.3892550544579577,0.5637328410377056,False
ising,mixed,4,0,0.001,KL descent,2461,2462,3.5430450439453125,0.3892549489484868,0.5637326283779788,False
ising,mixed,4,0,0.001,KL descent,2462,2463,3.5440964698791504,0.38925482991876603,0.5637325168532118,False
ising,mixed,4,0,0.001,KL descent,2463,2464,3.5460944175720215,0.3892547244804093,0.5637323043935809,False
ising,mixed,4,0,0.001,KL descent,2464,2465,3.547095775604248,0.38925460554383945,0.5637321928965066,False
ising,mixed,4,0,0.001,KL descent,2465,2466,3.548104763031006,0.3892545001756945,0.5637319806361605,False
ising,mixed,4,0,0.001,KL descent,2466,2467,3.549095392227173,0.3892543813344338,0.5637318691683659,False
ising,mixed,4,0,0.001,KL descent,2467,2468,3.5500993728637695,0.3892542760400303,0.5637316571095163,False
ising,mixed,4,0,0.001,KL descent,2468,2469,3.5511062145233154,0.38925415729362906,0.5637315456708232,False
ising,mixed,4,0,0.001,KL descent,2469,2470,3.5526654720306396,0.3892540520685802,0.563731333810293,False
ising,mixed,4,0,0.001,KL descent,2470,2471,3.5546822547912598,0.38925393341597314,0.5637312224000968,False
ising,mixed,4,0,0.001,KL descent,2471,2472,3.5546822547912598,0.3892538282628996,0.5637310107394669,False
ising,mixed,4,0,0.001,KL descent,2472,2473,3.557202100753784,0.3892537097032617,0.5637308993573389,False
ising,mixed,4,0,0.001,KL descent,2473,2474,3.5582027435302734,0.38925360462026115,0.5637306878951251,False
ising,mixed,4,0,0.001,KL descent,2474,2475,3.559201240539551,0.38925348615463656,0.5637305765418908,False
ising,mixed,4,0,0.001,KL descent,2475,2476,3.560201644897461,0.38925338114391256,0.5637303652793981,False
ising,mixed,4,0,0.001,KL descent,2476,2477,3.561202049255371,0.3892532627736299,0.5637302539560864,False
ising,mixed,4,0,0.001,KL descent,2477,2478,3.562711000442505,0.38925315783432857,0.5637300428925448,False
ising,mixed,4,0,0.001,KL descent,2478,2479,3.563722610473633,0.38925303955768303,0.5637299315981177,False
ising,mixed,4,0,0.001,KL descent,2479,2480,3.5647201538085938,0.3892529346891481,0.5637297207328891,False
ising,mixed,4,0,0.001,KL descent,2480,2481,3.5657284259796143,0.3892528165053246,0.5637296094669124,False
ising,mixed,4,0,0.001,KL descent,2481,2482,3.5667293071746826,0.3892527117070994,0.5637293987994892,False
ising,mixed,4,0,0.001,KL descent,2482,2483,3.5677270889282227,0.38925259361694964,0.5637292875626676,False
ising,mixed,4,0,0.001,KL descent,2483,2484,3.5697274208068848,0.3892524888907353,0.5637290770940164,False
ising,mixed,4,0,0.001,KL descent,2484,2485,3.570767641067505,0.3892523708953394,0.5637289658872064,False
ising,mixed,4,0,0.001,KL descent,2485,2486,3.5717782974243164,0.3892522662393359,0.5637287556159131,False
ising,mixed,4,0,0.001,KL descent,2486,2487,3.5733489990234375,0.3892521483363922,0.5637286444376686,False
ising,mixed,4,0,0.001,KL descent,2487,2488,3.5744082927703857,0.38925204375177647,0.563728434364337,False
ising,mixed,4,0,0.001,KL descent,2488,2489,3.5753962993621826,0.38925192594285113,0.5637283232158499,False
ising,mixed,4,0,0.001,KL descent,2489,2490,3.5763766765594482,0.3892518214288383,0.5637281133397594,False
ising,mixed,4,0,0.001,KL descent,2490,2491,3.5773987770080566,0.38925170371291695,0.5637280022204572,False
ising,mixed,4,0,0.001,KL descent,2491,2492,3.5784075260162354,0.389251599269883,0.5637277925416699,False
ising,mixed,4,0,0.001,KL descent,2492,2493,3.5804033279418945,0.38925148164712137,0.5637276814517775,False
ising,mixed,4,0,0.001,KL descent,2493,2494,3.5813498497009277,0.38925137727436715,0.5637274719696298,False
ising,mixed,4,0,0.001,KL descent,2494,2495,3.582858085632324,0.3892512597448985,0.5637273609093614,False
ising,mixed,4,0,0.001,KL descent,2495,2496,3.583868980407715,0.3892511554442771,0.5637271516249198,False
ising,mixed,4,0,0.001,KL descent,2496,2497,3.5848681926727295,0.38925103800875804,0.5637270405948429,False
ising,mixed,4,0,0.001,KL descent,2497,2498,3.5858755111694336,0.38925093377677333,0.5637268315055456,False
ising,mixed,4,0,0.001,KL descent,2498,2499,3.5879273414611816,0.3892508164330904,0.5637267205043364,False
ising,mixed,4,0,0.001,KL descent,2499,2500,3.5889244079589844,0.3892507122732973,0.5637265116124046,False
ising,mixed,4,0,0.001,KL descent,2500,2501,3.589928150177002,0.3892505950231579,0.563726400641354,False
ising,mixed,4,0,0.001,KL descent,2501,2502,3.5909311771392822,0.38925049093364417,0.5637261919452982,False
ising,mixed,4,0,0.001,KL descent,2502,2503,3.5924952030181885,0.3892503737768405,0.5637260810043805,False
ising,mixed,4,0,0.001,KL descent,2503,2504,3.593554735183716,0.38925026975803506,0.5637258725043066,False
ising,mixed,4,0,0.001,KL descent,2504,2505,3.594553232192993,0.38925015269301866,0.5637257615925892,False
ising,mixed,4,0,0.001,KL descent,2505,2506,3.5955517292022705,0.38925004874409774,0.563725553287742,False
ising,mixed,4,0,0.001,KL descent,2506,2507,3.5965640544891357,0.3892499317715712,0.5637254424058177,False
ising,mixed,4,0,0.001,KL descent,2507,2508,3.5975611209869385,0.3892498278940787,0.5637252342970647,False
ising,mixed,4,0,0.001,KL descent,2508,2509,3.5995562076568604,0.38924971101599154,0.5637251234463836,False
ising,mixed,4,0,0.001,KL descent,2509,2510,3.6005616188049316,0.3892496072096155,0.5637249155333199,False
ising,mixed,4,0,0.001,KL descent,2510,2511,3.6015613079071045,0.389249490423365,0.5637248047122322,False
ising,mixed,4,0,0.001,KL descent,2511,2512,3.6031200885772705,0.3892493866862491,0.5637245969934102,False
ising,mixed,4,0,0.001,KL descent,2512,2513,3.604124069213867,0.3892492699921088,0.5637244862022117,False
ising,mixed,4,0,0.001,KL descent,2513,2514,3.6051363945007324,0.3892491663244648,0.5637242786775875,False
ising,mixed,4,0,0.001,KL descent,2514,2515,3.6061322689056396,0.38924904972088425,0.5637241679153467,False
ising,mixed,4,0,0.001,KL descent,2515,2516,3.6081295013427734,0.38924894612367267,0.5637239605853777,False
ising,mixed,4,0,0.001,KL descent,2516,2517,3.6091320514678955,0.3892488296151063,0.5637238498552435,False
ising,mixed,4,0,0.001,KL descent,2517,2518,3.6101317405700684,0.38924872609006844,0.5637236427209364,False
ising,mixed,4,0,0.001,KL descent,2518,2519,3.611133575439453,0.3892486096736333,0.563723532021063,False
ising,mixed,4,0,0.001,KL descent,2519,2520,3.6126973628997803,0.38924850621763246,0.5637233250800981,False
ising,mixed,4,0,0.001,KL descent,2520,2521,3.6137590408325195,0.38924838989282196,0.5637232144102564,False
ising,mixed,4,0,0.001,KL descent,2521,2522,3.6147613525390625,0.38924828650787285,0.5637230076638184,False
ising,mixed,4,0,0.001,KL descent,2522,2523,3.6167185306549072,0.3892481702753535,0.5637228970245807,False
ising,mixed,4,0,0.001,KL descent,2523,2524,3.6177170276641846,0.38924806696075653,0.5637226904719963,False
ising,mixed,4,0,0.001,KL descent,2524,2525,3.618712902069092,0.38924795081941155,0.563722579862729,False
ising,mixed,4,0,0.001,KL descent,2525,2526,3.6207187175750732,0.38924784757293723,0.5637223735022983,False
ising,mixed,4,0,0.001,KL descent,2526,2527,3.6217761039733887,0.38924773152354264,0.5637222629236329,False
ising,mixed,4,0,0.001,KL descent,2527,2528,3.622760772705078,0.38924762834799487,0.5637220567570826,False
ising,mixed,4,0,0.001,KL descent,2528,2529,3.6238081455230713,0.389247512390272,0.5637219462089526,False
ising,mixed,4,0,0.001,KL descent,2529,2530,3.6258089542388916,0.3892474092856074,0.5637217402360617,False
ising,mixed,4,0,0.001,KL descent,2530,2531,3.6268389225006104,0.3892472934215944,0.5637216297199694,False
ising,mixed,4,0,0.001,KL descent,2531,2532,3.6278634071350098,0.3892471903867672,0.5637214239398483,False
ising,mixed,4,0,0.001,KL descent,2532,2533,3.6299009323120117,0.38924707461338937,0.5637213134538193,False
ising,mixed,4,0,0.001,KL descent,2533,2534,3.630854845046997,0.38924697164778865,0.5637211078658599,False
ising,mixed,4,0,0.001,KL descent,2534,2535,3.6324613094329834,0.38924685596551184,0.5637209974103228,False
ising,mixed,4,0,0.001,KL descent,2535,2536,3.633551597595215,0.3892467530704751,0.563720792015256,False
ising,mixed,4,0,0.001,KL descent,2536,2537,3.634526014328003,0.3892466374801246,0.5637206815908874,False
ising,mixed,4,0,0.001,KL descent,2537,2538,3.6355342864990234,0.38924653465440345,0.5637204763876765,False
ising,mixed,4,0,0.001,KL descent,2538,2539,3.6375558376312256,0.38924641915567254,0.5637203659943886,False
ising,mixed,4,0,0.001,KL descent,2539,2540,3.638475179672241,0.3892463164009179,0.5637201609839688,False
ising,mixed,4,0,0.001,KL descent,2540,2541,3.639561414718628,0.38924620099376067,0.563720050621842,False
ising,mixed,4,0,0.001,KL descent,2541,2542,3.640496253967285,0.38924609830749446,0.5637198458023507,False
ising,mixed,4,0,0.001,KL descent,2542,2543,3.6424779891967773,0.3892459829904554,0.5637197354705078,False
ising,mixed,4,0,0.001,KL descent,2543,2544,3.6440060138702393,0.38924588037436986,0.5637195308429057,False
ising,mixed,4,0,0.001,KL descent,2544,2545,3.645005941390991,0.3892457651496553,0.5637194205429655,False
ising,mixed,4,0,0.001,KL descent,2545,2546,3.646048069000244,0.38924566260359517,0.5637192161069688,False
ising,mixed,4,0,0.001,KL descent,2546,2547,3.6470487117767334,0.38924554746965384,0.5637191058379869,False
ising,mixed,4,0,0.001,KL descent,2547,2548,3.6480488777160645,0.389245444993855,0.5637189015935719,False
ising,mixed,4,0,0.001,KL descent,2548,2549,3.6500086784362793,0.38924532995212985,0.5637187913566463,False
ising,mixed,4,0,0.001,KL descent,2549,2550,3.6510541439056396,0.38924522754498386,0.5637185873025314,False
ising,mixed,4,0,0.001,KL descent,2550,2551,3.6525661945343018,0.38924511259262173,0.5637184770958354,False
ising,mixed,4,0,0.001,KL descent,2551,2552,3.653580904006958,0.38924501025478664,0.5637182732322862,False
ising,mixed,4,0,0.001,KL descent,2552,2553,3.656580686569214,0.3892448953937449,0.5637181630572672,False
ising,mixed,4,0,0.001,KL descent,2553,2554,3.6581456661224365,0.3892447931260652,0.5637179593846797,False
ising,mixed,4,0,0.001,KL descent,2554,2555,3.6601076126098633,0.3892446783557663,0.5637178492410526,False
ising,mixed,4,0,0.001,KL descent,2555,2556,3.662719964981079,0.38924457615759495,0.5637176457588025,False
ising,mixed,4,0,0.001,KL descent,2556,2557,3.6647353172302246,0.38924446147845404,0.5637175356469651,False
ising,mixed,4,0,0.001,KL descent,2557,2558,3.6667368412017822,0.3892443593498105,0.5637173323548814,False
ising,mixed,4,0,0.001,KL descent,2558,2559,3.6687769889831543,0.38924424476165276,0.5637172222748278,False
ising,mixed,4,0,0.001,KL descent,2559,2560,3.670733690261841,0.38924414270307556,0.5637170191731,False
ising,mixed,4,0,0.001,KL descent,2560,2561,3.673358678817749,0.38924402820613757,0.5637169091251047,False
ising,mixed,4,0,0.001,KL descent,2561,2562,3.6744091510772705,0.3892439262158353,0.5637167062123316,False
ising,mixed,4,0,0.001,KL descent,2562,2563,3.6754038333892822,0.3892438118072427,0.5637165961945516,False
ising,mixed,4,0,0.001,KL descent,2563,2564,3.676405429840088,0.389243709886196,0.5637163934712119,False
ising,mixed,4,0,0.001,KL descent,2564,2565,3.677403211593628,0.3892435955690222,0.5637162834858499,False
ising,mixed,4,0,0.001,KL descent,2565,2566,3.678407669067383,0.3892434937174591,0.5637160809519235,False
ising,mixed,4,0,0.001,KL descent,2566,2567,3.679409980773926,0.3892433794913465,0.5637159709988484,False
ising,mixed,4,0,0.001,KL descent,2567,2568,3.680403470993042,0.38924327771041844,0.5637157686549407,False
ising,mixed,4,0,0.001,KL descent,2568,2569,3.681405544281006,0.3892431635745999,0.5637156587337399,False
ising,mixed,4,0,0.001,KL descent,2569,2570,3.6829280853271484,0.38924306186153956,0.5637154565777849,False
ising,mixed,4,0,0.001,KL descent,2570,2571,3.6839771270751953,0.3892429478151999,0.5637153466880159,False
ising,mixed,4,0,0.001,KL descent,2571,2572,3.684929847717285,0.38924284617130506,0.5637151447207196,False
ising,mixed,4,0,0.001,KL descent,2572,2573,3.6860923767089844,0.3892427322157302,0.5637150348633674,False
ising,mixed,4,0,0.001,KL descent,2573,2574,3.6866073608398438,0.3892426306414409,0.563714833084846,False
ising,mixed,4,0,0.001,KL descent,2574,2575,3.688621759414673,0.3892425167752139,0.5637147232590632,False
ising,mixed,4,0,0.001,KL descent,2575,2576,3.6896257400512695,0.38924241526939524,0.5637145216683592,False
ising,mixed,4,0,0.001,KL descent,2576,2577,3.690622329711914,0.3892423014944909,0.5637144118755971,False
ising,mixed,4,0,0.001,KL descent,2577,2578,3.6916229724884033,0.3892422000584693,0.563714210473445,False
ising,mixed,4,0,0.001,KL descent,2578,2579,3.6931328773498535,0.3892420863715961,0.5637141007115727,False
ising,mixed,4,0,0.001,KL descent,2579,2580,3.6941535472869873,0.3892419850034009,0.5637138994964461,False
ising,mixed,4,0,0.001,KL descent,2580,2581,3.695147752761841,0.38924187140695593,0.5637137897672049,False
ising,mixed,4,0,0.001,KL descent,2581,2582,3.6961586475372314,0.3892417701096662,0.5637135887410207,False
ising,mixed,4,0,0.001,KL descent,2582,2583,3.6981630325317383,0.3892416566049815,0.5637134790454311,False
ising,mixed,4,0,0.001,KL descent,2583,2584,3.6991569995880127,0.3892415553762178,0.5637132782063929,False
ising,mixed,4,0,0.001,KL descent,2584,2585,3.700157403945923,0.3892414419601759,0.5637131685424422,False
ising,mixed,4,0,0.001,KL descent,2585,2586,3.701158285140991,0.38924134080014167,0.5637129678905102,False
ising,mixed,4,0,0.001,KL descent,2586,2587,3.7026724815368652,0.3892412274724558,0.5637128582581123,False
ising,mixed,4,0,0.001,KL descent,2587,2588,3.7056972980499268,0.389241126379633,0.5637126577920735,False
ising,mixed,4,0,0.001,KL descent,2588,2589,3.7076971530914307,0.38924101314197584,0.5637125481924727,False
ising,mixed,4,0,0.001,KL descent,2589,2590,3.709696054458618,0.3892409121192796,0.5637123479141335,False
ising,mixed,4,0,0.001,KL descent,2590,2591,3.711695432662964,0.3892407989707933,0.5637122383468596,False
ising,mixed,4,0,0.001,KL descent,2591,2592,3.714214324951172,0.38924069801647954,0.5637120382548573,False
ising,mixed,4,0,0.001,KL descent,2592,2593,3.716219902038574,0.38924058495923886,0.5637119287214265,False
ising,mixed,4,0,0.001,KL descent,2593,2594,3.718219518661499,0.3892404840747359,0.5637117288165586,False
ising,mixed,4,0,0.001,KL descent,2594,2595,3.7212982177734375,0.38924037110467813,0.5637116193143193,False
ising,mixed,4,0,0.001,KL descent,2595,2596,3.7212982177734375,0.38924027028752006,0.5637114195947239,False
ising,mixed,4,0,0.001,KL descent,2596,2597,3.7228593826293945,0.3892401574074222,0.5637113101256737,False
ising,mixed,4,0,0.001,KL descent,2597,2598,3.7249343395233154,0.38924005665929734,0.5637111105923245,False
ising,mixed,4,0,0.001,KL descent,2598,2599,3.7258803844451904,0.3892399438695341,0.5637110011568249,False
ising,mixed,4,0,0.001,KL descent,2599,2600,3.726886510848999,0.38923984319175653,0.563710801810445,False
ising,mixed,4,0,0.001,KL descent,2600,2601,3.7279305458068848,0.38923973049023275,0.563710692407182,False
ising,mixed,4,0,0.001,KL descent,2601,2602,3.728959560394287,0.38923962987901256,0.5637104932450135,False
ising,mixed,4,0,0.001,KL descent,2602,2603,3.7298812866210938,0.3892395172656601,0.5637103838740433,False
ising,mixed,4,0,0.001,KL descent,2603,2604,3.7309255599975586,0.38923941672270196,0.5637101848970694,False
ising,mixed,4,0,0.001,KL descent,2604,2605,3.732480764389038,0.38923930419829156,0.5637100755590276,False
ising,mixed,4,0,0.001,KL descent,2605,2606,3.733497381210327,0.38923920372511,0.5637098767680973,False
ising,mixed,4,0,0.001,KL descent,2606,2607,3.7345333099365234,0.38923909129114953,0.5637097674641158,False
ising,mixed,4,0,0.001,KL descent,2607,2608,3.736494302749634,0.3892389908861431,0.5637095688579752,False
ising,mixed,4,0,0.001,KL descent,2608,2609,3.7375500202178955,0.3892388785395896,0.5637094595860914,False
ising,mixed,4,0,0.001,KL descent,2609,2610,3.7395424842834473,0.38923877820192215,0.56370926116399,False
ising,mixed,4,0,0.001,KL descent,2610,2611,3.7405452728271484,0.38923866594396533,0.5637091519251209,False
ising,mixed,4,0,0.001,KL descent,2611,2612,3.7415528297424316,0.3892385656754036,0.5637089536880866,False
ising,mixed,4,0,0.001,KL descent,2612,2613,3.7425012588500977,0.38923845350738595,0.5637088444832491,False
ising,mixed,4,0,0.001,KL descent,2613,2614,3.7440268993377686,0.3892383533080639,0.5637086464311987,False
ising,mixed,4,0,0.001,KL descent,2614,2615,3.7450695037841797,0.38923824122772854,0.563708537258967,False
ising,mixed,4,0,0.001,KL descent,2615,2616,3.746066093444824,0.3892381410962069,0.5637083393907456,False
ising,mixed,4,0,0.001,KL descent,2616,2617,3.747067928314209,0.38923802910509353,0.5637082302522747,False
ising,mixed,4,0,0.001,KL descent,2617,2618,3.7480719089508057,0.38923792904134646,0.5637080325676931,False
ising,mixed,4,0,0.001,KL descent,2618,2619,3.74906849861145,0.38923781713799777,0.563707923462093,False
ising,mixed,4,0,0.001,KL descent,2619,2620,3.750059127807617,0.38923771714258903,0.5637077259613591,False
ising,mixed,4,0,0.001,KL descent,2620,2621,3.752432107925415,0.3892376053267248,0.563707616888549,False
ising,mixed,4,0,0.001,KL descent,2621,2622,3.7554404735565186,0.3892375053986614,0.5637074195708112,False
ising,mixed,4,0,0.001,KL descent,2622,2623,3.756963014602661,0.38923739367152194,0.5637073105317396,False
ising,mixed,4,0,0.001,KL descent,2623,2624,3.758007287979126,0.3892372938121704,0.5637071133977604,False
ising,mixed,4,0,0.001,KL descent,2624,2625,3.7590227127075195,0.38923718217392517,0.563707004392644,False
ising,mixed,4,0,0.001,KL descent,2625,2626,3.760067939758301,0.38923708238351495,0.5637068074424021,False
ising,mixed,4,0,0.001,KL descent,2626,2627,3.761070728302002,0.3892369708335215,0.5637066984709116,False
ising,mixed,4,0,0.001,KL descent,2627,2628,3.762626886367798,0.3892368711112195,0.5637065017036693,False
ising,mixed,4,0,0.001,KL descent,2628,2629,3.7636399269104004,0.38923675964918314,0.5637063927657135,False
ising,mixed,4,0,0.001,KL descent,2629,2630,3.764681339263916,0.38923665999383744,0.5637061961805133,False
ising,mixed,4,0,0.001,KL descent,2630,2631,3.767685890197754,0.3892365486185659,0.5637060872753777,False
ising,mixed,4,0,0.001,KL descent,2631,2632,3.7697014808654785,0.389236449031818,0.5637058908731619,False
ising,mixed,4,0,0.001,KL descent,2632,2633,3.7717342376708984,0.3892363377462818,0.5637057820029788,False
ising,mixed,4,0,0.001,KL descent,2633,2634,3.773289680480957,0.3892362382268562,0.5637055857827116,False
ising,mixed,4,0,0.001,KL descent,2634,2635,3.7753257751464844,0.38923612702741306,0.5637054769450995,False
ising,mixed,4,0,0.001,KL descent,2635,2636,3.777391195297241,0.3892360275764747,0.5637052809074014,False
ising,mixed,4,0,0.001,KL descent,2636,2637,3.7782938480377197,0.3892359164658357,0.5637051721043157,False
ising,mixed,4,0,0.001,KL descent,2637,2638,3.7803287506103516,0.3892358170825802,0.5637049762484654,False
ising,mixed,4,0,0.001,KL descent,2638,2639,3.7813308238983154,0.38923570605803903,0.5637048674781682,False
ising,mixed,4,0,0.001,KL descent,2639,2640,3.7823386192321777,0.38923560674144286,0.563704671803295,False
ising,mixed,4,0,0.001,KL descent,2640,2641,3.783681869506836,0.38923549580559164,0.5637045630676498,False
ising,mixed,4,0,0.001,KL descent,2641,2642,3.78469181060791,0.38923539655878103,0.5637043675757129,False
ising,mixed,4,0,0.001,KL descent,2642,2643,3.785703420639038,0.3892352857117468,0.5637042588749124,False
ising,mixed,4,0,0.001,KL descent,2643,2644,3.7877018451690674,0.3892351865320253,0.5637040635639106,False
ising,mixed,4,0,0.001,KL descent,2644,2645,3.788696527481079,0.38923507577134525,0.5637039548963811,False
ising,mixed,4,0,0.001,KL descent,2645,2646,3.789705514907837,0.3892349766584927,0.5637037597659904,False
ising,mixed,4,0,0.001,KL descent,2646,2647,3.790696382522583,0.38923486598413837,0.5637036511318131,False
ising,mixed,4,0,0.001,KL descent,2647,2648,3.7917091846466064,0.3892347669381531,0.5637034561818595,False
ising,mixed,4,0,0.001,KL descent,2648,2649,3.7932586669921875,0.3892346563515642,0.5637033475821203,False
ising,mixed,4,0,0.001,KL descent,2649,2650,3.7943241596221924,0.3892345573749404,0.5637031528141297,False
ising,mixed,4,0,0.001,KL descent,2650,2651,3.79530930519104,0.38923444687689873,0.5637030442494635,False
ising,mixed,4,0,0.001,KL descent,2651,2652,3.7963271141052246,0.38923434796810846,0.563702849662235,False
ising,mixed,4,0,0.001,KL descent,2652,2653,3.797304630279541,0.38923423755645636,0.5637027411312732,False
ising,mixed,4,0,0.001,KL descent,2653,2654,3.798311471939087,0.38923413871414086,0.5637025467237037,False
ising,mixed,4,0,0.001,KL descent,2654,2655,3.7992618083953857,0.38923402838920995,0.563702438226773,False
ising,mixed,4,0,0.001,KL descent,2655,2656,3.8002665042877197,0.38923392961461173,0.5637022439995427,False
ising,mixed,4,0,0.001,KL descent,2656,2657,3.8012633323669434,0.389233819376659,0.5637021355369247,False
ising,mixed,4,0,0.001,KL descent,2657,2658,3.8012633323669434,0.38923372066942286,0.5637019414896214,False
ising,mixed,4,0,0.001,KL descent,2658,2659,3.8041155338287354,0.3892336105182781,0.5637018330612986,False
ising,mixed,4,0,0.001,KL descent,2659,2660,3.805135488510132,0.3892335118780843,0.5637016391935362,False
ising,mixed,4,0,0.001,KL descent,2660,2661,3.806225538253784,0.38923340181411864,0.563701530799863,False
ising,mixed,4,0,0.001,KL descent,2661,2662,3.807225465774536,0.38923330324182764,0.563701337112058,False
ising,mixed,4,0,0.001,KL descent,2662,2663,3.809177875518799,0.389233193265014,0.5637012287531172,False
ising,mixed,4,0,0.001,KL descent,2663,2664,3.810194730758667,0.3892330947603673,0.5637010352449275,False
ising,mixed,4,0,0.001,KL descent,2664,2665,3.8111727237701416,0.38923298486985203,0.5637009269202364,False
ising,mixed,4,0,0.001,KL descent,2665,2666,3.8111727237701416,0.3892328864310103,0.5637007335902409,False
ising,mixed,4,0,0.001,KL descent,2666,2667,3.8137760162353516,0.38923277662628664,0.56370062529956,False
ising,mixed,4,0,0.001,KL descent,2667,2668,3.814760684967041,0.38923267825519525,0.5637004321489126,False
ising,mixed,4,0,0.001,KL descent,2668,2669,3.8157846927642822,0.38923256853838856,0.563700323893785,False
ising,mixed,4,0,0.001,KL descent,2669,2670,3.8167850971221924,0.38923247023638385,0.5637001309232292,False
ising,mixed,4,0,0.001,KL descent,2670,2671,3.818783760070801,0.38923236060616306,0.5637000227028548,False
ising,mixed,4,0,0.001,KL descent,2671,2672,3.8197460174560547,0.38923226236999253,0.5636998299100102,False
ising,mixed,4,0,0.001,KL descent,2672,2673,3.820800304412842,0.38923215282528917,0.5636997217237599,False
ising,mixed,4,0,0.001,KL descent,2673,2674,3.821790933609009,0.38923205465568006,0.5636995291089503,False
ising,mixed,4,0,0.001,KL descent,2674,2675,3.822789192199707,0.3892319451973662,0.5636994209575117,False
ising,mixed,4,0,0.001,KL descent,2675,2676,3.8233604431152344,0.38923184709547104,0.5636992285213613,False
ising,mixed,4,0,0.001,KL descent,2676,2677,3.8254072666168213,0.38923173772386,0.5636991204050542,False
ising,mixed,4,0,0.001,KL descent,2677,2678,3.826406955718994,0.38923163968819763,0.5636989281463844,False
ising,mixed,4,0,0.001,KL descent,2678,2679,3.827406167984009,0.3892315304021089,0.5636988200645019,False
ising,mixed,4,0,0.001,KL descent,2679,2680,3.828402042388916,0.38923143243367764,0.5636986279838254,False
ising,mixed,4,0,0.001,KL descent,2680,2681,3.8294544219970703,0.38923132323378573,0.5636985199369247,False
ising,mixed,4,0,0.001,KL descent,2681,2682,3.8314507007598877,0.38923122533322585,0.5636983280345101,False
ising,mixed,4,0,0.001,KL descent,2682,2683,3.832448959350586,0.3892311162206804,0.5636982200234768,False
ising,mixed,4,0,0.001,KL descent,2683,2684,3.833059787750244,0.3892310183873337,0.5636980282987132,False
ising,mixed,4,0,0.001,KL descent,2684,2685,3.8341023921966553,0.38923090935913635,0.5636979203216028,False
ising,mixed,4,0,0.001,KL descent,2685,2686,3.835153341293335,0.3892308115910174,0.5636977287729715,False
ising,mixed,4,0,0.001,KL descent,2686,2687,3.836153030395508,0.38923070264905674,0.5636976208311678,False
ising,mixed,4,0,0.001,KL descent,2687,2688,3.837062358856201,0.3892306049479174,0.5636974294596944,False
ising,mixed,4,0,0.001,KL descent,2688,2689,3.838099956512451,0.3892304960918512,0.563697321553062,False
ising,mixed,4,0,0.001,KL descent,2689,2690,3.8391501903533936,0.3892303984579424,0.5636971303587538,False
ising,mixed,4,0,0.001,KL descent,2690,2691,3.8411550521850586,0.3892302896888061,0.5636970224880984,False
ising,mixed,4,0,0.001,KL descent,2691,2692,3.8411550521850586,0.3892301921225062,0.5636968314710489,False
ising,mixed,4,0,0.001,KL descent,2692,2693,3.8427510261535645,0.3892300834376115,0.5636967236346367,False
ising,mixed,4,0,0.001,KL descent,2693,2694,3.843855142593384,0.38922998593742153,0.5636965327936607,False
ising,mixed,4,0,0.001,KL descent,2694,2695,3.8447954654693604,0.38922987733889086,0.5636964249930325,False
ising,mixed,4,0,0.001,KL descent,2695,2696,3.8458657264709473,0.3892297799053011,0.5636962343282976,False
ising,mixed,4,0,0.001,KL descent,2696,2697,3.846853256225586,0.3892296713922462,0.56369612656295,False
ising,mixed,4,0,0.001,KL descent,2697,2698,3.8478479385375977,0.3892295740253324,0.5636959360743456,False
ising,mixed,4,0,0.001,KL descent,2698,2699,3.8488574028015137,0.38922946559754734,0.5636958283442347,False
ising,mixed,4,0,0.001,KL descent,2699,2700,3.850853204727173,0.3892293682970534,0.5636956380314186,False
ising,mixed,4,0,0.001,KL descent,2700,2701,3.850853204727173,0.3892292599541991,0.5636955303364115,False
ising,mixed,4,0,0.001,KL descent,2701,2702,3.852447986602783,0.38922916271975405,0.5636953401989693,False
ising,mixed,4,0,0.001,KL descent,2702,2703,3.853459119796753,0.3892290544624699,0.5636952325395946,False
ising,mixed,4,0,0.001,KL descent,2703,2704,3.8545072078704834,0.38922895729539775,0.5636950425782645,False
ising,mixed,4,0,0.001,KL descent,2704,2705,3.855529308319092,0.3892288491241612,0.5636949349549489,False
ising,mixed,4,0,0.001,KL descent,2705,2706,3.8571343421936035,0.38922875202387663,0.5636947451691715,False
ising,mixed,4,0,0.001,KL descent,2706,2707,3.8582398891448975,0.38922864393704104,0.5636946375808851,False
ising,mixed,4,0,0.001,KL descent,2707,2708,3.8592476844787598,0.38922854690213515,0.563694447969536,False
ising,mixed,4,0,0.001,KL descent,2708,2709,3.860184669494629,0.3892284388996012,0.5636943404163144,False
ising,mixed,4,0,0.001,KL descent,2709,2710,3.861144542694092,0.3892283419311185,0.5636941509799362,False
ising,mixed,4,0,0.001,KL descent,2710,2711,3.8626725673675537,0.38922823401489237,0.563694043463234,False
ising,mixed,4,0,0.001,KL descent,2711,2712,3.8636858463287354,0.3892281371135765,0.5636938542021814,False
ising,mixed,4,0,0.001,KL descent,2712,2713,3.8646833896636963,0.3892280292818663,0.5636937467208814,False
ising,mixed,4,0,0.001,KL descent,2713,2714,3.866682291030884,0.38922793244626724,0.5636935576339956,False
ising,mixed,4,0,0.001,KL descent,2714,2715,3.867713451385498,0.38922782470013084,0.5636934501889088,False
ising,mixed,4,0,0.001,KL descent,2715,2716,3.868682384490967,0.38922772793190746,0.5636932612771652,False
ising,mixed,4,0,0.001,KL descent,2716,2717,3.8716824054718018,0.3892276202698203,0.563693153867351,False
ising,mixed,4,0,0.001,KL descent,2717,2718,3.8732495307922363,0.3892275235661746,0.5636929651286753,False
ising,mixed,4,0,0.001,KL descent,2718,2719,3.874279499053955,0.38922741598934896,0.5636928577550548,False
ising,mixed,4,0,0.001,KL descent,2719,2720,3.8752503395080566,0.389227319353054,0.5636926691911734,False
ising,mixed,4,0,0.001,KL descent,2720,2721,3.877244710922241,0.3892272118609868,0.5636925618534994,False
ising,mixed,4,0,0.001,KL descent,2721,2722,3.8782458305358887,0.3892271152907215,0.5636923734633573,False
ising,mixed,4,0,0.001,KL descent,2722,2723,3.8802433013916016,0.3892270078817294,0.5636922661605799,False
ising,mixed,4,0,0.001,KL descent,2723,2724,3.881246566772461,0.38922691137593063,0.5636920779429466,False
ising,mixed,4,0,0.001,KL descent,2724,2725,3.882768392562866,0.3892268040521276,0.5636919706765963,False
ising,mixed,4,0,0.001,KL descent,2725,2726,3.884784698486328,0.3892267076139837,0.5636917826334825,False
ising,mixed,4,0,0.001,KL descent,2726,2727,3.885841131210327,0.3892266003753349,0.5636916754036319,False
ising,mixed,4,0,0.001,KL descent,2727,2728,3.8867852687835693,0.3892265040036693,0.5636914875340799,False
ising,mixed,4,0,0.001,KL descent,2728,2729,3.8887898921966553,0.38922639684981897,0.5636913803405798,False
ising,mixed,4,0,0.001,KL descent,2729,2730,3.8897864818573,0.38922630054387625,0.5636911926439082,False
ising,mixed,4,0,0.001,KL descent,2730,2731,3.8907833099365234,0.3892261934742529,0.563691085486467,False
ising,mixed,4,0,0.001,KL descent,2731,2732,3.8917839527130127,0.38922609723300616,0.5636908979618234,False
ising,mixed,4,0,0.001,KL descent,2732,2733,3.8932912349700928,0.3892259902459596,0.5636907908394093,False
ising,mixed,4,0,0.001,KL descent,2733,2734,3.894299268722534,0.3892258940713562,0.5636906034879516,False
ising,mixed,4,0,0.001,KL descent,2734,2735,3.8958096504211426,0.3892257871691592,0.5636904964022081,False
ising,mixed,4,0,0.001,KL descent,2735,2736,3.8968210220336914,0.38922569106039573,0.5636903092232337,False
ising,mixed,4,0,0.001,KL descent,2736,2737,3.8978254795074463,0.38922558424288456,0.5636902021741395,False
ising,mixed,4,0,0.001,KL descent,2737,2738,3.8988254070281982,0.38922548820053504,0.5636900151678781,False
ising,mixed,4,0,0.001,KL descent,2738,2739,3.900826930999756,0.38922538146787944,0.5636899081556463,False
ising,mixed,4,0,0.001,KL descent,2739,2740,3.900826930999756,0.38922528549066904,0.5636897213210742,False
ising,mixed,4,0,0.001,KL descent,2740,2741,3.9034078121185303,0.3892251788401463,0.5636896143439385,False
ising,mixed,4,0,0.001,KL descent,2741,2742,3.9054019451141357,0.3892250829287003,0.5636894276813185,False
ising,mixed,4,0,0.001,KL descent,2742,2743,3.9074134826660156,0.3892249763626948,0.5636893207409992,False
ising,mixed,4,0,0.001,KL descent,2743,2744,3.909536123275757,0.38922488051707754,0.5636891342502189,False
ising,mixed,4,0,0.001,KL descent,2744,2745,3.910553216934204,0.38922477403483985,0.563689027346297,False
ising,mixed,4,0,0.001,KL descent,2745,2746,3.9115428924560547,0.38922467825470464,0.563688841026959,False
ising,mixed,4,0,0.001,KL descent,2746,2747,3.9125113487243652,0.38922457185639303,0.5636887341596338,False
ising,mixed,4,0,0.001,KL descent,2747,2748,3.9138107299804688,0.3892244761427481,0.563688548012272,False
ising,mixed,4,0,0.001,KL descent,2748,2749,3.9148876667022705,0.3892243698295008,0.5636884411824096,False
ising,mixed,4,0,0.001,KL descent,2749,2750,3.9158642292022705,0.38922427418104644,0.5636882552059765,False
ising,mixed,4,0,0.001,KL descent,2750,2751,3.917339563369751,0.38922416794917203,0.5636881484111619,False
ising,mixed,4,0,0.001,KL descent,2751,2752,3.918403148651123,0.38922407236541623,0.5636879626051627,False
ising,mixed,4,0,0.001,KL descent,2752,2753,3.9203526973724365,0.3892239662178306,0.5636878558474683,False
ising,mixed,4,0,0.001,KL descent,2753,2754,3.9213852882385254,0.38922387069980463,0.5636876702124496,False
ising,mixed,4,0,0.001,KL descent,2754,2755,3.922910451889038,0.38922376463491143,0.5636875634908821,False
ising,mixed,4,0,0.001,KL descent,2755,2756,3.92494797706604,0.3892236691829685,0.5636873780269261,False
ising,mixed,4,0,0.001,KL descent,2756,2757,3.9259958267211914,0.3892235632037324,0.5636872713435918,False
ising,mixed,4,0,0.001,KL descent,2757,2758,3.927109956741333,0.38922346781731093,0.5636870860501615,False
ising,mixed,4,0,0.001,KL descent,2758,2759,3.9291210174560547,0.389223361919621,0.5636869794023565,False
ising,mixed,4,0,0.001,KL descent,2759,2760,3.9301598072052,0.3892232665977088,0.5636867942786027,False
ising,mixed,4,0,0.001,KL descent,2760,2761,3.931164026260376,0.3892231607837787,0.5636866876679271,False
ising,mixed,4,0,0.001,KL descent,2761,2762,3.932722806930542,0.3892230655283477,0.5636865027150362,False
ising,mixed,4,0,0.001,KL descent,2762,2763,3.9337973594665527,0.38922295979734917,0.5636863961410137,False
ising,mixed,4,0,0.001,KL descent,2763,2764,3.935737371444702,0.3892228646065323,0.5636862113575595,False
ising,mixed,4,0,0.001,KL descent,2764,2765,3.937734603881836,0.3892227589584779,0.5636861048202892,False
ising,mixed,4,0,0.001,KL descent,2765,2766,3.9397358894348145,0.38922266383235965,0.5636859202061694,False
ising,mixed,4,0,0.001,KL descent,2766,2767,3.940793991088867,0.38922255826789165,0.5636858137061822,False
ising,mixed,4,0,0.001,KL descent,2767,2768,3.94179105758667,0.38922246320815823,0.563685629262391,False
ising,mixed,4,0,0.001,KL descent,2768,2769,3.943368911743164,0.3892223577265755,0.5636855227992976,False
ising,mixed,4,0,0.001,KL descent,2769,2770,3.9444234371185303,0.3892222627317361,0.5636853385246634,False
ising,mixed,4,0,0.001,KL descent,2770,2771,3.9464056491851807,0.3892221573328964,0.5636852320984582,False
ising,mixed,4,0,0.001,KL descent,2771,2772,3.947420597076416,0.38922206240213864,0.5636850479922743,False
ising,mixed,4,0,0.001,KL descent,2772,2773,3.948424816131592,0.38922195708498325,0.5636849416023251,False
ising,mixed,4,0,0.001,KL descent,2773,2774,3.9493682384490967,0.3892218622205683,0.5636847576659694,False
ising,mixed,4,0,0.001,KL descent,2774,2775,3.951366901397705,0.389221756988822,0.563684651314904,False
ising,mixed,4,0,0.001,KL descent,2775,2776,3.9523708820343018,0.3892216621900943,0.5636844675477788,False
ising,mixed,4,0,0.001,KL descent,2776,2777,3.9554085731506348,0.3892215570392379,0.5636843612326126,False
ising,mixed,4,0,0.001,KL descent,2777,2778,3.9574108123779297,0.3892214623033074,0.5636841776326009,False
ising,mixed,4,0,0.001,KL descent,2778,2779,3.9579291343688965,0.38922135723498885,0.5636840713545337,False
ising,mixed,4,0,0.001,KL descent,2779,2780,3.958934783935547,0.38922126256530076,0.5636838879238205,False
ising,mixed,4,0,0.001,KL descent,2780,2781,3.960933208465576,0.3892211575794703,0.5636837816829157,False
ising,mixed,4,0,0.001,KL descent,2781,2782,3.960933208465576,0.3892210629747595,0.5636835984204842,False
ising,mixed,4,0,0.001,KL descent,2782,2783,3.962446928024292,0.3892209580726172,0.5636834922176481,False
ising,mixed,4,0,0.001,KL descent,2783,2784,3.9644627571105957,0.3892208635334582,0.5636833091237392,False
ising,mixed,4,0,0.001,KL descent,2784,2785,3.9654576778411865,0.38922075871345,0.5636832029580049,False
ising,mixed,4,0,0.001,KL descent,2785,2786,3.9664642810821533,0.38922066423888435,0.5636830200318071,False
ising,mixed,4,0,0.001,KL descent,2786,2787,3.9674696922302246,0.3892205595003345,0.563682913902801,False
ising,mixed,4,0,0.001,KL descent,2787,2788,3.97046160697937,0.38922046508898017,0.5636827311432226,False
ising,mixed,4,0,0.001,KL descent,2788,2789,3.9724605083465576,0.3892203604325147,0.5636826250514562,False
ising,mixed,4,0,0.001,KL descent,2789,2790,3.974987268447876,0.3892202660879936,0.5636824424608065,False
ising,mixed,4,0,0.001,KL descent,2790,2791,3.97798490524292,0.38922016151464717,0.5636823364070735,False
ising,mixed,4,0,0.001,KL descent,2791,2792,3.9809861183166504,0.3892200672341364,0.5636821539832819,False
ising,mixed,4,0,0.001,KL descent,2792,2793,3.9845199584960938,0.3892199627433963,0.5636820479673252,False
ising,mixed,4,0,0.001,KL descent,2793,2794,3.9865119457244873,0.3892198685279975,0.5636818657109828,False
ising,mixed,4,0,0.001,KL descent,2794,2795,3.9880213737487793,0.38921976411855025,0.5636817597319908,False
ising,mixed,4,0,0.001,KL descent,2795,2796,3.9900336265563965,0.3892196699665653,0.5636815776417965,False
ising,mixed,4,0,0.001,KL descent,2796,2797,3.991032361984253,0.3892195656380665,0.5636814716996271,False
ising,mixed,4,0,0.001,KL descent,2797,2798,3.9925451278686523,0.3892194715511922,0.563681289776572,False
ising,mixed,4,0,0.001,KL descent,2798,2799,3.994554281234741,0.38921936730577017,0.5636811838727603,False
ising,mixed,4,0,0.001,KL descent,2799,2800,3.9955568313598633,0.3892192732845157,0.5636810021170486,False
ising,mixed,4,0,0.001,KL descent,2800,2801,3.996567726135254,0.38921916912104215,0.5636808962509098,False
ising,mixed,4,0,0.001,KL descent,2801,2802,3.997565746307373,0.3892190751632483,0.5636807146609111,False
ising,mixed,4,0,0.001,KL descent,2802,2803,3.999565362930298,0.38921897108099723,0.5636806088320483,False
ising,mixed,4,0,0.001,KL descent,2803,2804,4.000567436218262,0.38921887718783266,0.5636804274084117,False
ising,mixed,4,0,0.001,KL descent,2804,2805,4.004130840301514,0.3892187731880945,0.5636803216177759,False
ising,mixed,4,0,0.001,KL descent,2805,2806,4.006178140640259,0.389218679360158,0.5636801403607588,False
ising,mixed,4,0,0.001,KL descent,2806,2807,4.0077807903289795,0.3892185754422058,0.5636800346079502,False
ising,mixed,4,0,0.001,KL descent,2807,2808,4.008731842041016,0.3892184816795452,0.5636798535174286,False
ising,mixed,4,0,0.001,KL descent,2808,2809,4.009727478027344,0.3892183778420937,0.5636797478016604,False
ising,mixed,4,0,0.001,KL descent,2809,2810,4.0117621421813965,0.38921828414102244,0.5636795668749763,False
ising,mixed,4,0,0.001,KL descent,2810,2811,4.012726783752441,0.3892181803860198,0.5636794611976551,False
ising,mixed,4,0,0.001,KL descent,2811,2812,4.013237237930298,0.3892180867511845,0.5636792804378169,False
ising,mixed,4,0,0.001,KL descent,2812,2813,4.01529860496521,0.3892179830769885,0.5636791747979201,False
ising,mixed,4,0,0.001,KL descent,2813,2814,4.016247034072876,0.38921788950594793,0.5636789942031151,False
ising,mixed,4,0,0.001,KL descent,2814,2815,4.018242359161377,0.3892177859138273,0.5636788886015835,False
ising,mixed,4,0,0.001,KL descent,2815,2816,4.019244909286499,0.3892176924077845,0.5636787081724839,False
ising,mixed,4,0,0.001,KL descent,2816,2817,4.021482944488525,0.3892175888966273,0.5636786026086508,False
ising,mixed,4,0,0.001,KL descent,2817,2818,4.02299690246582,0.3892174954536461,0.5636784223437843,False
ising,mixed,4,0,0.001,KL descent,2818,2819,4.024008750915527,0.3892173920227913,0.5636783168172825,False
ising,mixed,4,0,0.001,KL descent,2819,2820,4.02501916885376,0.38921729864434096,0.5636781367174988,False
ising,mixed,4,0,0.001,KL descent,2820,2821,4.02601432800293,0.38921719529571086,0.5636780312297223,False
ising,mixed,4,0,0.001,KL descent,2821,2822,4.028015613555908,0.3892171019820083,0.5636778512950267,False
ising,mixed,4,0,0.001,KL descent,2822,2823,4.0290186405181885,0.38921699871442694,0.5636777458452609,False
ising,mixed,4,0,0.001,KL descent,2823,2824,4.030016899108887,0.3892169054643543,0.5636775660747331,False
ising,mixed,4,0,0.001,KL descent,2824,2825,4.031017541885376,0.3892168022776214,0.5636774606629265,False
ising,mixed,4,0,0.001,KL descent,2825,2826,4.0325233936309814,0.38921670909316414,0.5636772810577708,False
ising,mixed,4,0,0.001,KL descent,2826,2827,4.033534526824951,0.3892166059889665,0.5636771756851624,False
ising,mixed,4,0,0.001,KL descent,2827,2828,4.034535884857178,0.3892165128667374,0.5636769962429242,False
ising,mixed,4,0,0.001,KL descent,2828,2829,4.035533428192139,0.3892164098402904,0.5636768909063374,False
ising,mixed,4,0,0.001,KL descent,2829,2830,4.0375330448150635,0.3892163167816119,0.5636767116277637,False
ising,mixed,4,0,0.001,KL descent,2830,2831,4.0385355949401855,0.3892162138373849,0.5636766063303243,False
ising,mixed,4,0,0.001,KL descent,2831,2832,4.0395379066467285,0.3892161208435867,0.5636764272161778,False
ising,mixed,4,0,0.001,KL descent,2832,2833,4.0405333042144775,0.3892160179807459,0.5636763219573999,False
ising,mixed,4,0,0.001,KL descent,2833,2834,4.042534589767456,0.38921592505203406,0.5636761430076669,False
ising,mixed,4,0,0.001,KL descent,2834,2835,4.043079137802124,0.3892158222706516,0.5636760377876916,False
ising,mixed,4,0,0.001,KL descent,2835,2836,4.04409122467041,0.389215729404446,0.5636758590004708,False
ising,mixed,4,0,0.001,KL descent,2836,2837,4.045101165771484,0.38921562670143905,0.5636757538172773,False
ising,mixed,4,0,0.001,KL descent,2837,2838,4.046080589294434,0.38921553389911123,0.5636755751933493,False
ising,mixed,4,0,0.001,KL descent,2838,2839,4.048105955123901,0.38921543127789693,0.563675470049347,False
ising,mixed,4,0,0.001,KL descent,2839,2840,4.049085378646851,0.3892153385396966,0.5636752915887419,False
ising,mixed,4,0,0.001,KL descent,2840,2841,4.050116062164307,0.38921523599907215,0.5636751864831957,False
ising,mixed,4,0,0.001,KL descent,2841,2842,4.051116943359375,0.38921514332554213,0.5636750081861263,False
ising,mixed,4,0,0.001,KL descent,2842,2843,4.051116943359375,0.38921504086551195,0.5636749031191305,False
ising,mixed,4,0,0.001,KL descent,2843,2844,4.05363655090332,0.3892149482534173,0.5636747249832499,False
ising,mixed,4,0,0.001,KL descent,2844,2845,4.054644346237183,0.3892148458723895,0.5636746199537948,False
ising,mixed,4,0,0.001,KL descent,2845,2846,4.05663537979126,0.38921475332436606,0.56367444198075,False
ising,mixed,4,0,0.001,KL descent,2846,2847,4.058971881866455,0.3892146510246823,0.5636743369905147,False
ising,mixed,4,0,0.001,KL descent,2847,2848,4.059964418411255,0.389214558542372,0.5636741591812737,False
ising,mixed,4,0,0.001,KL descent,2848,2849,4.060966491699219,0.3892144563237764,0.5636740542301707,False
ising,mixed,4,0,0.001,KL descent,2849,2850,4.062481164932251,0.3892143639047325,0.5636738765829252,False
ising,mixed,4,0,0.001,KL descent,2850,2851,4.063500642776489,0.38921426176487406,0.5636737716694344,False
ising,mixed,4,0,0.001,KL descent,2851,2852,4.064502954483032,0.3892141694080057,0.5636735941832941,False
ising,mixed,4,0,0.001,KL descent,2852,2853,4.065499305725098,0.38921406734908726,0.5636734893089939,False
ising,mixed,4,0,0.001,KL descent,2853,2854,4.066500186920166,0.3892139750572641,0.5636733119857604,False
ising,mixed,4,0,0.001,KL descent,2854,2855,4.068498134613037,0.3892138730786753,0.5636732071503269,False
ising,mixed,4,0,0.001,KL descent,2855,2856,4.070500135421753,0.3892137808490822,0.5636730299879409,False
ising,mixed,4,0,0.001,KL descent,2856,2857,4.071498155593872,0.3892136789489962,0.5636729251902062,False
ising,mixed,4,0,0.001,KL descent,2857,2858,4.074028015136719,0.38921358678208595,0.5636727481888305,False
ising,mixed,4,0,0.001,KL descent,2858,2859,4.0750412940979,0.38921348496253905,0.5636726434302585,False
ising,mixed,4,0,0.001,KL descent,2859,2860,4.076032400131226,0.3892133928607577,0.5636724665914106,False
ising,mixed,4,0,0.001,KL descent,2860,2861,4.07703161239624,0.3892132911214574,0.5636723618718913,False
ising,mixed,4,0,0.001,KL descent,2861,2862,4.079035997390747,0.3892131990831259,0.5636721851942814,False
ising,mixed,4,0,0.001,KL descent,2862,2863,4.080031156539917,0.3892130974234751,0.56367208051349,False
ising,mixed,4,0,0.001,KL descent,2863,2864,4.0810322761535645,0.3892130054467875,0.5636719039957452,False
ising,mixed,4,0,0.001,KL descent,2864,2865,4.082574129104614,0.38921290386655505,0.5636717993536013,False
ising,mixed,4,0,0.001,KL descent,2865,2866,4.083616018295288,0.3892128119544764,0.5636716229975941,False
ising,mixed,4,0,0.001,KL descent,2866,2867,4.084635257720947,0.38921271045384687,0.5636715183943076,False
ising,mixed,4,0,0.001,KL descent,2867,2868,4.0865867137908936,0.38921261860475875,0.5636713421987871,False
ising,mixed,4,0,0.001,KL descent,2868,2869,4.08858585357666,0.3892125171843425,0.5636712376348543,False
ising,mixed,4,0,0.001,KL descent,2869,2870,4.089587450027466,0.38921242539904766,0.5636710616002268,False
ising,mixed,4,0,0.001,KL descent,2870,2871,4.0905845165252686,0.3892123240580808,0.5636709570752059,False
ising,mixed,4,0,0.001,KL descent,2871,2872,4.091583251953125,0.38921223233531066,0.5636707812004647,False
ising,mixed,4,0,0.001,KL descent,2872,2873,4.093102216720581,0.38921213107226343,0.5636706767133981,False
ising,mixed,4,0,0.001,KL descent,2873,2874,4.094116926193237,0.38921203941215604,0.5636705009984847,False
ising,mixed,4,0,0.001,KL descent,2874,2875,4.096188545227051,0.3892119382296522,0.5636703965512386,False
ising,mixed,4,0,0.001,KL descent,2875,2876,4.098196029663086,0.3892118466344596,0.5636702209975474,False
ising,mixed,4,0,0.001,KL descent,2876,2877,4.10014009475708,0.3892117455316209,0.563670116589602,False
ising,mixed,4,0,0.001,KL descent,2877,2878,4.102692604064941,0.3892116539986044,0.5636699411951227,False
ising,mixed,4,0,0.001,KL descent,2878,2879,4.103752613067627,0.38921155297442694,0.5636698368258808,False
ising,mixed,4,0,0.001,KL descent,2879,2880,4.105762481689453,0.38921146150327574,0.5636696615902574,False
ising,mixed,4,0,0.001,KL descent,2880,2881,4.107761383056641,0.3892113605580809,0.5636695572600117,False
ising,mixed,4,0,0.001,KL descent,2881,2882,4.109752893447876,0.38921126915099585,0.5636693821845999,False
ising,mixed,4,0,0.001,KL descent,2882,2883,4.11176061630249,0.38921116828477736,0.5636692778934265,False
ising,mixed,4,0,0.001,KL descent,2883,2884,4.1143248081207275,0.3892110769397718,0.5636691029767305,False
ising,mixed,4,0,0.001,KL descent,2884,2885,4.116377592086792,0.389210976153574,0.5636689987254193,False
ising,mixed,4,0,0.001,KL descent,2885,2886,4.118371248245239,0.38921088487313377,0.5636688239689874,False
ising,mixed,4,0,0.001,KL descent,2886,2887,4.1203532218933105,0.38921078416466365,0.5636687197560613,False
ising,mixed,4,0,0.001,KL descent,2887,2888,4.122377395629883,0.3892106929455089,0.5636685451575149,False
ising,mixed,4,0,0.001,KL descent,2888,2889,4.124006509780884,0.38921059231626015,0.5636684409840673,False
ising,mixed,4,0,0.001,KL descent,2889,2890,4.125987529754639,0.38921050116009565,0.5636682665444259,False
ising,mixed,4,0,0.001,KL descent,2890,2891,4.127991437911987,0.389210400609667,0.5636681624102633,False
ising,mixed,4,0,0.001,KL descent,2891,2892,4.129944562911987,0.3892103095173242,0.5636679881299509,False
ising,mixed,4,0,0.001,KL descent,2892,2893,4.131000518798828,0.3892102090468389,0.5636678840359182,False
ising,mixed,4,0,0.001,KL descent,2893,2894,4.133659362792969,0.38921011801750904,0.5636677099142369,False
ising,mixed,4,0,0.001,KL descent,2894,2895,4.1356422901153564,0.3892100176257409,0.5636676058595781,False
ising,mixed,4,0,0.001,KL descent,2895,2896,4.137585639953613,0.3892099266581875,0.5636674318955522,False
ising,mixed,4,0,0.001,KL descent,2896,2897,4.138585567474365,0.38920982634369916,0.5636673278793656,False
ising,mixed,4,0,0.001,KL descent,2897,2898,4.139583110809326,0.38920973543818044,0.5636671540730226,False
ising,mixed,4,0,0.001,KL descent,2898,2899,4.141587018966675,0.3892096352011292,0.5636670500954927,False
ising,mixed,4,0,0.001,KL descent,2899,2900,4.1431028842926025,0.38920954435817195,0.5636668764470498,False
ising,mixed,4,0,0.001,KL descent,2900,2901,4.144108295440674,0.38920944420086334,0.5636667725098233,False
ising,mixed,4,0,0.001,KL descent,2901,2902,4.145121812820435,0.38920935342228175,0.5636665990203796,False
ising,mixed,4,0,0.001,KL descent,2902,2903,4.146170377731323,0.3892092533452062,0.563666495123872,False
ising,mixed,4,0,0.001,KL descent,2903,2904,4.148152828216553,0.3892091626286226,0.5636663217916575,False
ising,mixed,4,0,0.001,KL descent,2904,2905,4.149175643920898,0.3892090626288126,0.5636662179339271,False
ising,mixed,4,0,0.001,KL descent,2905,2906,4.150168418884277,0.3892089719751616,0.5636660447594453,False
ising,mixed,4,0,0.001,KL descent,2906,2907,4.15116024017334,0.3892088720525522,0.5636659409405235,False
ising,mixed,4,0,0.001,KL descent,2907,2908,4.1527259349823,0.3892087814592461,0.563665767921869,False
ising,mixed,4,0,0.001,KL descent,2908,2909,4.154785394668579,0.3892086816146897,0.5636656641424129,False
ising,mixed,4,0,0.001,KL descent,2909,2910,4.155796527862549,0.38920859108531447,0.5636654912818808,False
ising,mixed,4,0,0.001,KL descent,2910,2911,4.1567933559417725,0.3892084913199444,0.5636653875427406,False
ising,mixed,4,0,0.001,KL descent,2911,2912,4.159276485443115,0.3892084008528931,0.5636652148391026,False
ising,mixed,4,0,0.001,KL descent,2912,2913,4.161264896392822,0.3892083011658802,0.5636651111397948,False
ising,mixed,4,0,0.001,KL descent,2913,2914,4.163847923278809,0.38920821076268003,0.5636649385939425,False
ising,mixed,4,0,0.001,KL descent,2914,2915,4.165848970413208,0.38920811115393095,0.5636648349344793,False
ising,mixed,4,0,0.001,KL descent,2915,2916,4.1688432693481445,0.3892080208104108,0.56366466254344,False
ising,mixed,4,0,0.001,KL descent,2916,2917,4.170806407928467,0.3892079212785136,0.5636645589229333,False
ising,mixed,4,0,0.001,KL descent,2917,2918,4.173392057418823,0.38920783099825795,0.563664386689007,False
ising,mixed,4,0,0.001,KL descent,2918,2919,4.175395727157593,0.3892077315446125,0.5636642831084838,False
ising,mixed,4,0,0.001,KL descent,2919,2920,4.177391529083252,0.38920764132694635,0.5636641110310661,False
ising,mixed,4,0,0.001,KL descent,2920,2921,4.179391622543335,0.3892075419512042,0.5636640074903727,False
ising,mixed,4,0,0.001,KL descent,2921,2922,4.181386947631836,0.389207451795567,0.5636638355689471,False
ising,mixed,4,0,0.001,KL descent,2922,2923,4.182946681976318,0.38920735249735455,0.5636637320679038,False
ising,mixed,4,0,0.001,KL descent,2923,2924,4.1850011348724365,0.3892072624035495,0.5636635603021938,False
ising,mixed,4,0,0.001,KL descent,2924,2925,4.185999631881714,0.3892071631831287,0.5636634568410501,False
ising,mixed,4,0,0.001,KL descent,2925,2926,4.187993764877319,0.389207073152323,0.5636632852317107,False
ising,mixed,4,0,0.001,KL descent,2926,2927,4.189022064208984,0.3892069740109616,0.5636631818114135,False
ising,mixed,4,0,0.001,KL descent,2927,2928,4.190029144287109,0.38920688404256915,0.5636630103579104,False
ising,mixed,4,0,0.001,KL descent,2928,2929,4.190998792648315,0.38920678497761313,0.5636629069767245,False
ising,mixed,4,0,0.001,KL descent,2929,2930,4.192518949508667,0.38920669506963745,0.563662735677555,False
ising,mixed,4,0,0.001,KL descent,2930,2931,4.194594860076904,0.3892065960818182,0.5636626323360563,False
ising,mixed,4,0,0.001,KL descent,2931,2932,4.195547342300415,0.3892065062359919,0.5636624611922629,False
ising,mixed,4,0,0.001,KL descent,2932,2933,4.196609258651733,0.3892064073252974,0.5636623578905151,False
ising,mixed,4,0,0.001,KL descent,2933,2934,4.197609186172485,0.389206317542691,0.5636621869026859,False
ising,mixed,4,0,0.001,KL descent,2934,2935,4.199596405029297,0.3892062187108459,0.5636620836419401,False
ising,mixed,4,0,0.001,KL descent,2935,2936,4.200591802597046,0.3892061289901941,0.5636619128090801,False
ising,mixed,4,0,0.001,KL descent,2936,2937,4.201589584350586,0.38920603023520145,0.5636618095880539,False
ising,mixed,4,0,0.001,KL descent,2937,2938,4.202589273452759,0.38920594057670577,0.5636616389101579,False
ising,mixed,4,0,0.001,KL descent,2938,2939,4.2051050662994385,0.3892058418993104,0.5636615357294344,False
ising,mixed,4,0,0.001,KL descent,2939,2940,4.207174777984619,0.3892057523014142,0.5636613652053026,False
ising,mixed,4,0,0.001,KL descent,2940,2941,4.209186792373657,0.3892056536999332,0.5636612620638108,False
ising,mixed,4,0,0.001,KL descent,2941,2942,4.211168527603149,0.3892055641633676,0.5636610916938068,False
ising,mixed,4,0,0.001,KL descent,2942,2943,4.2137956619262695,0.3892054656389598,0.563660988592406,False
ising,mixed,4,0,0.001,KL descent,2943,2944,4.215792417526245,0.38920537616529066,0.563660818377458,False
ising,mixed,4,0,0.001,KL descent,2944,2945,4.217815160751343,0.38920527771929636,0.5636607153171347,False
ising,mixed,4,0,0.001,KL descent,2945,2946,4.219778299331665,0.38920518830810336,0.5636605452568207,False
ising,mixed,4,0,0.001,KL descent,2946,2947,4.220749855041504,0.3892050899384601,0.563660442236252,False
ising,mixed,4,0,0.001,KL descent,2947,2948,4.2217912673950195,0.3892050005877684,0.5636602723290871,False
ising,mixed,4,0,0.001,KL descent,2948,2949,4.223367214202881,0.38920490229486837,0.5636601693486111,False
ising,mixed,4,0,0.001,KL descent,2949,2950,4.224431991577148,0.3892048130062725,0.5636599995955447,False
ising,mixed,4,0,0.001,KL descent,2950,2951,4.225411891937256,0.3892047147901779,0.5636598966552768,False
ising,mixed,4,0,0.001,KL descent,2951,2952,4.227410554885864,0.3892046255634877,0.5636597270560424,False
ising,mixed,4,0,0.001,KL descent,2952,2953,4.228426456451416,0.38920452742586453,0.5636596241571901,False
ising,mixed,4,0,0.001,KL descent,2953,2954,4.229427814483643,0.38920443826094986,0.5636594547115681,False
ising,mixed,4,0,0.001,KL descent,2954,2955,4.230417013168335,0.3892043401987072,0.5636593518521003,False
ising,mixed,4,0,0.001,KL descent,2955,2956,4.232415437698364,0.3892042510941936,0.5636591825590094,False
ising,mixed,4,0,0.001,KL descent,2956,2957,4.234036922454834,0.3892041531074699,0.5636590797390952,False
ising,mixed,4,0,0.001,KL descent,2957,2958,4.234036922454834,0.38920406406540703,0.5636589105998046,False
ising,mixed,4,0,0.001,KL descent,2958,2959,4.237683534622192,0.3892039661563912,0.5636588078210065,False
ising,mixed,4,0,0.001,KL descent,2959,2960,4.23867392539978,0.38920387717570554,0.5636586388346378,False
ising,mixed,4,0,0.001,KL descent,2960,2961,4.239673376083374,0.38920377934455647,0.5636585360971408,False
ising,mixed,4,0,0.001,KL descent,2961,2962,4.241658449172974,0.38920369042592917,0.563658367264031,False
ising,mixed,4,0,0.001,KL descent,2962,2963,4.242654323577881,0.3892035926692781,0.5636582645656145,False
ising,mixed,4,0,0.001,KL descent,2963,2964,4.243217468261719,0.3892035038099439,0.5636580958837406,False
ising,mixed,4,0,0.001,KL descent,2964,2965,4.245221376419067,0.38920340612935206,0.5636579932255357,False
ising,mixed,4,0,0.001,KL descent,2965,2966,4.246225357055664,0.389203317332968,0.5636578246972517,False
ising,mixed,4,0,0.001,KL descent,2966,2967,4.247219800949097,0.3892032197315586,0.5636577220814591,False
ising,mixed,4,0,0.001,KL descent,2967,2968,4.248219013214111,0.3892031309980172,0.5636575537065613,False
ising,mixed,4,0,0.001,KL descent,2968,2969,4.249220132827759,0.3892030334721242,0.5636574511307602,False
ising,mixed,4,0,0.001,KL descent,2969,2970,4.250221014022827,0.3892029447979062,0.5636572829067166,False
ising,mixed,4,0,0.001,KL descent,2970,2971,4.251218318939209,0.38920284734558586,0.5636571803696551,False
ising,mixed,4,0,0.001,KL descent,2971,2972,4.253742694854736,0.38920275873181964,0.5636570122970931,False
ising,mixed,4,0,0.001,KL descent,2972,2973,4.255753993988037,0.3892026613575765,0.5636569098019103,False
ising,mixed,4,0,0.001,KL descent,2973,2974,4.256752014160156,0.38920257280654785,0.5636567418822545,False
ising,mixed,4,0,0.001,KL descent,2974,2975,4.2582666873931885,0.38920247550801346,0.5636566394274096,False
ising,mixed,4,0,0.001,KL descent,2975,2976,4.25927996635437,0.38920238701724574,0.5636564716588406,False
ising,mixed,4,0,0.001,KL descent,2976,2977,4.260279893875122,0.38920228979575605,0.5636563692453133,False
ising,mixed,4,0,0.001,KL descent,2977,2978,4.2612810134887695,0.3892022013680552,0.5636562016296073,False
ising,mixed,4,0,0.001,KL descent,2978,2979,4.262797594070435,0.3892021042231092,0.563656099257132,False
ising,mixed,4,0,0.001,KL descent,2979,2980,4.263814687728882,0.38920201585491987,0.563655931791738,False
ising,mixed,4,0,0.001,KL descent,2980,2981,4.264814376831055,0.3892019187826318,0.5636558294577373,False
ising,mixed,4,0,0.001,KL descent,2981,2982,4.265827417373657,0.38920183047449913,0.5636556621428835,False
ising,mixed,4,0,0.001,KL descent,2982,2983,4.266825437545776,0.3892017334795482,0.5636555598506171,False
ising,mixed,4,0,0.001,KL descent,2983,2984,4.267878532409668,0.38920164523412887,0.5636553926879819,False
ising,mixed,4,0,0.001,KL descent,2984,2985,4.269827604293823,0.38920154831639087,0.5636552904374357,False
ising,mixed,4,0,0.001,KL descent,2985,2986,4.270887136459351,0.3892014601317621,0.5636551234255793,False
ising,mixed,4,0,0.001,KL descent,2986,2987,4.2724387645721436,0.3892013632890757,0.5636550212153535,False
ising,mixed,4,0,0.001,KL descent,2987,2988,4.273510217666626,0.3892012751659931,0.5636548543546558,False
ising,mixed,4,0,0.001,KL descent,2988,2989,4.274501323699951,0.3892011783990164,0.5636547521852726,False
ising,mixed,4,0,0.001,KL descent,2989,2990,4.275510787963867,0.3892010903352591,0.5636545854740865,False
ising,mixed,4,0,0.001,KL descent,2990,2991,4.276495456695557,0.3892009936432272,0.5636544833450898,False
ising,mixed,4,0,0.001,KL descent,2991,2992,4.277498245239258,0.38920090564103016,0.5636543167848089,False
ising,mixed,4,0,0.001,KL descent,2992,2993,4.278494119644165,0.3892008090243694,0.5636542146965589,False
ising,mixed,4,0,0.001,KL descent,2993,2994,4.280493259429932,0.3892007210831828,0.5636540482866681,False
ising,mixed,4,0,0.001,KL descent,2994,2995,4.281495094299316,0.38920062454301246,0.5636539462400061,False
ising,mixed,4,0,0.001,KL descent,2995,2996,4.2830657958984375,0.3892005366626935,0.5636537799802803,False
ising,mixed,4,0,0.001,KL descent,2996,2997,4.285123109817505,0.38920044019705724,0.5636536779739377,False
ising,mixed,4,0,0.001,KL descent,2997,2998,4.2875025272369385,0.38920035237658474,0.5636535118635523,False
ising,mixed,4,0,0.001,KL descent,2998,2999,4.289517164230347,0.38920025598707436,0.563653409898681,False
ising,mixed,4,0,0.001,KL descent,2999,3000,4.2915191650390625,0.3892001682292742,0.5636532439394251,False
ising,mixed,4,0,0.001,KL descent,3000,3001,4.29302716255188,0.38920007191454276,0.5636531420151842,False
