small_kind,small_case,N,seed,eps,method,iter,gibbs_calls,time_sec,F_marg,e_tr,converged_final
ising,ground,4,0,0.001,KL descent,0,1,0.0,1.8387956687417911e-16,6.028717525197184e-10,False
ising,ground,4,0,0.001,KL descent,1,2,0.0,3.592957541051502e-16,6.018284204323902e-10,False
ising,ground,4,0,0.001,KL descent,2,3,0.0010004043579101562,1.690987169627709e-17,6.007858655012322e-10,False
ising,ground,4,0,0.001,KL descent,3,4,0.003000020980834961,-4.5390560428465493e-17,5.997447538597392e-10,False
ising,ground,4,0,0.001,KL descent,4,5,0.004998207092285156,1.6674798838816248e-16,5.987073614655024e-10,False
ising,ground,4,0,0.001,KL descent,5,6,0.007001399993896484,1.4056707727819516e-16,5.976715233836069e-10,False
ising,ground,4,0,0.001,KL descent,6,7,0.007996082305908203,2.3681947656950806e-16,5.9663651796892e-10,False
ising,ground,4,0,0.001,KL descent,7,8,0.009997129440307617,1.2810159060978747e-16,5.956066750920029e-10,False
ising,ground,4,0,0.001,KL descent,8,9,0.01299905776977539,6.429711337388197e-17,5.94577054258322e-10,False
ising,ground,4,0,0.001,KL descent,9,10,0.01502227783203125,2.6066806135318035e-16,5.935490432487027e-10,False
ising,ground,4,0,0.001,KL descent,10,11,0.016994476318359375,8.713214567505737e-17,5.925230861515017e-10,False
ising,ground,4,0,0.001,KL descent,11,12,0.018994569778442383,2.539512196386172e-16,5.914991274563535e-10,False
ising,ground,4,0,0.001,KL descent,12,13,0.01999497413635254,7.042100820515042e-17,5.904769451171176e-10,False
ising,ground,4,0,0.001,KL descent,13,14,0.02099609375,5.618115477074977e-17,5.894574828247703e-10,False
ising,ground,4,0,0.001,KL descent,14,15,0.021998167037963867,1.1121908238421576e-16,5.884390752442509e-10,False
ising,ground,4,0,0.001,KL descent,15,16,0.02299666404724121,1.4547996110697159e-16,5.874246089557536e-10,False
ising,ground,4,0,0.001,KL descent,16,17,0.025997638702392578,2.366927393293986e-16,5.864109198229007e-10,False
ising,ground,4,0,0.001,KL descent,17,18,0.02799820899963379,1.8340225611820656e-16,5.853988960247868e-10,False
ising,ground,4,0,0.001,KL descent,18,19,0.03000950813293457,1.685382832018591e-16,5.84389592273092e-10,False
ising,ground,4,0,0.001,KL descent,19,20,0.03099536895751953,2.0505241037888596e-16,5.833816207890441e-10,False
ising,ground,4,0,0.001,KL descent,20,21,0.031993865966796875,1.0175452415669162e-16,5.8237625832905e-10,False
ising,ground,4,0,0.001,KL descent,21,22,0.03299307823181152,1.7393923033324005e-16,5.813726722259599e-10,False
ising,ground,4,0,0.001,KL descent,22,23,0.034017324447631836,1.6050657311213648e-16,5.803711955467579e-10,False
ising,ground,4,0,0.001,KL descent,23,24,0.03499865531921387,-1.76191777919963e-17,5.793718282909441e-10,False
ising,ground,4,0,0.001,KL descent,24,25,0.03599905967712402,-6.502109371829136e-17,5.783738488144696e-10,False
ising,ground,4,0,0.001,KL descent,25,26,0.03700113296508789,-5.3488991565556187e-17,5.773783118280176e-10,False
ising,ground,4,0,0.001,KL descent,26,27,0.03800153732299805,3.517043168030455e-16,5.763845511989355e-10,False
ising,ground,4,0,0.001,KL descent,27,28,0.0390324592590332,-1.5166167436379263e-16,5.75393399593352e-10,False
ising,ground,4,0,0.001,KL descent,28,29,0.03999495506286621,2.710502942175599e-16,5.744030251442481e-10,False
ising,ground,4,0,0.001,KL descent,29,30,0.0410008430480957,-5.0224465026505963e-17,5.734154817639105e-10,False
ising,ground,4,0,0.001,KL descent,30,31,0.04299783706665039,2.06602771154928e-16,5.72429381673991e-10,False
ising,ground,4,0,0.001,KL descent,31,32,0.04502272605895996,4.469398465529817e-18,5.71445224473432e-10,False
ising,ground,4,0,0.001,KL descent,32,33,0.04600667953491211,1.8459379173478738e-16,5.704636207859727e-10,False
ising,ground,4,0,0.001,KL descent,33,34,0.04700183868408203,-6.901425548309993e-17,5.694837379444336e-10,False
ising,ground,4,0,0.001,KL descent,34,35,0.048001766204833984,1.1575407183914993e-16,5.6850540941537e-10,False
ising,ground,4,0,0.001,KL descent,35,36,0.04900002479553223,1.782088444149133e-16,5.675289682649613e-10,False
ising,ground,4,0,0.001,KL descent,36,37,0.04999876022338867,9.321250780014474e-17,5.665555247178875e-10,False
ising,ground,4,0,0.001,KL descent,37,38,0.05099773406982422,1.2305726444710452e-16,5.655823032135786e-10,False
ising,ground,4,0,0.001,KL descent,38,39,0.05099773406982422,1.6618507346022925e-16,5.646121348239739e-10,False
ising,ground,4,0,0.001,KL descent,39,40,0.05199694633483887,2.811265317251541e-16,5.636436317680368e-10,False
ising,ground,4,0,0.001,KL descent,40,41,0.05299568176269531,1.6421748092205908e-16,5.626768495581563e-10,False
ising,ground,4,0,0.001,KL descent,41,42,0.05399322509765625,-7.904508208045939e-17,5.617134535285276e-10,False
ising,ground,4,0,0.001,KL descent,42,43,0.05599641799926758,2.8137600035061217e-16,5.607497244320148e-10,False
ising,ground,4,0,0.001,KL descent,43,44,0.05699610710144043,2.3655793327845585e-16,5.597888819153542e-10,False
ising,ground,4,0,0.001,KL descent,44,45,0.05799436569213867,1.6061738149028635e-16,5.588299267778366e-10,False
ising,ground,4,0,0.001,KL descent,45,46,0.06000256538391113,2.2710520059298983e-16,5.57873247597557e-10,False
ising,ground,4,0,0.001,KL descent,46,47,0.061006784439086914,2.1804380341055808e-17,5.569182337517603e-10,False
ising,ground,4,0,0.001,KL descent,47,48,0.06200456619262695,-5.664950343837562e-17,5.559649962628248e-10,False
ising,ground,4,0,0.001,KL descent,48,49,0.06299638748168945,8.465529592895012e-17,5.550127579745379e-10,False
ising,ground,4,0,0.001,KL descent,49,50,0.06399416923522949,-4.3438987819670456e-17,5.540638503557322e-10,False
ising,ground,4,0,0.001,KL descent,50,51,0.06499457359313965,2.191708585018575e-16,5.531164970485029e-10,False
ising,ground,4,0,0.001,KL descent,51,52,0.06599211692810059,2.8120811345996763e-16,5.52170920098567e-10,False
ising,ground,4,0,0.001,KL descent,52,53,0.06699609756469727,1.0509925235725149e-16,5.512259537714479e-10,False
ising,ground,4,0,0.001,KL descent,53,54,0.06799626350402832,1.3109685997205842e-16,5.502835964679413e-10,False
ising,ground,4,0,0.001,KL descent,54,55,0.06900405883789062,3.7042592007340975e-16,5.493437371662118e-10,False
ising,ground,4,0,0.001,KL descent,55,56,0.07000350952148438,1.04917396686657e-16,5.484050435989867e-10,False
ising,ground,4,0,0.001,KL descent,56,57,0.07100296020507812,2.835418741820683e-16,5.474685149664844e-10,False
ising,ground,4,0,0.001,KL descent,57,58,0.07200479507446289,2.1170912246064156e-16,5.465339292243258e-10,False
ising,ground,4,0,0.001,KL descent,58,59,0.07300281524658203,-2.393215645654566e-17,5.456008422832816e-10,False
ising,ground,4,0,0.001,KL descent,59,60,0.0740041732788086,4.647109498938992e-16,5.446705864110186e-10,False
ising,ground,4,0,0.001,KL descent,60,61,0.07500791549682617,1.2693525506349277e-16,5.437416628062906e-10,False
ising,ground,4,0,0.001,KL descent,61,62,0.07700514793395996,1.1700811728782624e-16,5.428144045361737e-10,False
ising,ground,4,0,0.001,KL descent,62,63,0.07900238037109375,2.0507931697447457e-16,5.418879789335077e-10,False
ising,ground,4,0,0.001,KL descent,63,64,0.08000349998474121,1.5481954968888243e-16,5.409648839994208e-10,False
ising,ground,4,0,0.001,KL descent,64,65,0.08100152015686035,-5.569761405229498e-17,5.400421776439263e-10,False
ising,ground,4,0,0.001,KL descent,65,66,0.08202838897705078,1.8329441609060953e-16,5.391230240015352e-10,False
ising,ground,4,0,0.001,KL descent,66,67,0.08300185203552246,2.170791539363482e-16,5.382042034263229e-10,False
ising,ground,4,0,0.001,KL descent,67,68,0.08410096168518066,3.0446478817954426e-17,5.372877143196381e-10,False
ising,ground,4,0,0.001,KL descent,68,69,0.08510112762451172,2.2172959509610202e-16,5.363725574802913e-10,False
ising,ground,4,0,0.001,KL descent,69,70,0.08608388900756836,-7.754059219169616e-17,5.354598431317577e-10,False
ising,ground,4,0,0.001,KL descent,70,71,0.08710169792175293,1.1694158504443298e-16,5.345492937181375e-10,False
ising,ground,4,0,0.001,KL descent,71,72,0.08908438682556152,2.789783528767382e-17,5.336392994160289e-10,False
ising,ground,4,0,0.001,KL descent,72,73,0.09008407592773438,2.606616655280606e-16,5.327314700488593e-10,False
ising,ground,4,0,0.001,KL descent,73,74,0.09110140800476074,1.2675728391060302e-16,5.318254170384999e-10,False
ising,ground,4,0,0.001,KL descent,74,75,0.09208130836486816,1.8480203923613553e-16,5.309223616301429e-10,False
ising,ground,4,0,0.001,KL descent,75,76,0.09408831596374512,4.2403438058520454e-17,5.300208050229642e-10,False
ising,ground,4,0,0.001,KL descent,76,77,0.09608840942382812,1.6730357072185696e-16,5.29119581482728e-10,False
ising,ground,4,0,0.001,KL descent,77,78,0.09708523750305176,1.4553716177077827e-16,5.28221300033614e-10,False
ising,ground,4,0,0.001,KL descent,78,79,0.09808945655822754,-4.3517218141759323e-17,5.273236847181111e-10,False
ising,ground,4,0,0.001,KL descent,79,80,0.09908366203308105,4.6217870313838626e-17,5.264285118933322e-10,False
ising,ground,4,0,0.001,KL descent,80,81,0.10008573532104492,1.9782983668043656e-16,5.255357815592318e-10,False
ising,ground,4,0,0.001,KL descent,81,82,0.10108399391174316,1.0748911007742656e-16,5.246427181584224e-10,False
ising,ground,4,0,0.001,KL descent,82,83,0.10408544540405273,1.0025887526478824e-16,5.237532629821796e-10,False
ising,ground,4,0,0.001,KL descent,83,84,0.10608816146850586,1.1429846502879084e-16,5.228654176300228e-10,False
ising,ground,4,0,0.001,KL descent,84,85,0.10709095001220703,8.963956805537868e-17,5.219784049437535e-10,False
ising,ground,4,0,0.001,KL descent,85,86,0.10808682441711426,4.1149500213117143e-16,5.210946674161226e-10,False
ising,ground,4,0,0.001,KL descent,86,87,0.1090853214263916,3.639862851678275e-16,5.202112629556058e-10,False
ising,ground,4,0,0.001,KL descent,87,88,0.1120903491973877,1.7026496034305078e-16,5.193301899633924e-10,False
ising,ground,4,0,0.001,KL descent,88,89,0.11308455467224121,1.3401804429863335e-16,5.18450338216089e-10,False
ising,ground,4,0,0.001,KL descent,89,90,0.11409378051757812,7.972578489098197e-18,5.17572373848548e-10,False
ising,ground,4,0,0.001,KL descent,90,91,0.11508703231811523,5.971754051244302e-17,5.166969629932805e-10,False
ising,ground,4,0,0.001,KL descent,91,92,0.11608481407165527,3.135805405374002e-16,5.158222737833584e-10,False
ising,ground,4,0,0.001,KL descent,92,93,0.11708426475524902,9.574993352054821e-17,5.149485837741762e-10,False
ising,ground,4,0,0.001,KL descent,93,94,0.11808586120605469,-3.9586992879145945e-18,5.140777803447918e-10,False
ising,ground,4,0,0.001,KL descent,94,95,0.11908555030822754,1.0446350875172572e-16,5.132097524729529e-10,False
ising,ground,4,0,0.001,KL descent,95,96,0.12008476257324219,9.521819950184728e-17,5.123414470453954e-10,False
ising,ground,4,0,0.001,KL descent,96,97,0.12108564376831055,9.332012289923864e-17,5.114759171755026e-10,False
ising,ground,4,0,0.001,KL descent,97,98,0.1220850944519043,-1.4908966423490302e-17,5.106112754837988e-10,False
ising,ground,4,0,0.001,KL descent,98,99,0.12308406829833984,2.329780360917082e-16,5.097497979278391e-10,False
ising,ground,4,0,0.001,KL descent,99,100,0.12408328056335449,1.6882782468256515e-16,5.088878762829166e-10,False
ising,ground,4,0,0.001,KL descent,100,101,0.12508296966552734,1.163373388739708e-16,5.080292297958273e-10,False
ising,ground,4,0,0.001,KL descent,101,102,0.12708806991577148,8.377676978593287e-17,5.07171638020262e-10,False
ising,ground,4,0,0.001,KL descent,102,103,0.12808585166931152,1.0194475716356322e-16,5.063158781127161e-10,False
ising,ground,4,0,0.001,KL descent,103,104,0.1291186809539795,1.230402634944476e-16,5.054617280286786e-10,False
ising,ground,4,0,0.001,KL descent,104,105,0.13010764122009277,2.1915429548963614e-16,5.046084106122453e-10,False
ising,ground,4,0,0.001,KL descent,105,106,0.13212180137634277,-3.160344081817116e-17,5.037583128420035e-10,False
ising,ground,4,0,0.001,KL descent,106,107,0.13312530517578125,-5.0836702278673295e-17,5.029098248954529e-10,False
ising,ground,4,0,0.001,KL descent,107,108,0.13408303260803223,3.4326888149227867e-17,5.020612259266129e-10,False
ising,ground,4,0,0.001,KL descent,108,109,0.13508248329162598,-9.528978090739836e-17,5.012161241605089e-10,False
ising,ground,4,0,0.001,KL descent,109,110,0.13608288764953613,3.93150599721254e-16,5.003711334161762e-10,False
ising,ground,4,0,0.001,KL descent,110,111,0.13708186149597168,2.8274081498975682e-16,4.995290847632435e-10,False
ising,ground,4,0,0.001,KL descent,111,112,0.13811802864074707,-9.359058500675176e-17,4.986879242885399e-10,False
ising,ground,4,0,0.001,KL descent,112,113,0.13908648490905762,7.537001108216913e-17,4.978482626150132e-10,False
ising,ground,4,0,0.001,KL descent,113,114,0.14008688926696777,9.914862525236163e-17,4.970101552537525e-10,False
ising,ground,4,0,0.001,KL descent,114,115,0.1420900821685791,1.2674020690902853e-16,4.961740462938884e-10,False
ising,ground,4,0,0.001,KL descent,115,116,0.14409184455871582,-5.964727794298108e-19,4.953404353359196e-10,False
ising,ground,4,0,0.001,KL descent,116,117,0.1460883617401123,4.409601921552831e-17,4.945081566456493e-10,False
ising,ground,4,0,0.001,KL descent,117,118,0.14709091186523438,-6.051798956857987e-17,4.936762110221794e-10,False
ising,ground,4,0,0.001,KL descent,118,119,0.1480867862701416,8.788414655592184e-18,4.92847151978343e-10,False
ising,ground,4,0,0.001,KL descent,119,120,0.14908409118652344,2.0281545694324252e-16,4.920182594684649e-10,False
ising,ground,4,0,0.001,KL descent,120,121,0.15011978149414062,3.368091039374495e-17,4.911924755824639e-10,False
ising,ground,4,0,0.001,KL descent,121,122,0.15110325813293457,1.0859680081888733e-16,4.903670802748544e-10,False
ising,ground,4,0,0.001,KL descent,122,123,0.15210294723510742,-1.0879052106412509e-17,4.895445715469461e-10,False
ising,ground,4,0,0.001,KL descent,123,124,0.15310382843017578,3.75659894051455e-16,4.887231175310648e-10,False
ising,ground,4,0,0.001,KL descent,124,125,0.15410232543945312,2.6044153158348175e-17,4.879029957828939e-10,False
ising,ground,4,0,0.001,KL descent,125,126,0.1551046371459961,1.8206694736047849e-16,4.870845393689783e-10,False
ising,ground,4,0,0.001,KL descent,126,127,0.15610480308532715,-8.743300464090438e-17,4.862680258455597e-10,False
ising,ground,4,0,0.001,KL descent,127,128,0.1571047306060791,3.192660043116093e-17,4.854530111231383e-10,False
ising,ground,4,0,0.001,KL descent,128,129,0.15810275077819824,3.8941545412351633e-16,4.846392731572573e-10,False
ising,ground,4,0,0.001,KL descent,129,130,0.1591019630432129,-6.52349901523649e-17,4.838275891039353e-10,False
ising,ground,4,0,0.001,KL descent,130,131,0.16008591651916504,2.2641032851461634e-16,4.830167377179896e-10,False
ising,ground,4,0,0.001,KL descent,131,132,0.1611015796661377,8.286297400576486e-17,4.822076626887165e-10,False
ising,ground,4,0,0.001,KL descent,132,133,0.16209673881530762,2.783464269940827e-16,4.814000309494521e-10,False
ising,ground,4,0,0.001,KL descent,133,134,0.1631011962890625,8.610955411179332e-17,4.805947306785326e-10,False
ising,ground,4,0,0.001,KL descent,134,135,0.16408252716064453,2.30050146251347e-16,4.797897634745147e-10,False
ising,ground,4,0,0.001,KL descent,135,136,0.16510677337646484,1.5800927648233799e-16,4.789877938727523e-10,False
ising,ground,4,0,0.001,KL descent,136,137,0.16608405113220215,-9.373501282257975e-17,4.78186434893506e-10,False
ising,ground,4,0,0.001,KL descent,137,138,0.1670823097229004,-9.075183488923506e-17,4.773871853381348e-10,False
ising,ground,4,0,0.001,KL descent,138,139,0.1670823097229004,1.3013192260022128e-16,4.765890460057741e-10,False
ising,ground,4,0,0.001,KL descent,139,140,0.1681046485900879,2.991893639871335e-16,4.757924609856354e-10,False
ising,ground,4,0,0.001,KL descent,140,141,0.16913223266601562,2.9517587643012056e-16,4.749973192554383e-10,False
ising,ground,4,0,0.001,KL descent,141,142,0.1701338291168213,3.2680667297710356e-16,4.742040649041818e-10,False
ising,ground,4,0,0.001,KL descent,142,143,0.17113828659057617,1.0387943825311143e-16,4.734126979322978e-10,False
ising,ground,4,0,0.001,KL descent,143,144,0.1721358299255371,2.2764889750450465e-16,4.726217750494754e-10,False
ising,ground,4,0,0.001,KL descent,144,145,0.17313599586486816,-1.2317859511840804e-17,4.718329615907162e-10,False
ising,ground,4,0,0.001,KL descent,145,146,0.17413735389709473,2.8012569742891857e-16,4.710455914214168e-10,False
ising,ground,4,0,0.001,KL descent,146,147,0.17513561248779297,1.810519286551094e-16,4.702601641429103e-10,False
ising,ground,4,0,0.001,KL descent,147,148,0.1761157512664795,1.5093261885919727e-16,4.694762911761742e-10,False
ising,ground,4,0,0.001,KL descent,148,149,0.1771857738494873,9.247556940002108e-17,4.686932508769289e-10,False
ising,ground,4,0,0.001,KL descent,149,150,0.17812442779541016,-1.0497976088972824e-16,4.679120424457573e-10,False
ising,ground,4,0,0.001,KL descent,150,151,0.17912912368774414,2.323651482102903e-16,4.671322217931816e-10,False
ising,ground,4,0,0.001,KL descent,151,152,0.18111848831176758,2.3369364793387093e-16,4.663535668748523e-10,False
ising,ground,4,0,0.001,KL descent,152,153,0.18211674690246582,2.0559425452215094e-16,4.6557718791364344e-10,False
ising,ground,4,0,0.001,KL descent,153,154,0.18311476707458496,4.164457405688246e-16,4.648018081532841e-10,False
ising,ground,4,0,0.001,KL descent,154,155,0.18361902236938477,2.9344916055361176e-16,4.640285933279739e-10,False
ising,ground,4,0,0.001,KL descent,155,156,0.18462586402893066,1.9610310631534234e-16,4.632559336140598e-10,False
ising,ground,4,0,0.001,KL descent,156,157,0.18562579154968262,1.4361051244988158e-16,4.624858829239412e-10,False
ising,ground,4,0,0.001,KL descent,157,158,0.1866285800933838,2.806566549641312e-16,4.6171594325708926e-10,False
ising,ground,4,0,0.001,KL descent,158,159,0.18762612342834473,1.5042960622511246e-17,4.6094822403504925e-10,False
ising,ground,4,0,0.001,KL descent,159,160,0.18862676620483398,2.456198727424026e-16,4.60181948103293e-10,False
ising,ground,4,0,0.001,KL descent,160,161,0.18962454795837402,2.1182042691451442e-16,4.5941733750611145e-10,False
ising,ground,4,0,0.001,KL descent,161,162,0.19062566757202148,2.6392286192843757e-16,4.5865411468785243e-10,False
ising,ground,4,0,0.001,KL descent,162,163,0.19162607192993164,-1.0000265188244809e-16,4.578925016934272e-10,False
ising,ground,4,0,0.001,KL descent,163,164,0.1926274299621582,4.132893410050334e-17,4.5713183238762053e-10,False
ising,ground,4,0,0.001,KL descent,164,165,0.19362926483154297,1.8291587589550403e-16,4.563717737049557e-10,False
ising,ground,4,0,0.001,KL descent,165,166,0.19663000106811523,1.7847119174490796e-16,4.5561476813560567e-10,False
ising,ground,4,0,0.001,KL descent,166,167,0.19762825965881348,1.7269272536609255e-16,4.548594834120159e-10,False
ising,ground,4,0,0.001,KL descent,167,168,0.1986238956451416,1.1370099177441015e-16,4.5410408766636735e-10,False
ising,ground,4,0,0.001,KL descent,168,169,0.19962644577026367,1.902418275637571e-16,4.5335141196656614e-10,False
ising,ground,4,0,0.001,KL descent,169,170,0.20162534713745117,1.6210142887683064e-16,4.5259934688961185e-10,False
ising,ground,4,0,0.001,KL descent,170,171,0.20262646675109863,4.702627179778909e-16,4.5184900265857094e-10,False
ising,ground,4,0,0.001,KL descent,171,172,0.20462846755981445,-4.9695781404334887e-17,4.510999351838125e-10,False
ising,ground,4,0,0.001,KL descent,172,173,0.2056255340576172,1.011989330018914e-16,4.503534767331213e-10,False
ising,ground,4,0,0.001,KL descent,173,174,0.20763087272644043,2.287698743498784e-16,4.4960768441629627e-10,False
ising,ground,4,0,0.001,KL descent,174,175,0.20862746238708496,6.680587018393944e-17,4.4886278027799195e-10,False
ising,ground,4,0,0.001,KL descent,175,176,0.21062660217285156,2.9075446042425356e-17,4.4811981902984393e-10,False
ising,ground,4,0,0.001,KL descent,176,177,0.21262693405151367,4.9753989606439406e-17,4.473778569826047e-10,False
ising,ground,4,0,0.001,KL descent,177,178,0.21363234519958496,1.4340188608042585e-16,4.4663706066981524e-10,False
ising,ground,4,0,0.001,KL descent,178,179,0.21563148498535156,8.467058057230887e-17,4.458982072463903e-10,False
ising,ground,4,0,0.001,KL descent,179,180,0.2166295051574707,1.3019397418071976e-16,4.451614077362841e-10,False
ising,ground,4,0,0.001,KL descent,180,181,0.21767878532409668,1.8206598103257727e-16,4.444253298707774e-10,False
ising,ground,4,0,0.001,KL descent,181,182,0.2186875343322754,2.453656487331512e-16,4.43690917339996e-10,False
ising,ground,4,0,0.001,KL descent,182,183,0.21962523460388184,1.7618757442073456e-18,4.4295800361029283e-10,False
ising,ground,4,0,0.001,KL descent,183,184,0.2206268310546875,-6.173046539161445e-17,4.4222620010374345e-10,False
ising,ground,4,0,0.001,KL descent,184,185,0.22163033485412598,3.751632577843585e-17,4.4149633948774225e-10,False
ising,ground,4,0,0.001,KL descent,185,186,0.2226266860961914,5.485958525035166e-17,4.407668119377779e-10,False
ising,ground,4,0,0.001,KL descent,186,187,0.22362875938415527,2.199979892186175e-16,4.4003894972278214e-10,False
ising,ground,4,0,0.001,KL descent,187,188,0.22464418411254883,2.300996695869323e-16,4.393139740882042e-10,False
ising,ground,4,0,0.001,KL descent,188,189,0.22662925720214844,1.1009700505258517e-16,4.385879437407491e-10,False
ising,ground,4,0,0.001,KL descent,189,190,0.22762846946716309,1.1060031255070897e-16,4.37865688152139e-10,False
ising,ground,4,0,0.001,KL descent,190,191,0.22863245010375977,3.0490642550498015e-16,4.371427664296598e-10,False
ising,ground,4,0,0.001,KL descent,191,192,0.22963309288024902,2.589855186791407e-16,4.364229533315805e-10,False
ising,ground,4,0,0.001,KL descent,192,193,0.23062658309936523,9.702076327810913e-17,4.3570380636785807e-10,False
ising,ground,4,0,0.001,KL descent,193,194,0.23164010047912598,3.7858476079224656e-16,4.34985603092791e-10,False
ising,ground,4,0,0.001,KL descent,194,195,0.23262906074523926,-2.5626470867129543e-17,4.3426900964160593e-10,False
ising,ground,4,0,0.001,KL descent,195,196,0.2336273193359375,7.41087731817444e-17,4.335543590805661e-10,False
ising,ground,4,0,0.001,KL descent,196,197,0.2346487045288086,-1.2896715728829845e-16,4.3284037465351466e-10,False
ising,ground,4,0,0.001,KL descent,197,198,0.2356410026550293,1.7788421978104818e-16,4.321277224939482e-10,False
ising,ground,4,0,0.001,KL descent,198,199,0.23663926124572754,-5.692231753056296e-19,4.314169022025828e-10,False
ising,ground,4,0,0.001,KL descent,199,200,0.23764276504516602,2.278894227113409e-16,4.307065260000809e-10,False
ising,ground,4,0,0.001,KL descent,200,201,0.23864102363586426,2.9833824651894965e-16,4.299989253553545e-10,False
ising,ground,4,0,0.001,KL descent,201,202,0.23964262008666992,1.1864331606624894e-16,4.292912136883483e-10,False
ising,ground,4,0,0.001,KL descent,202,203,0.24064040184020996,-1.358948885255486e-16,4.285857779787429e-10,False
ising,ground,4,0,0.001,KL descent,203,204,0.24162936210632324,3.492890775821492e-16,4.278821741365873e-10,False
ising,ground,4,0,0.001,KL descent,204,205,0.2446300983428955,8.921589058526246e-17,4.2717879233950816e-10,False
ising,ground,4,0,0.001,KL descent,205,206,0.24562931060791016,1.6902937238284313e-16,4.264773534326199e-10,False
ising,ground,4,0,0.001,KL descent,206,207,0.2466280460357666,-6.73057688578342e-17,4.2577708025974327e-10,False
ising,ground,4,0,0.001,KL descent,207,208,0.24762749671936035,-1.0408040935034132e-16,4.2507769526527436e-10,False
ising,ground,4,0,0.001,KL descent,208,209,0.2486271858215332,4.9837968846710214e-17,4.243801976503735e-10,False
ising,ground,4,0,0.001,KL descent,209,210,0.24963045120239258,9.222981086055609e-17,4.2368425434702327e-10,False
ising,ground,4,0,0.001,KL descent,210,211,0.25063109397888184,7.082085524159149e-18,4.2298914371140266e-10,False
ising,ground,4,0,0.001,KL descent,211,212,0.2516293525695801,1.241472573233176e-16,4.2229542085437107e-10,False
ising,ground,4,0,0.001,KL descent,212,213,0.25263237953186035,9.928930023376099e-17,4.216037519102963e-10,False
ising,ground,4,0,0.001,KL descent,213,214,0.2536303997039795,-4.714440524412662e-18,4.20911694387643e-10,False
ising,ground,4,0,0.001,KL descent,214,215,0.2556319236755371,8.739410697666226e-17,4.202232450901759e-10,False
ising,ground,4,0,0.001,KL descent,215,216,0.25662875175476074,7.55256739300331e-17,4.1953401863641677e-10,False
ising,ground,4,0,0.001,KL descent,216,217,0.2576291561126709,2.195010406068292e-16,4.1884778978485284e-10,False
ising,ground,4,0,0.001,KL descent,217,218,0.25862979888916016,1.988442742203395e-17,4.1816167195563046e-10,False
ising,ground,4,0,0.001,KL descent,218,219,0.2596290111541748,2.5727481926172584e-16,4.1747744150555387e-10,False
ising,ground,4,0,0.001,KL descent,219,220,0.2606329917907715,2.93815770852655e-16,4.1679421025628206e-10,False
ising,ground,4,0,0.001,KL descent,220,221,0.26163172721862793,1.5062203341903173e-16,4.161126443413948e-10,False
ising,ground,4,0,0.001,KL descent,221,222,0.2626304626464844,-7.870071565682703e-17,4.1543224416086213e-10,False
ising,ground,4,0,0.001,KL descent,222,223,0.2636299133300781,1.1950686311867089e-16,4.1475273215853515e-10,False
ising,ground,4,0,0.001,KL descent,223,224,0.2646305561065674,2.99129004255944e-16,4.1407494100199084e-10,False
ising,ground,4,0,0.001,KL descent,224,225,0.26563048362731934,-4.7487270535279996e-17,4.133983710907905e-10,False
ising,ground,4,0,0.001,KL descent,225,226,0.2666292190551758,1.2121506971098752e-16,4.1272302242490003e-10,False
ising,ground,4,0,0.001,KL descent,226,227,0.26763153076171875,1.8862130901815932e-16,4.120488950043884e-10,False
ising,ground,4,0,0.001,KL descent,227,228,0.2686431407928467,7.639459914277681e-17,4.113754337177274e-10,False
ising,ground,4,0,0.001,KL descent,228,229,0.26964259147644043,1.303255767744076e-16,4.107046369661342e-10,False
ising,ground,4,0,0.001,KL descent,229,230,0.2706432342529297,3.4167295059958334e-16,4.100340622592571e-10,False
ising,ground,4,0,0.001,KL descent,230,231,0.27164244651794434,-6.522008060956454e-17,4.093660410653858e-10,False
ising,ground,4,0,0.001,KL descent,231,232,0.2726433277130127,3.5418769598979084e-16,4.0869696515962303e-10,False
ising,ground,4,0,0.001,KL descent,232,233,0.27364206314086914,2.696992101303488e-16,4.080304982780282e-10,False
ising,ground,4,0,0.001,KL descent,233,234,0.2746429443359375,1.5416996022373821e-16,4.073658632641808e-10,False
ising,ground,4,0,0.001,KL descent,234,235,0.2766427993774414,2.5766455062244547e-16,4.0670250500696625e-10,False
ising,ground,4,0,0.001,KL descent,235,236,0.27864575386047363,1.6108546181535161e-16,4.060389247053193e-10,False
ising,ground,4,0,0.001,KL descent,236,237,0.2796475887298584,3.521878235166223e-17,4.0537784240515336e-10,False
ising,ground,4,0,0.001,KL descent,237,238,0.28064465522766113,2.956184192275215e-16,4.0471709317203337e-10,False
ising,ground,4,0,0.001,KL descent,238,239,0.2816431522369385,3.429510625644515e-16,4.0405950807457266e-10,False
ising,ground,4,0,0.001,KL descent,239,240,0.2816431522369385,1.561444500394251e-16,4.034011458210845e-10,False
ising,ground,4,0,0.001,KL descent,240,241,0.2831542491912842,1.4311104775500272e-17,4.0274489299110905e-10,False
ising,ground,4,0,0.001,KL descent,241,242,0.28416895866394043,-3.729687566019198e-17,4.020898614068792e-10,False
ising,ground,4,0,0.001,KL descent,242,243,0.2851674556732178,3.019929713234012e-16,4.0143560697818e-10,False
ising,ground,4,0,0.001,KL descent,243,244,0.2861642837524414,2.365597232585273e-16,4.0078323992889917e-10,False
ising,ground,4,0,0.001,KL descent,244,245,0.28716611862182617,1.7579888707827025e-16,4.001319831026304e-10,False
ising,ground,4,0,0.001,KL descent,245,246,0.2891662120819092,8.697095446250463e-17,3.99481392410208e-10,False
ising,ground,4,0,0.001,KL descent,246,247,0.2901647090911865,2.6540857102389725e-16,3.988325780747091e-10,False
ising,ground,4,0,0.001,KL descent,247,248,0.2911677360534668,2.0174007378270715e-16,3.9818426333938667e-10,False
ising,ground,4,0,0.001,KL descent,248,249,0.29317164421081543,2.4053922655243793e-16,3.975379470056388e-10,False
ising,ground,4,0,0.001,KL descent,249,250,0.2951645851135254,1.7474711266700585e-16,3.9689235231717204e-10,False
ising,ground,4,0,0.001,KL descent,250,251,0.29616546630859375,6.817257334750839e-17,3.962482564290629e-10,False
ising,ground,4,0,0.001,KL descent,251,252,0.2971651554107666,3.038529607113599e-16,3.9560626996506276e-10,False
ising,ground,4,0,0.001,KL descent,252,253,0.29816555976867676,3.419159261997373e-16,3.9496445003466354e-10,False
ising,ground,4,0,0.001,KL descent,253,254,0.2991678714752197,8.11578395816303e-17,3.9432407339392906e-10,False
ising,ground,4,0,0.001,KL descent,254,255,0.30117034912109375,1.3499350114604017e-16,3.9368325266484933e-10,False
ising,ground,4,0,0.001,KL descent,255,256,0.3021693229675293,-6.4695165725661835e-18,3.9304665078200023e-10,False
ising,ground,4,0,0.001,KL descent,256,257,0.30316948890686035,7.501756769868194e-17,3.9240943827682777e-10,False
ising,ground,4,0,0.001,KL descent,257,258,0.3041667938232422,1.48632716746294e-16,3.917738911065372e-10,False
ising,ground,4,0,0.001,KL descent,258,259,0.3061649799346924,2.355389806507275e-16,3.9113950967007177e-10,False
ising,ground,4,0,0.001,KL descent,259,260,0.30716538429260254,-3.669352071867868e-17,3.9050618294601747e-10,False
ising,ground,4,0,0.001,KL descent,260,261,0.3081645965576172,7.262116407180473e-17,3.898738554220764e-10,False
ising,ground,4,0,0.001,KL descent,261,262,0.3101668357849121,3.411959214339859e-16,3.8924313772171424e-10,False
ising,ground,4,0,0.001,KL descent,262,263,0.3122231960296631,5.798196901477963e-17,3.886137522890489e-10,False
ising,ground,4,0,0.001,KL descent,263,264,0.31316590309143066,2.980076512501867e-16,3.8798458890100185e-10,False
ising,ground,4,0,0.001,KL descent,264,265,0.314267635345459,6.685008994116742e-17,3.873576459589857e-10,False
ising,ground,4,0,0.001,KL descent,265,266,0.31517863273620605,1.7742226425020508e-16,3.8673225732955793e-10,False
ising,ground,4,0,0.001,KL descent,266,267,0.31626415252685547,1.9041891627649196e-16,3.8610664665495547e-10,False
ising,ground,4,0,0.001,KL descent,267,268,0.31728076934814453,-7.028924215928106e-18,3.854833674488833e-10,False
ising,ground,4,0,0.001,KL descent,268,269,0.31826353073120117,2.2154661687033047e-16,3.848601992651281e-10,False
ising,ground,4,0,0.001,KL descent,269,270,0.3192594051361084,1.61044344676892e-16,3.8423880743821273e-10,False
ising,ground,4,0,0.001,KL descent,270,271,0.3202664852142334,2.3491472466459256e-16,3.836181927677938e-10,False
ising,ground,4,0,0.001,KL descent,271,272,0.32126784324645996,2.9701151942726587e-16,3.829996875204256e-10,False
ising,ground,4,0,0.001,KL descent,272,273,0.32223939895629883,1.1161595864026093e-16,3.823811822734364e-10,False
ising,ground,4,0,0.001,KL descent,273,274,0.323197603225708,1.098299424376698e-16,3.8176523053942005e-10,False
ising,ground,4,0,0.001,KL descent,274,275,0.32526683807373047,2.8235860778021125e-16,3.8114866818267e-10,False
ising,ground,4,0,0.001,KL descent,275,276,0.32616496086120605,9.016347100658655e-17,3.80534881383501e-10,False
ising,ground,4,0,0.001,KL descent,276,277,0.3271653652191162,1.275204722283065e-16,3.799212056066568e-10,False
ising,ground,4,0,0.001,KL descent,277,278,0.32818150520324707,1.65923031311413e-16,3.7930919516428214e-10,False
ising,ground,4,0,0.001,KL descent,278,279,0.32918357849121094,7.824073016001031e-17,3.7869912761223873e-10,False
ising,ground,4,0,0.001,KL descent,279,280,0.33017730712890625,2.5867612553904877e-16,3.780882829040877e-10,False
ising,ground,4,0,0.001,KL descent,280,281,0.3311769962310791,1.7755743538183485e-16,3.7747921455278603e-10,False
ising,ground,4,0,0.001,KL descent,281,282,0.33217716217041016,2.9221995833402896e-16,3.768717005139235e-10,False
ising,ground,4,0,0.001,KL descent,282,283,0.3331766128540039,4.449082839342851e-16,3.762655187422581e-10,False
ising,ground,4,0,0.001,KL descent,283,284,0.335176944732666,-2.2265719337999215e-17,3.7566089128308944e-10,False
ising,ground,4,0,0.001,KL descent,284,285,0.3361845016479492,2.407742356665853e-17,3.7505681893662763e-10,False
ising,ground,4,0,0.001,KL descent,285,286,0.3371858596801758,1.686420117960761e-16,3.7445357925492917e-10,False
ising,ground,4,0,0.001,KL descent,286,287,0.3381831645965576,1.1748375845404937e-16,3.738513387753812e-10,False
ising,ground,4,0,0.001,KL descent,287,288,0.33918261528015137,8.114534837889892e-17,3.732504860744627e-10,False
ising,ground,4,0,0.001,KL descent,288,289,0.3401820659637451,3.1202077166756493e-16,3.7265129870794456e-10,False
ising,ground,4,0,0.001,KL descent,289,290,0.34118223190307617,2.7184869542006933e-16,3.7205255543073583e-10,False
ising,ground,4,0,0.001,KL descent,290,291,0.3431715965270996,3.161761760916512e-16,3.714550333988952e-10,False
ising,ground,4,0,0.001,KL descent,291,292,0.34416770935058594,3.243186955870371e-16,3.7085839954549207e-10,False
ising,ground,4,0,0.001,KL descent,292,293,0.3451657295227051,3.0103618629471456e-16,3.702632089819418e-10,False
ising,ground,4,0,0.001,KL descent,293,294,0.3462491035461426,2.2585681830066805e-17,3.696695727309312e-10,False
ising,ground,4,0,0.001,KL descent,294,295,0.3481740951538086,3.130906717224695e-16,3.6907632505746775e-10,False
ising,ground,4,0,0.001,KL descent,295,296,0.34917235374450684,4.2746047250032537e-17,3.6848485374108474e-10,False
ising,ground,4,0,0.001,KL descent,296,297,0.3502657413482666,2.74110551615961e-16,3.6789410406969265e-10,False
ising,ground,4,0,0.001,KL descent,297,298,0.3522982597351074,3.722560664101482e-16,3.6730379848753937e-10,False
ising,ground,4,0,0.001,KL descent,298,299,0.35326385498046875,4.23575854079892e-17,3.667153802844344e-10,False
ising,ground,4,0,0.001,KL descent,299,300,0.3542773723602295,-6.499408448445213e-17,3.6612857190478415e-10,False
ising,ground,4,0,0.001,KL descent,300,301,0.3562905788421631,1.8702983980844114e-16,3.6554254068135426e-10,False
ising,ground,4,0,0.001,MD-Sinkhorn (M=1),0,1,0.0009925365447998047,1.8387956687417911e-16,6.028717525197184e-10,False
ising,ground,4,0,0.001,MD-Sinkhorn (M=1),1,5,0.0029489994049072266,7.347607612118876e-17,5.987047524418575e-10,False
ising,ground,4,0,0.001,MD-Sinkhorn (M=1),2,9,0.005906820297241211,1.6492160466661716e-17,5.94570226386568e-10,False
ising,ground,4,0,0.001,MD-Sinkhorn (M=1),3,13,0.00899815559387207,2.045037137809537e-16,5.904686184447694e-10,False
ising,ground,4,0,0.001,MD-Sinkhorn (M=1),4,17,0.0119171142578125,2.3829498464747153e-16,5.863994290145138e-10,False
ising,ground,4,0,0.001,MD-Sinkhorn (M=1),5,21,0.013912200927734375,2.3433756904047005e-16,5.823624915635862e-10,False
ising,ground,4,0,0.001,MD-Sinkhorn (M=1),6,25,0.01692652702331543,1.3845031998394634e-16,5.783577505802442e-10,False
ising,ground,4,0,0.001,MD-Sinkhorn (M=1),7,29,0.019917726516723633,2.5140754639106817e-16,5.743839293081989e-10,False
ising,ground,4,0,0.001,MD-Sinkhorn (M=1),8,33,0.022911787033081055,-2.6279562091537078e-17,5.704416383701089e-10,False
ising,ground,4,0,0.001,MD-Sinkhorn (M=1),9,37,0.027425050735473633,3.5650338542629605e-16,5.665308777659863e-10,False
ising,ground,4,0,0.001,MD-Sinkhorn (M=1),10,41,0.029422760009765625,1.1880187975897295e-16,5.626505372724519e-10,False
ising,ground,4,0,0.001,MD-Sinkhorn (M=1),11,45,0.03242301940917969,2.244770975373054e-16,5.588015050683737e-10,False
ising,ground,4,0,0.001,MD-Sinkhorn (M=1),12,49,0.034422874450683594,1.8318265589899325e-16,5.549811166185333e-10,False
ising,ground,4,0,0.001,MD-Sinkhorn (M=1),13,53,0.03842306137084961,7.949145544141715e-17,5.511924250357541e-10,False
ising,ground,4,0,0.001,MD-Sinkhorn (M=1),14,57,0.04042363166809082,1.7038319679017668e-16,5.474328212979999e-10,False
ising,ground,4,0,0.001,MD-Sinkhorn (M=1),15,61,0.043422698974609375,3.0626834642077285e-16,5.437029160227204e-10,False
ising,ground,4,0,0.001,MD-Sinkhorn (M=1),16,65,0.04542279243469238,1.7199721848476006e-16,5.400018765478833e-10,False
ising,ground,4,0,0.001,MD-Sinkhorn (M=1),17,69,0.048423051834106445,1.3116602327018506e-17,5.363298138939034e-10,False
ising,ground,4,0,0.001,MD-Sinkhorn (M=1),18,73,0.05042266845703125,9.899544727444481e-17,5.326866170385753e-10,False
ising,ground,4,0,0.001,MD-Sinkhorn (M=1),19,77,0.05342555046081543,3.2685772295851985e-16,5.290721749595664e-10,False
ising,ground,4,0,0.001,MD-Sinkhorn (M=1),20,81,0.05542588233947754,-8.596956568384002e-18,5.254855994785183e-10,False
ising,ground,4,0,0.001,MD-Sinkhorn (M=1),21,85,0.05942893028259277,1.880113000031541e-16,5.219269461065956e-10,False
ising,ground,4,0,0.001,MD-Sinkhorn (M=1),22,89,0.06142592430114746,1.2917692605234126e-16,5.183969364885958e-10,False
ising,ground,4,0,0.001,MD-Sinkhorn (M=1),23,93,0.06342554092407227,7.529999885116477e-17,5.148945159128063e-10,False
ising,ground,4,0,0.001,MD-Sinkhorn (M=1),24,97,0.06642580032348633,4.9692467783424484e-18,5.114180745560698e-10,False
ising,ground,4,0,0.001,MD-Sinkhorn (M=1),25,101,0.06842660903930664,2.046352379411174e-16,5.079694997969783e-10,False
ising,ground,4,0,0.001,MD-Sinkhorn (M=1),26,105,0.07142853736877441,8.872267275190725e-17,5.045474038568045e-10,False
ising,ground,4,0,0.001,MD-Sinkhorn (M=1),27,109,0.07342720031738281,3.919603639931564e-16,5.011521753140457e-10,False
ising,ground,4,0,0.001,MD-Sinkhorn (M=1),28,113,0.07642579078674316,1.2744533404951903e-16,4.977838696797149e-10,False
ising,ground,4,0,0.001,MD-Sinkhorn (M=1),29,117,0.07842564582824707,1.5056540105415526e-16,4.944403220186226e-10,False
ising,ground,4,0,0.001,MD-Sinkhorn (M=1),30,121,0.08042597770690918,2.9103617737090093e-16,4.911238082885177e-10,False
ising,ground,4,0,0.001,MD-Sinkhorn (M=1),31,125,0.08342623710632324,1.0461498630479707e-16,4.878320525314864e-10,False
ising,ground,4,0,0.001,MD-Sinkhorn (M=1),32,129,0.08542633056640625,4.07599983097145e-16,4.845662204822128e-10,False
ising,ground,4,0,0.001,MD-Sinkhorn (M=1),33,133,0.08842658996582031,1.3272554273214096e-16,4.813262566294501e-10,False
ising,ground,4,0,0.001,MD-Sinkhorn (M=1),34,137,0.09142851829528809,4.235031383124531e-17,4.781105511497746e-10,False
ising,ground,4,0,0.001,MD-Sinkhorn (M=1),35,141,0.09342622756958008,2.1979964977065704e-16,4.749198256881471e-10,False
ising,ground,4,0,0.001,MD-Sinkhorn (M=1),36,145,0.09642601013183594,1.8195013628125733e-16,4.717536361555526e-10,False
ising,ground,4,0,0.001,MD-Sinkhorn (M=1),37,149,0.09842681884765625,-1.1847508718165755e-17,4.686124266406487e-10,False
ising,ground,4,0,0.001,MD-Sinkhorn (M=1),38,153,0.10142636299133301,-2.8290213600504225e-17,4.6549492038750006e-10,False
ising,ground,4,0,0.001,MD-Sinkhorn (M=1),39,157,0.10343265533447266,6.408150741597623e-17,4.6240228313010634e-10,False
ising,ground,4,0,0.001,MD-Sinkhorn (M=1),40,161,0.10642766952514648,3.8347523431428793e-16,4.593312952216972e-10,False
ising,ground,4,0,0.001,MD-Sinkhorn (M=1),41,165,0.10842680931091309,2.4989387475226917e-16,4.562859534651456e-10,False
ising,ground,4,0,0.001,MD-Sinkhorn (M=1),42,169,0.11144089698791504,4.8728184569280207e-17,4.532630382136984e-10,False
ising,ground,4,0,0.001,MD-Sinkhorn (M=1),43,173,0.11343622207641602,2.609275034116062e-16,4.5026321560115434e-10,False
ising,ground,4,0,0.001,MD-Sinkhorn (M=1),44,177,0.11543607711791992,-2.3084507763798192e-17,4.4728643011651075e-10,False
ising,ground,4,0,0.001,MD-Sinkhorn (M=1),45,181,0.11843681335449219,1.2560506217874644e-16,4.4433273727051435e-10,False
ising,ground,4,0,0.001,MD-Sinkhorn (M=1),46,185,0.12155580520629883,1.1250014050793189e-16,4.4140174848552606e-10,False
ising,ground,4,0,0.001,MD-Sinkhorn (M=1),47,189,0.1235344409942627,5.677360948158001e-17,4.3849274211638906e-10,False
ising,ground,4,0,0.001,MD-Sinkhorn (M=1),48,193,0.12613439559936523,4.4414078161442437e-17,4.356067173638678e-10,False
ising,ground,4,0,0.001,MD-Sinkhorn (M=1),49,197,0.12824583053588867,-7.310818786687322e-17,4.3274200889343046e-10,False
ising,ground,4,0,0.001,MD-Sinkhorn (M=1),50,201,0.13021111488342285,9.27464946188173e-17,4.2989950488357557e-10,False
ising,ground,4,0,0.001,MD-Sinkhorn (M=1),51,205,0.13324832916259766,1.7288827551579103e-16,4.270777620440934e-10,False
ising,ground,4,0,0.001,MD-Sinkhorn (M=1),52,209,0.13615083694458008,2.664754199487954e-16,4.2427933388826837e-10,False
ising,ground,4,0,0.001,MD-Sinkhorn (M=1),53,213,0.13922572135925293,3.865053913630618e-16,4.2150088974697194e-10,False
ising,ground,4,0,0.001,MD-Sinkhorn (M=1),54,217,0.14223790168762207,1.041813838111659e-16,4.1874353984284147e-10,False
ising,ground,4,0,0.001,MD-Sinkhorn (M=1),55,221,0.14524579048156738,8.545095164145829e-17,4.160073951986478e-10,False
ising,ground,4,0,0.001,MD-Sinkhorn (M=1),56,225,0.14724087715148926,2.7187478793422587e-16,4.1329156763585804e-10,False
ising,ground,4,0,0.001,MD-Sinkhorn (M=1),57,229,0.15024876594543457,2.3226771730073703e-16,4.105971118662963e-10,False
ising,ground,4,0,0.001,MD-Sinkhorn (M=1),58,233,0.15314817428588867,1.3102412134083039e-16,4.0792230704417087e-10,False
ising,ground,4,0,0.001,MD-Sinkhorn (M=1),59,237,0.15724706649780273,-1.0086840699658002e-16,4.052684299260765e-10,False
ising,ground,4,0,0.001,MD-Sinkhorn (M=1),60,241,0.1592729091644287,2.400618942057589e-16,4.0263420375576997e-10,False
ising,ground,4,0,0.001,MD-Sinkhorn (M=1),61,245,0.1612405776977539,1.1852573305303286e-16,4.0001896239872855e-10,False
ising,ground,4,0,0.001,MD-Sinkhorn (M=1),62,249,0.16414308547973633,1.2237058332441403e-16,3.9742492630171953e-10,False
ising,ground,4,0,0.001,MD-Sinkhorn (M=1),63,253,0.16623616218566895,-5.581340154720689e-17,3.9484970848494895e-10,False
ising,ground,4,0,0.001,MD-Sinkhorn (M=1),64,257,0.16818976402282715,2.7514203198777053e-16,3.922948632606549e-10,False
ising,ground,4,0,0.001,MD-Sinkhorn (M=1),65,261,0.17124533653259277,3.3985421719364253e-16,3.897576150713763e-10,False
ising,ground,4,0,0.001,MD-Sinkhorn (M=1),66,265,0.17324042320251465,2.8616214911062826e-16,3.872407394744942e-10,False
ising,ground,4,0,0.001,MD-Sinkhorn (M=1),67,269,0.17614388465881348,-5.1061014377149646e-17,3.8474262664680546e-10,False
ising,ground,4,0,0.001,MD-Sinkhorn (M=1),68,273,0.178236722946167,-3.820069720929212e-17,3.822628324990772e-10,False
ising,ground,4,0,0.001,MD-Sinkhorn (M=1),69,277,0.18019533157348633,1.4079567178440675e-16,3.7980091294188397e-10,False
ising,ground,4,0,0.001,MD-Sinkhorn (M=1),70,281,0.18324518203735352,9.678099134846758e-17,3.773591439326904e-10,False
ising,ground,4,0,0.001,MD-Sinkhorn (M=1),71,285,0.18514323234558105,2.8742633459808e-16,3.7493469440266015e-10,False
ising,ground,4,0,0.001,MD-Sinkhorn (M=1),72,289,0.18724966049194336,-8.454810410722295e-17,3.7252906315300307e-10,False
ising,ground,4,0,0.001,MD-Sinkhorn (M=1),73,293,0.19023871421813965,2.1152133336858328e-16,3.7014147302728847e-10,False
ising,ground,4,0,0.001,MD-Sinkhorn (M=1),74,297,0.19224095344543457,4.380098133614052e-17,3.6777064726936757e-10,False
ising,ground,4,0,0.001,MD-Sinkhorn (M=1),75,301,0.1942446231842041,4.6507756599613145e-17,3.6541708547943875e-10,False
ising,ground,4,0,0.001,MD-Sinkhorn (M=1),76,305,0.19714570045471191,1.86076341665929e-16,3.6308284157029945e-10,False
ising,ground,4,0,0.001,MD-Sinkhorn (M=1),77,309,0.20014405250549316,1.0959205288999025e-16,3.607648624282485e-10,False
ising,ground,4,0,0.001,MD-Sinkhorn (M=1),78,313,0.20314860343933105,1.673657144877573e-16,3.584650909439396e-10,False
ising,ground,4,0,0.001,MD-Sinkhorn (M=1),79,317,0.20514583587646484,1.8073744532340883e-16,3.5618158422678923e-10,False
ising,ground,4,0,0.001,MD-Sinkhorn (M=1),80,321,0.2081449031829834,1.2937938724435883e-16,3.5391489738857393e-10,False
ising,ground,4,0,0.001,MD-Sinkhorn (M=1),81,325,0.21014404296875,7.332933657465558e-17,3.516657520741664e-10,False
ising,ground,4,0,0.001,MD-Sinkhorn (M=1),82,329,0.21315264701843262,6.999956429394033e-17,3.494325939712494e-10,False
ising,ground,4,0,0.001,MD-Sinkhorn (M=1),83,333,0.21515178680419922,-8.300302300854216e-17,3.4721620023605677e-10,False
ising,ground,4,0,0.001,MD-Sinkhorn (M=1),84,337,0.21715354919433594,3.071443395299593e-16,3.45016515357351e-10,False
ising,ground,4,0,0.001,MD-Sinkhorn (M=1),85,341,0.2221527099609375,2.443507715176721e-16,3.4283387240211835e-10,False
ising,ground,4,0,0.001,MD-Sinkhorn (M=1),86,345,0.22514986991882324,9.250459156172508e-17,3.4066544030153574e-10,False
ising,ground,4,0,0.001,MD-Sinkhorn (M=1),87,349,0.22766828536987305,-1.07239826003718e-16,3.385147162584705e-10,False
ising,ground,4,0,0.001,MD-Sinkhorn (M=1),88,353,0.23066091537475586,-1.1090251964647103e-16,3.3637931329271863e-10,False
ising,ground,4,0,0.001,MD-Sinkhorn (M=1),89,357,0.23366713523864746,2.2157542152876982e-16,3.3425900936023874e-10,False
ising,ground,4,0,0.001,MD-Sinkhorn (M=1),90,361,0.23876190185546875,7.404551363643944e-17,3.3215435957245683e-10,False
ising,ground,4,0,0.001,MD-Sinkhorn (M=1),91,365,0.2426774501800537,1.9903072339289654e-16,3.3006614108545044e-10,False
ising,ground,4,0,0.001,MD-Sinkhorn (M=1),92,369,0.24766921997070312,6.742533211397175e-17,3.279927995869524e-10,False
ising,ground,4,0,0.001,MD-Sinkhorn (M=1),93,373,0.252666711807251,1.6303223554228527e-16,3.2593489018857474e-10,False
ising,ground,4,0,0.001,MD-Sinkhorn (M=1),94,377,0.257676362991333,2.8200402640787484e-16,3.2389185777862985e-10,False
ising,ground,4,0,0.001,MD-Sinkhorn (M=1),95,381,0.260678768157959,4.3105637463510865e-16,3.2186370235738855e-10,False
ising,ground,4,0,0.001,MD-Sinkhorn (M=1),96,385,0.26366353034973145,8.34672695695725e-17,3.1985064596920015e-10,False
ising,ground,4,0,0.001,MD-Sinkhorn (M=1),97,389,0.26567578315734863,3.4764174259072487e-17,3.1785213350242594e-10,False
ising,ground,4,0,0.001,MD-Sinkhorn (M=1),98,393,0.2686638832092285,3.363605225357844e-16,3.158688866023662e-10,False
ising,ground,4,0,0.001,MD-Sinkhorn (M=1),99,397,0.2726776599884033,1.7068383273391338e-18,3.1389962851239345e-10,False
ising,ground,4,0,0.001,MD-Sinkhorn (M=1),100,401,0.27567601203918457,-1.5178107228882083e-16,3.119439706546067e-10,False
ising,ground,4,0,0.001,MD-Sinkhorn (M=1),101,405,0.2776820659637451,2.1275021604603362e-16,3.100035228524387e-10,False
ising,ground,4,0,0.001,MD-Sinkhorn (M=1),102,409,0.28068113327026367,1.9107893853772496e-16,3.0807706385972893e-10,False
ising,ground,4,0,0.001,MD-Sinkhorn (M=1),103,413,0.2826814651489258,1.427075831766308e-16,3.0616525981151895e-10,False
ising,ground,4,0,0.001,MD-Sinkhorn (M=1),104,417,0.2846810817718506,3.7828114429865857e-16,3.042666674170001e-10,False
ising,ground,4,0,0.001,MD-Sinkhorn (M=1),105,421,0.2876713275909424,1.3299016248722143e-16,3.0238139769878594e-10,False
ising,ground,4,0,0.001,MD-Sinkhorn (M=1),106,425,0.2906656265258789,3.003005960293527e-16,3.0051156008082594e-10,False
ising,ground,4,0,0.001,MD-Sinkhorn (M=1),107,429,0.2926638126373291,-1.3308113625527647e-16,2.9865371287132514e-10,False
ising,ground,4,0,0.001,MD-Sinkhorn (M=1),108,433,0.29566407203674316,9.75254712786361e-17,2.96810465095059e-10,False
ising,ground,4,0,0.001,MD-Sinkhorn (M=1),109,437,0.2976646423339844,1.4389570348563143e-16,2.9497965181594273e-10,False
ising,ground,4,0,0.001,MD-Sinkhorn (M=1),110,441,0.30066466331481934,1.903713217823079e-16,2.931622167248368e-10,False
ising,ground,4,0,0.001,MD-Sinkhorn (M=1),111,445,0.30466771125793457,2.7428096714038476e-16,2.9135832635435967e-10,False
ising,ground,4,0,0.001,MD-Sinkhorn (M=1),112,449,0.3076667785644531,-6.727682160444325e-18,2.8956675946059346e-10,False
ising,ground,4,0,0.001,MD-Sinkhorn (M=1),113,453,0.3106651306152344,1.3406796682560459e-16,2.877884042189099e-10,False
ising,ground,4,0,0.001,MD-Sinkhorn (M=1),114,457,0.31267333030700684,-1.0331442517266872e-16,2.8602425983249485e-10,False
ising,ground,4,0,0.001,MD-Sinkhorn (M=1),115,461,0.31467390060424805,8.23119767810578e-18,2.8427160625456096e-10,False
ising,ground,4,0,0.001,MD-Sinkhorn (M=1),116,465,0.317673921585083,-1.940014631392303e-17,2.8253122064115236e-10,False
ising,ground,4,0,0.001,MD-Sinkhorn (M=1),117,469,0.32167673110961914,1.3847071019041754e-16,2.80803491570478e-10,False
ising,ground,4,0,0.001,MD-Sinkhorn (M=1),118,473,0.3247344493865967,3.653470216330786e-16,2.790883635306535e-10,False
ising,ground,4,0,0.001,MD-Sinkhorn (M=1),119,477,0.32746291160583496,3.4865420360072946e-16,2.7738572550015496e-10,False
ising,ground,4,0,0.001,MD-Sinkhorn (M=1),120,481,0.3294641971588135,1.724063905639202e-16,2.756952999230053e-10,False
ising,ground,4,0,0.001,MD-Sinkhorn (M=1),121,485,0.3333919048309326,2.05671848416606e-16,2.740166427095404e-10,False
ising,ground,4,0,0.001,MD-Sinkhorn (M=1),122,489,0.34237122535705566,2.5300802259687656e-16,2.723506420389553e-10,False
ising,ground,4,0,0.001,MD-Sinkhorn (M=1),123,493,0.34437012672424316,1.4126297021210075e-16,2.706969093324949e-10,False
ising,ground,4,0,0.001,MD-Sinkhorn (M=1),124,497,0.34737062454223633,9.436126527283779e-17,2.6905316863340154e-10,False
ising,ground,4,0,0.001,MD-Sinkhorn (M=1),125,501,0.3503689765930176,1.9504602717673526e-16,2.6742236203419756e-10,False
ising,ground,4,0,0.001,MD-Sinkhorn (M=1),126,505,0.35337114334106445,1.5000861885216922e-16,2.6580454504099345e-10,False
ising,ground,4,0,0.001,MD-Sinkhorn (M=1),127,509,0.35736560821533203,-2.935472317825463e-17,2.6419610943432894e-10,False
ising,ground,4,0,0.001,MD-Sinkhorn (M=1),128,513,0.35938167572021484,2.2617598774119934e-16,2.6259999730278225e-10,False
ising,ground,4,0,0.001,MD-Sinkhorn (M=1),129,517,0.3623683452606201,3.085532895644108e-16,2.610154870019819e-10,False
ising,ground,4,0,0.001,MD-Sinkhorn (M=1),130,521,0.3653831481933594,1.2407908929835516e-16,2.594431891545955e-10,False
ising,ground,4,0,0.001,MD-Sinkhorn (M=1),131,525,0.36738157272338867,2.774929250630765e-16,2.578802171806898e-10,False
ising,ground,4,0,0.001,MD-Sinkhorn (M=1),132,529,0.373382568359375,2.9414634885725385e-17,2.5632840294905097e-10,False
ising,ground,4,0,0.001,MD-Sinkhorn (M=1),133,533,0.3763694763183594,-3.4139234900178663e-17,2.5478880116837937e-10,False
ising,ground,4,0,0.001,MD-Sinkhorn (M=1),134,537,0.3793823719024658,-2.5531573976915204e-17,2.532597465077677e-10,False
ising,ground,4,0,0.001,MD-Sinkhorn (M=1),135,541,0.38136863708496094,3.3588567680307887e-16,2.5174079487693044e-10,False
ising,ground,4,0,0.001,MD-Sinkhorn (M=1),136,545,0.3863699436187744,1.57518105372507e-16,2.5023294547603196e-10,False
ising,ground,4,0,0.001,MD-Sinkhorn (M=1),137,549,0.38938379287719727,1.651950812856426e-16,2.487360317719952e-10,False
ising,ground,4,0,0.001,MD-Sinkhorn (M=1),138,553,0.3913700580596924,3.971162388961804e-17,2.4725022029793205e-10,False
ising,ground,4,0,0.001,MD-Sinkhorn (M=1),139,557,0.39338135719299316,8.387336735625545e-18,2.4577534452064103e-10,False
ising,ground,4,0,0.001,MD-Sinkhorn (M=1),140,561,0.39638233184814453,1.1344398821979238e-16,2.443096280842171e-10,False
ising,ground,4,0,0.001,MD-Sinkhorn (M=1),141,565,0.39836812019348145,8.154238550501347e-17,2.4285318200869194e-10,False
ising,ground,4,0,0.001,MD-Sinkhorn (M=1),142,569,0.4013657569885254,-1.1382850348458241e-16,2.414088373648398e-10,False
ising,ground,4,0,0.001,MD-Sinkhorn (M=1),143,573,0.40337419509887695,2.0216270857489952e-16,2.3997398512785226e-10,False
ising,ground,4,0,0.001,MD-Sinkhorn (M=1),144,577,0.4063699245452881,2.1843586374090346e-16,2.3854918040918266e-10,False
ising,ground,4,0,0.001,MD-Sinkhorn (M=1),145,581,0.40836524963378906,8.290008178788048e-17,2.3713569996532557e-10,False
ising,ground,4,0,0.001,MD-Sinkhorn (M=1),146,585,0.4103810787200928,2.9884595939269903e-16,2.3573032414962377e-10,False
ising,ground,4,0,0.001,MD-Sinkhorn (M=1),147,589,0.41341090202331543,2.0627650094954054e-16,2.3433527340799323e-10,False
ising,ground,4,0,0.001,MD-Sinkhorn (M=1),148,593,0.41541600227355957,1.150418748010091e-16,2.32950270184788e-10,False
ising,ground,4,0,0.001,MD-Sinkhorn (M=1),149,597,0.41741299629211426,1.7354004310755745e-16,2.3157470385726283e-10,False
ising,ground,4,0,0.001,MD-Sinkhorn (M=1),150,601,0.4203934669494629,8.099119104354735e-17,2.3020979567081253e-10,False
ising,ground,4,0,0.001,MD-Sinkhorn (M=1),151,605,0.42240238189697266,-1.2419499151969403e-16,2.288526035348028e-10,False
ising,ground,4,0,0.001,MD-Sinkhorn (M=1),152,609,0.4244093894958496,-7.097032097498986e-17,2.275059585167826e-10,False
ising,ground,4,0,0.001,MD-Sinkhorn (M=1),153,613,0.42694926261901855,1.3985033289349766e-17,2.261693610173162e-10,False
ising,ground,4,0,0.001,MD-Sinkhorn (M=1),154,617,0.42998647689819336,4.2036243882995277e-16,2.2484131223524707e-10,False
ising,ground,4,0,0.001,MD-Sinkhorn (M=1),155,621,0.43297410011291504,1.5692706847691361e-16,2.235219787040134e-10,False
ising,ground,4,0,0.001,MD-Sinkhorn (M=1),156,625,0.43496084213256836,1.54998348396999e-16,2.2221319229140398e-10,False
ising,ground,4,0,0.001,MD-Sinkhorn (M=1),157,629,0.43796324729919434,1.0805255437166932e-16,2.2091278806285182e-10,False
ising,ground,4,0,0.001,MD-Sinkhorn (M=1),158,633,0.4399755001068115,8.85601360791972e-17,2.1962048846220868e-10,False
ising,ground,4,0,0.001,MD-Sinkhorn (M=1),159,637,0.4429740905761719,4.055077492434802e-16,2.1833895802489216e-10,False
ising,ground,4,0,0.001,MD-Sinkhorn (M=1),160,641,0.44596266746520996,2.772934406901156e-16,2.170648105705283e-10,False
ising,ground,4,0,0.001,MD-Sinkhorn (M=1),161,645,0.4489634037017822,4.181202634582342e-16,2.1580010001196605e-10,False
ising,ground,4,0,0.001,MD-Sinkhorn (M=1),162,649,0.4509623050689697,2.9060031196152983e-16,2.145442157268256e-10,False
ising,ground,4,0,0.001,MD-Sinkhorn (M=1),163,653,0.4539604187011719,-2.2811071055389113e-16,2.132962695356007e-10,False
ising,ground,4,0,0.001,MD-Sinkhorn (M=1),164,657,0.4569673538208008,5.1076771091433853e-17,2.120573716631419e-10,False
ising,ground,4,0,0.001,MD-Sinkhorn (M=1),165,661,0.4599621295928955,2.724393266217405e-16,2.1082824375185277e-10,False
ising,ground,4,0,0.001,MD-Sinkhorn (M=1),166,665,0.4629628658294678,-9.355258991934256e-17,2.0960783109241899e-10,False
ising,ground,4,0,0.001,MD-Sinkhorn (M=1),167,669,0.4649679660797119,-3.6186060576778236e-17,2.0839369119237076e-10,False
ising,ground,4,0,0.001,MD-Sinkhorn (M=1),168,673,0.46897339820861816,1.0043153894979466e-16,2.071887106325903e-10,False
ising,ground,4,0,0.001,MD-Sinkhorn (M=1),169,677,0.47196030616760254,1.127948475837371e-16,2.0599255634586216e-10,False
ising,ground,4,0,0.001,MD-Sinkhorn (M=1),170,681,0.4749624729156494,2.363808278225837e-16,2.0480422913140114e-10,False
ising,ground,4,0,0.001,MD-Sinkhorn (M=1),171,685,0.47696733474731445,2.9799496234321097e-16,2.0362272978894464e-10,False
ising,ground,4,0,0.001,MD-Sinkhorn (M=1),172,689,0.4799635410308838,-5.0577056648998414e-17,2.0245111143150992e-10,False
ising,ground,4,0,0.001,MD-Sinkhorn (M=1),173,693,0.4819614887237549,2.872824662576531e-16,2.0128687605591722e-10,False
ising,ground,4,0,0.001,MD-Sinkhorn (M=1),174,697,0.48496246337890625,3.190992683603922e-17,2.001318000211179e-10,False
ising,ground,4,0,0.001,MD-Sinkhorn (M=1),175,701,0.48696231842041016,7.501371387794055e-17,1.989837739028805e-10,False
ising,ground,4,0,0.001,MD-Sinkhorn (M=1),176,705,0.4899625778198242,1.3011382839267555e-16,1.9784279770007965e-10,False
ising,ground,4,0,0.001,MD-Sinkhorn (M=1),177,709,0.4919619560241699,2.2462795749342074e-16,1.9671064777079805e-10,False
ising,ground,4,0,0.001,MD-Sinkhorn (M=1),178,713,0.49396467208862305,1.0563358811828063e-16,1.9558693553689273e-10,False
ising,ground,4,0,0.001,MD-Sinkhorn (M=1),179,717,0.4969611167907715,2.0375591318026033e-16,1.9446899646170194e-10,False
ising,ground,4,0,0.001,MD-Sinkhorn (M=1),180,721,0.49896788597106934,9.959118487610258e-17,1.933596061043481e-10,False
ising,ground,4,0,0.001,MD-Sinkhorn (M=1),181,725,0.5019633769989014,2.1497046376060519e-16,1.922573766857736e-10,False
ising,ground,4,0,0.001,MD-Sinkhorn (M=1),182,729,0.5039610862731934,3.1066877127183804e-16,1.9116314087299447e-10,False
ising,ground,4,0,0.001,MD-Sinkhorn (M=1),183,733,0.505964994430542,2.420012974173926e-16,1.9007689866547247e-10,False
ising,ground,4,0,0.001,MD-Sinkhorn (M=1),184,737,0.5089638233184814,1.2292301811874767e-16,1.889971512626423e-10,False
ising,ground,4,0,0.001,MD-Sinkhorn (M=1),185,741,0.510962724685669,2.550103261085532e-16,1.8792550848800873e-10,False
ising,ground,4,0,0.001,MD-Sinkhorn (M=1),186,745,0.5139715671539307,1.6323112300871065e-17,1.868600829624333e-10,False
ising,ground,4,0,0.001,MD-Sinkhorn (M=1),187,749,0.5159742832183838,9.93558673415246e-17,1.8580265104264636e-10,False
ising,ground,4,0,0.001,MD-Sinkhorn (M=1),188,753,0.5189774036407471,1.9123302512103809e-16,1.8475271312834076e-10,False
ising,ground,4,0,0.001,MD-Sinkhorn (M=1),189,757,0.5209746360778809,3.537784505805443e-17,1.8370921450805232e-10,False
ising,ground,4,0,0.001,MD-Sinkhorn (M=1),190,761,0.5229790210723877,8.364906266039934e-17,1.8267259926933477e-10,False
ising,ground,4,0,0.001,MD-Sinkhorn (M=1),191,765,0.5249752998352051,2.2982831787575095e-16,1.8164286741395624e-10,False
ising,ground,4,0,0.001,MD-Sinkhorn (M=1),192,769,0.5284960269927979,1.7132477448781127e-16,1.806206850754091e-10,False
ising,ground,4,0,0.001,MD-Sinkhorn (M=1),193,773,0.5304944515228271,2.26555714290412e-16,1.7960549714192451e-10,False
ising,ground,4,0,0.001,MD-Sinkhorn (M=1),194,777,0.5334935188293457,-2.338706340447059e-16,1.785959158344584e-10,False
ising,ground,4,0,0.001,MD-Sinkhorn (M=1),195,781,0.5354962348937988,1.2733954914084478e-16,1.7759455017696274e-10,False
ising,ground,4,0,0.001,MD-Sinkhorn (M=1),196,785,0.5374977588653564,-9.868015327585558e-17,1.7659890216853626e-10,False
ising,ground,4,0,0.001,MD-Sinkhorn (M=1),197,789,0.540496826171875,-1.890142986037299e-16,1.756111922547361e-10,False
ising,ground,4,0,0.001,MD-Sinkhorn (M=1),198,793,0.542494535446167,6.242236347053469e-17,1.7462947754528638e-10,False
ising,ground,4,0,0.001,MD-Sinkhorn (M=1),199,797,0.5454986095428467,2.727704968553462e-16,1.736533694619112e-10,False
ising,ground,4,0,0.001,MD-Sinkhorn (M=1),200,801,0.5474958419799805,1.0107508075450104e-17,1.7268514396217483e-10,False
ising,ground,4,0,0.001,MD-Sinkhorn (M=1),201,805,0.5494954586029053,3.855912519588195e-16,1.7172202548948842e-10,False
ising,ground,4,0,0.001,MD-Sinkhorn (M=1),202,809,0.5524957180023193,2.752129445854846e-16,1.7076745573169663e-10,False
ising,ground,4,0,0.001,MD-Sinkhorn (M=1),203,813,0.5544948577880859,1.1154847708433014e-16,1.6981765993407547e-10,False
ising,ground,4,0,0.001,MD-Sinkhorn (M=1),204,817,0.5574951171875,1.777486381788109e-16,1.688750805870539e-10,False
ising,ground,4,0,0.001,MD-Sinkhorn (M=1),205,821,0.5594961643218994,2.9877380601689695e-16,1.6793816337628136e-10,False
ising,ground,4,0,0.001,MD-Sinkhorn (M=1),206,825,0.561495304107666,1.7791099820403152e-16,1.670074634142659e-10,False
ising,ground,4,0,0.001,MD-Sinkhorn (M=1),207,829,0.5644938945770264,2.5347875673295204e-16,1.6608292519040629e-10,False
ising,ground,4,0,0.001,MD-Sinkhorn (M=1),208,833,0.5664963722229004,6.249673188909973e-17,1.6516576995015568e-10,False
ising,ground,4,0,0.001,MD-Sinkhorn (M=1),209,837,0.5694961547851562,2.36132022137958e-16,1.642535552020051e-10,False
ising,ground,4,0,0.001,MD-Sinkhorn (M=1),210,841,0.572493314743042,-1.5790202844948767e-16,1.6334772423578185e-10,False
ising,ground,4,0,0.001,MD-Sinkhorn (M=1),211,845,0.5754914283752441,3.203107184649269e-17,1.624475554077267e-10,False
ising,ground,4,0,0.001,MD-Sinkhorn (M=1),212,849,0.5774915218353271,3.9851987672584705e-16,1.615541589398772e-10,False
ising,ground,4,0,0.001,MD-Sinkhorn (M=1),213,853,0.5804917812347412,2.829484276978395e-16,1.6066631358669427e-10,False
ising,ground,4,0,0.001,MD-Sinkhorn (M=1),214,857,0.5824909210205078,1.9754754095292965e-16,1.5978379730441382e-10,False
ising,ground,4,0,0.001,MD-Sinkhorn (M=1),215,861,0.5844907760620117,3.4364995640788793e-16,1.5890749827150757e-10,False
ising,ground,4,0,0.001,MD-Sinkhorn (M=1),216,865,0.5874922275543213,1.49288878959505e-16,1.5803669484186443e-10,False
ising,ground,4,0,0.001,MD-Sinkhorn (M=1),217,869,0.5904924869537354,6.011252332944784e-17,1.5717205315013442e-10,False
ising,ground,4,0,0.001,MD-Sinkhorn (M=1),218,873,0.5924909114837646,1.6533979864013049e-16,1.5631340666342862e-10,False
ising,ground,4,0,0.001,MD-Sinkhorn (M=1),219,877,0.5944914817810059,3.3101398996396395e-17,1.5546025577961987e-10,False
ising,ground,4,0,0.001,MD-Sinkhorn (M=1),220,881,0.5974900722503662,4.416826092123453e-17,1.5461237845613323e-10,False
ising,ground,4,0,0.001,MD-Sinkhorn (M=1),221,885,0.5994904041290283,8.639783280759026e-18,1.5377066286964425e-10,False
ising,ground,4,0,0.001,MD-Sinkhorn (M=1),222,889,0.6024942398071289,2.0769211190424124e-16,1.5293427635398897e-10,False
ising,ground,4,0,0.001,MD-Sinkhorn (M=1),223,893,0.6054930686950684,-2.2208135392300884e-19,1.5210294135316449e-10,False
ising,ground,4,0,0.001,MD-Sinkhorn (M=1),224,897,0.6074924468994141,1.9445651386068946e-16,1.5127765706781292e-10,False
ising,ground,4,0,0.001,MD-Sinkhorn (M=1),225,901,0.6104919910430908,6.165525509140173e-17,1.5045820145341335e-10,False
ising,ground,4,0,0.001,MD-Sinkhorn (M=1),226,905,0.6125144958496094,-2.4492649674295155e-17,1.4964302019769513e-10,False
ising,ground,4,0,0.001,MD-Sinkhorn (M=1),227,909,0.6146080493927002,1.6391573531714623e-16,1.488324463683468e-10,False
ising,ground,4,0,0.001,MD-Sinkhorn (M=1),228,913,0.6175150871276855,1.3797554233612158e-17,1.4802920000898417e-10,False
ising,ground,4,0,0.001,MD-Sinkhorn (M=1),229,917,0.6205122470855713,3.0136487601076485e-16,1.472295618762374e-10,False
ising,ground,4,0,0.001,MD-Sinkhorn (M=1),230,921,0.6235113143920898,2.8220042122045425e-16,1.4643641854674576e-10,False
ising,ground,4,0,0.001,MD-Sinkhorn (M=1),231,925,0.6255214214324951,-3.373868278798893e-17,1.4564721650970404e-10,False
ising,ground,4,0,0.001,MD-Sinkhorn (M=1),232,929,0.6280879974365234,-1.0683847713201754e-16,1.4486428723261364e-10,False
ising,ground,4,0,0.001,MD-Sinkhorn (M=1),233,933,0.6300876140594482,1.4454051417651173e-16,1.440873531627229e-10,False
ising,ground,4,0,0.001,MD-Sinkhorn (M=1),234,937,0.6330928802490234,4.660371083506107e-17,1.4331341669284012e-10,False
ising,ground,4,0,0.001,MD-Sinkhorn (M=1),235,941,0.6370785236358643,7.98793894129827e-17,1.4254547542419863e-10,False
ising,ground,4,0,0.001,MD-Sinkhorn (M=1),236,945,0.6400911808013916,1.7898399495011527e-16,1.4178286322854654e-10,False
ising,ground,4,0,0.001,MD-Sinkhorn (M=1),237,949,0.642087459564209,1.6064441639903631e-16,1.4102430334617535e-10,False
ising,ground,4,0,0.001,MD-Sinkhorn (M=1),238,953,0.6440889835357666,1.0686195742918669e-16,1.4027123906871759e-10,False
ising,ground,4,0,0.001,MD-Sinkhorn (M=1),239,957,0.6470744609832764,3.9129738018783917e-16,1.3952222710505212e-10,False
ising,ground,4,0,0.001,MD-Sinkhorn (M=1),240,961,0.6490886211395264,1.0860412185036898e-16,1.387791548346897e-10,False
ising,ground,4,0,0.001,MD-Sinkhorn (M=1),241,965,0.654080867767334,-1.0515005167063043e-16,1.3804107856786064e-10,False
ising,ground,4,0,0.001,MD-Sinkhorn (M=1),242,969,0.657088041305542,1.2919863330887003e-16,1.3730688808272023e-10,False
ising,ground,4,0,0.001,MD-Sinkhorn (M=1),243,973,0.6600756645202637,-9.017674940414891e-17,1.365780266663623e-10,False
ising,ground,4,0,0.001,MD-Sinkhorn (M=1),244,977,0.663076639175415,3.249875442208352e-17,1.3585416125492147e-10,False
ising,ground,4,0,0.001,MD-Sinkhorn (M=1),245,981,0.6650881767272949,1.9860772103302273e-16,1.3513429264484012e-10,False
ising,ground,4,0,0.001,MD-Sinkhorn (M=1),246,985,0.6690928936004639,2.30131368847603e-16,1.3441936452807715e-10,False
ising,ground,4,0,0.001,MD-Sinkhorn (M=1),247,989,0.673088550567627,-8.847406477394924e-17,1.3370876628117575e-10,False
ising,ground,4,0,0.001,MD-Sinkhorn (M=1),248,993,0.6750879287719727,1.9919754053706066e-16,1.3300321954902137e-10,False
ising,ground,4,0,0.001,MD-Sinkhorn (M=1),249,997,0.6780939102172852,-1.0524405427035826e-16,1.3230277984291672e-10,False
ising,ground,4,0,0.001,MD-Sinkhorn (M=1),250,1001,0.6800878047943115,2.5443821920310985e-16,1.3160472711606428e-10,False
ising,ground,4,0,0.001,MD-Sinkhorn (M=1),251,1005,0.683074951171875,1.0297444718371624e-16,1.3091344674995059e-10,False
ising,ground,4,0,0.001,MD-Sinkhorn (M=1),252,1009,0.686077356338501,1.2302787087322755e-16,1.3022477540808523e-10,False
ising,ground,4,0,0.001,MD-Sinkhorn (M=1),253,1013,0.6890883445739746,8.371446014123915e-17,1.295415996703757e-10,False
ising,ground,4,0,0.001,MD-Sinkhorn (M=1),254,1017,0.6910746097564697,-1.5276292065742328e-17,1.2886286482328036e-10,False
ising,ground,4,0,0.001,MD-Sinkhorn (M=1),255,1021,0.694077730178833,3.7763321676699636e-17,1.2818801575809844e-10,False
ising,ground,4,0,0.001,MD-Sinkhorn (M=1),256,1025,0.696080207824707,-5.6988720239411e-17,1.275183292318992e-10,False
ising,ground,4,0,0.001,MD-Sinkhorn (M=1),257,1029,0.6980762481689453,2.841791894856879e-16,1.2685202888194864e-10,False
ising,ground,4,0,0.001,MD-Sinkhorn (M=1),258,1033,0.7011058330535889,5.414378919409717e-17,1.2618978084711704e-10,False
ising,ground,4,0,0.001,MD-Sinkhorn (M=1),259,1037,0.7041711807250977,-5.3509862440703673e-17,1.255330284166744e-10,False
ising,ground,4,0,0.001,MD-Sinkhorn (M=1),260,1041,0.7070798873901367,2.7543733211249307e-16,1.2487932909982636e-10,False
ising,ground,4,0,0.001,MD-Sinkhorn (M=1),261,1045,0.7100732326507568,-9.648039743423017e-17,1.2423051476467328e-10,False
ising,ground,4,0,0.001,MD-Sinkhorn (M=1),262,1049,0.712090253829956,1.373131813202574e-16,1.2358564172060966e-10,False
ising,ground,4,0,0.001,MD-Sinkhorn (M=1),263,1053,0.7140848636627197,-2.140987608794035e-16,1.229447099682123e-10,False
ising,ground,4,0,0.001,MD-Sinkhorn (M=1),264,1057,0.7166047096252441,1.825547881821944e-16,1.2230733093003252e-10,False
ising,ground,4,0,0.001,MD-Sinkhorn (M=1),265,1061,0.7196097373962402,1.952822531110251e-16,1.2167516994017492e-10,False
ising,ground,4,0,0.001,MD-Sinkhorn (M=1),266,1065,0.7226042747497559,3.4339624867081424e-16,1.2104606206362324e-10,False
ising,ground,4,0,0.001,MD-Sinkhorn (M=1),267,1069,0.7246034145355225,1.0204848614713671e-16,1.2042133956688617e-10,False
ising,ground,4,0,0.001,MD-Sinkhorn (M=1),268,1073,0.7271125316619873,1.460289029219502e-17,1.1980200165244755e-10,False
ising,ground,4,0,0.001,MD-Sinkhorn (M=1),269,1077,0.7291224002838135,1.4884919715204508e-16,1.1918427356170354e-10,False
ising,ground,4,0,0.001,MD-Sinkhorn (M=1),270,1081,0.7321240901947021,1.4545150449608409e-16,1.1857154147450426e-10,False
ising,ground,4,0,0.001,MD-Sinkhorn (M=1),271,1085,0.7341225147247314,-2.2260876844978745e-17,1.1796225107831186e-10,False
ising,ground,4,0,0.001,MD-Sinkhorn (M=1),272,1089,0.7371246814727783,2.996717165187995e-17,1.1735740157642566e-10,False
ising,ground,4,0,0.001,MD-Sinkhorn (M=1),273,1093,0.739124059677124,3.1916063281714233e-16,1.1675577171746104e-10,False
ising,ground,4,0,0.001,MD-Sinkhorn (M=1),274,1097,0.7411236763000488,1.7918603665170235e-16,1.1615880479761473e-10,False
ising,ground,4,0,0.001,MD-Sinkhorn (M=1),275,1101,0.7441263198852539,6.681594201585724e-17,1.1556472445729597e-10,False
ising,ground,4,0,0.001,MD-Sinkhorn (M=1),276,1105,0.7471234798431396,-1.3215933399685793e-17,1.1497569563101039e-10,False
ising,ground,4,0,0.001,MD-Sinkhorn (M=1),277,1109,0.7491228580474854,-1.5201058510122167e-16,1.1438822111747881e-10,False
ising,ground,4,0,0.001,MD-Sinkhorn (M=1),278,1113,0.7511298656463623,2.9354462169247937e-16,1.1380574260755341e-10,False
ising,ground,4,0,0.001,MD-Sinkhorn (M=1),279,1117,0.7531294822692871,2.620348300627349e-16,1.1322692783826564e-10,False
ising,ground,4,0,0.001,MD-Sinkhorn (M=1),280,1121,0.7561228275299072,1.6143877915877681e-16,1.1265149924006226e-10,False
ising,ground,4,0,0.001,MD-Sinkhorn (M=1),281,1125,0.7581210136413574,1.1481561516828352e-16,1.1208017847340539e-10,False
ising,ground,4,0,0.001,MD-Sinkhorn (M=1),282,1129,0.761122465133667,8.712755262061244e-17,1.1151218837846512e-10,False
ising,ground,4,0,0.001,MD-Sinkhorn (M=1),283,1133,0.7631230354309082,-4.0950791217048156e-17,1.1094786200876311e-10,False
ising,ground,4,0,0.001,MD-Sinkhorn (M=1),284,1137,0.7661244869232178,2.113913845997456e-16,1.1038608915831053e-10,False
ising,ground,4,0,0.001,MD-Sinkhorn (M=1),285,1141,0.7701263427734375,3.0407437435927636e-17,1.0982881271276592e-10,False
ising,ground,4,0,0.001,MD-Sinkhorn (M=1),286,1145,0.7731249332427979,1.350551085305497e-17,1.0927553306679391e-10,False
ising,ground,4,0,0.001,MD-Sinkhorn (M=1),287,1149,0.7751235961914062,8.344910225509337e-17,1.0872508449127438e-10,False
ising,ground,4,0,0.001,MD-Sinkhorn (M=1),288,1153,0.7781269550323486,2.543876363735601e-16,1.0817774454135277e-10,False
ising,ground,4,0,0.001,MD-Sinkhorn (M=1),289,1157,0.7802269458770752,2.2043912495110034e-16,1.0763417934717405e-10,False
ising,ground,4,0,0.001,MD-Sinkhorn (M=1),290,1161,0.7822206020355225,4.5601484500483335e-17,1.0709366726758116e-10,False
ising,ground,4,0,0.001,MD-Sinkhorn (M=1),291,1165,0.7851288318634033,2.9119680237186203e-16,1.0655726301367254e-10,False
ising,ground,4,0,0.001,MD-Sinkhorn (M=1),292,1169,0.7882254123687744,8.975679799495134e-17,1.0602368982811757e-10,False
ising,ground,4,0,0.001,MD-Sinkhorn (M=1),293,1173,0.7902328968048096,-1.6177063803155158e-18,1.0549389140283915e-10,False
ising,ground,4,0,0.001,MD-Sinkhorn (M=1),294,1177,0.7952210903167725,2.427198683124042e-16,1.0496653546355542e-10,False
ising,ground,4,0,0.001,MD-Sinkhorn (M=1),295,1181,0.799222469329834,3.25926852025009e-20,1.044437314412554e-10,False
ising,ground,4,0,0.001,MD-Sinkhorn (M=1),296,1185,0.8021330833435059,2.0267686418547128e-16,1.0392309235531618e-10,False
ising,ground,4,0,0.001,MD-Sinkhorn (M=1),297,1189,0.8051419258117676,-1.0691263478835524e-16,1.0340589495787184e-10,False
ising,ground,4,0,0.001,MD-Sinkhorn (M=1),298,1193,0.8071351051330566,4.167411212241034e-17,1.0289291640986473e-10,False
ising,ground,4,0,0.001,MD-Sinkhorn (M=1),299,1197,0.8101348876953125,3.7847035917059633e-16,1.023818807512451e-10,False
ising,ground,4,0,0.001,MD-Sinkhorn (M=1),300,1201,0.8121592998504639,1.104191593890991e-16,1.0187423127310743e-10,False
ising,ground,4,0,0.001,MD-Sinkhorn (M=2),0,1,0.0,1.8387956687417911e-16,6.028717525197184e-10,False
ising,ground,4,0,0.001,MD-Sinkhorn (M=2),1,9,0.004005908966064453,7.398734778533605e-17,5.945703374088406e-10,False
ising,ground,4,0,0.001,MD-Sinkhorn (M=2),2,17,0.009093761444091797,1.2873980818327841e-16,5.864004837263808e-10,False
ising,ground,4,0,0.001,MD-Sinkhorn (M=2),3,25,0.01368403434753418,1.8838170658299515e-16,5.783571954687536e-10,False
ising,ground,4,0,0.001,MD-Sinkhorn (M=2),4,33,0.017795801162719727,-6.984495582670755e-18,5.704425265485182e-10,False
ising,ground,4,0,0.001,MD-Sinkhorn (M=2),5,41,0.022716522216796875,-8.40030285376586e-17,5.626504817613235e-10,False
ising,ground,4,0,0.001,MD-Sinkhorn (M=2),6,49,0.027790307998657227,-5.97604544875259e-17,5.54981616218715e-10,False
ising,ground,4,0,0.001,MD-Sinkhorn (M=2),7,57,0.03278470039367676,-4.1293975043823196e-17,5.474320441401924e-10,False
ising,ground,4,0,0.001,MD-Sinkhorn (M=2),8,65,0.03669238090515137,1.0865371527820208e-16,5.40001654503192e-10,False
ising,ground,4,0,0.001,MD-Sinkhorn (M=2),9,73,0.04079771041870117,1.4373541782097634e-16,5.326868390831407e-10,False
ising,ground,4,0,0.001,MD-Sinkhorn (M=2),10,81,0.04569053649902344,3.9737545485318686e-16,5.254865986792554e-10,False
ising,ground,4,0,0.001,MD-Sinkhorn (M=2),11,89,0.049706220626831055,9.075907620926311e-17,5.183969364885889e-10,False
ising,ground,4,0,0.001,MD-Sinkhorn (M=2),12,97,0.05370759963989258,7.002390152760586e-17,5.114179635334958e-10,False
ising,ground,4,0,0.001,MD-Sinkhorn (M=2),13,105,0.05869317054748535,-1.1952810650620618e-16,5.045481255018607e-10,False
ising,ground,4,0,0.001,MD-Sinkhorn (M=2),14,113,0.06270718574523926,-9.796493462963495e-17,4.977832590570362e-10,False
ising,ground,4,0,0.001,MD-Sinkhorn (M=2),15,121,0.06770825386047363,1.6834787956313677e-16,4.911237527772243e-10,False
ising,ground,4,0,0.001,MD-Sinkhorn (M=2),16,129,0.07169413566589355,2.0334783580092972e-17,4.845666090603628e-10,False
ising,ground,4,0,0.001,MD-Sinkhorn (M=2),17,137,0.0816948413848877,1.1976510148067147e-16,4.781114948396317e-10,False
ising,ground,4,0,0.001,MD-Sinkhorn (M=2),18,145,0.09478497505187988,-1.718238089098311e-16,4.717545243337983e-10,False
ising,ground,4,0,0.001,MD-Sinkhorn (M=2),19,153,0.10172867774963379,3.224867483553205e-16,4.6549503141019786e-10,False
ising,ground,4,0,0.001,MD-Sinkhorn (M=2),20,161,0.11374497413635254,1.4254639401587371e-16,4.593322944227432e-10,False
ising,ground,4,0,0.001,MD-Sinkhorn (M=2),21,169,0.12027597427368164,-4.138392003345636e-17,4.532634267917714e-10,False
ising,ground,4,0,0.001,MD-Sinkhorn (M=2),22,177,0.12836098670959473,1.0319194483259706e-17,4.4728726278395013e-10,False
ising,ground,4,0,0.001,MD-Sinkhorn (M=2),23,185,0.13236355781555176,7.850188704785653e-17,4.4140208155249373e-10,False
ising,ground,4,0,0.001,MD-Sinkhorn (M=2),24,193,0.14331579208374023,6.251062173630907e-17,4.3560766105345414e-10,False
ising,ground,4,0,0.001,MD-Sinkhorn (M=2),25,201,0.1473851203918457,-1.7160873287742998e-17,4.2989994897269236e-10,False
ising,ground,4,0,0.001,MD-Sinkhorn (M=2),26,209,0.15237975120544434,6.8677589639219e-17,4.2427877877675875e-10,False
ising,ground,4,0,0.001,MD-Sinkhorn (M=2),27,217,0.15927362442016602,1.0024220028591615e-16,4.18744094954358e-10,False
ising,ground,4,0,0.001,MD-Sinkhorn (M=2),28,225,0.16327261924743652,-5.2812547992018166e-17,4.132924003030817e-10,False
ising,ground,4,0,0.001,MD-Sinkhorn (M=2),29,233,0.16827106475830078,1.8984608305881095e-16,4.079234727783014e-10,False
ising,ground,4,0,0.001,MD-Sinkhorn (M=2),30,241,0.1733689308166504,7.564001352283092e-17,4.0263403722208937e-10,False
ising,ground,4,0,0.001,MD-Sinkhorn (M=2),31,249,0.1773214340209961,2.2022245320167147e-16,3.974261475470131e-10,False
ising,ground,4,0,0.001,MD-Sinkhorn (M=2),32,257,0.18227672576904297,2.13925194109462e-16,3.922949742829504e-10,False
ising,ground,4,0,0.001,MD-Sinkhorn (M=2),33,265,0.18927526473999023,1.3085740679129603e-16,3.8724168316412584e-10,False
ising,ground,4,0,0.001,MD-Sinkhorn (M=2),34,273,0.19527292251586914,-1.1655261661888794e-16,3.822634986327985e-10,False
ising,ground,4,0,0.001,MD-Sinkhorn (M=2),35,281,0.1992802619934082,1.0987141431705875e-16,3.773599766003806e-10,False
ising,ground,4,0,0.001,MD-Sinkhorn (M=2),36,289,0.20827841758728027,1.9398268272397414e-16,3.725300623536238e-10,False
ising,ground,4,0,0.001,MD-Sinkhorn (M=2),37,297,0.21228766441345215,5.814744320698546e-17,3.677719795371912e-10,False
ising,ground,4,0,0.001,MD-Sinkhorn (M=2),38,305,0.2168138027191162,1.622675282366338e-17,3.6308367423743055e-10,False
ising,ground,4,0,0.001,MD-Sinkhorn (M=2),39,313,0.22281861305236816,3.710447633935129e-16,3.5846575707772613e-10,False
ising,ground,4,0,0.001,MD-Sinkhorn (M=2),40,321,0.22782421112060547,8.926555003406378e-17,3.5391606312274007e-10,False
ising,ground,4,0,0.001,MD-Sinkhorn (M=2),41,329,0.231825590133667,3.230540461578905e-16,3.4943364868312446e-10,False
ising,ground,4,0,0.001,MD-Sinkhorn (M=2),42,337,0.23581862449645996,3.515689919935364e-17,3.4501790313641496e-10,False
ising,ground,4,0,0.001,MD-Sinkhorn (M=2),43,345,0.24081826210021973,2.121239883472773e-16,3.406676607477409e-10,False
ising,ground,4,0,0.001,MD-Sinkhorn (M=2),44,353,0.24581360816955566,7.199500722139099e-17,3.3637997942652524e-10,False
ising,ground,4,0,0.001,MD-Sinkhorn (M=2),45,361,0.24981307983398438,3.7244938611417697e-16,3.321565800185121e-10,False
ising,ground,4,0,0.001,MD-Sinkhorn (M=2),46,369,0.2548184394836426,-1.5912344115932525e-16,3.2799418736613024e-10,False
ising,ground,4,0,0.001,MD-Sinkhorn (M=2),47,377,0.25981783866882324,1.672819516020687e-16,3.2389346760222225e-10,False
ising,ground,4,0,0.001,MD-Sinkhorn (M=2),48,385,0.26381754875183105,2.253160715918158e-16,3.1985286641514615e-10,False
ising,ground,4,0,0.001,MD-Sinkhorn (M=2),49,393,0.268815279006958,-1.259086530329666e-16,3.158706074484676e-10,False
ising,ground,4,0,0.001,MD-Sinkhorn (M=2),50,401,0.2748095989227295,2.3010539052960744e-16,3.1194580252247637e-10,False
ising,ground,4,0,0.001,MD-Sinkhorn (M=2),51,409,0.278810977935791,4.097637249319646e-17,3.080795063503942e-10,False
ising,ground,4,0,0.001,MD-Sinkhorn (M=2),52,417,0.2828099727630615,1.402225349332798e-16,3.0426799968491885e-10,False
ising,ground,4,0,0.001,MD-Sinkhorn (M=2),53,425,0.28684186935424805,2.232209082973987e-16,3.0051278132617464e-10,False
ising,ground,4,0,0.001,MD-Sinkhorn (M=2),54,433,0.2918109893798828,-7.562283282641183e-18,2.9681118673979765e-10,False
ising,ground,4,0,0.001,MD-Sinkhorn (M=2),55,441,0.29517507553100586,-2.571387948593669e-17,2.9316377103686096e-10,False
ising,ground,4,0,0.001,MD-Sinkhorn (M=2),56,449,0.2994840145111084,7.291184521190884e-17,2.8956897990566167e-10,False
ising,ground,4,0,0.001,MD-Sinkhorn (M=2),57,457,0.3044769763946533,2.9999809503567277e-16,2.8602525903325496e-10,False
ising,ground,4,0,0.001,MD-Sinkhorn (M=2),58,465,0.3085029125213623,-2.9028814120306314e-17,2.8253255290877963e-10,False
ising,ground,4,0,0.001,MD-Sinkhorn (M=2),59,473,0.3124969005584717,2.0383765736902444e-16,2.7909036193209235e-10,False
ising,ground,4,0,0.001,MD-Sinkhorn (M=2),60,481,0.3170642852783203,-4.646340213523481e-17,2.7569735383550283e-10,False
ising,ground,4,0,0.001,MD-Sinkhorn (M=2),61,489,0.3210463523864746,1.0213478612637413e-17,2.723529735071642e-10,False
ising,ground,4,0,0.001,MD-Sinkhorn (M=2),62,497,0.3251495361328125,6.071406945395148e-19,2.690560552134882e-10,False
ising,ground,4,0,0.001,MD-Sinkhorn (M=2),63,505,0.32915163040161133,-3.00761260220188e-17,2.658065434425778e-10,False
ising,ground,4,0,0.001,MD-Sinkhorn (M=2),64,513,0.33304619789123535,-1.2040162379434902e-16,2.626018846818824e-10,False
ising,ground,4,0,0.001,MD-Sinkhorn (M=2),65,521,0.33705854415893555,1.741046829896694e-17,2.594443548889012e-10,False
ising,ground,4,0,0.001,MD-Sinkhorn (M=2),66,529,0.3420586585998535,2.652847764973962e-16,2.5633073441618394e-10,False
ising,ground,4,0,0.001,MD-Sinkhorn (M=2),67,537,0.34604501724243164,1.2978272968313174e-16,2.5326163388698786e-10,False
ising,ground,4,0,0.001,MD-Sinkhorn (M=2),68,545,0.3500478267669678,8.841328519609227e-17,2.502357765445603e-10,False
ising,ground,4,0,0.001,MD-Sinkhorn (M=2),69,553,0.3540494441986084,2.5699170735615866e-16,2.47251719099143e-10,False
ising,ground,4,0,0.001,MD-Sinkhorn (M=2),70,561,0.359050989151001,4.52972857234429e-17,2.4431034972849954e-10,False
ising,ground,4,0,0.001,MD-Sinkhorn (M=2),71,569,0.36304712295532227,3.6199556465387384e-16,2.4141116883315466e-10,False
ising,ground,4,0,0.001,MD-Sinkhorn (M=2),72,577,0.36805033683776855,4.892153118636529e-17,2.3855151187746354e-10,False
ising,ground,4,0,0.001,MD-Sinkhorn (M=2),73,585,0.3730478286743164,1.4095959367828712e-16,2.3573293317371597e-10,False
ising,ground,4,0,0.001,MD-Sinkhorn (M=2),74,593,0.37806034088134766,2.814838346319949e-16,2.329526016531247e-10,False
ising,ground,4,0,0.001,MD-Sinkhorn (M=2),75,601,0.38304686546325684,2.1686236946023583e-16,2.3021123896072978e-10,False
ising,ground,4,0,0.001,MD-Sinkhorn (M=2),76,609,0.3950481414794922,3.861464639099749e-16,2.275089561189851e-10,False
ising,ground,4,0,0.001,MD-Sinkhorn (M=2),77,617,0.40006422996520996,-7.971770944028747e-17,2.2484303308107542e-10,False
ising,ground,4,0,0.001,MD-Sinkhorn (M=2),78,625,0.4100649356842041,3.983058266845761e-16,2.2221541273750508e-10,False
ising,ground,4,0,0.001,MD-Sinkhorn (M=2),79,633,0.4145791530609131,-7.153452735329571e-17,2.19622708908069e-10,False
ising,ground,4,0,0.001,MD-Sinkhorn (M=2),80,641,0.41959095001220703,1.896524246950033e-16,2.1706797470602738e-10,False
ising,ground,4,0,0.001,MD-Sinkhorn (M=2),81,649,0.42559051513671875,1.5994745751522958e-16,2.1454626963919424e-10,False
ising,ground,4,0,0.001,MD-Sinkhorn (M=2),82,657,0.4295964241027832,6.270198003354676e-17,2.1206053579805392e-10,False
ising,ground,4,0,0.001,MD-Sinkhorn (M=2),83,665,0.434589147567749,-1.458930257674338e-17,2.0960877478202019e-10,False
ising,ground,4,0,0.001,MD-Sinkhorn (M=2),84,673,0.43859386444091797,2.335381317102329e-16,2.0719115312368762e-10,False
ising,ground,4,0,0.001,MD-Sinkhorn (M=2),85,681,0.44458818435668945,1.2295218637072605e-16,2.048068381555735e-10,False
ising,ground,4,0,0.001,MD-Sinkhorn (M=2),86,689,0.44858813285827637,1.437039100211135e-16,2.0245455312285203e-10,False
ising,ground,4,0,0.001,MD-Sinkhorn (M=2),87,697,0.4525880813598633,-6.142226122348669e-17,2.0013474211213508e-10,False
ising,ground,4,0,0.001,MD-Sinkhorn (M=2),88,705,0.45758938789367676,-1.0817028289536593e-16,1.9784679450300953e-10,False
ising,ground,4,0,0.001,MD-Sinkhorn (M=2),89,713,0.4615933895111084,2.983380589363587e-18,1.9558898944895667e-10,False
ising,ground,4,0,0.001,MD-Sinkhorn (M=2),90,721,0.46558666229248047,3.128148891448278e-16,1.933628257511145e-10,False
ising,ground,4,0,0.001,MD-Sinkhorn (M=2),91,729,0.469590425491333,2.119689551704598e-16,1.9116713767547827e-10,False
ising,ground,4,0,0.001,MD-Sinkhorn (M=2),92,737,0.473599910736084,1.3903243385709967e-16,1.890003153982396e-10,False
ising,ground,4,0,0.001,MD-Sinkhorn (M=2),93,745,0.4775998592376709,2.096321797942712e-17,1.868626919875381e-10,False
ising,ground,4,0,0.001,MD-Sinkhorn (M=2),94,753,0.48360562324523926,2.4283571243687634e-16,1.8475582175364025e-10,False
ising,ground,4,0,0.001,MD-Sinkhorn (M=2),95,761,0.48758864402770996,1.7688282323060167e-16,1.8267565238262266e-10,False
ising,ground,4,0,0.001,MD-Sinkhorn (M=2),96,769,0.4915957450866699,-5.197616214444699e-17,1.8062323858814445e-10,False
ising,ground,4,0,0.001,MD-Sinkhorn (M=2),97,777,0.49560070037841797,-2.0002132948857457e-16,1.7859896894734112e-10,False
ising,ground,4,0,0.001,MD-Sinkhorn (M=2),98,785,0.4996156692504883,1.6347722792440258e-16,1.7660273243835448e-10,False
ising,ground,4,0,0.001,MD-Sinkhorn (M=2),99,793,0.506615400314331,2.4273517155601764e-16,1.7463208656970824e-10,False
ising,ground,4,0,0.001,MD-Sinkhorn (M=2),100,801,0.5151286125183105,1.5625507572859745e-16,1.72688308097811e-10,False
ising,ground,4,0,0.001,MD-Sinkhorn (M=2),101,809,0.5221312046051025,-5.801767329010585e-17,1.7077045333390075e-10,False
ising,ground,4,0,0.001,MD-Sinkhorn (M=2),102,817,0.5261304378509521,1.2657897261522927e-16,1.6887852227754365e-10,False
ising,ground,4,0,0.001,MD-Sinkhorn (M=2),103,825,0.5361356735229492,1.80234509061359e-16,1.670109606167755e-10,False
ising,ground,4,0,0.001,MD-Sinkhorn (M=2),104,833,0.5451304912567139,-3.463976479729524e-17,1.6516932266347686e-10,False
ising,ground,4,0,0.001,MD-Sinkhorn (M=2),105,841,0.5501344203948975,2.7740583245068936e-16,1.6335094388264353e-10,False
ising,ground,4,0,0.001,MD-Sinkhorn (M=2),106,849,0.5561351776123047,2.3889673402172234e-16,1.6155726756407128e-10,False
ising,ground,4,0,0.001,MD-Sinkhorn (M=2),107,857,0.5611379146575928,1.2413746705754108e-16,1.597876275738527e-10,False
ising,ground,4,0,0.001,MD-Sinkhorn (M=2),108,865,0.5681345462799072,1.9595993892566625e-16,1.5804046960000953e-10,False
ising,ground,4,0,0.001,MD-Sinkhorn (M=2),109,873,0.5731287002563477,1.0393888382532386e-16,1.5631723693238994e-10,False
ising,ground,4,0,0.001,MD-Sinkhorn (M=2),110,881,0.5771572589874268,-1.7728888276906702e-17,1.5461515401390696e-10,False
ising,ground,4,0,0.001,MD-Sinkhorn (M=2),111,889,0.5811276435852051,3.265613335952581e-17,1.5293760702332033e-10,False
ising,ground,4,0,0.001,MD-Sinkhorn (M=2),112,897,0.5851266384124756,9.523111687223077e-17,1.5128037711487546e-10,False
ising,ground,4,0,0.001,MD-Sinkhorn (M=2),113,905,0.5961637496948242,3.670050165452836e-18,1.496462398444901e-10,False
ising,ground,4,0,0.001,MD-Sinkhorn (M=2),114,913,0.6041450500488281,2.533812434074523e-16,1.4803286374650937e-10,False
ising,ground,4,0,0.001,MD-Sinkhorn (M=2),115,921,0.6091487407684326,8.560364511610276e-17,1.4644019330503295e-10,False
ising,ground,4,0,0.001,MD-Sinkhorn (M=2),116,929,0.6146624088287354,2.3385362916213326e-16,1.448687836358739e-10,False
ising,ground,4,0,0.001,MD-Sinkhorn (M=2),117,937,0.6197068691253662,1.5329135945836684e-16,1.4331708042565796e-10,False
ising,ground,4,0,0.001,MD-Sinkhorn (M=2),118,945,0.6236732006072998,3.609444848782321e-16,1.4178591634112368e-10,False
ising,ground,4,0,0.001,MD-Sinkhorn (M=2),119,953,0.6266846656799316,3.655267504759056e-16,1.4027573547292307e-10,False
ising,ground,4,0,0.001,MD-Sinkhorn (M=2),120,961,0.6306977272033691,2.497389160241302e-16,1.3878342919348956e-10,False
ising,ground,4,0,0.001,MD-Sinkhorn (M=2),121,969,0.6346747875213623,6.156345160464675e-17,1.3731105141801007e-10,False
ising,ground,4,0,0.001,MD-Sinkhorn (M=2),122,977,0.6391291618347168,2.498707549669066e-17,1.3585726987889721e-10,False
ising,ground,4,0,0.001,MD-Sinkhorn (M=2),123,985,0.6431283950805664,2.3702249350572823e-16,1.3442386093310256e-10,False
ising,ground,4,0,0.001,MD-Sinkhorn (M=2),124,993,0.647127628326416,3.0079325730748057e-16,1.3300688328540066e-10,False
ising,ground,4,0,0.001,MD-Sinkhorn (M=2),125,1001,0.6511263847351074,2.6051340113869167e-16,1.3160905698616258e-10,False
ising,ground,4,0,0.001,MD-Sinkhorn (M=2),126,1009,0.6551501750946045,-2.895476732838502e-17,1.3022949385586952e-10,False
ising,ground,4,0,0.001,MD-Sinkhorn (M=2),127,1017,0.659135103225708,2.1913772236868608e-16,1.2886697264906079e-10,False
ising,ground,4,0,0.001,MD-Sinkhorn (M=2),128,1025,0.6631298065185547,1.3835247491378452e-16,1.2752215949875202e-10,False
ising,ground,4,0,0.001,MD-Sinkhorn (M=2),129,1033,0.6671280860900879,2.7752516228195103e-16,1.2619466582824985e-10,False
ising,ground,4,0,0.001,MD-Sinkhorn (M=2),130,1041,0.6721222400665283,2.1484627911666335e-16,1.248837144807882e-10,False
ising,ground,4,0,0.001,MD-Sinkhorn (M=2),131,1049,0.6761412620544434,1.60671246011898e-17,1.2358997159013135e-10,False
ising,ground,4,0,0.001,MD-Sinkhorn (M=2),132,1057,0.6801252365112305,-4.3214592381131804e-17,1.2231188284427774e-10,False
ising,ground,4,0,0.001,MD-Sinkhorn (M=2),133,1065,0.684124231338501,3.7978335415453617e-16,1.2105100255513782e-10,False
ising,ground,4,0,0.001,MD-Sinkhorn (M=2),134,1073,0.6891281604766846,8.201790792598615e-18,1.1980522129938538e-10,False
ising,ground,4,0,0.001,MD-Sinkhorn (M=2),135,1081,0.6931271553039551,-9.890644646301326e-18,1.185762044117328e-10,False
ising,ground,4,0,0.001,MD-Sinkhorn (M=2),136,1089,0.6971240043640137,2.1760091211970323e-16,1.1736139837737131e-10,False
ising,ground,4,0,0.001,MD-Sinkhorn (M=2),137,1097,0.7021322250366211,-2.7017211001032838e-17,1.1616191342186904e-10,False
ising,ground,4,0,0.001,MD-Sinkhorn (M=2),138,1105,0.7071323394775391,2.1620614477782395e-16,1.149789707898207e-10,False
ising,ground,4,0,0.001,MD-Sinkhorn (M=2),139,1113,0.7111330032348633,-2.6678515511191474e-17,1.138104610555552e-10,False
ising,ground,4,0,0.001,MD-Sinkhorn (M=2),140,1121,0.7146434783935547,6.872361545807279e-18,1.1265710586635995e-10,False
ising,ground,4,0,0.001,MD-Sinkhorn (M=2),141,1129,0.7186555862426758,2.1098482588928452e-16,1.1151707335345312e-10,False
ising,ground,4,0,0.001,MD-Sinkhorn (M=2),142,1137,0.7236526012420654,1.329415483523763e-16,1.1039108516233747e-10,False
ising,ground,4,0,0.001,MD-Sinkhorn (M=2),143,1145,0.7276613712310791,1.4966901804303578e-16,1.092788637361557e-10,False
ising,ground,4,0,0.001,MD-Sinkhorn (M=2),144,1153,0.7326540946960449,1.3747301437333017e-16,1.0818318463303319e-10,False
ising,ground,4,0,0.001,MD-Sinkhorn (M=2),145,1161,0.7366511821746826,-7.445127679463728e-18,1.0709888531585298e-10,False
ising,ground,4,0,0.001,MD-Sinkhorn (M=2),146,1169,0.7416565418243408,4.923486805805571e-17,1.0602912992127163e-10,False
ising,ground,4,0,0.001,MD-Sinkhorn (M=2),147,1177,0.7456550598144531,2.090381030775794e-16,1.0497175351182719e-10,False
ising,ground,4,0,0.001,MD-Sinkhorn (M=2),148,1185,0.7496540546417236,2.131685995715386e-16,1.0392747773528013e-10,False
ising,ground,4,0,0.001,MD-Sinkhorn (M=2),149,1193,0.7566518783569336,1.263643602773382e-16,1.0289702423505453e-10,False
ising,ground,4,0,0.001,MD-Sinkhorn (M=2),150,1201,0.7606589794158936,4.149899664741113e-17,1.0187867216517246e-10,False
ising,ground,4,0,0.001,MD-Sinkhorn (M=2),151,1209,0.7666530609130859,1.0377486343858751e-16,1.0087330970598078e-10,False
ising,ground,4,0,0.001,MD-Sinkhorn (M=2),152,1217,0.7716531753540039,8.175098510620988e-17,9.987982663162943e-11,False
ising,ground,4,0,0.001,MD-Sinkhorn (M=2),153,1225,0.7756533622741699,1.6300268062618358e-16,9.88992776573208e-11,False
ising,ground,4,0,0.001,MD-Sinkhorn (M=2),154,1233,0.7796666622161865,2.369738198542687e-16,9.793044153578415e-11,False
ising,ground,4,0,0.001,MD-Sinkhorn (M=2),155,1241,0.7836494445800781,1.1079654303868982e-16,9.697431746618357e-11,False
ising,ground,4,0,0.001,MD-Sinkhorn (M=2),156,1249,0.7876551151275635,2.3831921325067376e-16,9.602879602638673e-11,False
ising,ground,4,0,0.001,MD-Sinkhorn (M=2),157,1257,0.79166579246521,-1.0061853293145279e-16,9.509565357479936e-11,False
ising,ground,4,0,0.001,MD-Sinkhorn (M=2),158,1265,0.7956550121307373,1.5435055793679794e-16,9.417328028624336e-11,False
ising,ground,4,0,0.001,MD-Sinkhorn (M=2),159,1273,0.7996513843536377,3.59955381754379e-16,9.326234229457726e-11,False
ising,ground,4,0,0.001,MD-Sinkhorn (M=2),160,1281,0.8036584854125977,2.695551661020912e-16,9.236339471032536e-11,False
ising,ground,4,0,0.001,MD-Sinkhorn (M=2),161,1289,0.8076643943786621,2.674651224942493e-16,9.147382851283301e-11,False
ising,ground,4,0,0.001,MD-Sinkhorn (M=2),162,1297,0.8116590976715088,1.1058218135429581e-16,9.059564209949802e-11,False
ising,ground,4,0,0.001,MD-Sinkhorn (M=2),163,1305,0.8146588802337646,5.865891200184366e-17,8.972844689506758e-11,False
ising,ground,4,0,0.001,MD-Sinkhorn (M=2),164,1313,0.8191421031951904,1.9305020791148939e-16,8.887129921037611e-11,False
ising,ground,4,0,0.001,MD-Sinkhorn (M=2),165,1321,0.824141263961792,2.274424577853826e-16,8.802514273043607e-11,False
ising,ground,4,0,0.001,MD-Sinkhorn (M=2),166,1329,0.8281595706939697,6.85008541956136e-17,8.718953337137545e-11,False
ising,ground,4,0,0.001,MD-Sinkhorn (M=2),167,1337,0.8321599960327148,3.086572959014821e-16,8.636386050820711e-11,False
ising,ground,4,0,0.001,MD-Sinkhorn (M=2),168,1345,0.8371412754058838,-7.870822436298809e-17,8.55472914752652e-11,False
ising,ground,4,0,0.001,MD-Sinkhorn (M=2),169,1353,0.8411405086517334,1.5702181757059162e-16,8.474160262406996e-11,False
ising,ground,4,0,0.001,MD-Sinkhorn (M=2),170,1361,0.8461446762084961,1.636404481633381e-16,8.394501760382033e-11,False
ising,ground,4,0,0.001,MD-Sinkhorn (M=2),171,1369,0.8501415252685547,-9.020639370422437e-17,8.315831356908739e-11,False
ising,ground,4,0,0.001,MD-Sinkhorn (M=2),172,1377,0.8541450500488281,5.1007331872431273e-17,8.238110194022041e-11,False
ising,ground,4,0,0.001,MD-Sinkhorn (M=2),173,1385,0.858142614364624,-1.5002676953660218e-16,8.16126055653397e-11,False
ising,ground,4,0,0.001,MD-Sinkhorn (M=2),174,1393,0.8631436824798584,3.6997479503804666e-16,8.0854267725866e-11,False
ising,ground,4,0,0.001,MD-Sinkhorn (M=2),175,1401,0.867140531539917,6.295053806078176e-18,8.01032573621049e-11,False
ising,ground,4,0,0.001,MD-Sinkhorn (M=2),176,1409,0.8711402416229248,-4.865815413384002e-17,7.936290513774386e-11,False
ising,ground,4,0,0.001,MD-Sinkhorn (M=2),177,1417,0.8771476745605469,1.1231460213554627e-16,7.863071305190426e-11,False
ising,ground,4,0,0.001,MD-Sinkhorn (M=2),178,1425,0.8841490745544434,-1.2867619876157697e-16,7.790801337397033e-11,False
ising,ground,4,0,0.001,MD-Sinkhorn (M=2),179,1433,0.8892340660095215,7.668918950775969e-17,7.719352934651646e-11,False
ising,ground,4,0,0.001,MD-Sinkhorn (M=2),180,1441,0.8942482471466064,-1.1434348528520986e-16,7.648676136903475e-11,False
ising,ground,4,0,0.001,MD-Sinkhorn (M=2),181,1449,0.9002659320831299,2.409053735107847e-16,7.578931926584495e-11,False
ising,ground,4,0,0.001,MD-Sinkhorn (M=2),182,1457,0.9072506427764893,2.8321854017775655e-16,7.509953769979648e-11,False
ising,ground,4,0,0.001,MD-Sinkhorn (M=2),183,1465,0.9112505912780762,-2.3491038884877784e-18,7.441958160882521e-11,False
ising,ground,4,0,0.001,MD-Sinkhorn (M=2),184,1473,0.9157772064208984,2.154697520357924e-17,7.374517663250297e-11,False
ising,ground,4,0,0.001,MD-Sinkhorn (M=2),185,1481,0.9197754859924316,2.305595048454547e-16,7.307932037525004e-11,False
ising,ground,4,0,0.001,MD-Sinkhorn (M=2),186,1489,0.9267876148223877,3.932749636848664e-16,7.242323407786198e-11,False
ising,ground,4,0,0.001,MD-Sinkhorn (M=2),187,1497,0.933783769607544,1.2659389329104057e-16,7.177297645304019e-11,False
ising,ground,4,0,0.001,MD-Sinkhorn (M=2),188,1505,0.9387784004211426,1.4283463356276322e-16,7.113054589829213e-11,False
ising,ground,4,0,0.001,MD-Sinkhorn (M=2),189,1513,0.9447731971740723,-2.3966242347348866e-17,7.049644201730308e-11,False
ising,ground,4,0,0.001,MD-Sinkhorn (M=2),190,1521,0.9519152641296387,8.459742033261561e-17,6.986905498723625e-11,False
ising,ground,4,0,0.001,MD-Sinkhorn (M=2),191,1529,0.956779956817627,1.5010380299862273e-16,6.924932849416717e-11,False
ising,ground,4,0,0.001,MD-Sinkhorn (M=2),192,1537,0.9607751369476318,6.092181625334288e-17,6.86365964072422e-11,False
ising,ground,4,0,0.001,MD-Sinkhorn (M=2),193,1545,0.9658215045928955,1.0372641855103495e-16,6.803207996954847e-11,False
ising,ground,4,0,0.001,MD-Sinkhorn (M=2),194,1553,0.9687790870666504,2.3445428150506034e-16,6.743311465164355e-11,False
ising,ground,4,0,0.001,MD-Sinkhorn (M=2),195,1561,0.9747991561889648,8.877857930295471e-17,6.684247599867163e-11,False
ising,ground,4,0,0.001,MD-Sinkhorn (M=2),196,1569,0.9787938594818115,1.9641364209639835e-16,6.625772153589356e-11,False
ising,ground,4,0,0.001,MD-Sinkhorn (M=2),197,1577,0.9837827682495117,1.5308972412702713e-16,6.568073862571076e-11,False
ising,ground,4,0,0.001,MD-Sinkhorn (M=2),198,1585,0.9897725582122803,2.4086788095740803e-16,6.510908479075862e-11,False
ising,ground,4,0,0.001,MD-Sinkhorn (M=2),199,1593,0.9957830905914307,-5.937209418513393e-17,6.454653478375001e-11,False
ising,ground,4,0,0.001,MD-Sinkhorn (M=2),200,1601,1.0007872581481934,2.2218453462962346e-16,6.39888697585424e-11,False
ising,ground,4,0,0.001,MD-Sinkhorn (M=2),201,1609,1.0077886581420898,-8.591109785849868e-17,6.343653380400844e-11,False
ising,ground,4,0,0.001,MD-Sinkhorn (M=2),202,1617,1.011789083480835,5.523659325331553e-17,6.289258003317377e-11,False
ising,ground,4,0,0.001,MD-Sinkhorn (M=2),203,1625,1.0163064002990723,1.5239698810606844e-16,6.235389982145268e-11,False
ising,ground,4,0,0.001,MD-Sinkhorn (M=2),204,1633,1.0213143825531006,1.934783286985882e-17,6.182188094848324e-11,False
ising,ground,4,0,0.001,MD-Sinkhorn (M=2),205,1641,1.0273139476776123,-1.1029632980594111e-16,6.12959683023586e-11,False
ising,ground,4,0,0.001,MD-Sinkhorn (M=2),206,1649,1.0323078632354736,-7.825238062169852e-17,6.077599534797823e-11,False
ising,ground,4,0,0.001,MD-Sinkhorn (M=2),207,1657,1.0363061428070068,5.0070529153238624e-17,6.026135146490927e-11,False
ising,ground,4,0,0.001,MD-Sinkhorn (M=2),208,1665,1.0443065166473389,1.011467055078705e-16,5.975375749765352e-11,False
ising,ground,4,0,0.001,MD-Sinkhorn (M=2),209,1673,1.0513043403625488,2.408128960802412e-16,5.925154811244966e-11,False
ising,ground,4,0,0.001,MD-Sinkhorn (M=2),210,1681,1.0563123226165771,2.9323044055958337e-16,5.875416819924297e-11,False
ising,ground,4,0,0.001,MD-Sinkhorn (M=2),211,1689,1.0613040924072266,1.4295174895801588e-16,5.826422677657444e-11,False
ising,ground,4,0,0.001,MD-Sinkhorn (M=2),212,1697,1.0653033256530762,1.3709785903441077e-16,5.7779059314906405e-11,False
ising,ground,4,0,0.001,MD-Sinkhorn (M=2),213,1705,1.069305419921875,2.659523765981871e-16,5.729955399179452e-11,False
ising,ground,4,0,0.001,MD-Sinkhorn (M=2),214,1713,1.075303077697754,1.6408972904395415e-16,5.682498916039546e-11,False
ising,ground,4,0,0.001,MD-Sinkhorn (M=2),215,1721,1.0793249607086182,1.16775883916357e-16,5.635664157573811e-11,False
ising,ground,4,0,0.001,MD-Sinkhorn (M=2),216,1729,1.0833022594451904,6.20179561768753e-17,5.589279039613091e-11,False
ising,ground,4,0,0.001,MD-Sinkhorn (M=2),217,1737,1.0873081684112549,1.8309532856360598e-16,5.5434934420816926e-11,False
ising,ground,4,0,0.001,MD-Sinkhorn (M=2),218,1745,1.0923056602478027,2.352798719032754e-16,5.498224098289548e-11,False
ising,ground,4,0,0.001,MD-Sinkhorn (M=2),219,1753,1.0963325500488281,7.636808923441409e-17,5.453471008169182e-11,False
ising,ground,4,0,0.001,MD-Sinkhorn (M=2),220,1761,1.1003165245056152,9.76806259694165e-18,5.4092230694650057e-11,False
ising,ground,4,0,0.001,MD-Sinkhorn (M=2),221,1769,1.1053204536437988,1.2591166732758637e-16,5.365463628965663e-11,False
ising,ground,4,0,0.001,MD-Sinkhorn (M=2),222,1777,1.1093182563781738,1.7693153039095396e-16,5.322170482146849e-11,False
ising,ground,4,0,0.001,MD-Sinkhorn (M=2),223,1785,1.1133170127868652,2.2000106856566099e-16,5.2793824867791655e-11,False
ising,ground,4,0,0.001,MD-Sinkhorn (M=2),224,1793,1.1168384552001953,2.539021064723324e-16,5.2371551539939695e-11,False
ising,ground,4,0,0.001,MD-Sinkhorn (M=2),225,1801,1.1208407878875732,-5.894524037054608e-18,5.1952386837285897e-11,False
ising,ground,4,0,0.001,MD-Sinkhorn (M=2),226,1809,1.1248383522033691,-4.431117574051942e-17,5.153982796282639e-11,False
ising,ground,4,0,0.001,MD-Sinkhorn (M=2),227,1817,1.1298346519470215,1.653393464001332e-16,5.113159895524152e-11,False
ising,ground,4,0,0.001,MD-Sinkhorn (M=2),228,1825,1.1338510513305664,2.30006814349722e-16,5.072725573101307e-11,False
ising,ground,4,0,0.001,MD-Sinkhorn (M=2),229,1833,1.1378397941589355,1.9365742566529427e-16,5.0326909306631997e-11,False
ising,ground,4,0,0.001,MD-Sinkhorn (M=2),230,1841,1.141834020614624,1.9587239996209694e-16,4.9932225021402485e-11,False
ising,ground,4,0,0.001,MD-Sinkhorn (M=2),231,1849,1.1458344459533691,2.6195765719897073e-16,4.954153753901181e-11,False
ising,ground,4,0,0.001,MD-Sinkhorn (M=2),232,1857,1.149834394454956,1.67229421761417e-16,4.915567952691133e-11,False
ising,ground,4,0,0.001,MD-Sinkhorn (M=2),233,1865,1.153834581375122,-1.2949266037516487e-16,4.87739848510954e-11,False
ising,ground,4,0,0.001,MD-Sinkhorn (M=2),234,1873,1.1588351726531982,-6.428642561794863e-17,4.8396120444831785e-11,False
ising,ground,4,0,0.001,MD-Sinkhorn (M=2),235,1881,1.1628570556640625,2.2094225703523548e-16,4.802230835234431e-11,False
ising,ground,4,0,0.001,MD-Sinkhorn (M=2),236,1889,1.166856288909912,1.2751200433513936e-16,4.765354777527632e-11,False
ising,ground,4,0,0.001,MD-Sinkhorn (M=2),237,1897,1.1708383560180664,4.504842118079684e-16,4.728822888822247e-11,False
ising,ground,4,0,0.001,MD-Sinkhorn (M=2),238,1905,1.1748454570770264,-7.278335273816042e-17,4.692729538291775e-11,False
ising,ground,4,0,0.001,MD-Sinkhorn (M=2),239,1913,1.1788461208343506,1.7868708405674746e-16,4.6570136636911315e-11,False
ising,ground,4,0,0.001,MD-Sinkhorn (M=2),240,1921,1.1828851699829102,4.4716877524177635e-17,4.621658611422949e-11,False
ising,ground,4,0,0.001,MD-Sinkhorn (M=2),241,1929,1.1869158744812012,2.1255034885445071e-16,4.5867698528586734e-11,False
ising,ground,4,0,0.001,MD-Sinkhorn (M=2),242,1937,1.1919357776641846,-9.940542694623326e-17,4.5522752236388936e-11,False
ising,ground,4,0,0.001,MD-Sinkhorn (M=2),243,1945,1.1958446502685547,2.0637367169614992e-16,4.5181469676704505e-11,False
ising,ground,4,0,0.001,MD-Sinkhorn (M=2),244,1953,1.1999361515045166,1.4254511064313385e-16,4.484429494461269e-11,False
ising,ground,4,0,0.001,MD-Sinkhorn (M=2),245,1961,1.2039501667022705,-6.202021565504971e-17,4.450989576909632e-11,False
ising,ground,4,0,0.001,MD-Sinkhorn (M=2),246,1969,1.2079498767852783,2.262419994547369e-16,4.417982646392958e-11,False
ising,ground,4,0,0.001,MD-Sinkhorn (M=2),247,1977,1.2119622230529785,1.0470128129091099e-16,4.385442009774258e-11,False
ising,ground,4,0,0.001,MD-Sinkhorn (M=2),248,1985,1.2165369987487793,2.426717483040762e-16,4.353079008390986e-11,False
ising,ground,4,0,0.001,MD-Sinkhorn (M=2),249,1993,1.2205183506011963,-9.409957751850842e-18,4.3211823008928954e-11,False
ising,ground,4,0,0.001,MD-Sinkhorn (M=2),250,2001,1.2245206832885742,-1.3451847944196842e-17,4.28960200694587e-11,False
ising,ground,4,0,0.001,MD-Sinkhorn (M=2),251,2009,1.2285230159759521,1.8889147381603844e-16,4.258388086656714e-11,False
ising,ground,4,0,0.001,MD-Sinkhorn (M=2),252,2017,1.2336208820343018,1.7911474758745095e-17,4.227435068886004e-11,False
ising,ground,4,0,0.001,MD-Sinkhorn (M=2),253,2025,1.237518072128296,1.2532480807354739e-17,4.1969649977691704e-11,False
ising,ground,4,0,0.001,MD-Sinkhorn (M=2),254,2033,1.2415306568145752,-3.446673639551283e-17,4.166661460365791e-11,False
ising,ground,4,0,0.001,MD-Sinkhorn (M=2),255,2041,1.2455368041992188,2.020629242470404e-16,4.136874176578485e-11,False
ising,ground,4,0,0.001,MD-Sinkhorn (M=2),256,2049,1.2495367527008057,-6.617186174565266e-17,4.10733114186717e-11,False
ising,ground,4,0,0.001,MD-Sinkhorn (M=2),257,2057,1.2535264492034912,1.7640435777532653e-16,4.078176685292852e-11,False
ising,ground,4,0,0.001,MD-Sinkhorn (M=2),258,2065,1.2585155963897705,6.85034503512415e-17,4.0491832109602166e-11,False
ising,ground,4,0,0.001,MD-Sinkhorn (M=2),259,2073,1.2625153064727783,-1.1849712654110484e-16,4.020622723669243e-11,False
ising,ground,4,0,0.001,MD-Sinkhorn (M=2),260,2081,1.2665176391601562,2.9593739024588194e-16,3.9922176676576884e-11,False
ising,ground,4,0,0.001,MD-Sinkhorn (M=2),261,2089,1.2715179920196533,4.878668924212511e-17,3.9643899274649903e-11,False
ising,ground,4,0,0.001,MD-Sinkhorn (M=2),262,2097,1.2755169868469238,1.302986431936671e-16,3.9367453741854915e-11,False
ising,ground,4,0,0.001,MD-Sinkhorn (M=2),263,2105,1.2795183658599854,-6.331071138085418e-17,3.909367274565398e-11,False
ising,ground,4,0,0.001,MD-Sinkhorn (M=2),264,2113,1.2845325469970703,1.9532481287711072e-16,3.882411059532291e-11,False
ising,ground,4,0,0.001,MD-Sinkhorn (M=2),265,2121,1.2895190715789795,6.550315188149972e-17,3.8556102757558506e-11,False
ising,ground,4,0,0.001,MD-Sinkhorn (M=2),266,2129,1.293518304824829,3.4519237420310056e-16,3.8290648430489455e-11,False
ising,ground,4,0,0.001,MD-Sinkhorn (M=2),267,2137,1.297518253326416,2.50933111399581e-16,3.802852477457837e-11,False
ising,ground,4,0,0.001,MD-Sinkhorn (M=2),268,2145,1.3025319576263428,1.8563629078970526e-16,3.77705089436075e-11,False
ising,ground,4,0,0.001,MD-Sinkhorn (M=2),269,2153,1.3065319061279297,2.9462637480410264e-16,3.7514713558708903e-11,False
ising,ground,4,0,0.001,MD-Sinkhorn (M=2),270,2161,1.3105332851409912,2.8466119262280627e-16,3.7261138619265257e-11,False
ising,ground,4,0,0.001,MD-Sinkhorn (M=2),271,2169,1.3150455951690674,1.1762430818584449e-16,3.7010117195986726e-11,False
ising,ground,4,0,0.001,MD-Sinkhorn (M=2),272,2177,1.3190569877624512,2.8706897389201916e-16,3.676253745908022e-11,False
ising,ground,4,0,0.001,MD-Sinkhorn (M=2),273,2185,1.3230578899383545,-1.4266595017554477e-16,3.6516456527973575e-11,False
ising,ground,4,0,0.001,MD-Sinkhorn (M=2),274,2193,1.327057123184204,2.7226975583774586e-16,3.6275038528564077e-11,False
ising,ground,4,0,0.001,MD-Sinkhorn (M=2),275,2201,1.332064151763916,1.230119533963105e-16,3.603523035796104e-11,False
ising,ground,4,0,0.001,MD-Sinkhorn (M=2),276,2209,1.3361597061157227,2.2953291032498532e-18,3.579775365160519e-11,False
ising,ground,4,0,0.001,MD-Sinkhorn (M=2),277,2217,1.3410625457763672,6.684750175644254e-17,3.556460681697708e-11,False
ising,ground,4,0,0.001,MD-Sinkhorn (M=2),278,2225,1.3450560569763184,1.6501515247715316e-16,3.533195958090515e-11,False
ising,ground,4,0,0.001,MD-Sinkhorn (M=2),279,2233,1.3491621017456055,2.0128487716888303e-18,3.510119972721302e-11,False
ising,ground,4,0,0.001,MD-Sinkhorn (M=2),280,2241,1.3531606197357178,1.3471533333372934e-16,3.487421462854321e-11,False
ising,ground,4,0,0.001,MD-Sinkhorn (M=2),281,2249,1.3571622371673584,3.413697513200636e-16,3.464900588713936e-11,False
ising,ground,4,0,0.001,MD-Sinkhorn (M=2),282,2257,1.3611829280853271,2.2068413750613094e-16,3.4426073103335156e-11,False
ising,ground,4,0,0.001,MD-Sinkhorn (M=2),283,2265,1.3651630878448486,3.3832530941989237e-16,3.4206693034208017e-11,False
ising,ground,4,0,0.001,MD-Sinkhorn (M=2),284,2273,1.3701705932617188,-6.60020397217028e-17,3.398897830208541e-11,False
ising,ground,4,0,0.001,MD-Sinkhorn (M=2),285,2281,1.3741543292999268,2.1507619374174026e-16,3.377381707967976e-11,False
ising,ground,4,0,0.001,MD-Sinkhorn (M=2),286,2289,1.378169059753418,-4.4346355241640605e-18,3.3560876301852164e-11,False
ising,ground,4,0,0.001,MD-Sinkhorn (M=2),287,2297,1.3821566104888916,3.4791377025811044e-16,3.335071108172696e-11,False
ising,ground,4,0,0.001,MD-Sinkhorn (M=2),288,2305,1.3861639499664307,1.0111677664110456e-17,3.314143404376364e-11,False
ising,ground,4,0,0.001,MD-Sinkhorn (M=2),289,2313,1.3901660442352295,6.933718659027276e-17,3.293598727086401e-11,False
ising,ground,4,0,0.001,MD-Sinkhorn (M=2),290,2321,1.3951644897460938,3.176744751813799e-16,3.273287196982133e-11,False
ising,ground,4,0,0.001,MD-Sinkhorn (M=2),291,2329,1.3991069793701172,2.711976850137291e-17,3.253136648950773e-11,False
ising,ground,4,0,0.001,MD-Sinkhorn (M=2),292,2337,1.4031670093536377,-3.516356569590283e-17,3.2331193278185464e-11,False
ising,ground,4,0,0.001,MD-Sinkhorn (M=2),293,2345,1.4071674346923828,4.1925508649926854e-16,3.213362909095847e-11,False
ising,ground,4,0,0.001,MD-Sinkhorn (M=2),294,2353,1.411161184310913,1.5958658589699847e-16,3.1938729439828e-11,False
ising,ground,4,0,0.001,MD-Sinkhorn (M=2),295,2361,1.4157698154449463,4.744542591944149e-17,3.174444041046122e-11,False
ising,ground,4,0,0.001,MD-Sinkhorn (M=2),296,2369,1.4198715686798096,1.4486616277020914e-16,3.155414818701919e-11,False
ising,ground,4,0,0.001,MD-Sinkhorn (M=2),297,2377,1.4238731861114502,2.9148724019212395e-16,3.1365410271588886e-11,False
ising,ground,4,0,0.001,MD-Sinkhorn (M=2),298,2385,1.4278738498687744,-1.6726229946355394e-16,3.1177005423265423e-11,False
ising,ground,4,0,0.001,MD-Sinkhorn (M=2),299,2393,1.4318740367889404,2.535121523727351e-16,3.099193124453581e-11,False
ising,ground,4,0,0.001,MD-Sinkhorn (M=2),300,2401,1.4358770847320557,8.261546283597761e-18,3.080924404521692e-11,False
ising,ground,4,0,0.001,MD-Sinkhorn (M=5),0,1,0.001096963882446289,1.8387956687417911e-16,6.028717525197184e-10,False
ising,ground,4,0,0.001,MD-Sinkhorn (M=5),1,21,0.010097265243530273,1.9524574464812242e-16,5.823628801419132e-10,False
ising,ground,4,0,0.001,MD-Sinkhorn (M=5),2,41,0.02001333236694336,3.4884425327844714e-16,5.626504262502709e-10,False
ising,ground,4,0,0.001,MD-Sinkhorn (M=5),3,61,0.030018091201782227,1.4335471869739677e-16,5.43702582955789e-10,False
ising,ground,4,0,0.001,MD-Sinkhorn (M=5),4,81,0.03909778594970703,1.0083539750766844e-16,5.254868207239717e-10,False
ising,ground,4,0,0.001,MD-Sinkhorn (M=5),5,101,0.049097299575805664,-7.85287827737749e-17,5.079693332632473e-10,False
ising,ground,4,0,0.001,MD-Sinkhorn (M=5),6,121,0.05909323692321777,3.191754300507875e-16,4.91123308687949e-10,False
ising,ground,4,0,0.001,MD-Sinkhorn (M=5),7,141,0.07619380950927734,6.629269885427898e-17,4.749207138666777e-10,False
ising,ground,4,0,0.001,MD-Sinkhorn (M=5),8,161,0.1088402271270752,8.10410178847705e-17,4.5933257197857857e-10,False
ising,ground,4,0,0.001,MD-Sinkhorn (M=5),9,181,0.1378474235534668,1.0765610104099482e-16,4.443341250494054e-10,False
ising,ground,4,0,0.001,MD-Sinkhorn (M=5),10,201,0.1659550666809082,3.3116293554626084e-17,4.2990028203959706e-10,False
ising,ground,4,0,0.001,MD-Sinkhorn (M=5),11,221,0.19672727584838867,3.6988755123901553e-16,4.1600750622097824e-10,False
ising,ground,4,0,0.001,MD-Sinkhorn (M=5),12,241,0.23070335388183594,8.326505728621788e-17,4.026362021570614e-10,False
ising,ground,4,0,0.001,MD-Sinkhorn (M=5),13,261,0.2606966495513916,1.480646167336262e-16,3.8975961347279716e-10,False
ising,ground,4,0,0.001,MD-Sinkhorn (M=5),14,281,0.2894458770751953,4.848397778187028e-18,3.773613643790862e-10,False
ising,ground,4,0,0.001,MD-Sinkhorn (M=5),15,301,0.3183424472808838,3.282834557856274e-16,3.6542019410392693e-10,False
ising,ground,4,0,0.001,MD-Sinkhorn (M=5),16,321,0.348438024520874,-2.0888441271297188e-17,3.539183945911045e-10,False
ising,ground,4,0,0.001,MD-Sinkhorn (M=5),17,341,0.3775498867034912,1.7018874830288245e-16,3.4283670347079465e-10,False
ising,ground,4,0,0.001,MD-Sinkhorn (M=5),18,361,0.40627384185791016,-4.543300791245699e-19,3.3215846739764934e-10,False
ising,ground,4,0,0.001,MD-Sinkhorn (M=5),19,381,0.43527650833129883,5.648521933773582e-17,3.218679767158602e-10,False
ising,ground,4,0,0.001,MD-Sinkhorn (M=5),20,401,0.46328186988830566,1.8026350975029442e-16,3.1194918870277726e-10,False
ising,ground,4,0,0.001,MD-Sinkhorn (M=5),21,421,0.4939248561859131,-6.945703395831301e-17,3.023873373923738e-10,False
ising,ground,4,0,0.001,MD-Sinkhorn (M=5),22,441,0.5240175724029541,3.911233618911821e-16,2.931668796615528e-10,False
ising,ground,4,0,0.001,MD-Sinkhorn (M=5),23,461,0.5520296096801758,4.36853184704474e-17,2.842763247024524e-10,False
ising,ground,4,0,0.001,MD-Sinkhorn (M=5),24,481,0.5804486274719238,1.8701132429510034e-16,2.757021833055286e-10,False
ising,ground,4,0,0.001,MD-Sinkhorn (M=5),25,501,0.6085600852966309,2.3762589186735744e-16,2.674294674598423e-10,False
ising,ground,4,0,0.001,MD-Sinkhorn (M=5),26,521,0.6365668773651123,-4.950745595956247e-17,2.5944879578092165e-10,False
ising,ground,4,0,0.001,MD-Sinkhorn (M=5),27,541,0.6656451225280762,1.5919779619880934e-16,2.517482333708603e-10,False
ising,ground,4,0,0.001,MD-Sinkhorn (M=5),28,561,0.6983721256256104,3.3002229853482277e-16,2.443164004439901e-10,False
ising,ground,4,0,0.001,MD-Sinkhorn (M=5),29,581,0.730379581451416,4.583699639211203e-18,2.3714213925985336e-10,False
ising,ground,4,0,0.001,MD-Sinkhorn (M=5),30,601,0.7633752822875977,1.999411561483074e-16,2.3021712314279415e-10,False
ising,ground,4,0,0.001,MD-Sinkhorn (M=5),31,621,0.7949519157409668,1.0306645480434846e-16,2.2353058293236864e-10,False
ising,ground,4,0,0.001,MD-Sinkhorn (M=5),32,641,0.8270540237426758,8.791838200404941e-17,2.1707341479887514e-10,False
ising,ground,4,0,0.001,MD-Sinkhorn (M=5),33,661,0.858090877532959,6.317696607676371e-17,2.108368479813385e-10,False
ising,ground,4,0,0.001,MD-Sinkhorn (M=5),34,681,0.8898956775665283,1.7697682246183032e-16,2.0481355500495828e-10,False
ising,ground,4,0,0.001,MD-Sinkhorn (M=5),35,701,0.9210348129272461,1.767067346519288e-16,1.9899321079833856e-10,False
ising,ground,4,0,0.001,MD-Sinkhorn (M=5),36,721,0.9511406421661377,1.6942401288763044e-16,1.9336970913445307e-10,False
ising,ground,4,0,0.001,MD-Sinkhorn (M=5),37,741,0.9865717887878418,1.5231027547088947e-18,1.879356115175885e-10,False
ising,ground,4,0,0.001,MD-Sinkhorn (M=5),38,761,1.0215699672698975,-3.948104810489362e-17,1.8268336843269902e-10,False
ising,ground,4,0,0.001,MD-Sinkhorn (M=5),39,781,1.0586743354797363,2.6224779011704593e-17,1.7760587445182069e-10,False
ising,ground,4,0,0.001,MD-Sinkhorn (M=5),40,801,1.089526653289795,-1.472654217446903e-17,1.7269669028152774e-10,False
ising,ground,4,0,0.001,MD-Sinkhorn (M=5),41,821,1.1184370517730713,9.111691893018821e-17,1.6795026480732024e-10,False
ising,ground,4,0,0.001,MD-Sinkhorn (M=5),42,841,1.151534080505371,1.5831119391625163e-16,1.6335982566742142e-10,False
ising,ground,4,0,0.001,MD-Sinkhorn (M=5),43,861,1.1841659545898438,1.918622287369496e-16,1.5892070992520477e-10,False
ising,ground,4,0,0.001,MD-Sinkhorn (M=5),44,881,1.2121686935424805,1.6870274125115002e-16,1.5462547908740494e-10,False
ising,ground,4,0,0.001,MD-Sinkhorn (M=5),45,901,1.241173505783081,2.3070793779710724e-16,1.504706914625513e-10,False
ising,ground,4,0,0.001,MD-Sinkhorn (M=5),46,921,1.269178867340088,4.129791712328192e-17,1.464501298009956e-10,False
ising,ground,4,0,0.001,MD-Sinkhorn (M=5),47,941,1.305910587310791,2.051820520585368e-16,1.4255890912198477e-10,False
ising,ground,4,0,0.001,MD-Sinkhorn (M=5),48,961,1.344907522201538,7.801034624887626e-17,1.3879380977943767e-10,False
ising,ground,4,0,0.001,MD-Sinkhorn (M=5),49,981,1.3831324577331543,2.645625805100073e-16,1.3514861452310515e-10,False
ising,ground,4,0,0.001,MD-Sinkhorn (M=5),50,1001,1.4232177734375,-1.6966521762657108e-16,1.3161977063803937e-10,False
ising,ground,4,0,0.001,MD-Sinkhorn (M=5),51,1021,1.4591195583343506,-1.3865627927592237e-16,1.2820405848168266e-10,False
ising,ground,4,0,0.001,MD-Sinkhorn (M=5),52,1041,1.5076956748962402,2.0474850790698823e-16,1.2489537182248435e-10,False
ising,ground,4,0,0.001,MD-Sinkhorn (M=5),53,1061,1.559786081314087,4.520552274769686e-16,1.2169115715196798e-10,False
ising,ground,4,0,0.001,MD-Sinkhorn (M=5),54,1081,1.5913329124450684,1.732969375494482e-16,1.1858758419794572e-10,False
ising,ground,4,0,0.001,MD-Sinkhorn (M=5),55,1101,1.6189348697662354,2.965002801427159e-16,1.1558126677969336e-10,False
ising,ground,4,0,0.001,MD-Sinkhorn (M=5),56,1121,1.6459314823150635,1.9004362938435122e-16,1.1266870769689816e-10,False
ising,ground,4,0,0.001,MD-Sinkhorn (M=5),57,1141,1.6729986667633057,9.801422207980517e-17,1.0984629872374636e-10,False
ising,ground,4,0,0.001,MD-Sinkhorn (M=5),58,1161,1.7015354633331299,-3.617658860105414e-17,1.0711159736949831e-10,False
ising,ground,4,0,0.001,MD-Sinkhorn (M=5),59,1181,1.7316370010375977,3.072175368699955e-16,1.0446155052083802e-10,False
ising,ground,4,0,0.001,MD-Sinkhorn (M=5),60,1201,1.7588543891906738,2.8161053119603793e-16,1.0189282750883026e-10,False
ising,ground,4,0,0.001,MD-Sinkhorn (M=5),61,1221,1.7876708507537842,5.599440826392101e-17,9.940154255268791e-11,False
ising,ground,4,0,0.001,MD-Sinkhorn (M=5),62,1241,1.815572738647461,2.5235542437446176e-16,9.69866964529818e-11,False
ising,ground,4,0,0.001,MD-Sinkhorn (M=5),63,1261,1.8465802669525146,3.502962484825425e-16,9.464701244979389e-11,False
ising,ground,4,0,0.001,MD-Sinkhorn (M=5),64,1281,1.8798003196716309,1.2931926067793566e-16,9.237627329739225e-11,False
ising,ground,4,0,0.001,MD-Sinkhorn (M=5),65,1301,1.90751051902771,1.0169053104112382e-16,9.017508961807059e-11,False
ising,ground,4,0,0.001,MD-Sinkhorn (M=5),66,1321,1.936410903930664,2.6436254373751308e-17,8.803996420786217e-11,False
ising,ground,4,0,0.001,MD-Sinkhorn (M=5),67,1341,1.9635069370269775,-5.2856019738865506e-17,8.596900968893364e-11,False
ising,ground,4,0,0.001,MD-Sinkhorn (M=5),68,1361,1.9993901252746582,8.733242669686124e-17,8.395834028182854e-11,False
ising,ground,4,0,0.001,MD-Sinkhorn (M=5),69,1381,2.032345771789551,1.9127944698896084e-16,8.200939927153086e-11,False
ising,ground,4,0,0.001,MD-Sinkhorn (M=5),70,1401,2.063408851623535,2.080588771283971e-16,8.01188004830856e-11,False
ising,ground,4,0,0.001,MD-Sinkhorn (M=5),71,1421,2.096060037612915,1.3805905568629941e-16,7.828343529071662e-11,False
ising,ground,4,0,0.001,MD-Sinkhorn (M=5),72,1441,2.1270668506622314,2.7325122860011113e-16,7.65023044917669e-11,False
ising,ground,4,0,0.001,MD-Sinkhorn (M=5),73,1461,2.157539129257202,8.356294290773221e-17,7.477346519735454e-11,False
ising,ground,4,0,0.001,MD-Sinkhorn (M=5),74,1481,2.189188003540039,2.1546089852297904e-16,7.309547411797582e-11,False
ising,ground,4,0,0.001,MD-Sinkhorn (M=5),75,1501,2.220186710357666,1.9952619496061e-16,7.14661108096632e-11,False
ising,ground,4,0,0.001,MD-Sinkhorn (M=5),76,1521,2.2611944675445557,-1.618498859344279e-16,6.988493117532357e-11,False
ising,ground,4,0,0.001,MD-Sinkhorn (M=5),77,1541,2.2944929599761963,2.1342604292734441e-16,6.8349215176516e-11,False
ising,ground,4,0,0.001,MD-Sinkhorn (M=5),78,1561,2.3284857273101807,4.0651355265195445e-17,6.685801912103006e-11,False
ising,ground,4,0,0.001,MD-Sinkhorn (M=5),79,1581,2.357494354248047,2.770459510357081e-16,6.541017727980895e-11,False
ising,ground,4,0,0.001,MD-Sinkhorn (M=5),80,1601,2.3890445232391357,1.4320081395891688e-16,6.400419083659847e-11,False
ising,ground,4,0,0.001,MD-Sinkhorn (M=5),81,1621,2.4210448265075684,3.655292942218869e-16,6.263772834224446e-11,False
ising,ground,4,0,0.001,MD-Sinkhorn (M=5),82,1641,2.450137138366699,2.115889415703895e-16,6.131140040131902e-11,False
ising,ground,4,0,0.001,MD-Sinkhorn (M=5),83,1661,2.480144500732422,-7.165063854401459e-17,6.0022875559379e-11,False
ising,ground,4,0,0.001,MD-Sinkhorn (M=5),84,1681,2.509033203125,-2.1714510696913574e-16,5.877132114317207e-11,False
ising,ground,4,0,0.001,MD-Sinkhorn (M=5),85,1701,2.537928819656372,1.4238113450369403e-16,5.755540488650728e-11,False
ising,ground,4,0,0.001,MD-Sinkhorn (M=5),86,1721,2.57112979888916,1.3357765338574656e-17,5.637329492103335e-11,False
ising,ground,4,0,0.001,MD-Sinkhorn (M=5),87,1741,2.6008827686309814,-6.429409305069883e-17,5.522421409068482e-11,False
ising,ground,4,0,0.001,MD-Sinkhorn (M=5),88,1761,2.635786533355713,2.212160633653027e-16,5.410843995098323e-11,False
ising,ground,4,0,0.001,MD-Sinkhorn (M=5),89,1781,2.6708099842071533,3.2192663486759433e-16,5.302486227968188e-11,False
ising,ground,4,0,0.001,MD-Sinkhorn (M=5),90,1801,2.716519594192505,2.275707921860469e-16,5.1969706316164884e-11,False
ising,ground,4,0,0.001,MD-Sinkhorn (M=5),91,1821,2.753566265106201,4.030725873670292e-17,5.0945081489172616e-11,False
ising,ground,4,0,0.001,MD-Sinkhorn (M=5),92,1841,2.7881953716278076,-9.29731046024171e-17,4.994932246153297e-11,False
ising,ground,4,0,0.001,MD-Sinkhorn (M=5),93,1861,2.8221864700317383,4.3713414271048595e-17,4.898131900078701e-11,False
ising,ground,4,0,0.001,MD-Sinkhorn (M=5),94,1881,2.8551876544952393,3.4667432463509324e-16,4.803918374458539e-11,False
ising,ground,4,0,0.001,MD-Sinkhorn (M=5),95,1901,2.8859214782714844,2.7762591025846208e-16,4.712386036947023e-11,False
ising,ground,4,0,0.001,MD-Sinkhorn (M=5),96,1921,2.9149413108825684,2.566761278441449e-16,4.623440519324623e-11,False
ising,ground,4,0,0.001,MD-Sinkhorn (M=5),97,1941,2.945042133331299,1.9164394468972224e-16,4.536904185673757e-11,False
ising,ground,4,0,0.001,MD-Sinkhorn (M=5),98,1961,2.973144292831421,-3.428731933818248e-17,4.4528158939123466e-11,False
ising,ground,4,0,0.001,MD-Sinkhorn (M=5),99,1981,3.000875949859619,1.1409249686602975e-16,4.370920292375186e-11,False
ising,ground,4,0,0.001,MD-Sinkhorn (M=5),100,2001,3.0298714637756348,1.821439709452032e-16,4.291350608224651e-11,False
ising,ground,4,0,0.001,MD-Sinkhorn (M=5),101,2021,3.0588700771331787,1.5071775930537466e-16,4.2138625923029924e-11,False
ising,ground,4,0,0.001,MD-Sinkhorn (M=5),102,2041,3.088731527328491,1.4947142198285728e-16,4.138556164485692e-11,False
ising,ground,4,0,0.001,MD-Sinkhorn (M=5),103,2061,3.1207401752471924,2.3383564442475224e-16,4.065409120566852e-11,False
ising,ground,4,0,0.001,MD-Sinkhorn (M=5),104,2081,3.1507375240325928,2.682608739092925e-16,3.9942049667939265e-11,False
ising,ground,4,0,0.001,MD-Sinkhorn (M=5),105,2101,3.1807467937469482,-2.6518429770597446e-17,3.924810476700505e-11,False
ising,ground,4,0,0.001,MD-Sinkhorn (M=5),106,2121,3.213512420654297,3.086097468674966e-16,3.857281161173312e-11,False
ising,ground,4,0,0.001,MD-Sinkhorn (M=5),107,2141,3.250591278076172,1.941628904775167e-16,3.7917058381964533e-11,False
ising,ground,4,0,0.001,MD-Sinkhorn (M=5),108,2161,3.288450241088867,9.57657492663668e-17,3.727879116839681e-11,False
ising,ground,4,0,0.001,MD-Sinkhorn (M=5),109,2181,3.3193490505218506,3.3982375806815713e-16,3.6657621384195496e-11,False
ising,ground,4,0,0.001,MD-Sinkhorn (M=5),110,2201,3.3504648208618164,1.0054087259739049e-16,3.605249432340873e-11,False
ising,ground,4,0,0.001,MD-Sinkhorn (M=5),111,2221,3.3805572986602783,7.185472113948168e-17,3.546463123195591e-11,False
ising,ground,4,0,0.001,MD-Sinkhorn (M=5),112,2241,3.4113173484802246,1.577110488410274e-16,3.489253330808775e-11,False
ising,ground,4,0,0.001,MD-Sinkhorn (M=5),113,2261,3.4491851329803467,6.690050371729508e-18,3.4334479704102936e-11,False
ising,ground,4,0,0.001,MD-Sinkhorn (M=5),114,2281,3.480226755142212,1.5120381846083049e-16,3.3792246780380276e-11,False
ising,ground,4,0,0.001,MD-Sinkhorn (M=5),115,2301,3.5088531970977783,1.4009400443689013e-16,3.3264557777485977e-11,False
ising,ground,4,0,0.001,MD-Sinkhorn (M=5),116,2321,3.537764549255371,3.323851719688532e-17,3.275130167069078e-11,False
ising,ground,4,0,0.001,MD-Sinkhorn (M=5),117,2341,3.567873239517212,1.5894433208379362e-16,3.22502580201634e-11,False
ising,ground,4,0,0.001,MD-Sinkhorn (M=5),118,2361,3.5967283248901367,-8.572537801124927e-17,3.176320317907949e-11,False
ising,ground,4,0,0.001,MD-Sinkhorn (M=5),119,2381,3.627732276916504,1.2172394369115513e-16,3.128891590483079e-11,False
ising,ground,4,0,0.001,MD-Sinkhorn (M=5),120,2401,3.658722400665283,2.10716305202336e-16,3.082772925833255e-11,False
ising,ground,4,0,0.001,MD-Sinkhorn (M=5),121,2421,3.6895532608032227,3.48440930319919e-16,3.0378199955980735e-11,False
ising,ground,4,0,0.001,MD-Sinkhorn (M=5),122,2441,3.718581438064575,4.30619399969266e-17,2.994027248559605e-11,False
ising,ground,4,0,0.001,MD-Sinkhorn (M=5),123,2461,3.747479200363159,1.164877105631016e-16,2.951522359856472e-11,False
ising,ground,4,0,0.001,MD-Sinkhorn (M=5),124,2481,3.77847957611084,2.9101977984145216e-16,2.9099667120851323e-11,False
ising,ground,4,0,0.001,MD-Sinkhorn (M=5),125,2501,3.810035467147827,4.34396917610851e-16,2.8695101851036302e-11,False
ising,ground,4,0,0.001,MD-Sinkhorn (M=5),126,2521,3.8390328884124756,-4.748660209963389e-18,2.8301971877621526e-11,False
ising,ground,4,0,0.001,MD-Sinkhorn (M=5),127,2541,3.8732571601867676,5.819296431970028e-17,2.7918278799969705e-11,False
ising,ground,4,0,0.001,MD-Sinkhorn (M=5),128,2561,3.901986837387085,7.337377838716516e-17,2.7544799777089124e-11,False
ising,ground,4,0,0.001,MD-Sinkhorn (M=5),129,2581,3.9289932250976562,-6.39595645042337e-17,2.718086866819016e-11,False
ising,ground,4,0,0.001,MD-Sinkhorn (M=5),130,2601,3.9588816165924072,6.948941115122769e-17,2.6826985077992812e-11,False
ising,ground,4,0,0.001,MD-Sinkhorn (M=5),131,2621,3.988086700439453,-1.7414552892219265e-17,2.648226083130935e-11,False
ising,ground,4,0,0.001,MD-Sinkhorn (M=5),132,2641,4.016812562942505,3.6661203300802946e-17,2.6146362852804298e-11,False
ising,ground,4,0,0.001,MD-Sinkhorn (M=5),133,2661,4.043820381164551,1.5104447388699e-16,2.581918012826574e-11,False
ising,ground,4,0,0.001,MD-Sinkhorn (M=5),134,2681,4.071826219558716,1.1702767677681125e-16,2.54992693635298e-11,False
ising,ground,4,0,0.001,MD-Sinkhorn (M=5),135,2701,4.100667715072632,7.075027489472313e-17,2.5188906516265083e-11,False
ising,ground,4,0,0.001,MD-Sinkhorn (M=5),136,2721,4.127581596374512,1.9383240958616337e-16,2.4886481767145422e-11,False
ising,ground,4,0,0.001,MD-Sinkhorn (M=5),137,2741,4.155674695968628,3.9078358496214943e-16,2.459149551394322e-11,False
ising,ground,4,0,0.001,MD-Sinkhorn (M=5),138,2761,4.186776161193848,1.338733081321479e-16,2.4304891432893544e-11,False
ising,ground,4,0,0.001,MD-Sinkhorn (M=5),139,2781,4.217539310455322,2.857214388603847e-17,2.4024393585743033e-11,False
ising,ground,4,0,0.001,MD-Sinkhorn (M=5),140,2801,4.246435642242432,2.477056039885141e-16,2.3751556284474556e-11,False
ising,ground,4,0,0.001,MD-Sinkhorn (M=5),141,2821,4.275641679763794,1.8385241552481376e-16,2.3485380307184594e-11,False
ising,ground,4,0,0.001,MD-Sinkhorn (M=5),142,2841,4.304386854171753,3.1299468683630443e-16,2.322636527583329e-11,False
ising,ground,4,0,0.001,MD-Sinkhorn (M=5),143,2861,4.335363864898682,-7.725162550114748e-17,2.2975066293896156e-11,False
ising,ground,4,0,0.001,MD-Sinkhorn (M=5),144,2881,4.36236310005188,-4.230165829132532e-17,2.272754207109442e-11,False
ising,ground,4,0,0.001,MD-Sinkhorn (M=5),145,2901,4.390100717544556,1.4064639671422106e-16,2.2488066964293117e-11,False
ising,ground,4,0,0.001,MD-Sinkhorn (M=5),146,2921,4.417102098464966,1.110619602815069e-16,2.2254809109247066e-11,False
ising,ground,4,0,0.001,MD-Sinkhorn (M=5),147,2941,4.445096731185913,2.511228034266969e-16,2.202643623838388e-11,False
ising,ground,4,0,0.001,MD-Sinkhorn (M=5),148,2961,4.473006963729858,3.6546636886481956e-16,2.180461367075301e-11,False
ising,ground,4,0,0.001,MD-Sinkhorn (M=5),149,2981,4.50897479057312,3.152263451921847e-16,2.1588342226109952e-11,False
ising,ground,4,0,0.001,MD-Sinkhorn (M=5),150,3001,4.545876741409302,1.271226646048579e-17,2.137701127226248e-11,False
ising,ground,4,0,0.001,MD-Sinkhorn (M=5),151,3021,4.578908920288086,1.3258709438564517e-16,2.1171231434911303e-11,False
ising,ground,4,0,0.001,MD-Sinkhorn (M=5),152,3041,4.608643054962158,6.977256085812593e-17,2.0969948000893784e-11,False
ising,ground,4,0,0.001,MD-Sinkhorn (M=5),153,3061,4.638552904129028,2.2652628601735844e-16,2.0775048348299205e-11,False
ising,ground,4,0,0.001,MD-Sinkhorn (M=5),154,3081,4.665553092956543,2.255458179409719e-16,2.0585144701962582e-11,False
ising,ground,4,0,0.001,MD-Sinkhorn (M=5),155,3101,4.701256513595581,1.7889283955371566e-17,2.039851620951171e-11,False
ising,ground,4,0,0.001,MD-Sinkhorn (M=5),156,3121,4.731161117553711,4.0922463815892085e-16,2.021721678963467e-11,False
ising,ground,4,0,0.001,MD-Sinkhorn (M=5),157,3141,4.760162353515625,1.2520912835485708e-16,2.0041357462902676e-11,False
ising,ground,4,0,0.001,MD-Sinkhorn (M=5),158,3161,4.78819727897644,7.2755295302503e-17,1.9868329209986503e-11,False
ising,ground,4,0,0.001,MD-Sinkhorn (M=5),159,3181,4.816820859909058,1.7177306194955324e-16,1.9700852063750795e-11,False
ising,ground,4,0,0.001,MD-Sinkhorn (M=5),160,3201,4.850721597671509,-7.811506488498632e-17,1.9536983143437585e-11,False
ising,ground,4,0,0.001,MD-Sinkhorn (M=5),161,3221,4.8787682056427,2.294776575725665e-16,1.9377610633059368e-11,False
ising,ground,4,0,0.001,MD-Sinkhorn (M=5),162,3241,4.906423330307007,4.9111287824647707e-17,1.9221624296084983e-11,False
ising,ground,4,0,0.001,MD-Sinkhorn (M=5),163,3261,4.934327840805054,2.381420856992242e-16,1.9068358007406027e-11,False
ising,ground,4,0,0.001,MD-Sinkhorn (M=5),164,3281,4.963348150253296,7.994081565705499e-17,1.8920920386317004e-11,False
ising,ground,4,0,0.001,MD-Sinkhorn (M=5),165,3301,4.992908239364624,-1.8236274302939584e-17,1.8776702415308762e-11,False
ising,ground,4,0,0.001,MD-Sinkhorn (M=5),166,3321,5.024894714355469,6.749595120110497e-17,1.8635037957873037e-11,False
ising,ground,4,0,0.001,MD-Sinkhorn (M=5),167,3341,5.054998397827148,3.3756589731456723e-16,1.8496593146897562e-11,False
ising,ground,4,0,0.001,MD-Sinkhorn (M=5),168,3361,5.083118677139282,2.649763311697692e-16,1.8362922293861023e-11,False
ising,ground,4,0,0.001,MD-Sinkhorn (M=5),169,3381,5.111863613128662,2.387533043891349e-16,1.8232915178011617e-11,False
ising,ground,4,0,0.001,MD-Sinkhorn (M=5),170,3401,5.139864683151245,3.994492431761512e-17,1.8103907262331598e-11,False
ising,ground,4,0,0.001,MD-Sinkhorn (M=5),171,3421,5.16986608505249,5.814895998319466e-17,1.7979229220532994e-11,False
ising,ground,4,0,0.001,MD-Sinkhorn (M=5),172,3441,5.199725866317749,1.390340687149569e-16,1.785810389473608e-11,False
ising,ground,4,0,0.001,MD-Sinkhorn (M=5),173,3461,5.229617595672607,5.964457724472923e-17,1.7738865933128522e-11,False
ising,ground,4,0,0.001,MD-Sinkhorn (M=5),174,3481,5.266613483428955,1.6561475820900952e-16,1.762395784867767e-11,False
ising,ground,4,0,0.001,MD-Sinkhorn (M=5),175,3501,5.296493768692017,2.4368867649449705e-16,1.7511159191843986e-11,False
ising,ground,4,0,0.001,MD-Sinkhorn (M=5),176,3521,5.323495626449585,4.6849191115087736e-17,1.7400025864876287e-11,False
ising,ground,4,0,0.001,MD-Sinkhorn (M=5),177,3541,5.354487657546997,1.818365120975035e-16,1.7292223210688902e-11,False
ising,ground,4,0,0.001,MD-Sinkhorn (M=5),178,3561,5.396207571029663,1.2402396245106505e-16,1.7187584689141005e-11,False
ising,ground,4,0,0.001,MD-Sinkhorn (M=5),179,3581,5.439151048660278,1.3587891940073427e-16,1.7084722526531356e-11,False
ising,ground,4,0,0.001,MD-Sinkhorn (M=5),180,3601,5.469143867492676,-1.3160633221302744e-17,1.6984358371693393e-11,False
ising,ground,4,0,0.001,MD-Sinkhorn (M=5),181,3621,5.499945640563965,3.023105626772013e-16,1.6886936294067882e-11,False
ising,ground,4,0,0.001,MD-Sinkhorn (M=5),182,3641,5.528939962387085,2.372177459083725e-16,1.6791512625234394e-11,False
ising,ground,4,0,0.001,MD-Sinkhorn (M=5),183,3661,5.564038276672363,1.7498785504873869e-16,1.6698697984689616e-11,False
ising,ground,4,0,0.001,MD-Sinkhorn (M=5),184,3681,5.593609094619751,1.221689421062787e-16,1.6607215604559255e-11,False
ising,ground,4,0,0.001,MD-Sinkhorn (M=5),185,3701,5.6315178871154785,3.745868643259872e-16,1.6518619807679897e-11,False
ising,ground,4,0,0.001,MD-Sinkhorn (M=5),186,3721,5.664604663848877,8.65941027005491e-17,1.643157832482979e-11,False
ising,ground,4,0,0.001,MD-Sinkhorn (M=5),187,3741,5.695087432861328,1.2739399231689627e-16,1.6347090348373006e-11,False
ising,ground,4,0,0.001,MD-Sinkhorn (M=5),188,3761,5.725095510482788,8.028418024339261e-17,1.6264656288792653e-11,False
ising,ground,4,0,0.001,MD-Sinkhorn (M=5),189,3781,5.7530741691589355,2.3658246520935416e-16,1.6183776541695456e-11,False
ising,ground,4,0,0.001,MD-Sinkhorn (M=5),190,3801,5.78162145614624,1.4458214714326653e-16,1.610495070647239e-11,False
ising,ground,4,0,0.001,MD-Sinkhorn (M=5),191,3821,5.809070587158203,-2.649616477300038e-18,1.6027845717902976e-11,False
ising,ground,4,0,0.001,MD-Sinkhorn (M=5),192,3841,5.841064453125,-4.9870956821251835e-17,1.595268362018048e-11,False
ising,ground,4,0,0.001,MD-Sinkhorn (M=5),193,3861,5.886025428771973,1.0478896200649933e-16,1.5878798278569924e-11,False
ising,ground,4,0,0.001,MD-Sinkhorn (M=5),194,3881,5.921799182891846,1.306884568451252e-16,1.5806633780064834e-11,False
ising,ground,4,0,0.001,MD-Sinkhorn (M=5),195,3901,5.952706813812256,1.0005253557959036e-16,1.573668973456896e-11,False
ising,ground,4,0,0.001,MD-Sinkhorn (M=5),196,3921,5.982914924621582,1.5876490218335335e-16,1.566857754670035e-11,False
ising,ground,4,0,0.001,MD-Sinkhorn (M=5),197,3941,6.010643243789673,1.1611796012428856e-16,1.5601464565648322e-11,False
ising,ground,4,0,0.001,MD-Sinkhorn (M=5),198,3961,6.040651082992554,-3.570212725328235e-17,1.5536127948144247e-11,False
ising,ground,4,0,0.001,MD-Sinkhorn (M=5),199,3981,6.069540739059448,2.173630565882108e-16,1.5472345630527168e-11,False
ising,ground,4,0,0.001,MD-Sinkhorn (M=5),200,4001,6.097478866577148,8.502551220312812e-17,1.5410173143633333e-11,False
ising,ground,4,0,0.001,MD-Sinkhorn (M=5),201,4021,6.125471591949463,1.3603049704467922e-16,1.5348777806850008e-11,False
ising,ground,4,0,0.001,MD-Sinkhorn (M=5),202,4041,6.153472423553467,1.9751939733579605e-16,1.5289269852784002e-11,False
ising,ground,4,0,0.001,MD-Sinkhorn (M=5),203,4061,6.180607795715332,1.1098788148682397e-16,1.523098314654319e-11,False
ising,ground,4,0,0.001,MD-Sinkhorn (M=5),204,4081,6.2093117237091064,-1.941827454209873e-17,1.5173362567061416e-11,False
ising,ground,4,0,0.001,MD-Sinkhorn (M=5),205,4101,6.2393035888671875,7.354697535920893e-17,1.5117518353640518e-11,False
ising,ground,4,0,0.001,MD-Sinkhorn (M=5),206,4121,6.2752180099487305,2.2957005391517613e-16,1.5062895383646803e-11,False
ising,ground,4,0,0.001,MD-Sinkhorn (M=5),207,4141,6.307869911193848,1.0129069553028136e-16,1.5009493650427522e-11,False
ising,ground,4,0,0.001,MD-Sinkhorn (M=5),208,4161,6.3387675285339355,-8.9600599225735e-17,1.4957757256578543e-11,False
ising,ground,4,0,0.001,MD-Sinkhorn (M=5),209,4181,6.368780136108398,-1.6429353545055979e-16,1.4906464955010556e-11,False
ising,ground,4,0,0.001,MD-Sinkhorn (M=5),210,4201,6.4003565311431885,-3.582942690956536e-17,1.4856726959891988e-11,False
ising,ground,4,0,0.001,MD-Sinkhorn (M=5),211,4221,6.429332733154297,-1.5912575917789557e-16,1.4807377546333947e-11,False
ising,ground,4,0,0.001,MD-Sinkhorn (M=5),212,4241,6.458329677581787,1.2187291503277718e-16,1.4760415113850894e-11,False
ising,ground,4,0,0.001,MD-Sinkhorn (M=5),213,4261,6.4888246059417725,-2.1558313044471844e-16,1.471295307886288e-11,False
ising,ground,4,0,0.001,MD-Sinkhorn (M=5),214,4281,6.518400430679321,2.1234181110237265e-16,1.4667100871731244e-11,False
ising,ground,4,0,0.001,MD-Sinkhorn (M=5),215,4301,6.549504041671753,1.8482187213734306e-16,1.462269194851907e-11,False
ising,ground,4,0,0.001,MD-Sinkhorn (M=5),216,4321,6.583535671234131,2.1373278704575842e-16,1.4579559783539808e-11,False
ising,ground,4,0,0.001,MD-Sinkhorn (M=5),217,4341,6.617102146148682,2.0287725696511124e-16,1.4536982730287072e-11,False
ising,ground,4,0,0.001,MD-Sinkhorn (M=5),218,4361,6.648118734359741,1.190305397546246e-17,1.4494072613404142e-11,False
ising,ground,4,0,0.001,MD-Sinkhorn (M=5),219,4381,6.679135322570801,2.8605129156733463e-16,1.4452605779744816e-11,False
ising,ground,4,0,0.001,MD-Sinkhorn (M=5),220,4401,6.709953546524048,5.92291505405434e-17,1.441308183953859e-11,False
ising,ground,4,0,0.001,MD-Sinkhorn (M=5),221,4421,6.742945909500122,-3.224114210979084e-18,1.4373557902061993e-11,False
ising,ground,4,0,0.001,MD-Sinkhorn (M=5),222,4441,6.776946306228638,-4.6057849688676237e-17,1.4334811115906826e-11,False
ising,ground,4,0,0.001,MD-Sinkhorn (M=5),223,4461,6.807201862335205,1.68421158518596e-16,1.4297729667976631e-11,False
ising,ground,4,0,0.001,MD-Sinkhorn (M=5),224,4481,6.8351969718933105,-1.92402035968151e-17,1.4260981292845896e-11,False
ising,ground,4,0,0.001,MD-Sinkhorn (M=5),225,4501,6.863217353820801,4.3014120837983994e-18,1.4224343925211939e-11,False
ising,ground,4,0,0.001,MD-Sinkhorn (M=5),226,4521,6.890174150466919,1.913197790126579e-16,1.4188705767423609e-11,False
ising,ground,4,0,0.001,MD-Sinkhorn (M=5),227,4541,6.925704717636108,1.4623616906276273e-16,1.4153844763978699e-11,False
ising,ground,4,0,0.001,MD-Sinkhorn (M=5),228,4561,6.955708980560303,9.861985616684286e-17,1.4119982961854894e-11,False
ising,ground,4,0,0.001,MD-Sinkhorn (M=5),229,4581,6.9868323802948,-2.219836748717926e-16,1.408712035994337e-11,False
ising,ground,4,0,0.001,MD-Sinkhorn (M=5),230,4601,7.018367767333984,1.6837220897695667e-16,1.405403571307439e-11,False
ising,ground,4,0,0.001,MD-Sinkhorn (M=5),231,4621,7.054360628128052,2.8033570155007945e-16,1.4021561690568804e-11,False
ising,ground,4,0,0.001,MD-Sinkhorn (M=5),232,4641,7.082614183425903,9.587373237763055e-17,1.3990753003638212e-11,False
ising,ground,4,0,0.001,MD-Sinkhorn (M=5),233,4661,7.1101415157318115,1.4649865614023667e-16,1.3959888802373084e-11,False
ising,ground,4,0,0.001,MD-Sinkhorn (M=5),234,4681,7.138251543045044,7.873092425644676e-17,1.392902460122054e-11,False
ising,ground,4,0,0.001,MD-Sinkhorn (M=5),235,4701,7.165241956710815,-1.5607101927289744e-17,1.390015880330601e-11,False
ising,ground,4,0,0.001,MD-Sinkhorn (M=5),236,4721,7.191252946853638,2.7977816200971656e-16,1.3870959936714191e-11,False
ising,ground,4,0,0.001,MD-Sinkhorn (M=5),237,4741,7.219902038574219,5.909368713223745e-17,1.3842316185622402e-11,False
ising,ground,4,0,0.001,MD-Sinkhorn (M=5),238,4761,7.24989128112793,4.481150059983776e-16,1.3815004698306292e-11,False
ising,ground,4,0,0.001,MD-Sinkhorn (M=5),239,4781,7.278032541275024,5.685215084175456e-17,1.3787804232695017e-11,False
ising,ground,4,0,0.001,MD-Sinkhorn (M=5),240,4801,7.305655479431152,2.682914042474354e-16,1.3760215189745805e-11,False
ising,ground,4,0,0.001,MD-Sinkhorn (M=5),241,4821,7.3326616287231445,1.271228983524473e-16,1.3734402507448214e-11,False
ising,ground,4,0,0.001,MD-Sinkhorn (M=5),242,4841,7.361677408218384,1.9287716534545068e-17,1.3708090222844399e-11,False
ising,ground,4,0,0.001,MD-Sinkhorn (M=5),243,4861,7.388643264770508,3.0955427388810656e-16,1.3683498781552435e-11,False
ising,ground,4,0,0.001,MD-Sinkhorn (M=5),244,4881,7.416331768035889,3.4556521893010886e-16,1.3657575071118699e-11,False
ising,ground,4,0,0.001,MD-Sinkhorn (M=5),245,4901,7.4443206787109375,2.8619574648786796e-16,1.3633871809681936e-11,False
ising,ground,4,0,0.001,MD-Sinkhorn (M=5),246,4921,7.475314140319824,4.6990148300381404e-17,1.3610224061197738e-11,False
ising,ground,4,0,0.001,MD-Sinkhorn (M=5),247,4941,7.5042030811309814,1.0834407034966315e-17,1.3585188536411634e-11,False
ising,ground,4,0,0.001,MD-Sinkhorn (M=5),248,4961,7.534194469451904,1.8231220363490618e-16,1.3562539982276076e-11,False
ising,ground,4,0,0.001,MD-Sinkhorn (M=5),249,4981,7.563194751739502,2.286978563359434e-16,1.3539891431237281e-11,False
ising,ground,4,0,0.001,MD-Sinkhorn (M=5),250,5001,7.592126131057739,1.7002264285554697e-16,1.3517853504145898e-11,False
ising,ground,4,0,0.001,MD-Sinkhorn (M=5),251,5021,7.621740341186523,3.5196722880982404e-17,1.3495038422679467e-11,False
ising,ground,4,0,0.001,MD-Sinkhorn (M=5),252,5041,7.649744987487793,2.7303130052939685e-16,1.3474166227597163e-11,False
ising,ground,4,0,0.001,MD-Sinkhorn (M=5),253,5061,7.677654504776001,1.2011408802427612e-16,1.3453016478716547e-11,False
ising,ground,4,0,0.001,MD-Sinkhorn (M=5),254,5081,7.704607963562012,-4.593146099614286e-18,1.343231081918561e-11,False
ising,ground,4,0,0.001,MD-Sinkhorn (M=5),255,5101,7.731507062911987,7.413111631277033e-17,1.3411494141353258e-11,False
ising,ground,4,0,0.001,MD-Sinkhorn (M=5),256,5121,7.759607791900635,1.9267706977002766e-16,1.3391565638798103e-11,False
ising,ground,4,0,0.001,MD-Sinkhorn (M=5),257,5141,7.791712045669556,-1.3923064170458285e-16,1.3371470598622381e-11,False
ising,ground,4,0,0.001,MD-Sinkhorn (M=5),258,5161,7.823361396789551,2.0920090222746094e-16,1.3351375565982689e-11,False
ising,ground,4,0,0.001,MD-Sinkhorn (M=5),259,5181,7.857360363006592,1.1246432321259213e-16,1.3332945861685135e-11,False
ising,ground,4,0,0.001,MD-Sinkhorn (M=5),260,5201,7.891392946243286,1.5048135169861453e-16,1.3314460645387893e-11,False
ising,ground,4,0,0.001,MD-Sinkhorn (M=5),261,5221,7.923636436462402,1.2289555157317925e-16,1.3295253796021344e-11,False
ising,ground,4,0,0.001,MD-Sinkhorn (M=5),262,5241,7.95064640045166,1.8947761043128102e-16,1.3276713071972671e-11,False
ising,ground,4,0,0.001,MD-Sinkhorn (M=5),263,5261,7.978626728057861,3.464928449100092e-17,1.3259671150670272e-11,False
ising,ground,4,0,0.001,MD-Sinkhorn (M=5),264,5281,8.00714659690857,3.4846213792270417e-16,1.324124143992562e-11,False
ising,ground,4,0,0.001,MD-Sinkhorn (M=5),265,5301,8.03604245185852,1.0527672967927657e-16,1.3224255031383382e-11,False
ising,ground,4,0,0.001,MD-Sinkhorn (M=5),266,5321,8.064039707183838,8.928861087392197e-17,1.320710208141813e-11,False
ising,ground,4,0,0.001,MD-Sinkhorn (M=5),267,5341,8.095261573791504,8.886504893363391e-17,1.3189782599660469e-11,False
ising,ground,4,0,0.001,MD-Sinkhorn (M=5),268,5361,8.130990505218506,9.129461235072494e-18,1.3173240277171212e-11,False
ising,ground,4,0,0.001,MD-Sinkhorn (M=5),269,5381,8.16089940071106,1.209990843421369e-16,1.31562538669888e-11,False
ising,ground,4,0,0.001,MD-Sinkhorn (M=5),270,5401,8.188998699188232,2.6173224564740553e-16,1.3140766254297375e-11,False
ising,ground,4,0,0.001,MD-Sinkhorn (M=5),271,5421,8.218851566314697,1.1307968094990204e-16,1.3124779045615902e-11,False
ising,ground,4,0,0.001,MD-Sinkhorn (M=5),272,5441,8.24883484840393,2.0714299672424237e-16,1.3109346941460939e-11,False
ising,ground,4,0,0.001,MD-Sinkhorn (M=5),273,5461,8.284939527511597,2.0782964050667523e-16,1.3093304225691e-11,False
ising,ground,4,0,0.001,MD-Sinkhorn (M=5),274,5481,8.31368613243103,8.194906242677345e-17,1.3077816607979583e-11,False
ising,ground,4,0,0.001,MD-Sinkhorn (M=5),275,5501,8.34468126296997,1.5764935440424024e-16,1.3063605761852308e-11,False
ising,ground,4,0,0.001,MD-Sinkhorn (M=5),276,5521,8.371583223342896,1.0133229806785639e-16,1.3048007119483487e-11,False
ising,ground,4,0,0.001,MD-Sinkhorn (M=5),277,5541,8.4000985622406,-7.483968692739102e-18,1.3033740755108117e-11,False
ising,ground,4,0,0.001,MD-Sinkhorn (M=5),278,5561,8.42720913887024,-1.5941958533058223e-16,1.3018863773867646e-11,False
ising,ground,4,0,0.001,MD-Sinkhorn (M=5),279,5581,8.454196453094482,2.1424199796268126e-16,1.300493047307042e-11,False
ising,ground,4,0,0.001,MD-Sinkhorn (M=5),280,5601,8.481207370758057,2.0003766500754823e-16,1.2990108988676069e-11,False
ising,ground,4,0,0.001,MD-Sinkhorn (M=5),281,5621,8.509020328521729,1.7098930401402343e-16,1.2976508756995593e-11,False
ising,ground,4,0,0.001,MD-Sinkhorn (M=5),282,5641,8.537932395935059,1.7689966492756466e-17,1.2962797504274339e-11,False
ising,ground,4,0,0.001,MD-Sinkhorn (M=5),283,5661,8.575039863586426,1.999595118418619e-17,1.2949363805001183e-11,False
ising,ground,4,0,0.001,MD-Sinkhorn (M=5),284,5681,8.60854196548462,-5.480933175420017e-17,1.2936263174041506e-11,False
ising,ground,4,0,0.001,MD-Sinkhorn (M=5),285,5701,8.637547016143799,1.1907013457864233e-16,1.2922718453197507e-11,False
ising,ground,4,0,0.001,MD-Sinkhorn (M=5),286,5721,8.671530485153198,8.127094588771668e-18,1.2909173730199472e-11,False
ising,ground,4,0,0.001,MD-Sinkhorn (M=5),287,5741,8.700270652770996,9.833662110547235e-17,1.289629514507613e-11,False
ising,ground,4,0,0.001,MD-Sinkhorn (M=5),288,5761,8.729283571243286,3.480528564563801e-17,1.2884082698994576e-11,False
ising,ground,4,0,0.001,MD-Sinkhorn (M=5),289,5781,8.757276773452759,7.053614097893345e-17,1.287153717042211e-11,False
ising,ground,4,0,0.001,MD-Sinkhorn (M=5),290,5801,8.786320686340332,1.264602819683989e-16,1.2858936139447265e-11,False
ising,ground,4,0,0.001,MD-Sinkhorn (M=5),291,5821,8.81602144241333,5.0942024518735314e-17,1.2846279600059905e-11,False
ising,ground,4,0,0.001,MD-Sinkhorn (M=5),292,5841,8.843186378479004,-1.6969732633316316e-16,1.2833956125490692e-11,False
ising,ground,4,0,0.001,MD-Sinkhorn (M=5),293,5861,8.871185779571533,1.557264271359905e-16,1.2821466117069952e-11,False
ising,ground,4,0,0.001,MD-Sinkhorn (M=5),294,5881,8.903211116790771,1.2664939041070693e-16,1.2810363880835901e-11,False
ising,ground,4,0,0.001,MD-Sinkhorn (M=5),295,5901,8.94631552696228,2.23390992239123e-16,1.2798373476961855e-11,False
ising,ground,4,0,0.001,MD-Sinkhorn (M=5),296,5921,8.97730302810669,2.753254367176402e-16,1.2786716130419958e-11,False
ising,ground,4,0,0.001,MD-Sinkhorn (M=5),297,5941,9.007925748825073,-9.359403941275229e-17,1.277522532359618e-11,False
ising,ground,4,0,0.001,MD-Sinkhorn (M=5),298,5961,9.037928581237793,1.531998451520153e-16,1.276406758156541e-11,False
ising,ground,4,0,0.001,MD-Sinkhorn (M=5),299,5981,9.071959257125854,3.7770599637799595e-16,1.2751799616348963e-11,False
ising,ground,4,0,0.001,MD-Sinkhorn (M=5),300,6001,9.104828119277954,2.2009663559899508e-16,1.2741863120272147e-11,False
