small_kind,small_case,N,seed,eps,method,iter,gibbs_calls,time_sec,F_marg,e_tr,converged_final
ising,mixed,4,0,0.001,KL descent,0,1,0.0,0.031077038943180604,0.23301665724750253,False
ising,mixed,4,0,0.001,KL descent,1,2,0.0010066032409667969,0.030962913033532366,0.2322940764514314,False
ising,mixed,4,0,0.001,KL descent,2,3,0.0039997100830078125,0.030850868873926338,0.23157808681908398,False
ising,mixed,4,0,0.001,KL descent,3,4,0.0069997310638427734,0.030740866574123605,0.23086862898656968,False
ising,mixed,4,0,0.001,KL descent,4,5,0.01053309440612793,0.03063286699249083,0.23016564403426631,False
ising,mixed,4,0,0.001,KL descent,5,6,0.013063907623291016,0.030526831722739414,0.22946907348615597,False
ising,mixed,4,0,0.001,KL descent,6,7,0.015057563781738281,0.03042272308086482,0.22877885930906489,False
ising,mixed,4,0,0.001,KL descent,7,8,0.016056299209594727,0.03032050409229143,0.22809494391182766,False
ising,mixed,4,0,0.001,KL descent,8,9,0.01705789566040039,0.030220138479212462,0.22741727014435376,False
ising,mixed,4,0,0.001,KL descent,9,10,0.01958632469177246,0.03012159064813135,0.22674578129662548,False
ising,mixed,4,0,0.001,KL descent,10,11,0.020581722259521484,0.030024825677599027,0.2260804210976285,False
ising,mixed,4,0,0.001,KL descent,11,12,0.02159738540649414,0.029929809306142946,0.22542113371418815,False
ising,mixed,4,0,0.001,KL descent,12,13,0.022597074508666992,0.029836507920388916,0.2247678637497526,False
ising,mixed,4,0,0.001,KL descent,13,14,0.02459406852722168,0.029744888543375023,0.22412055624310456,False
ising,mixed,4,0,0.001,KL descent,14,15,0.026586294174194336,0.029654918823047733,0.22347915666700646,False
ising,mixed,4,0,0.001,KL descent,15,16,0.02760148048400879,0.029566567020949182,0.22284361092677585,False
ising,mixed,4,0,0.001,KL descent,16,17,0.030123233795166016,0.029479802001084313,0.22221386535882137,False
ising,mixed,4,0,0.001,KL descent,17,18,0.03212165832519531,0.029394593218970862,0.22158986672909897,False
ising,mixed,4,0,0.001,KL descent,18,19,0.03312087059020996,0.029310910710868433,0.22097156223152226,False
ising,mixed,4,0,0.001,KL descent,19,20,0.0341188907623291,0.02922872508318367,0.22035889948632703,False
ising,mixed,4,0,0.001,KL descent,20,21,0.035120487213134766,0.029148007502050113,0.2197518265383701,False
ising,mixed,4,0,0.001,KL descent,21,22,0.03612065315246582,0.029068729683082172,0.21915029185539425,False
ising,mixed,4,0,0.001,KL descent,22,23,0.03711962699890137,0.028990863881299237,0.2185542443262357,False
ising,mixed,4,0,0.001,KL descent,23,24,0.03711962699890137,0.028914382881216078,0.21796363325899148,False
ising,mixed,4,0,0.001,KL descent,24,25,0.039647817611694336,0.028839259987100817,0.21737840837915012,False
ising,mixed,4,0,0.001,KL descent,25,26,0.04166293144226074,0.028765469013399887,0.21679851982767379,False
ising,mixed,4,0,0.001,KL descent,26,27,0.042659759521484375,0.028692984275317725,0.21622391815904168,False
ising,mixed,4,0,0.001,KL descent,27,28,0.04366111755371094,0.028621780579561468,0.2156545543392568,False
ising,mixed,4,0,0.001,KL descent,28,29,0.04466104507446289,0.028551833215245306,0.2150903797438375,False
ising,mixed,4,0,0.001,KL descent,29,30,0.04565858840942383,0.028483117944940753,0.2145313461557331,False
ising,mixed,4,0,0.001,KL descent,30,31,0.04665946960449219,0.028415610995890173,0.2139774057632564,False
ising,mixed,4,0,0.001,KL descent,31,32,0.048662424087524414,0.028349289051366855,0.21342851115795458,False
ising,mixed,4,0,0.001,KL descent,32,33,0.04917454719543457,0.02828412924218277,0.2128846153324523,False
ising,mixed,4,0,0.001,KL descent,33,34,0.05018734931945801,0.028220109138346307,0.2123456716782915,False
ising,mixed,4,0,0.001,KL descent,34,35,0.05119729042053223,0.028157206740862924,0.21181163398371972,False
ising,mixed,4,0,0.001,KL descent,35,36,0.052194833755493164,0.028095400473677923,0.21128245643146992,False
ising,mixed,4,0,0.001,KL descent,36,37,0.05319643020629883,0.028034669175762375,0.210758093596511,False
ising,mixed,4,0,0.001,KL descent,37,38,0.054198503494262695,0.027974992093333192,0.21023850044378006,False
ising,mixed,4,0,0.001,KL descent,38,39,0.05520033836364746,0.02791634887221568,0.20972363232589564,False
ising,mixed,4,0,0.001,KL descent,39,40,0.056200504302978516,0.027858719550333755,0.20921344498084732,False
ising,mixed,4,0,0.001,KL descent,40,41,0.05719494819641113,0.027802084550338006,0.20870789452967176,False
ising,mixed,4,0,0.001,KL descent,41,42,0.05870819091796875,0.02774642467236192,0.20820693747411734,False
ising,mixed,4,0,0.001,KL descent,42,43,0.059720516204833984,0.02769172108690595,0.20771053069427936,False
ising,mixed,4,0,0.001,KL descent,43,44,0.06072545051574707,0.02763795532784871,0.20721863144623798,False
ising,mixed,4,0,0.001,KL descent,44,45,0.06173896789550781,0.027585109285584147,0.20673119735967582,False
ising,mixed,4,0,0.001,KL descent,45,46,0.0627448558807373,0.02753316520027858,0.20624818643547832,False
ising,mixed,4,0,0.001,KL descent,46,47,0.06374001502990723,0.02748210565525048,0.20576955704333183,False
ising,mixed,4,0,0.001,KL descent,47,48,0.06474614143371582,0.02743191357046871,0.20529526791931246,False
ising,mixed,4,0,0.001,KL descent,48,49,0.06573748588562012,0.027382572196165855,0.20482527816345697,False
ising,mixed,4,0,0.001,KL descent,49,50,0.06725120544433594,0.02733406510656988,0.20435954723733724,False
ising,mixed,4,0,0.001,KL descent,50,51,0.06725120544433594,0.02728637619374553,0.20389803496161585,False
ising,mixed,4,0,0.001,KL descent,51,52,0.06891441345214844,0.027239489661551063,0.20344070151360721,False
ising,mixed,4,0,0.001,KL descent,52,53,0.06992983818054199,0.027193390019699608,0.2029875074248283,False
ising,mixed,4,0,0.001,KL descent,53,54,0.07092642784118652,0.02714806207793383,0.2025384135785402,False
ising,mixed,4,0,0.001,KL descent,54,55,0.07192754745483398,0.027103490940301556,0.20209338120729226,False
ising,mixed,4,0,0.001,KL descent,55,56,0.07293128967285156,0.027059661999540564,0.2016523718904658,False
ising,mixed,4,0,0.001,KL descent,56,57,0.07393264770507812,0.027016560931561517,0.20121534755180842,False
ising,mixed,4,0,0.001,KL descent,57,58,0.07493042945861816,0.026974173690036112,0.20078227045696434,False
ising,mixed,4,0,0.001,KL descent,58,59,0.07694172859191895,0.026932486501079704,0.20035310321102068,False
ising,mixed,4,0,0.001,KL descent,59,60,0.07694172859191895,0.026891485858037786,0.19992780875603688,False
ising,mixed,4,0,0.001,KL descent,60,61,0.07845950126647949,0.02685115851636129,0.1995063503685796,False
ising,mixed,4,0,0.001,KL descent,61,62,0.07947874069213867,0.02681149148858226,0.19908869165725585,False
ising,mixed,4,0,0.001,KL descent,62,63,0.08047866821289062,0.026772472039380116,0.19867479656026565,False
ising,mixed,4,0,0.001,KL descent,63,64,0.08149170875549316,0.026734087680736984,0.19826462934292632,False
ising,mixed,4,0,0.001,KL descent,64,65,0.08249092102050781,0.026696326167187444,0.19785815459522527,False
ising,mixed,4,0,0.001,KL descent,65,66,0.08349084854125977,0.026659175491151932,0.1974553372293658,False
ising,mixed,4,0,0.001,KL descent,66,67,0.08449268341064453,0.026622623878358814,0.19705614247731545,False
ising,mixed,4,0,0.001,KL descent,67,68,0.08548998832702637,0.026586659783353,0.19666053588836419,False
ising,mixed,4,0,0.001,KL descent,68,69,0.08749032020568848,0.026551271885084264,0.19626848332668717,False
ising,mixed,4,0,0.001,KL descent,69,70,0.08849382400512695,0.026516449082583136,0.1958799509689021,False
ising,mixed,4,0,0.001,KL descent,70,71,0.0890049934387207,0.026482180490712364,0.1954949053016472,False
ising,mixed,4,0,0.001,KL descent,71,72,0.091033935546875,0.026448455436002133,0.19511331311916036,False
ising,mixed,4,0,0.001,KL descent,72,73,0.09203553199768066,0.02641526345255984,0.19473514152085575,False
ising,mixed,4,0,0.001,KL descent,73,74,0.0930321216583252,0.026382594278059796,0.19436035790892148,False
ising,mixed,4,0,0.001,KL descent,74,75,0.09403657913208008,0.026350437849806133,0.19398892998591738,False
ising,mixed,4,0,0.001,KL descent,75,76,0.09503364562988281,0.026318784300869803,0.1936208257523781,False
ising,mixed,4,0,0.001,KL descent,76,77,0.09603381156921387,0.026287623956298873,0.19325601350442811,False
ising,mixed,4,0,0.001,KL descent,77,78,0.09703373908996582,0.02625694732940203,0.19289446183141146,False
ising,mixed,4,0,0.001,KL descent,78,79,0.09854698181152344,0.026226745118097188,0.19253613961350724,False
ising,mixed,4,0,0.001,KL descent,79,80,0.09956216812133789,0.026197008201335883,0.1921810160193944,False
ising,mixed,4,0,0.001,KL descent,80,81,0.10056257247924805,0.026167727635588618,0.1918290605038726,False
ising,mixed,4,0,0.001,KL descent,81,82,0.10157895088195801,0.026138894651402202,0.1914802428055486,False
ising,mixed,4,0,0.001,KL descent,82,83,0.10258197784423828,0.0261105006500186,0.19113453294448673,False
ising,mixed,4,0,0.001,KL descent,83,84,0.10357999801635742,0.02608253720006097,0.19079190121989276,False
ising,mixed,4,0,0.001,KL descent,84,85,0.10457921028137207,0.026054996034278643,0.19045231820781294,False
ising,mixed,4,0,0.001,KL descent,85,86,0.10557675361633301,0.026027869046359935,0.19011575475882247,False
ising,mixed,4,0,0.001,KL descent,86,87,0.10758161544799805,0.026001148287797846,0.18978218199574143,False
ising,mixed,4,0,0.001,KL descent,87,88,0.10857915878295898,0.025974825964824446,0.18945157131135837,False
ising,mixed,4,0,0.001,KL descent,88,89,0.10909795761108398,0.025948894435395588,0.18912389436615928,False
ising,mixed,4,0,0.001,KL descent,89,90,0.11012148857116699,0.02592334620623797,0.18879912308607605,False
ising,mixed,4,0,0.001,KL descent,90,91,0.11113953590393066,0.025898173929952154,0.18847722966023983,False
ising,mixed,4,0,0.001,KL descent,91,92,0.11213874816894531,0.02587337040216759,0.18815818653875616,False
ising,mixed,4,0,0.001,KL descent,92,93,0.11313652992248535,0.025848928558758668,0.1878419664304738,False
ising,mixed,4,0,0.001,KL descent,93,94,0.11413931846618652,0.02582484147310659,0.18752854230078575,False
ising,mixed,4,0,0.001,KL descent,94,95,0.11513495445251465,0.025801102353418575,0.18721788736942568,False
ising,mixed,4,0,0.001,KL descent,95,96,0.1161355972290039,0.025777704540097424,0.1869099751082942,False
ising,mixed,4,0,0.001,KL descent,96,97,0.11714029312133789,0.02575464150316199,0.1866047792392831,False
ising,mixed,4,0,0.001,KL descent,97,98,0.11865639686584473,0.025731906839714675,0.1863022737321115,False
ising,mixed,4,0,0.001,KL descent,98,99,0.11967349052429199,0.025709494271461825,0.18600243280218753,False
ising,mixed,4,0,0.001,KL descent,99,100,0.12067246437072754,0.02568739764227796,0.18570523090847502,False
ising,mixed,4,0,0.001,KL descent,100,101,0.12168550491333008,0.02566561091582054,0.18541064275137098,False
ising,mixed,4,0,0.001,KL descent,101,102,0.12268853187561035,0.025644128173185766,0.18511864327059524,False
ising,mixed,4,0,0.001,KL descent,102,103,0.1236875057220459,0.025622943610616566,0.18482920764310756,False
ising,mixed,4,0,0.001,KL descent,103,104,0.12468171119689941,0.02560205153724718,0.18454231128101362,False
ising,mixed,4,0,0.001,KL descent,104,105,0.1256852149963379,0.025581446372897738,0.18425792982950745,False
ising,mixed,4,0,0.001,KL descent,105,106,0.12668609619140625,0.025561122645907514,0.18397603916481442,False
ising,mixed,4,0,0.001,KL descent,106,107,0.127685546875,0.025541074991011135,0.1836966153921471,False
ising,mixed,4,0,0.001,KL descent,107,108,0.1291954517364502,0.025521298147257232,0.1834196348436798,False
ising,mixed,4,0,0.001,KL descent,108,109,0.13021135330200195,0.02550178695596617,0.18314507407653935,False
ising,mixed,4,0,0.001,KL descent,109,110,0.1312246322631836,0.025482536358725612,0.18287290987079508,False
ising,mixed,4,0,0.001,KL descent,110,111,0.13222575187683105,0.025463541395429567,0.18260311922748296,False
ising,mixed,4,0,0.001,KL descent,111,112,0.1332259178161621,0.025444797202351113,0.18233567936662265,False
ising,mixed,4,0,0.001,KL descent,112,113,0.13422489166259766,0.025426299010254533,0.18207056772526165,False
ising,mixed,4,0,0.001,KL descent,113,114,0.13522911071777344,0.025408042142543948,0.18180776195552928,False
ising,mixed,4,0,0.001,KL descent,114,115,0.1372241973876953,0.025390022013447665,0.1815472399227096,False
ising,mixed,4,0,0.001,KL descent,115,116,0.13822698593139648,0.02537223412623811,0.1812889797033096,False
ising,mixed,4,0,0.001,KL descent,116,117,0.13873672485351562,0.025354674071485703,0.18103295958316445,False
ising,mixed,4,0,0.001,KL descent,117,118,0.1407606601715088,0.02533733752534824,0.1807791580555484,False
ising,mixed,4,0,0.001,KL descent,118,119,0.14176106452941895,0.0253202202478917,0.1805275538192831,False
ising,mixed,4,0,0.001,KL descent,119,120,0.14276909828186035,0.025303318081445383,0.18027812577688607,False
ising,mixed,4,0,0.001,KL descent,120,121,0.14376282691955566,0.02528662694898743,0.18003085303271976,False
ising,mixed,4,0,0.001,KL descent,121,122,0.1447615623474121,0.025270142852564743,0.17978571489114936,False
ising,mixed,4,0,0.001,KL descent,122,123,0.14576435089111328,0.025253861871739412,0.17954269085472152,False
ising,mixed,4,0,0.001,KL descent,123,124,0.14676761627197266,0.02523778016206952,0.17930176062235703,False
ising,mixed,4,0,0.001,KL descent,124,125,0.1482834815979004,0.025221893953618194,0.17906290408755365,False
ising,mixed,4,0,0.001,KL descent,125,126,0.14930391311645508,0.025206199549489994,0.17882610133660498,False
ising,mixed,4,0,0.001,KL descent,126,127,0.15030455589294434,0.025190693324399077,0.1785913326468277,False
ising,mixed,4,0,0.001,KL descent,127,128,0.1513195037841797,0.025175371723263097,0.17835857848481468,False
ising,mixed,4,0,0.001,KL descent,128,129,0.15231847763061523,0.025160231259825593,0.1781278195046877,False
ising,mixed,4,0,0.001,KL descent,129,130,0.1533198356628418,0.02514526851530429,0.17789903654637135,False
ising,mixed,4,0,0.001,KL descent,130,131,0.15431833267211914,0.025130480137068693,0.17767221063387378,False
ising,mixed,4,0,0.001,KL descent,131,132,0.1553194522857666,0.025115862837339277,0.17744732297360033,False
ising,mixed,4,0,0.001,KL descent,132,133,0.1573176383972168,0.025101413391914275,0.1772243549526452,False
ising,mixed,4,0,0.001,KL descent,133,134,0.15831708908081055,0.02508712863892388,0.17700328813713456,False
ising,mixed,4,0,0.001,KL descent,134,135,0.15883207321166992,0.025073005477605333,0.17678410427055707,False
ising,mixed,4,0,0.001,KL descent,135,136,0.1598525047302246,0.025059040867102367,0.17656678527212172,False
ising,mixed,4,0,0.001,KL descent,136,137,0.16086912155151367,0.025045231825290275,0.1763513132351192,False
ising,mixed,4,0,0.001,KL descent,137,138,0.1618669033050537,0.025031575427622365,0.17613767042529738,False
ising,mixed,4,0,0.001,KL descent,138,139,0.16286659240722656,0.025018068806000427,0.1759258392792652,False
ising,mixed,4,0,0.001,KL descent,139,140,0.163865327835083,0.025004709147664565,0.1757158024028857,False
ising,mixed,4,0,0.001,KL descent,140,141,0.16486620903015137,0.02499149369410863,0.1755075425697069,False
ising,mixed,4,0,0.001,KL descent,141,142,0.16586709022521973,0.024978419740014718,0.1753010427193754,False
ising,mixed,4,0,0.001,KL descent,142,143,0.16839861869812012,0.024965484632208584,0.17509628595609716,False
ising,mixed,4,0,0.001,KL descent,143,144,0.16992449760437012,0.024952685768636015,0.17489325554708574,False
ising,mixed,4,0,0.001,KL descent,144,145,0.17092514038085938,0.024940020597360696,0.17469193492103507,False
ising,mixed,4,0,0.001,KL descent,145,146,0.17293858528137207,0.024927486615577407,0.1744923076666024,False
ising,mixed,4,0,0.001,KL descent,146,147,0.17493963241577148,0.02491508136865111,0.17429435753090172,False
ising,mixed,4,0,0.001,KL descent,147,148,0.17594051361083984,0.024902802449169464,0.1740980684180109,False
ising,mixed,4,0,0.001,KL descent,148,149,0.17693853378295898,0.024890647496016497,0.17390342438749684,False
ising,mixed,4,0,0.001,KL descent,149,150,0.17845535278320312,0.02487861419346442,0.17371040965294166,False
ising,mixed,4,0,0.001,KL descent,150,151,0.1794741153717041,0.024866700270281712,0.17351900858049568,False
ising,mixed,4,0,0.001,KL descent,151,152,0.18047308921813965,0.02485490349886238,0.1733292056874327,False
ising,mixed,4,0,0.001,KL descent,152,153,0.1814863681793213,0.024843221694366962,0.1731409856407125,False
ising,mixed,4,0,0.001,KL descent,153,154,0.18248534202575684,0.02483165271388639,0.17295433325557735,False
ising,mixed,4,0,0.001,KL descent,154,155,0.18349075317382812,0.02482019445561698,0.17276923349413537,False
ising,mixed,4,0,0.001,KL descent,155,156,0.18448615074157715,0.024808844858056733,0.17258567146396964,False
ising,mixed,4,0,0.001,KL descent,156,157,0.18549203872680664,0.02479760189921149,0.1724036324167626,False
ising,mixed,4,0,0.001,KL descent,157,158,0.1874861717224121,0.02478646359582409,0.17222310174691763,False
ising,mixed,4,0,0.001,KL descent,158,159,0.18848609924316406,0.024775428002611986,0.17204406499021063,False
ising,mixed,4,0,0.001,KL descent,159,160,0.19035053253173828,0.024764493211522725,0.1718665078224384,False
ising,mixed,4,0,0.001,KL descent,160,161,0.19237375259399414,0.02475365735100642,0.17169041605808744,False
ising,mixed,4,0,0.001,KL descent,161,162,0.19437217712402344,0.02474291858529779,0.17151577564900866,False
ising,mixed,4,0,0.001,KL descent,162,163,0.19637298583984375,0.024732275113715244,0.17134257268311415,False
ising,mixed,4,0,0.001,KL descent,163,164,0.1973707675933838,0.024721725169975495,0.1711707933830704,False
ising,mixed,4,0,0.001,KL descent,164,165,0.19890260696411133,0.024711267021516548,0.17100042410501481,False
ising,mixed,4,0,0.001,KL descent,165,166,0.19991016387939453,0.024700898968838387,0.17083145133727473,False
ising,mixed,4,0,0.001,KL descent,166,167,0.20090842247009277,0.02469061934485666,0.17066386169911502,False
ising,mixed,4,0,0.001,KL descent,167,168,0.201904296875,0.024680426514266243,0.17049764193946848,False
ising,mixed,4,0,0.001,KL descent,168,169,0.20290374755859375,0.024670318872918248,0.1703327789357021,False
ising,mixed,4,0,0.001,KL descent,169,170,0.20390772819519043,0.024660294847213406,0.17016925969239155,False
ising,mixed,4,0,0.001,KL descent,170,171,0.2049083709716797,0.024650352893499344,0.17000707134008342,False
ising,mixed,4,0,0.001,KL descent,171,172,0.20590996742248535,0.02464049149748958,0.1698462011341063,False
ising,mixed,4,0,0.001,KL descent,172,173,0.20721960067749023,0.024630709173683724,0.16968663645335363,False
ising,mixed,4,0,0.001,KL descent,173,174,0.20824074745178223,0.024621004464809543,0.16952836479911376,False
ising,mixed,4,0,0.001,KL descent,174,175,0.2092573642730713,0.02461137594126723,0.16937137379387868,False
ising,mixed,4,0,0.001,KL descent,175,176,0.21026086807250977,0.024601822200588437,0.16921565118018173,False
ising,mixed,4,0,0.001,KL descent,176,177,0.21127533912658691,0.024592341866907685,0.16906118481944854,False
ising,mixed,4,0,0.001,KL descent,177,178,0.21227574348449707,0.024582933590441343,0.16890796269084446,False
ising,mixed,4,0,0.001,KL descent,178,179,0.21327638626098633,0.024573596046977498,0.16875597289013794,False
ising,mixed,4,0,0.001,KL descent,179,180,0.21427559852600098,0.024564327937377152,0.16860520362858422,False
ising,mixed,4,0,0.001,KL descent,180,181,0.21527695655822754,0.02455512798708291,0.16845564323180123,False
ising,mixed,4,0,0.001,KL descent,181,182,0.21628308296203613,0.02454599494564207,0.16830728013868046,False
ising,mixed,4,0,0.001,KL descent,182,183,0.21728038787841797,0.024536927586231737,0.16816010290027056,False
ising,mixed,4,0,0.001,KL descent,183,184,0.21879839897155762,0.024527924705201074,0.16801410017871726,False
ising,mixed,4,0,0.001,KL descent,184,185,0.2198166847229004,0.02451898512161729,0.16786926074616892,False
ising,mixed,4,0,0.001,KL descent,185,186,0.22083640098571777,0.02451010767682305,0.16772557348372719,False
ising,mixed,4,0,0.001,KL descent,186,187,0.2218320369720459,0.0245012912340009,0.1675830273803836,False
ising,mixed,4,0,0.001,KL descent,187,188,0.22383975982666016,0.02449253467774974,0.16744161153197978,False
ising,mixed,4,0,0.001,KL descent,188,189,0.22583603858947754,0.024483836913664448,0.1673013151401731,False
ising,mixed,4,0,0.001,KL descent,189,190,0.22683382034301758,0.024475196867928553,0.1671621275114033,False
ising,mixed,4,0,0.001,KL descent,190,191,0.2283475399017334,0.024466613486912772,0.1670240380558889,False
ising,mixed,4,0,0.001,KL descent,191,192,0.2293715476989746,0.024458085736781255,0.166887036286608,False
ising,mixed,4,0,0.001,KL descent,192,193,0.23036718368530273,0.024449612603106415,0.1667511118183097,False
ising,mixed,4,0,0.001,KL descent,193,194,0.23136305809020996,0.02444119309049073,0.1666162543665266,False
ising,mixed,4,0,0.001,KL descent,194,195,0.23236894607543945,0.02443282622219784,0.16648245374658865,False
ising,mixed,4,0,0.001,KL descent,195,196,0.2333672046661377,0.024424511039786916,0.16634969987265957,False
ising,mixed,4,0,0.001,KL descent,196,197,0.23436665534973145,0.02441624660275927,0.16621798275677668,False
ising,mixed,4,0,0.001,KL descent,197,198,0.23637127876281738,0.024408031988207988,0.16608729250789755,False
ising,mixed,4,0,0.001,KL descent,198,199,0.23637127876281738,0.024399866290477017,0.1659576193309535,False
ising,mixed,4,0,0.001,KL descent,199,200,0.2383265495300293,0.02439174862082429,0.1658289535259263,False
ising,mixed,4,0,0.001,KL descent,200,201,0.23934054374694824,0.0243836781070958,0.16570128548690954,False
ising,mixed,4,0,0.001,KL descent,201,202,0.2403428554534912,0.024375653893400403,0.16557460570120652,False
ising,mixed,4,0,0.001,KL descent,202,203,0.24135661125183105,0.02436767513979664,0.1654489047484105,False
ising,mixed,4,0,0.001,KL descent,203,204,0.2423551082611084,0.024359741021981723,0.16532417329951254,False
ising,mixed,4,0,0.001,KL descent,204,205,0.2443559169769287,0.024351850730989232,0.16520040211601156,False
ising,mixed,4,0,0.001,KL descent,205,206,0.24535322189331055,0.024344003472890067,0.16507758204902173,False
ising,mixed,4,0,0.001,KL descent,206,207,0.2463548183441162,0.02433619846850293,0.16495570403841397,False
ising,mixed,4,0,0.001,KL descent,207,208,0.24735450744628906,0.024328434953107707,0.16483475911193596,False
ising,mixed,4,0,0.001,KL descent,208,209,0.24835968017578125,0.0243207121761649,0.16471473838437162,False
ising,mixed,4,0,0.001,KL descent,209,210,0.24989795684814453,0.02431302940104118,0.16459563305666708,False
ising,mixed,4,0,0.001,KL descent,210,211,0.25089526176452637,0.024305385904740504,0.16447743441511398,False
ising,mixed,4,0,0.001,KL descent,211,212,0.25191378593444824,0.024297780977640383,0.16436013383050374,False
ising,mixed,4,0,0.001,KL descent,212,213,0.2529106140136719,0.024290213923233286,0.16424372275730048,False
ising,mixed,4,0,0.001,KL descent,213,214,0.2539081573486328,0.024282684057871488,0.16412819273283108,False
ising,mixed,4,0,0.001,KL descent,214,215,0.25490903854370117,0.024275190710521793,0.16401353537647118,False
ising,mixed,4,0,0.001,KL descent,215,216,0.2569100856781006,0.024267733222518052,0.16389974238884197,False
ising,mixed,4,0,0.001,KL descent,216,217,0.25943660736083984,0.024260310947325066,0.16378680555101566,False
ising,mixed,4,0,0.001,KL descent,217,218,0.2604389190673828,0.02425292325030389,0.16367471672373557,False
ising,mixed,4,0,0.001,KL descent,218,219,0.2624540328979492,0.024245569508480676,0.16356346784663006,False
ising,mixed,4,0,0.001,KL descent,219,220,0.2644529342651367,0.024238249110324527,0.16345305093743806,False
ising,mixed,4,0,0.001,KL descent,220,221,0.26545262336730957,0.024230961455523677,0.1633434580912545,False
ising,mixed,4,0,0.001,KL descent,221,222,0.2664499282836914,0.024223705954772738,0.16323468147975817,False
ising,mixed,4,0,0.001,KL descent,222,223,0.2684664726257324,0.024216482029557264,0.16312671335048756,False
ising,mixed,4,0,0.001,KL descent,223,224,0.26947784423828125,0.0242092891119482,0.1630195460260629,False
ising,mixed,4,0,0.001,KL descent,224,225,0.2704787254333496,0.0242021266443992,0.16291317190348298,False
ising,mixed,4,0,0.001,KL descent,225,226,0.2714881896972656,0.024194994079542453,0.1628075834533786,False
ising,mixed,4,0,0.001,KL descent,226,227,0.2724893093109131,0.024187890879998612,0.16270277321929338,False
ising,mixed,4,0,0.001,KL descent,227,228,0.27465105056762695,0.024180816518180107,0.16259873381697487,False
ising,mixed,4,0,0.001,KL descent,228,229,0.2766909599304199,0.024173770476105923,0.16249545793366305,False
ising,mixed,4,0,0.001,KL descent,229,230,0.2782106399536133,0.024166752245217343,0.16239293832738577,False
ising,mixed,4,0,0.001,KL descent,230,231,0.27922630310058594,0.02415976132619397,0.1622911678262755,False
ising,mixed,4,0,0.001,KL descent,231,232,0.28023290634155273,0.02415279722878054,0.1621901393278698,False
ising,mixed,4,0,0.001,KL descent,232,233,0.28122520446777344,0.024145859471610187,0.16208984579843705,False
ising,mixed,4,0,0.001,KL descent,233,234,0.2822270393371582,0.024138947582035584,0.1619902802723019,False
ising,mixed,4,0,0.001,KL descent,234,235,0.2842261791229248,0.024132061095962217,0.16189143585117938,False
ising,mixed,4,0,0.001,KL descent,235,236,0.28522706031799316,0.024125199557682865,0.16179330570350647,False
ising,mixed,4,0,0.001,KL descent,236,237,0.2862248420715332,0.024118362519718745,0.1616958830637914,False
ising,mixed,4,0,0.001,KL descent,237,238,0.2872278690338135,0.024111549542662255,0.1615991612319756,False
ising,mixed,4,0,0.001,KL descent,238,239,0.2882218360900879,0.02410476019502197,0.16150313357276652,False
ising,mixed,4,0,0.001,KL descent,239,240,0.2882218360900879,0.02409799405307129,0.161407793515027,False
ising,mixed,4,0,0.001,KL descent,240,241,0.2904844284057617,0.024091250700700586,0.1613131345511331,False
ising,mixed,4,0,0.001,KL descent,241,242,0.29201412200927734,0.02408452972927233,0.16121915023635447,False
ising,mixed,4,0,0.001,KL descent,242,243,0.2930126190185547,0.02407783073747812,0.1611258341882278,False
ising,mixed,4,0,0.001,KL descent,243,244,0.29401230812072754,0.024071153331198896,0.16103318008595874,False
ising,mixed,4,0,0.001,KL descent,244,245,0.2950148582458496,0.024064497123367418,0.16094118166980725,False
ising,mixed,4,0,0.001,KL descent,245,246,0.2960085868835449,0.02405786173383527,0.16084983274048953,False
ising,mixed,4,0,0.001,KL descent,246,247,0.2970089912414551,0.024051246789241008,0.1607591271585868,False
ising,mixed,4,0,0.001,KL descent,247,248,0.29851841926574707,0.024044651922880054,0.16066905884395322,False
ising,mixed,4,0,0.001,KL descent,248,249,0.2995297908782959,0.02403807677457953,0.1605796217751344,False
ising,mixed,4,0,0.001,KL descent,249,250,0.30053138732910156,0.02403152099057232,0.1604908099887915,False
ising,mixed,4,0,0.001,KL descent,250,251,0.3015275001525879,0.024024984223377933,0.16040261757913482,False
ising,mixed,4,0,0.001,KL descent,251,252,0.30252814292907715,0.024018466131681047,0.1603150386973451,False
ising,mixed,4,0,0.001,KL descent,252,253,0.3035292625427246,0.024011966380216153,0.1602280675510257,False
ising,mixed,4,0,0.001,KL descent,253,254,0.30452895164489746,0.02400548463965244,0.16014169840364767,False
ising,mixed,4,0,0.001,KL descent,254,255,0.3055295944213867,0.0239990205864802,0.16005592557399062,False
ising,mixed,4,0,0.001,KL descent,255,256,0.30652904510498047,0.023992573902903328,0.15997074343560924,False
ising,mixed,4,0,0.001,KL descent,256,257,0.30753254890441895,0.023986144276727905,0.1598861464162874,False
ising,mixed,4,0,0.001,KL descent,257,258,0.30907773971557617,0.023979731401259814,0.15980212899751062,False
ising,mixed,4,0,0.001,KL descent,258,259,0.31008481979370117,0.023973334975197807,0.15971868571393577,False
ising,mixed,4,0,0.001,KL descent,259,260,0.3110835552215576,0.023966954702533988,0.1596358111528633,False
ising,mixed,4,0,0.001,KL descent,260,261,0.31208038330078125,0.023960590292452167,0.15955349995373314,False
ising,mixed,4,0,0.001,KL descent,261,262,0.3130812644958496,0.02395424145923161,0.15947174680759313,False
ising,mixed,4,0,0.001,KL descent,262,263,0.3140828609466553,0.023947907922149732,0.15939054645660888,False
ising,mixed,4,0,0.001,KL descent,263,264,0.31508588790893555,0.023941589405388274,0.15930989369354664,False
ising,mixed,4,0,0.001,KL descent,264,265,0.31608104705810547,0.02393528563794295,0.159229783361292,False
ising,mixed,4,0,0.001,KL descent,265,266,0.31708765029907227,0.0239289963535287,0.1591502103523359,False
ising,mixed,4,0,0.001,KL descent,266,267,0.3186032772064209,0.023922721290495864,0.1590711696083087,False
ising,mixed,4,0,0.001,KL descent,267,268,0.31962084770202637,0.02391646019174012,0.15899265611947777,False
ising,mixed,4,0,0.001,KL descent,268,269,0.32062530517578125,0.023910212804617328,0.15891466492428252,False
ising,mixed,4,0,0.001,KL descent,269,270,0.3216228485107422,0.02390397888086124,0.15883719110885397,False
ising,mixed,4,0,0.001,KL descent,270,271,0.32262372970581055,0.02389775817650157,0.1587602298065492,False
ising,mixed,4,0,0.001,KL descent,271,272,0.323622465133667,0.023891550451781388,0.15868377619747903,False
ising,mixed,4,0,0.001,KL descent,272,273,0.3246188163757324,0.023885355471080588,0.15860782550806135,False
ising,mixed,4,0,0.001,KL descent,273,274,0.32561635971069336,0.023879173002837085,0.15853237301055495,False
ising,mixed,4,0,0.001,KL descent,274,275,0.32661986351013184,0.023873002819472487,0.15845741402260788,False
ising,mixed,4,0,0.001,KL descent,275,276,0.3276247978210449,0.02386684469731667,0.1583829439068224,False
ising,mixed,4,0,0.001,KL descent,276,277,0.32914090156555176,0.023860698416534383,0.15830895807030065,False
ising,mixed,4,0,0.001,KL descent,277,278,0.3311803340911865,0.023854563761055082,0.15823545196420985,False
ising,mixed,4,0,0.001,KL descent,278,279,0.33217453956604004,0.023848440518502125,0.1581624210833525,False
ising,mixed,4,0,0.001,KL descent,279,280,0.33318638801574707,0.023842328480123878,0.15808986096573585,False
ising,mixed,4,0,0.001,KL descent,280,281,0.3341813087463379,0.0238362274407273,0.15801776719214433,False
ising,mixed,4,0,0.001,KL descent,281,282,0.3351767063140869,0.023830137198610813,0.15794613538572355,False
ising,mixed,4,0,0.001,KL descent,282,283,0.33617663383483887,0.023824057555498684,0.1578749612115531,False
ising,mixed,4,0,0.001,KL descent,283,284,0.33717870712280273,0.023817988316479955,0.15780424037624885,False
ising,mixed,4,0,0.001,KL descent,284,285,0.33869004249572754,0.023811929289944182,0.15773396862754663,False
ising,mixed,4,0,0.001,KL descent,285,286,0.3397026062011719,0.023805880287520457,0.1576641417538961,False
ising,mixed,4,0,0.001,KL descent,286,287,0.34070730209350586,0.023799841124018208,0.15759475558405844,False
ising,mixed,4,0,0.001,KL descent,287,288,0.3417208194732666,0.023793811617367974,0.15752580598672067,False
ising,mixed,4,0,0.001,KL descent,288,289,0.34271788597106934,0.023787791588563544,0.15745728887009292,False
ising,mixed,4,0,0.001,KL descent,289,290,0.3437199592590332,0.023781780861605782,0.15738920018152291,False
ising,mixed,4,0,0.001,KL descent,290,291,0.34471821784973145,0.02377577926344719,0.15732153590711528,False
ising,mixed,4,0,0.001,KL descent,291,292,0.3457202911376953,0.023769786623936695,0.15725429207133768,False
ising,mixed,4,0,0.001,KL descent,292,293,0.34671664237976074,0.02376380277576748,0.15718746473665612,False
ising,mixed,4,0,0.001,KL descent,293,294,0.34822678565979004,0.023757827554424005,0.15712105000316057,False
ising,mixed,4,0,0.001,KL descent,294,295,0.34923887252807617,0.023751860798131588,0.1570550440081892,False
ising,mixed,4,0,0.001,KL descent,295,296,0.3502373695373535,0.023745902347803563,0.15698944292596362,False
ising,mixed,4,0,0.001,KL descent,296,297,0.35124635696411133,0.02373995204699524,0.15692424296722807,False
ising,mixed,4,0,0.001,KL descent,297,298,0.3522469997406006,0.023734009741852944,0.15685944037889038,False
ising,mixed,4,0,0.001,KL descent,298,299,0.35324859619140625,0.023728075281069246,0.15679503144366524,False
ising,mixed,4,0,0.001,KL descent,299,300,0.354248046875,0.023722148515832493,0.15673101247972204,False
ising,mixed,4,0,0.001,KL descent,300,301,0.35525083541870117,0.023716229299784973,0.15666737984033874,False
ising,mixed,4,0,0.001,KL descent,301,302,0.35625290870666504,0.023710317488975882,0.15660412991355221,False
ising,mixed,4,0,0.001,KL descent,302,303,0.3572573661804199,0.023704412941817635,0.15654125912181888,False
ising,mixed,4,0,0.001,KL descent,303,304,0.3582572937011719,0.023698515519044634,0.15647876392168558,False
ising,mixed,4,0,0.001,KL descent,304,305,0.35878491401672363,0.023692625083667315,0.15641664080343476,False
ising,mixed,4,0,0.001,KL descent,305,306,0.35979151725769043,0.023686741500935263,0.1563548862907666,False
ising,mixed,4,0,0.001,KL descent,306,307,0.3607971668243408,0.023680864638291967,0.15629349694047595,False
ising,mixed,4,0,0.001,KL descent,307,308,0.36179041862487793,0.023674994365339323,0.15623246934211088,False
ising,mixed,4,0,0.001,KL descent,308,309,0.36278629302978516,0.023669130553794625,0.15617180011766119,False
ising,mixed,4,0,0.001,KL descent,309,310,0.3637852668762207,0.023663273077454465,0.15611148592124935,False
ising,mixed,4,0,0.001,KL descent,310,311,0.36478495597839355,0.02365742181215673,0.15605152343878181,False
ising,mixed,4,0,0.001,KL descent,311,312,0.3657853603363037,0.023651576635743615,0.15599190938768043,False
ising,mixed,4,0,0.001,KL descent,312,313,0.36730360984802246,0.023645737428024352,0.15593264051653222,False
ising,mixed,4,0,0.001,KL descent,313,314,0.3683176040649414,0.02363990407074198,0.1558737136048165,False
ising,mixed,4,0,0.001,KL descent,314,315,0.3688323497772217,0.023634076447535908,0.1558151254625828,False
ising,mixed,4,0,0.001,KL descent,315,316,0.36983752250671387,0.02362825444390955,0.15575687293015267,False
ising,mixed,4,0,0.001,KL descent,316,317,0.3708367347717285,0.023622437947195915,0.15569895287782887,False
ising,mixed,4,0,0.001,KL descent,317,318,0.3728752136230469,0.023616626846524758,0.15564136220559582,False
ising,mixed,4,0,0.001,KL descent,318,319,0.37389492988586426,0.023610821032790875,0.15558409784282617,False
ising,mixed,4,0,0.001,KL descent,319,320,0.3748903274536133,0.023605020398621442,0.15552715674799966,False
ising,mixed,4,0,0.001,KL descent,320,321,0.37592220306396484,0.023599224838346554,0.15547053590841453,False
ising,mixed,4,0,0.001,KL descent,321,322,0.37688732147216797,0.023593434247967053,0.15541423233990126,False
ising,mixed,4,0,0.001,KL descent,322,323,0.37839579582214355,0.02358764852512511,0.1553582430865469,False
ising,mixed,4,0,0.001,KL descent,323,324,0.37940526008605957,0.023581867569075165,0.15530256522041141,False
ising,mixed,4,0,0.001,KL descent,324,325,0.380403995513916,0.023576091280655992,0.15524719584126817,False
ising,mixed,4,0,0.001,KL descent,325,326,0.38141489028930664,0.02357031956226045,0.155192132076312,False
ising,mixed,4,0,0.001,KL descent,326,327,0.38241124153137207,0.023564552317809316,0.15513737107990344,False
ising,mixed,4,0,0.001,KL descent,327,328,0.38341379165649414,0.023558789452723772,0.15508291003330188,False
ising,mixed,4,0,0.001,KL descent,328,329,0.384411096572876,0.023553030873898637,0.15502874614439788,False
ising,mixed,4,0,0.001,KL descent,329,330,0.38541316986083984,0.023547276489675827,0.1549748766474472,False
ising,mixed,4,0,0.001,KL descent,330,331,0.3864109516143799,0.023541526209819502,0.15492129880282834,False
ising,mixed,4,0,0.001,KL descent,331,332,0.38741111755371094,0.02353577994549082,0.15486800989677157,False
ising,mixed,4,0,0.001,KL descent,332,333,0.3884110450744629,0.02353003760922201,0.15481500724110747,False
ising,mixed,4,0,0.001,KL descent,333,334,0.3889181613922119,0.023524299114893964,0.15476228817302584,False
ising,mixed,4,0,0.001,KL descent,334,335,0.3911166191101074,0.02351856437771025,0.1547098500548162,False
ising,mixed,4,0,0.001,KL descent,335,336,0.39212989807128906,0.02351283331417596,0.15465769027362847,False
ising,mixed,4,0,0.001,KL descent,336,337,0.3941323757171631,0.023507105842073366,0.15460580624122233,False
ising,mixed,4,0,0.001,KL descent,337,338,0.39513230323791504,0.023501381880440105,0.1545541953937387,False
ising,mixed,4,0,0.001,KL descent,338,339,0.3961334228515625,0.02349566134954734,0.15450285519144574,False
ising,mixed,4,0,0.001,KL descent,339,340,0.39713120460510254,0.023489944170876825,0.15445178311851665,False
ising,mixed,4,0,0.001,KL descent,340,341,0.39713120460510254,0.023484230267101773,0.15440097668278463,False
ising,mixed,4,0,0.001,KL descent,341,342,0.3996543884277344,0.023478519562063434,0.1543504334155173,False
ising,mixed,4,0,0.001,KL descent,342,343,0.4006516933441162,0.023472811980753,0.1543001508711908,False
ising,mixed,4,0,0.001,KL descent,343,344,0.40165233612060547,0.023467107449290207,0.15425012662724535,False
ising,mixed,4,0,0.001,KL descent,344,345,0.4026522636413574,0.023461405894904523,0.15420035828388523,False
ising,mixed,4,0,0.001,KL descent,345,346,0.40465784072875977,0.02345570724591385,0.15415084346383745,False
ising,mixed,4,0,0.001,KL descent,346,347,0.4086580276489258,0.02345001143170902,0.15410157981214,False
ising,mixed,4,0,0.001,KL descent,347,348,0.409177303314209,0.023444318382731203,0.15405256499592013,False
ising,mixed,4,0,0.001,KL descent,348,349,0.4111967086791992,0.02343862803045782,0.1540037967041789,False
ising,mixed,4,0,0.001,KL descent,349,350,0.41219592094421387,0.02343294030738011,0.1539552726475809,False
ising,mixed,4,0,0.001,KL descent,350,351,0.4131965637207031,0.023427255146989453,0.15390699055823637,False
ising,mixed,4,0,0.001,KL descent,351,352,0.4141969680786133,0.023421572483757796,0.1538589481894917,False
ising,mixed,4,0,0.001,KL descent,352,353,0.4151954650878906,0.02341589225312151,0.15381114331573675,False
ising,mixed,4,0,0.001,KL descent,353,354,0.416196346282959,0.023410214391464852,0.15376357373217675,False
ising,mixed,4,0,0.001,KL descent,354,355,0.41719627380371094,0.023404538836102894,0.15371623725463684,False
ising,mixed,4,0,0.001,KL descent,355,356,0.4181945323944092,0.023398865525266665,0.15366913171937652,False
ising,mixed,4,0,0.001,KL descent,356,357,0.4193093776702881,0.023393194398087055,0.15362225498286275,False
ising,mixed,4,0,0.001,KL descent,357,358,0.42030930519104004,0.023387525394577804,0.1535756049215969,False
ising,mixed,4,0,0.001,KL descent,358,359,0.4213218688964844,0.02338185845562304,0.15352917943190125,False
ising,mixed,4,0,0.001,KL descent,359,360,0.42231106758117676,0.02337619352296026,0.15348297642973918,False
ising,mixed,4,0,0.001,KL descent,360,361,0.4243123531341553,0.02337053053916716,0.1534369938505155,False
ising,mixed,4,0,0.001,KL descent,361,362,0.42530226707458496,0.023364869447645726,0.1533912296488834,False
ising,mixed,4,0,0.001,KL descent,362,363,0.42630553245544434,0.02335921019261003,0.1533456817985716,False
ising,mixed,4,0,0.001,KL descent,363,364,0.4273087978363037,0.023353552719071375,0.1533003482921802,False
ising,mixed,4,0,0.001,KL descent,364,365,0.42830562591552734,0.023347896972824352,0.15325522714100953,False
ising,mixed,4,0,0.001,KL descent,365,366,0.42830562591552734,0.023342242900434167,0.1532103163748691,False
ising,mixed,4,0,0.001,KL descent,366,367,0.4305858612060547,0.023336590449224263,0.15316561404190565,False
ising,mixed,4,0,0.001,KL descent,367,368,0.43158698081970215,0.023330939567261115,0.15312111820841567,False
ising,mixed,4,0,0.001,KL descent,368,369,0.43259358406066895,0.02332529020334479,0.1530768269586792,False
ising,mixed,4,0,0.001,KL descent,369,370,0.43358445167541504,0.0233196423069945,0.15303273839476517,False
ising,mixed,4,0,0.001,KL descent,370,371,0.4345879554748535,0.023313995828436854,0.15298885063638934,False
ising,mixed,4,0,0.001,KL descent,371,372,0.43558764457702637,0.023308350718593926,0.15294516182070506,False
ising,mixed,4,0,0.001,KL descent,372,373,0.43659067153930664,0.023302706929071767,0.15290167010216793,False
ising,mixed,4,0,0.001,KL descent,373,374,0.43758630752563477,0.023297064412149508,0.1528583736523383,False
ising,mixed,4,0,0.001,KL descent,374,375,0.43859195709228516,0.023291423120766975,0.1528152706597395,False
ising,mixed,4,0,0.001,KL descent,375,376,0.4399731159210205,0.023285783008514273,0.15277235932967248,False
ising,mixed,4,0,0.001,KL descent,376,377,0.44097042083740234,0.023280144029619962,0.15272963788406985,False
ising,mixed,4,0,0.001,KL descent,377,378,0.4419698715209961,0.023274506138942344,0.15268710456131585,False
ising,mixed,4,0,0.001,KL descent,378,379,0.44397950172424316,0.02326886929195729,0.1526447576161034,False
ising,mixed,4,0,0.001,KL descent,379,380,0.44497060775756836,0.023263233444748916,0.1526025953192639,False
ising,mixed,4,0,0.001,KL descent,380,381,0.44597744941711426,0.02325759855399807,0.15256061595761772,False
ising,mixed,4,0,0.001,KL descent,381,382,0.4469764232635498,0.023251964576974128,0.15251881783381138,False
ising,mixed,4,0,0.001,KL descent,382,383,0.4469764232635498,0.02324633147152469,0.15247719926617131,False
ising,mixed,4,0,0.001,KL descent,383,384,0.44849562644958496,0.023240699196065296,0.1524357585885442,False
ising,mixed,4,0,0.001,KL descent,384,385,0.4505157470703125,0.02323506770957121,0.1523944941501535,False
ising,mixed,4,0,0.001,KL descent,385,386,0.45151329040527344,0.023229436971567284,0.15235340431544075,False
ising,mixed,4,0,0.001,KL descent,386,387,0.4525175094604492,0.023223806942118702,0.152312487463932,False
ising,mixed,4,0,0.001,KL descent,387,388,0.45351529121398926,0.023218177581823245,0.1522717419900731,False
ising,mixed,4,0,0.001,KL descent,388,389,0.4545125961303711,0.023212548851801806,0.15223116630310074,False
ising,mixed,4,0,0.001,KL descent,389,390,0.4565107822418213,0.023206920713689808,0.15219075882689026,False
ising,mixed,4,0,0.001,KL descent,390,391,0.45751047134399414,0.023201293129629166,0.1521505179998136,False
ising,mixed,4,0,0.001,KL descent,391,392,0.4585139751434326,0.023195666062258972,0.15211044227460313,False
ising,mixed,4,0,0.001,KL descent,392,393,0.4590270519256592,0.023190039474708605,0.15207053011820992,False
ising,mixed,4,0,0.001,KL descent,393,394,0.4610447883605957,0.02318441333058946,0.15203078001166292,False
ising,mixed,4,0,0.001,KL descent,394,395,0.46204423904418945,0.023178787593986935,0.15199119044994236,False
ising,mixed,4,0,0.001,KL descent,395,396,0.4630439281463623,0.023173162229452263,0.1519517599418269,False
ising,mixed,4,0,0.001,KL descent,396,397,0.46404433250427246,0.023167537201995558,0.15191248700977983,False
ising,mixed,4,0,0.001,KL descent,397,398,0.465043306350708,0.02316191247707795,0.15187337018980185,False
ising,mixed,4,0,0.001,KL descent,398,399,0.46604323387145996,0.023156288020605476,0.1518344080313072,False
ising,mixed,4,0,0.001,KL descent,399,400,0.46604323387145996,0.02315066379892043,0.15179559909698837,False
ising,mixed,4,0,0.001,KL descent,400,401,0.4685819149017334,0.0231450397787951,0.15175694196269368,False
ising,mixed,4,0,0.001,KL descent,401,402,0.47011637687683105,0.02313941592742404,0.1517184352172976,False
ising,mixed,4,0,0.001,KL descent,402,403,0.4711306095123291,0.023133792212418493,0.15168007746257162,False
ising,mixed,4,0,0.001,KL descent,403,404,0.47212839126586914,0.023128168601798928,0.1516418673130634,False
ising,mixed,4,0,0.001,KL descent,404,405,0.474132776260376,0.023122545063988458,0.15160380339596413,False
ising,mixed,4,0,0.001,KL descent,405,406,0.4751300811767578,0.023116921567807376,0.1515658843510092,False
ising,mixed,4,0,0.001,KL descent,406,407,0.47613096237182617,0.02311129808246544,0.15152810883032752,False
ising,mixed,4,0,0.001,KL descent,407,408,0.4771292209625244,0.023105674577556273,0.15149047549833672,False
ising,mixed,4,0,0.001,KL descent,408,409,0.4796586036682129,0.02310005102305096,0.15145298303163002,False
ising,mixed,4,0,0.001,KL descent,409,410,0.48067808151245117,0.023094427389294035,0.1514156301188455,False
ising,mixed,4,0,0.001,KL descent,410,411,0.48267197608947754,0.02308880364699336,0.15137841546055553,False
ising,mixed,4,0,0.001,KL descent,411,412,0.4836695194244385,0.023083179767219006,0.15134133776915498,False
ising,mixed,4,0,0.001,KL descent,412,413,0.4846773147583008,0.023077555721394125,0.1513043957687466,False
ising,mixed,4,0,0.001,KL descent,413,414,0.4856710433959961,0.023071931481291795,0.15126758819501585,False
ising,mixed,4,0,0.001,KL descent,414,415,0.48666906356811523,0.023066307019027003,0.1512309137951292,False
ising,mixed,4,0,0.001,KL descent,415,416,0.4881892204284668,0.0230606823070539,0.15119437132763697,False
ising,mixed,4,0,0.001,KL descent,416,417,0.48920369148254395,0.02305505731815876,0.15115795956232891,False
ising,mixed,4,0,0.001,KL descent,417,418,0.4902031421661377,0.023049432025455258,0.1511216772801569,False
ising,mixed,4,0,0.001,KL descent,418,419,0.49121928215026855,0.02304380640237931,0.15108552327311742,False
ising,mixed,4,0,0.001,KL descent,419,420,0.4922213554382324,0.023038180422684216,0.15104949634413806,False
ising,mixed,4,0,0.001,KL descent,420,421,0.4932122230529785,0.023032554060435223,0.15101359530697733,False
ising,mixed,4,0,0.001,KL descent,421,422,0.49427247047424316,0.023026927290005682,0.15097781898612772,False
ising,mixed,4,0,0.001,KL descent,422,423,0.49529004096984863,0.0230213000860706,0.15094216621670054,False
ising,mixed,4,0,0.001,KL descent,423,424,0.4962947368621826,0.023015672423604094,0.15090663584432917,False
ising,mixed,4,0,0.001,KL descent,424,425,0.4972860813140869,0.023010044277872645,0.1508712267250658,False
ising,mixed,4,0,0.001,KL descent,425,426,0.4987969398498535,0.02300441562443236,0.15083593772528536,False
ising,mixed,4,0,0.001,KL descent,426,427,0.49982690811157227,0.02299878643912308,0.15080076772158169,False
ising,mixed,4,0,0.001,KL descent,427,428,0.5008397102355957,0.022993156698064496,0.15076571560066693,False
ising,mixed,4,0,0.001,KL descent,428,429,0.5018429756164551,0.022987526377653326,0.15073078025928388,False
ising,mixed,4,0,0.001,KL descent,429,430,0.5028471946716309,0.022981895454555677,0.15069596060410084,False
ising,mixed,4,0,0.001,KL descent,430,431,0.5048418045043945,0.02297626390570635,0.1506612555516204,False
ising,mixed,4,0,0.001,KL descent,431,432,0.5068378448486328,0.02297063170830306,0.1506266640280749,False
ising,mixed,4,0,0.001,KL descent,432,433,0.5083520412445068,0.022964998839802925,0.15059218496935728,False
ising,mixed,4,0,0.001,KL descent,433,434,0.509361982345581,0.022959365277917462,0.15055781732089502,False
ising,mixed,4,0,0.001,KL descent,434,435,0.5103704929351807,0.022953731000610194,0.1505235600375931,False
ising,mixed,4,0,0.001,KL descent,435,436,0.5113670825958252,0.022948095986092126,0.15048941208370836,False
ising,mixed,4,0,0.001,KL descent,436,437,0.5123646259307861,0.022942460212817723,0.15045537243279317,False
ising,mixed,4,0,0.001,KL descent,437,438,0.5133645534515381,0.022936823659481957,0.15042144006757668,False
ising,mixed,4,0,0.001,KL descent,438,439,0.5143640041351318,0.02293118630501587,0.15038761397990014,False
ising,mixed,4,0,0.001,KL descent,439,440,0.5153641700744629,0.02292554812858339,0.15035389317061226,False
ising,mixed,4,0,0.001,KL descent,440,441,0.5163679122924805,0.02291990910957826,0.1503202766494971,False
ising,mixed,4,0,0.001,KL descent,441,442,0.518369197845459,0.02291426922761921,0.15028676343517572,False
ising,mixed,4,0,0.001,KL descent,442,443,0.518369197845459,0.022908628462549187,0.1502533525550322,False
ising,mixed,4,0,0.001,KL descent,443,444,0.5198516845703125,0.022902986794428853,0.15022004304512254,False
ising,mixed,4,0,0.001,KL descent,444,445,0.5208494663238525,0.022897344203535046,0.15018683395009197,False
ising,mixed,4,0,0.001,KL descent,445,446,0.521852970123291,0.02289170067035776,0.15015372432309482,False
ising,mixed,4,0,0.001,KL descent,446,447,0.5238513946533203,0.0228860561755962,0.15012071322571763,False
ising,mixed,4,0,0.001,KL descent,447,448,0.524855375289917,0.0228804107001563,0.15008779972788666,False
ising,mixed,4,0,0.001,KL descent,448,449,0.5258543491363525,0.02287476422514733,0.15005498290780117,False
ising,mixed,4,0,0.001,KL descent,449,450,0.5268521308898926,0.022869116731878286,0.15002226185184353,False
ising,mixed,4,0,0.001,KL descent,450,451,0.528364896774292,0.022863468201856453,0.1499896356545093,False
ising,mixed,4,0,0.001,KL descent,451,452,0.5293750762939453,0.02285781861678263,0.1499571034183234,False
ising,mixed,4,0,0.001,KL descent,452,453,0.5303750038146973,0.022852167958551006,0.14992466425376516,False
ising,mixed,4,0,0.001,KL descent,453,454,0.5313842296600342,0.02284651620924202,0.149892317279194,False
ising,mixed,4,0,0.001,KL descent,454,455,0.5323820114135742,0.022840863351124265,0.14986006162077958,False
ising,mixed,4,0,0.001,KL descent,455,456,0.533374547958374,0.022835209366648606,0.14982789641240968,False
ising,mixed,4,0,0.001,KL descent,456,457,0.5343761444091797,0.02282955423844635,0.1497958207956343,False
ising,mixed,4,0,0.001,KL descent,457,458,0.53537917137146,0.02282389794932806,0.1497638339195842,False
ising,mixed,4,0,0.001,KL descent,458,459,0.5373737812042236,0.02281824048227827,0.1497319349409043,False
ising,mixed,4,0,0.001,KL descent,459,460,0.5383741855621338,0.02281258182045547,0.14970012302367197,False
ising,mixed,4,0,0.001,KL descent,460,461,0.5398917198181152,0.02280692194718715,0.1496683973393348,False
ising,mixed,4,0,0.001,KL descent,461,462,0.5408971309661865,0.02280126084596968,0.14963675706664215,False
ising,mixed,4,0,0.001,KL descent,462,463,0.5419111251831055,0.02279559850046558,0.14960520139156253,False
ising,mixed,4,0,0.001,KL descent,463,464,0.5438888072967529,0.022789934894498508,0.14957372950722853,False
ising,mixed,4,0,0.001,KL descent,464,465,0.5448932647705078,0.02278427001205425,0.14954234061386468,False
ising,mixed,4,0,0.001,KL descent,465,466,0.5458958148956299,0.022778603837276548,0.14951103391872078,False
ising,mixed,4,0,0.001,KL descent,466,467,0.5468997955322266,0.02277293635446501,0.14947980863599647,False
ising,mixed,4,0,0.001,KL descent,467,468,0.5484113693237305,0.022767267548074056,0.14944866398678458,False
ising,mixed,4,0,0.001,KL descent,468,469,0.5494246482849121,0.022761597402708226,0.14941759919900688,False
ising,mixed,4,0,0.001,KL descent,469,470,0.5504226684570312,0.02275592590312326,0.14939557897544764,False
ising,mixed,4,0,0.001,KL descent,470,471,0.5514419078826904,0.02275025303422154,0.1493895458674861,False
ising,mixed,4,0,0.001,KL descent,471,472,0.5524413585662842,0.022744578781050226,0.1493834188874928,False
ising,mixed,4,0,0.001,KL descent,472,473,0.5534408092498779,0.02273890312880088,0.14937719871386634,False
ising,mixed,4,0,0.001,KL descent,473,474,0.5544397830963135,0.022733226062805003,0.14937088601877618,False
ising,mixed,4,0,0.001,KL descent,474,475,0.5554409027099609,0.022727547568534227,0.14936448146822962,False
ising,mixed,4,0,0.001,KL descent,475,476,0.5568208694458008,0.022721867631597746,0.14935798572212855,False
ising,mixed,4,0,0.001,KL descent,476,477,0.5568208694458008,0.022716186237737985,0.1493513994343264,False
ising,mixed,4,0,0.001,KL descent,477,478,0.5583319664001465,0.02271050337283369,0.1493447232526789,False
ising,mixed,4,0,0.001,KL descent,478,479,0.5593512058258057,0.022704819022893147,0.1493379578191198,False
ising,mixed,4,0,0.001,KL descent,479,480,0.5603506565093994,0.02269913317405494,0.1493311037696904,False
ising,mixed,4,0,0.001,KL descent,480,481,0.5623471736907959,0.022693445812585894,0.14932416173461993,False
ising,mixed,4,0,0.001,KL descent,481,482,0.564342737197876,0.02268775692487816,0.14931713233836308,False
ising,mixed,4,0,0.001,KL descent,482,483,0.5653426647186279,0.022682066497448652,0.1493100161996626,False
ising,mixed,4,0,0.001,KL descent,483,484,0.5663766860961914,0.022676374516937634,0.14930281393160016,False
ising,mixed,4,0,0.001,KL descent,484,485,0.5679070949554443,0.022670680970104523,0.14929552614165947,False
ising,mixed,4,0,0.001,KL descent,485,486,0.5684328079223633,0.02266498584382955,0.14928815343175583,False
ising,mixed,4,0,0.001,KL descent,486,487,0.5694503784179688,0.022659289125110654,0.1492806963983162,False
ising,mixed,4,0,0.001,KL descent,487,488,0.5714528560638428,0.022653590801060268,0.1492731556323144,False
ising,mixed,4,0,0.001,KL descent,488,489,0.5724542140960693,0.022647890858906797,0.14926553171932572,False
ising,mixed,4,0,0.001,KL descent,489,490,0.5734543800354004,0.02264218928599051,0.1492578252395812,False
ising,mixed,4,0,0.001,KL descent,490,491,0.5744538307189941,0.02263648606976312,0.14925003676801046,False
ising,mixed,4,0,0.001,KL descent,491,492,0.5754537582397461,0.02263078119778609,0.1492421668742981,False
ising,mixed,4,0,0.001,KL descent,492,493,0.5774538516998291,0.022625074657729838,0.14923421612293553,False
ising,mixed,4,0,0.001,KL descent,493,494,0.5784528255462646,0.022619366437370694,0.14922618507326318,False
ising,mixed,4,0,0.001,KL descent,494,495,0.5795154571533203,0.022613656524590353,0.1492180742795144,False
ising,mixed,4,0,0.001,KL descent,495,496,0.5805385112762451,0.022607944907374465,0.14920988429088322,False
ising,mixed,4,0,0.001,KL descent,496,497,0.5815155506134033,0.02260223157381244,0.1492016156515485,False
ising,mixed,4,0,0.001,KL descent,497,498,0.5825226306915283,0.022596516512092372,0.14919326890073548,False
ising,mixed,4,0,0.001,KL descent,498,499,0.5835201740264893,0.02259079971050449,0.14918484457275888,False
ising,mixed,4,0,0.001,KL descent,499,500,0.5845174789428711,0.02258508115743553,0.14917634319706613,False
ising,mixed,4,0,0.001,KL descent,500,501,0.5855488777160645,0.022579360841371417,0.1491677652982868,False
ising,mixed,4,0,0.001,KL descent,501,502,0.586540937423706,0.022573638750891363,0.14915911139627597,False
ising,mixed,4,0,0.001,KL descent,502,503,0.5875351428985596,0.02256791487467048,0.1491503820061571,False
ising,mixed,4,0,0.001,KL descent,503,504,0.5885348320007324,0.02256218920147782,0.14914157763837244,False
ising,mixed,4,0,0.001,KL descent,504,505,0.5885348320007324,0.022556461720172415,0.14913269879871593,False
ising,mixed,4,0,0.001,KL descent,505,506,0.5899233818054199,0.022550732419706104,0.14912374598839295,False
ising,mixed,4,0,0.001,KL descent,506,507,0.5909442901611328,0.02254500128911878,0.14911471970404488,False
ising,mixed,4,0,0.001,KL descent,507,508,0.5929386615753174,0.02253926831753974,0.14910562043780629,False
ising,mixed,4,0,0.001,KL descent,508,509,0.5939345359802246,0.02253353349418475,0.1490964486773405,False
ising,mixed,4,0,0.001,KL descent,509,510,0.5939345359802246,0.022527796808356048,0.14908720490588206,False
ising,mixed,4,0,0.001,KL descent,510,511,0.5951688289642334,0.02252205824944117,0.14907788960227703,False
ising,mixed,4,0,0.001,KL descent,511,512,0.5961971282958984,0.022516317806910338,0.14906850324102788,False
ising,mixed,4,0,0.001,KL descent,512,513,0.5971992015838623,0.022510575470317422,0.1490590462923264,False
ising,mixed,4,0,0.001,KL descent,513,514,0.5981998443603516,0.022504831229297508,0.1490495192221078,False
ising,mixed,4,0,0.001,KL descent,514,515,0.5992646217346191,0.022499085073566856,0.14903992249207448,False
ising,mixed,4,0,0.001,KL descent,515,516,0.6002442836761475,0.0224933369929202,0.14903025655974544,False
ising,mixed,4,0,0.001,KL descent,516,517,0.6012628078460693,0.022487586977231366,0.1490205218784929,False
ising,mixed,4,0,0.001,KL descent,517,518,0.6022460460662842,0.02248183501645215,0.14901071889757955,False
ising,mixed,4,0,0.001,KL descent,518,519,0.6032624244689941,0.022476081100609304,0.14900084806219527,False
ising,mixed,4,0,0.001,KL descent,519,520,0.6042482852935791,0.022470325219806703,0.14899090981350094,False
ising,mixed,4,0,0.001,KL descent,520,521,0.6052477359771729,0.022464567364221925,0.14898090458866403,False
ising,mixed,4,0,0.001,KL descent,521,522,0.6065783500671387,0.02245880752410583,0.14897083282088674,False
ising,mixed,4,0,0.001,KL descent,522,523,0.6076123714447021,0.022453045689782392,0.1489606949394604,False
ising,mixed,4,0,0.001,KL descent,523,524,0.6091179847717285,0.022447281851646555,0.14895049136978467,False
ising,mixed,4,0,0.001,KL descent,524,525,0.6101222038269043,0.022441516000164977,0.14894022253340705,False
ising,mixed,4,0,0.001,KL descent,525,526,0.6111207008361816,0.022435748125874115,0.1489298888480769,False
ising,mixed,4,0,0.001,KL descent,526,527,0.6121582984924316,0.022429978219377932,0.14891949072774757,False
ising,mixed,4,0,0.001,KL descent,527,528,0.6141409873962402,0.022424206271349684,0.14890902858264615,False
ising,mixed,4,0,0.001,KL descent,528,529,0.6141409873962402,0.022418432272530035,0.14889850281927952,False
ising,mixed,4,0,0.001,KL descent,529,530,0.6161386966705322,0.02241265621372507,0.1488879138404911,False
ising,mixed,4,0,0.001,KL descent,530,531,0.6171417236328125,0.022406878085807182,0.14887726204548013,False
ising,mixed,4,0,0.001,KL descent,531,532,0.6171417236328125,0.02240109787971304,0.14886654782983544,False
ising,mixed,4,0,0.001,KL descent,532,533,0.6186745166778564,0.02239531558644309,0.1488557715855835,False
ising,mixed,4,0,0.001,KL descent,533,534,0.61981201171875,0.022389531197061184,0.14884493370120322,False
ising,mixed,4,0,0.001,KL descent,534,535,0.6208040714263916,0.022383744702693328,0.14883403456166994,False
ising,mixed,4,0,0.001,KL descent,535,536,0.6218044757843018,0.02237795609452738,0.14882307454848986,False
ising,mixed,4,0,0.001,KL descent,536,537,0.6227273941040039,0.022372165363811147,0.1488120540397131,False
ising,mixed,4,0,0.001,KL descent,537,538,0.6236894130706787,0.022366372501852864,0.1488009734099971,False
ising,mixed,4,0,0.001,KL descent,538,539,0.6246974468231201,0.022360577500019945,0.1487898330306049,False
ising,mixed,4,0,0.001,KL descent,539,540,0.6258103847503662,0.022354780349738552,0.14877863326946367,False
ising,mixed,4,0,0.001,KL descent,540,541,0.6268093585968018,0.022348981042492846,0.1487673744911756,False
ising,mixed,4,0,0.001,KL descent,541,542,0.6268093585968018,0.02234317956982263,0.1487560570570602,False
ising,mixed,4,0,0.001,KL descent,542,543,0.6284487247467041,0.022337375923325624,0.14874468132518126,False
ising,mixed,4,0,0.001,KL descent,543,544,0.6295919418334961,0.022331570094654796,0.14873324765037155,False
ising,mixed,4,0,0.001,KL descent,544,545,0.630584716796875,0.022325762075517445,0.14872175638427482,False
ising,mixed,4,0,0.001,KL descent,545,546,0.6315772533416748,0.022319951857675758,0.14871020787536293,False
ising,mixed,4,0,0.001,KL descent,546,547,0.6325833797454834,0.022314139432946124,0.1486986024689702,False
ising,mixed,4,0,0.001,KL descent,547,548,0.6335873603820801,0.022308324793196374,0.1486869405073249,False
ising,mixed,4,0,0.001,KL descent,548,549,0.6345486640930176,0.022302507930348353,0.14867522232956942,False
ising,mixed,4,0,0.001,KL descent,549,550,0.6355843544006348,0.022296688836374326,0.14866344827180156,False
ising,mixed,4,0,0.001,KL descent,550,551,0.6365857124328613,0.02229086750329895,0.14865161866708587,False
ising,mixed,4,0,0.001,KL descent,551,552,0.6376054286956787,0.02228504392319557,0.14863973384549745,False
ising,mixed,4,0,0.001,KL descent,552,553,0.6385767459869385,0.022279218088189043,0.14862779413413563,False
ising,mixed,4,0,0.001,KL descent,553,554,0.640453577041626,0.022273389990452364,0.14861579985716933,False
ising,mixed,4,0,0.001,KL descent,554,555,0.6415905952453613,0.022267559622208413,0.1486037513358368,False
ising,mixed,4,0,0.001,KL descent,555,556,0.6425278186798096,0.022261726975726825,0.14859164888850107,False
ising,mixed,4,0,0.001,KL descent,556,557,0.6435179710388184,0.02225589204332553,0.14857949283065475,False
ising,mixed,4,0,0.001,KL descent,557,558,0.64455246925354,0.02225005481736938,0.1485672834749625,False
ising,mixed,4,0,0.001,KL descent,558,559,0.6455044746398926,0.0222442152902687,0.14855502113127267,False
ising,mixed,4,0,0.001,KL descent,559,560,0.6465556621551514,0.022238373454481663,0.1485427061066511,False
ising,mixed,4,0,0.001,KL descent,560,561,0.6475605964660645,0.022232529302509355,0.14853033870540805,False
ising,mixed,4,0,0.001,KL descent,561,562,0.6485583782196045,0.0222266828268994,0.1485179192291145,False
ising,mixed,4,0,0.001,KL descent,562,563,0.6491780281066895,0.02222083402024295,0.148505447976639,False
ising,mixed,4,0,0.001,KL descent,563,564,0.6502816677093506,0.022214982875174146,0.14849292524416213,False
ising,mixed,4,0,0.001,KL descent,564,565,0.6512725353240967,0.022209129384372223,0.14848035132520243,False
ising,mixed,4,0,0.001,KL descent,565,566,0.6522748470306396,0.022203273540557105,0.14846772651065127,False
ising,mixed,4,0,0.001,KL descent,566,567,0.6532711982727051,0.022197415336491985,0.1484550510887851,False
ising,mixed,4,0,0.001,KL descent,567,568,0.6551856994628906,0.022191554764981806,0.14844232534528667,False
ising,mixed,4,0,0.001,KL descent,568,569,0.6562578678131104,0.022185691818872037,0.14842954956328303,False
ising,mixed,4,0,0.001,KL descent,569,570,0.6582736968994141,0.022179826491049687,0.14841672402335732,False
ising,mixed,4,0,0.001,KL descent,570,571,0.658785343170166,0.022173958774441605,0.1484038490035734,False
ising,mixed,4,0,0.001,KL descent,571,572,0.6608479022979736,0.022168088662014012,0.14839092477950339,False
ising,mixed,4,0,0.001,KL descent,572,573,0.6628434658050537,0.022162216146773675,0.14837795162424505,False
ising,mixed,4,0,0.001,KL descent,573,574,0.6638526916503906,0.02215634122176474,0.14836492980844607,False
ising,mixed,4,0,0.001,KL descent,574,575,0.6648514270782471,0.022150463880071695,0.14835185960032649,False
ising,mixed,4,0,0.001,KL descent,575,576,0.6658551692962646,0.022144584114814785,0.148338741265704,False
ising,mixed,4,0,0.001,KL descent,576,577,0.6658551692962646,0.022138701919153632,0.14832557506800903,False
ising,mixed,4,0,0.001,KL descent,577,578,0.6674144268035889,0.02213281728628389,0.14831236126831027,False
ising,mixed,4,0,0.001,KL descent,578,579,0.6684775352478027,0.02212693020943885,0.1482991001253368,False
ising,mixed,4,0,0.001,KL descent,579,580,0.6690449714660645,0.022121040681887052,0.14828579189549906,False
ising,mixed,4,0,0.001,KL descent,580,581,0.671095609664917,0.022115148696934064,0.1482724368329017,False
ising,mixed,4,0,0.001,KL descent,581,582,0.6721019744873047,0.022109254247920537,0.14825903518937866,False
ising,mixed,4,0,0.001,KL descent,582,583,0.6730546951293945,0.02210335732822142,0.1482455872145052,False
ising,mixed,4,0,0.001,KL descent,583,584,0.6740751266479492,0.022097457931247223,0.14823209315561658,False
ising,mixed,4,0,0.001,KL descent,584,585,0.675168514251709,0.02209155605044276,0.14821855325783706,False
ising,mixed,4,0,0.001,KL descent,585,586,0.6761932373046875,0.02208565167928666,0.14820496776408065,False
ising,mixed,4,0,0.001,KL descent,586,587,0.6771681308746338,0.02207974481129059,0.148191336915102,False
ising,mixed,4,0,0.001,KL descent,587,588,0.6781694889068604,0.022073835440000123,0.1481776609494837,False
ising,mixed,4,0,0.001,KL descent,588,589,0.6787190437316895,0.02206792355899341,0.14816394010367745,False
ising,mixed,4,0,0.001,KL descent,589,590,0.6798455715179443,0.022062009161880766,0.14815017461201496,False
ising,mixed,4,0,0.001,KL descent,590,591,0.6808357238769531,0.022056092242305245,0.14813636470672442,False
ising,mixed,4,0,0.001,KL descent,591,592,0.6817989349365234,0.022050172793940625,0.14812251061795922,False
ising,mixed,4,0,0.001,KL descent,592,593,0.6827709674835205,0.022044250810493136,0.1481086125738033,False
ising,mixed,4,0,0.001,KL descent,593,594,0.6837258338928223,0.022038326285699107,0.1480946708002993,False
ising,mixed,4,0,0.001,KL descent,594,595,0.6847782135009766,0.022032399213326493,0.1480806855214668,False
ising,mixed,4,0,0.001,KL descent,595,596,0.6857295036315918,0.022026469587173067,0.14806665695931331,False
ising,mixed,4,0,0.001,KL descent,596,597,0.6867270469665527,0.02202053740106673,0.14805258533386267,False
ising,mixed,4,0,0.001,KL descent,597,598,0.6882448196411133,0.022014602648864963,0.14803847086315974,False
ising,mixed,4,0,0.001,KL descent,598,599,0.6892576217651367,0.02200866532445558,0.14802431376329905,False
ising,mixed,4,0,0.001,KL descent,599,600,0.6903157234191895,0.02200272542175357,0.1480101142484408,False
ising,mixed,4,0,0.001,KL descent,600,601,0.6912961006164551,0.021996782934704962,0.1479958725308239,False
ising,mixed,4,0,0.001,KL descent,601,602,0.6923062801361084,0.021990837857282168,0.1479815888207816,False
ising,mixed,4,0,0.001,KL descent,602,603,0.6933021545410156,0.021984890183487513,0.14796726332676613,False
ising,mixed,4,0,0.001,KL descent,603,604,0.6942598819732666,0.021978939907350465,0.14795289625535712,False
ising,mixed,4,0,0.001,KL descent,604,605,0.6952617168426514,0.02197298702292667,0.14793848781128804,False
ising,mixed,4,0,0.001,KL descent,605,606,0.6962606906890869,0.021967031524302273,0.14792403819745548,False
ising,mixed,4,0,0.001,KL descent,606,607,0.6972582340240479,0.021961073405587523,0.1479095476149339,False
ising,mixed,4,0,0.001,KL descent,607,608,0.6982569694519043,0.0219551126609204,0.14789501626299306,False
ising,mixed,4,0,0.001,KL descent,608,609,0.6987643241882324,0.021949149284465105,0.14788044433912478,False
ising,mixed,4,0,0.001,KL descent,609,610,0.699772834777832,0.021943183270412756,0.14786583203904213,False
ising,mixed,4,0,0.001,KL descent,610,611,0.7007768154144287,0.021937214612979847,0.14785117955670557,False
ising,mixed,4,0,0.001,KL descent,611,612,0.7017867565155029,0.021931243306407455,0.14783648708433578,False
ising,mixed,4,0,0.001,KL descent,612,613,0.702789306640625,0.02192526934496375,0.14782175481243087,False
ising,mixed,4,0,0.001,KL descent,613,614,0.7037851810455322,0.02191929272294066,0.14780698292977507,False
ising,mixed,4,0,0.001,KL descent,614,615,0.7047877311706543,0.021913313434656474,0.14779217162346642,False
ising,mixed,4,0,0.001,KL descent,615,616,0.706852912902832,0.021907331474452264,0.14777732107891728,False
ising,mixed,4,0,0.001,KL descent,616,617,0.706852912902832,0.021901346836693928,0.14776243147987517,False
ising,mixed,4,0,0.001,KL descent,617,618,0.708364725112915,0.021895359515771994,0.1477475030084512,False
ising,mixed,4,0,0.001,KL descent,618,619,0.7094411849975586,0.021889369506100945,0.1477325358451016,False
ising,mixed,4,0,0.001,KL descent,619,620,0.7104318141937256,0.021883376802117622,0.14771753016868105,False
ising,mixed,4,0,0.001,KL descent,620,621,0.7114291191101074,0.021877381398283522,0.14770248615642473,False
ising,mixed,4,0,0.001,KL descent,621,622,0.7124283313751221,0.021871383289083123,0.14768740398398705,False
ising,mixed,4,0,0.001,KL descent,622,623,0.7134242057800293,0.021865382469022542,0.14767228382543507,False
ising,mixed,4,0,0.001,KL descent,623,624,0.714423656463623,0.021859378932631846,0.1476571258532774,False
ising,mixed,4,0,0.001,KL descent,624,625,0.7154231071472168,0.02185337267446325,0.14764193023847355,False
ising,mixed,4,0,0.001,KL descent,625,626,0.7164268493652344,0.021847363689090814,0.14762669715044047,False
ising,mixed,4,0,0.001,KL descent,626,627,0.7174487113952637,0.021841351971111048,0.1476114267570784,False
ising,mixed,4,0,0.001,KL descent,627,628,0.7189810276031494,0.02183533751514155,0.14759611922477406,False
ising,mixed,4,0,0.001,KL descent,628,629,0.7189810276031494,0.021829320315821885,0.14758077471842002,False
ising,mixed,4,0,0.001,KL descent,629,630,0.7200357913970947,0.021823300367813606,0.1475653934014256,False
ising,mixed,4,0,0.001,KL descent,630,631,0.721034049987793,0.0218172776657981,0.14754997543572634,False
ising,mixed,4,0,0.001,KL descent,631,632,0.7230448722839355,0.021811252204478403,0.14753452098180875,False
ising,mixed,4,0,0.001,KL descent,632,633,0.7240288257598877,0.02180522397857807,0.1475190301987025,False
ising,mixed,4,0,0.001,KL descent,633,634,0.7250287532806396,0.021799192982842143,0.14750350324401534,False
ising,mixed,4,0,0.001,KL descent,634,635,0.7260284423828125,0.021793159212034462,0.14748794027393475,False
ising,mixed,4,0,0.001,KL descent,635,636,0.7270007133483887,0.02178712266093994,0.14747234144323518,False
ising,mixed,4,0,0.001,KL descent,636,637,0.7270007133483887,0.021781083324362686,0.14745670690530238,False
ising,mixed,4,0,0.001,KL descent,637,638,0.7285585403442383,0.0217750411971279,0.14744103681213827,False
ising,mixed,4,0,0.001,KL descent,638,639,0.7296075820922852,0.021768996274079334,0.14742533131436608,False
ising,mixed,4,0,0.001,KL descent,639,640,0.7306153774261475,0.021762948550079146,0.1474095905612654,False
ising,mixed,4,0,0.001,KL descent,640,641,0.7316150665283203,0.021756898020011784,0.1473938147007594,False
ising,mixed,4,0,0.001,KL descent,641,642,0.7326171398162842,0.02175084467877707,0.14737800387943678,False
ising,mixed,4,0,0.001,KL descent,642,643,0.7336220741271973,0.02174478852129615,0.14736215824256738,False
ising,mixed,4,0,0.001,KL descent,643,644,0.7346153259277344,0.021738729542507884,0.14734627793409977,False
ising,mixed,4,0,0.001,KL descent,644,645,0.7355732917785645,0.02173266773737014,0.1473303630966944,False
ising,mixed,4,0,0.001,KL descent,645,646,0.736619234085083,0.0217266031008582,0.14731441387171385,False
ising,mixed,4,0,0.001,KL descent,646,647,0.7376165390014648,0.021720535627966043,0.14729843039924695,False
ising,mixed,4,0,0.001,KL descent,647,648,0.7385742664337158,0.021714465313705956,0.14728241281811394,False
ising,mixed,4,0,0.001,KL descent,648,649,0.7397911548614502,0.021708392153107412,0.14726636126587545,False
ising,mixed,4,0,0.001,KL descent,649,650,0.7408080101013184,0.021702316141218484,0.14725027587885586,False
ising,mixed,4,0,0.001,KL descent,650,651,0.7418496608734131,0.021696237273103502,0.14723415679213547,False
ising,mixed,4,0,0.001,KL descent,651,652,0.7428491115570068,0.02169015554384478,0.14721800413957903,False
ising,mixed,4,0,0.001,KL descent,652,653,0.7438478469848633,0.021684070948541974,0.14720181805383536,False
ising,mixed,4,0,0.001,KL descent,653,654,0.7448678016662598,0.02167798348231172,0.14718559866634562,False
ising,mixed,4,0,0.001,KL descent,654,655,0.7458577156066895,0.021671893140287463,0.14716934610736743,False
ising,mixed,4,0,0.001,KL descent,655,656,0.7468550205230713,0.02166579991761862,0.14715306050597154,False
ising,mixed,4,0,0.001,KL descent,656,657,0.7484068870544434,0.0216597038094729,0.14713674199005822,False
ising,mixed,4,0,0.001,KL descent,657,658,0.7494223117828369,0.0216536048110325,0.1471203906863629,False
ising,mixed,4,0,0.001,KL descent,658,659,0.7504644393920898,0.021647502917497688,0.1471040067204772,False
ising,mixed,4,0,0.001,KL descent,659,660,0.7514665126800537,0.02164139812408348,0.14708759021684042,False
ising,mixed,4,0,0.001,KL descent,660,661,0.7524631023406982,0.021635290426021567,0.14707114129876658,False
ising,mixed,4,0,0.001,KL descent,661,662,0.7534644603729248,0.02162917981856017,0.14705466008845036,False
ising,mixed,4,0,0.001,KL descent,662,663,0.7544829845428467,0.02162306629696148,0.14703814670696524,False
ising,mixed,4,0,0.001,KL descent,663,664,0.7554728984832764,0.021616949856504974,0.14702160127428843,False
ising,mixed,4,0,0.001,KL descent,664,665,0.7564208507537842,0.021610830492484755,0.14700502390930137,False
ising,mixed,4,0,0.001,KL descent,665,666,0.7574665546417236,0.021604708200210578,0.1469884147298,False
ising,mixed,4,0,0.001,KL descent,666,667,0.7584648132324219,0.0215985829750077,0.14697177385250737,False
ising,mixed,4,0,0.001,KL descent,667,668,0.7590231895446777,0.0215924548122152,0.14695510139308243,False
ising,mixed,4,0,0.001,KL descent,668,669,0.7600741386413574,0.021586323707188944,0.14693839746611748,False
ising,mixed,4,0,0.001,KL descent,669,670,0.7610750198364258,0.021580189655298388,0.1469216621851711,False
ising,mixed,4,0,0.001,KL descent,670,671,0.7620704174041748,0.0215740526519277,0.14690489566275455,False
ising,mixed,4,0,0.001,KL descent,671,672,0.7630763053894043,0.02156791269247637,0.1468880980103514,False
ising,mixed,4,0,0.001,KL descent,672,673,0.7650306224822998,0.021561769772357797,0.14687126933842365,False
ising,mixed,4,0,0.001,KL descent,673,674,0.7660238742828369,0.02155562388700011,0.1468544097564251,False
ising,mixed,4,0,0.001,KL descent,674,675,0.7660238742828369,0.021549475031845573,0.14683751937279554,False
ising,mixed,4,0,0.001,KL descent,675,676,0.7675797939300537,0.021543323202349994,0.146820598294992,False
ising,mixed,4,0,0.001,KL descent,676,677,0.7691974639892578,0.021537168393984358,0.14680364662947543,False
ising,mixed,4,0,0.001,KL descent,677,678,0.7702505588531494,0.021531010602232725,0.1467866644817324,False
ising,mixed,4,0,0.001,KL descent,678,679,0.7712647914886475,0.021524849822592715,0.14676965195627922,False
ising,mixed,4,0,0.001,KL descent,679,680,0.7722017765045166,0.02151868605057629,0.14675260915667077,False
ising,mixed,4,0,0.001,KL descent,680,681,0.7732083797454834,0.021512519281709185,0.14673553618550272,False
ising,mixed,4,0,0.001,KL descent,681,682,0.7742016315460205,0.021506349511529764,0.14671843314443467,False
ising,mixed,4,0,0.001,KL descent,682,683,0.7752044200897217,0.02150017673559016,0.14670130013417998,False
ising,mixed,4,0,0.001,KL descent,683,684,0.7761998176574707,0.021494000949456697,0.14668413725452956,False
ising,mixed,4,0,0.001,KL descent,684,685,0.7772002220153809,0.021487822148706735,0.14666694460434537,False
ising,mixed,4,0,0.001,KL descent,685,686,0.7787036895751953,0.0214816403289324,0.1466497222815798,False
ising,mixed,4,0,0.001,KL descent,686,687,0.7797141075134277,0.021475455485738672,0.14663247038327692,False
ising,mixed,4,0,0.001,KL descent,687,688,0.7807221412658691,0.021469267614743347,0.146615189005583,False
ising,mixed,4,0,0.001,KL descent,688,689,0.7817230224609375,0.021463076711576226,0.1465978782437528,False
ising,mixed,4,0,0.001,KL descent,689,690,0.7827243804931641,0.02145688277188025,0.14658053819215822,False
ising,mixed,4,0,0.001,KL descent,690,691,0.7837245464324951,0.021450685791311642,0.14656316894429167,False
ising,mixed,4,0,0.001,KL descent,691,692,0.7847251892089844,0.021444485765538264,0.1465457705927825,False
ising,mixed,4,0,0.001,KL descent,692,693,0.785724401473999,0.021438282690240108,0.14652834322939,False
ising,mixed,4,0,0.001,KL descent,693,694,0.7867221832275391,0.021432076561110725,0.14651088694502906,False
ising,mixed,4,0,0.001,KL descent,694,695,0.7867221832275391,0.021425867373854903,0.14649340182976134,False
ising,mixed,4,0,0.001,KL descent,695,696,0.788231372833252,0.02141965512419065,0.14647588797280786,False
ising,mixed,4,0,0.001,KL descent,696,697,0.79024338722229,0.021413439807845384,0.14645834546255881,False
ising,mixed,4,0,0.001,KL descent,697,698,0.7912535667419434,0.021407221420562617,0.14644077438657754,False
ising,mixed,4,0,0.001,KL descent,698,699,0.792304515838623,0.02140099995809437,0.14642317483160772,False
ising,mixed,4,0,0.001,KL descent,699,700,0.7933049201965332,0.0213947754162057,0.1464055468835802,False
ising,mixed,4,0,0.001,KL descent,700,701,0.7942571640014648,0.021388547790673455,0.14638789062762458,False
ising,mixed,4,0,0.001,KL descent,701,702,0.795255184173584,0.02138231707728636,0.14637020614806429,False
ising,mixed,4,0,0.001,KL descent,702,703,0.7962589263916016,0.02137608327184373,0.1463524935284367,False
ising,mixed,4,0,0.001,KL descent,703,704,0.7972531318664551,0.021369846370157545,0.14633475285148928,False
ising,mixed,4,0,0.001,KL descent,704,705,0.7982542514801025,0.021363606368051114,0.1463169841991956,False
ising,mixed,4,0,0.001,KL descent,705,706,0.7987630367279053,0.02135736326135748,0.1462991876527519,False
ising,mixed,4,0,0.001,KL descent,706,707,0.7997739315032959,0.021351117045922876,0.14628136329258645,False
ising,mixed,4,0,0.001,KL descent,707,708,0.8007826805114746,0.021344867717604344,0.14626351119837633,False
ising,mixed,4,0,0.001,KL descent,708,709,0.8017818927764893,0.021338615272268633,0.14624563144903246,False
ising,mixed,4,0,0.001,KL descent,709,710,0.8027839660644531,0.02133235970579589,0.146227724122732,False
ising,mixed,4,0,0.001,KL descent,710,711,0.8037810325622559,0.02132610101407532,0.1462097892969021,False
ising,mixed,4,0,0.001,KL descent,711,712,0.8047811985015869,0.021319839193008113,0.14619182704823847,False
ising,mixed,4,0,0.001,KL descent,712,713,0.8057816028594971,0.02131357423850541,0.1461738374527073,False
ising,mixed,4,0,0.001,KL descent,713,714,0.8068349361419678,0.021307306146489607,0.14615582058555077,False
ising,mixed,4,0,0.001,KL descent,714,715,0.808464527130127,0.02130103491289463,0.14613777652129273,False
ising,mixed,4,0,0.001,KL descent,715,716,0.8096010684967041,0.0212947605336636,0.1461197053337524,False
ising,mixed,4,0,0.001,KL descent,716,717,0.8106069564819336,0.02128848300475128,0.14610160709603615,False
ising,mixed,4,0,0.001,KL descent,717,718,0.811485767364502,0.02128220232212201,0.14608348188055575,False
ising,mixed,4,0,0.001,KL descent,718,719,0.812483549118042,0.021275918481751914,0.1460653297590277,False
ising,mixed,4,0,0.001,KL descent,719,720,0.8134877681732178,0.021269631479626863,0.1460471508024832,False
ising,mixed,4,0,0.001,KL descent,720,721,0.8144891262054443,0.021263341311741634,0.14602894508126668,False
ising,mixed,4,0,0.001,KL descent,721,722,0.8155012130737305,0.02125704797410441,0.14601071266504828,False
ising,mixed,4,0,0.001,KL descent,722,723,0.8174855709075928,0.021250751462730453,0.1459924536228292,False
ising,mixed,4,0,0.001,KL descent,723,724,0.8184850215911865,0.02124445177364668,0.14597416802294105,False
ising,mixed,4,0,0.001,KL descent,724,725,0.8189971446990967,0.021238148902890556,0.14595585593305777,False
ising,mixed,4,0,0.001,KL descent,725,726,0.8200726509094238,0.021231842846509055,0.14593751742019823,False
ising,mixed,4,0,0.001,KL descent,726,727,0.8210535049438477,0.021225533600558743,0.14591915255073362,False
ising,mixed,4,0,0.001,KL descent,727,728,0.8220183849334717,0.02121922116110656,0.1459007613903857,False
ising,mixed,4,0,0.001,KL descent,728,729,0.8230185508728027,0.021212905524229227,0.14588234400424377,False
ising,mixed,4,0,0.001,KL descent,729,730,0.8240199089050293,0.021206586686013492,0.14586390045675962,False
ising,mixed,4,0,0.001,KL descent,730,731,0.8260095119476318,0.02120026464255541,0.1458454308117581,False
ising,mixed,4,0,0.001,KL descent,731,732,0.827082633972168,0.02119393938996165,0.14582693513243727,False
ising,mixed,4,0,0.001,KL descent,732,733,0.827082633972168,0.021187610924347483,0.1458084134813855,False
ising,mixed,4,0,0.001,KL descent,733,734,0.8286547660827637,0.021181279241838682,0.14578986592056753,False
ising,mixed,4,0,0.001,KL descent,734,735,0.8297119140625,0.02117494433857011,0.14577129251134924,False
ising,mixed,4,0,0.001,KL descent,735,736,0.8307256698608398,0.021168606210686083,0.14575269331448704,False
ising,mixed,4,0,0.001,KL descent,736,737,0.8317186832427979,0.021162264854341105,0.1457340683901372,False
ising,mixed,4,0,0.001,KL descent,737,738,0.8327212333679199,0.021155920265698396,0.14571541779787034,False
ising,mixed,4,0,0.001,KL descent,738,739,0.8337202072143555,0.021149572440930603,0.14569674159666385,False
ising,mixed,4,0,0.001,KL descent,739,740,0.8347089290618896,0.02114322137622035,0.14567803984490735,False
ising,mixed,4,0,0.001,KL descent,740,741,0.8356716632843018,0.021136867067758597,0.1456593126004187,False
ising,mixed,4,0,0.001,KL descent,741,742,0.8367207050323486,0.021130509511746786,0.145640559920436,False
ising,mixed,4,0,0.001,KL descent,742,743,0.838273286819458,0.021124148704394722,0.1456217818616301,False
ising,mixed,4,0,0.001,KL descent,743,744,0.8392937183380127,0.02111778464192113,0.1456029784801044,False
ising,mixed,4,0,0.001,KL descent,744,745,0.840336799621582,0.021111417320555,0.1455841498314015,False
ising,mixed,4,0,0.001,KL descent,745,746,0.8413348197937012,0.021105046736533316,0.14556529597051016,False
ising,mixed,4,0,0.001,KL descent,746,747,0.842292308807373,0.02109867288610286,0.14554641695186443,False
ising,mixed,4,0,0.001,KL descent,747,748,0.8433256149291992,0.021092295765519103,0.14552751282935505,False
ising,mixed,4,0,0.001,KL descent,748,749,0.8442897796630859,0.02108591537104581,0.14550858365632424,False
ising,mixed,4,0,0.001,KL descent,749,750,0.8452908992767334,0.0210795316989573,0.14548962948558014,False
ising,mixed,4,0,0.001,KL descent,750,751,0.8462927341461182,0.02107314474553534,0.14547065036939583,False
ising,mixed,4,0,0.001,KL descent,751,752,0.8473329544067383,0.021066754507071267,0.1454516463595119,False
ising,mixed,4,0,0.001,KL descent,752,753,0.8483319282531738,0.021060360979864984,0.14543261750714503,False
ising,mixed,4,0,0.001,KL descent,753,754,0.8483319282531738,0.021053964160225248,0.14541356386299076,False
ising,mixed,4,0,0.001,KL descent,754,755,0.8507192134857178,0.0210475640444696,0.14539448547722533,False
ising,mixed,4,0,0.001,KL descent,755,756,0.8507192134857178,0.021041160628924777,0.14537538239951475,False
ising,mixed,4,0,0.001,KL descent,756,757,0.8517320156097412,0.021034753909924566,0.1453562546790127,False
ising,mixed,4,0,0.001,KL descent,757,758,0.853684663772583,0.021028343883813996,0.14533710236437142,False
ising,mixed,4,0,0.001,KL descent,758,759,0.8547289371490479,0.02102193054694422,0.14531792550373696,False
ising,mixed,4,0,0.001,KL descent,759,760,0.8556933403015137,0.02101551389567714,0.14529872414476402,False
ising,mixed,4,0,0.001,KL descent,760,761,0.8567242622375488,0.021009093926381003,0.14527949833461073,False
ising,mixed,4,0,0.001,KL descent,761,762,0.8567242622375488,0.021002670635434276,0.14526024811994265,False
ising,mixed,4,0,0.001,KL descent,762,763,0.8582777976989746,0.020996244019223287,0.14524097354694782,False
ising,mixed,4,0,0.001,KL descent,763,764,0.8593447208404541,0.020989814074143198,0.14522167466132918,False
ising,mixed,4,0,0.001,KL descent,764,765,0.8603363037109375,0.02098338079659674,0.14520235150831284,False
ising,mixed,4,0,0.001,KL descent,765,766,0.8613529205322266,0.020976944182996338,0.14518300413264423,False
ising,mixed,4,0,0.001,KL descent,766,767,0.8623476028442383,0.020970504229761742,0.14516363257861065,False
ising,mixed,4,0,0.001,KL descent,767,768,0.8633413314819336,0.020964060933321482,0.14514423689002431,False
ising,mixed,4,0,0.001,KL descent,768,769,0.8643479347229004,0.020957614290112447,0.1451248171102374,False
ising,mixed,4,0,0.001,KL descent,769,770,0.8653438091278076,0.020951164296579398,0.1451053732821414,False
ising,mixed,4,0,0.001,KL descent,770,771,0.8663547039031982,0.020944710949176455,0.14508590544817723,False
ising,mixed,4,0,0.001,KL descent,771,772,0.8679118156433105,0.020938254244364535,0.14506641365032458,False
ising,mixed,4,0,0.001,KL descent,772,773,0.8686003684997559,0.020931794178613624,0.14504689793012715,False
ising,mixed,4,0,0.001,KL descent,773,774,0.8696613311767578,0.02092533074840215,0.14502735832867375,False
ising,mixed,4,0,0.001,KL descent,774,775,0.8706190586090088,0.020918863950216048,0.1450077948866163,False
ising,mixed,4,0,0.001,KL descent,775,776,0.8716182708740234,0.020912393780550022,0.14498820764416964,False
ising,mixed,4,0,0.001,KL descent,776,777,0.8736186027526855,0.02090592023590684,0.14496859664111317,False
ising,mixed,4,0,0.001,KL descent,777,778,0.87461256980896,0.02089944331279653,0.14494896191678874,False
ising,mixed,4,0,0.001,KL descent,778,779,0.8757321834564209,0.020892963007738203,0.14492930351012567,False
ising,mixed,4,0,0.001,KL descent,779,780,0.8767447471618652,0.020886479317258365,0.14490962145961417,False
ising,mixed,4,0,0.001,KL descent,780,781,0.8767447471618652,0.020879992237892244,0.14488991580333288,False
ising,mixed,4,0,0.001,KL descent,781,782,0.8783855438232422,0.020873501766182596,0.14487018657893935,False
ising,mixed,4,0,0.001,KL descent,782,783,0.8795232772827148,0.020867007898680266,0.14485043382367646,False
ising,mixed,4,0,0.001,KL descent,783,784,0.8804736137390137,0.02086051063194415,0.1448306575743762,False
ising,mixed,4,0,0.001,KL descent,784,785,0.8815183639526367,0.020854009962541324,0.14481085786746128,False
ising,mixed,4,0,0.001,KL descent,785,786,0.882495641708374,0.020847505887046515,0.1447910347389546,False
ising,mixed,4,0,0.001,KL descent,786,787,0.8835079669952393,0.020840998402042323,0.14477118822447332,False
ising,mixed,4,0,0.001,KL descent,787,788,0.8844995498657227,0.020834487504119356,0.14475131835923716,False
ising,mixed,4,0,0.001,KL descent,788,789,0.8854835033416748,0.02082797318987643,0.14473142517806825,False
ising,mixed,4,0,0.001,KL descent,789,790,0.8865001201629639,0.020821455455919628,0.14471150871540062,False
ising,mixed,4,0,0.001,KL descent,790,791,0.887495756149292,0.020814934298863604,0.14469156900527813,False
ising,mixed,4,0,0.001,KL descent,791,792,0.8884644508361816,0.02080840971533012,0.14467160608135565,False
ising,mixed,4,0,0.001,KL descent,792,793,0.8897416591644287,0.020801881701949965,0.1446516199769059,False
ising,mixed,4,0,0.001,KL descent,793,794,0.8907420635223389,0.020795350255359703,0.14463161072482272,False
ising,mixed,4,0,0.001,KL descent,794,795,0.8917577266693115,0.020788815372206112,0.14461157835762206,False
ising,mixed,4,0,0.001,KL descent,795,796,0.892754077911377,0.020782277049141405,0.1445915229074458,False
ising,mixed,4,0,0.001,KL descent,796,797,0.8947529792785645,0.020775735282827786,0.1445714444060615,False
ising,mixed,4,0,0.001,KL descent,797,798,0.895751953125,0.02076919006993368,0.1445513428848731,False
ising,mixed,4,0,0.001,KL descent,798,799,0.8967549800872803,0.02076264140713578,0.14453121837491317,False
ising,mixed,4,0,0.001,KL descent,799,800,0.8967549800872803,0.020756089291118753,0.1445110709068559,False
ising,mixed,4,0,0.001,KL descent,800,801,0.8982670307159424,0.020749533718574662,0.14449090051101193,False
ising,mixed,4,0,0.001,KL descent,801,802,0.8992834091186523,0.020742974686203064,0.1444707072173398,False
ising,mixed,4,0,0.001,KL descent,802,803,0.9002835750579834,0.02073641219071154,0.1444504910554364,False
ising,mixed,4,0,0.001,KL descent,803,804,0.9012951850891113,0.02072984622881607,0.1444302520545484,False
ising,mixed,4,0,0.001,KL descent,804,805,0.9022941589355469,0.020723276797237993,0.1444099902435797,False
ising,mixed,4,0,0.001,KL descent,805,806,0.9032936096191406,0.0207167038927092,0.14438970565107778,False
ising,mixed,4,0,0.001,KL descent,806,807,0.904294490814209,0.020710127511967952,0.14436939830525364,False
ising,mixed,4,0,0.001,KL descent,807,808,0.9052941799163818,0.020703547651759545,0.1443490682339731,False
ising,mixed,4,0,0.001,KL descent,808,809,0.9062929153442383,0.020696964308837485,0.14432871546476617,False
ising,mixed,4,0,0.001,KL descent,809,810,0.9072954654693604,0.020690377479963707,0.14430834002482412,False
ising,mixed,4,0,0.001,KL descent,810,811,0.9088020324707031,0.020683787161905703,0.14428794194100564,False
ising,mixed,4,0,0.001,KL descent,811,812,0.9098119735717773,0.020677193351441206,0.144267521239841,False
ising,mixed,4,0,0.001,KL descent,812,813,0.9108200073242188,0.02067059604535295,0.14424707794752734,False
ising,mixed,4,0,0.001,KL descent,813,814,0.9118244647979736,0.02066399524043348,0.14422661208993898,False
ising,mixed,4,0,0.001,KL descent,814,815,0.912822961807251,0.020657390933481602,0.14420612369262586,False
ising,mixed,4,0,0.001,KL descent,815,816,0.9138243198394775,0.02065078312130447,0.14418561278081699,False
ising,mixed,4,0,0.001,KL descent,816,817,0.9148197174072266,0.020644171800715354,0.14416507937942424,False
ising,mixed,4,0,0.001,KL descent,817,818,0.9158217906951904,0.020637556968537165,0.14414452351303858,False
ising,mixed,4,0,0.001,KL descent,818,819,0.9168224334716797,0.02063093862159932,0.14412394520594596,False
ising,mixed,4,0,0.001,KL descent,819,820,0.9183294773101807,0.020624316756738464,0.14410334448211382,False
ising,mixed,4,0,0.001,KL descent,820,821,0.9193384647369385,0.020617691370799298,0.1440827213652004,False
ising,mixed,4,0,0.001,KL descent,821,822,0.92038893699646,0.0206110624606341,0.1440620758785618,False
ising,mixed,4,0,0.001,KL descent,822,823,0.9213848114013672,0.020604430023101965,0.1440414080452475,False
ising,mixed,4,0,0.001,KL descent,823,824,0.9227173328399658,0.02059779405507116,0.14402071788800264,False
ising,mixed,4,0,0.001,KL descent,824,825,0.9237692356109619,0.02059115455341544,0.14400000542927766,False
ising,mixed,4,0,0.001,KL descent,825,826,0.9248502254486084,0.020584511515017598,0.14397927069122068,False
ising,mixed,4,0,0.001,KL descent,826,827,0.9257731437683105,0.020577864936767748,0.14395851369568835,False
ising,mixed,4,0,0.001,KL descent,827,828,0.9268550872802734,0.02057121481556256,0.14393773446424296,False
ising,mixed,4,0,0.001,KL descent,828,829,0.9268550872802734,0.020564561148307174,0.143916933018153,False
ising,mixed,4,0,0.001,KL descent,829,830,0.9284906387329102,0.020557903931914062,0.1438961093784028,False
ising,mixed,4,0,0.001,KL descent,830,831,0.929640531539917,0.020551243163303277,0.14387526356568836,False
ising,mixed,4,0,0.001,KL descent,831,832,0.9306354522705078,0.020544578839401518,0.14385439560042268,False
ising,mixed,4,0,0.001,KL descent,832,833,0.9315102100372314,0.020537910957144297,0.14383350550273483,False
ising,mixed,4,0,0.001,KL descent,833,834,0.9325063228607178,0.02053123951347418,0.14381259329247242,False
ising,mixed,4,0,0.001,KL descent,834,835,0.9336228370666504,0.020524564505340872,0.14379165898921087,False
ising,mixed,4,0,0.001,KL descent,835,836,0.9355611801147461,0.020517885929701947,0.14377070261224345,False
ising,mixed,4,0,0.001,KL descent,836,837,0.936631441116333,0.020511203783522357,0.14374972418059184,False
ising,mixed,4,0,0.001,KL descent,837,838,0.9376201629638672,0.0205045180637742,0.1437287237130075,False
ising,mixed,4,0,0.001,KL descent,838,839,0.9386436939239502,0.020497828767438206,0.14370770122797272,False
ising,mixed,4,0,0.001,KL descent,839,840,0.9391846656799316,0.020491135891501495,0.14368665674369951,False
ising,mixed,4,0,0.001,KL descent,840,841,0.9402573108673096,0.02048443943295926,0.14366559027813397,False
ising,mixed,4,0,0.001,KL descent,841,842,0.9413070678710938,0.020477739388814236,0.14364450184896027,False
ising,mixed,4,0,0.001,KL descent,842,843,0.9423034191131592,0.020471035756075635,0.14362339147360148,False
ising,mixed,4,0,0.001,KL descent,843,844,0.9433014392852783,0.02046432853176156,0.14360225916921732,False
ising,mixed,4,0,0.001,KL descent,844,845,0.9443092346191406,0.020457617712897468,0.1435811049527166,False
ising,mixed,4,0,0.001,KL descent,845,846,0.9453125,0.020450903296515586,0.14355992884074387,False
ising,mixed,4,0,0.001,KL descent,846,847,0.9473114013671875,0.020444185279655882,0.14353873084969582,False
ising,mixed,4,0,0.001,KL descent,847,848,0.9483048915863037,0.02043746365936638,0.14351751099571097,False
ising,mixed,4,0,0.001,KL descent,848,849,0.9489405155181885,0.02043073843270187,0.1434962692946845,False
ising,mixed,4,0,0.001,KL descent,849,850,0.9500088691711426,0.020424009596725287,0.1434750057622599,False
ising,mixed,4,0,0.001,KL descent,850,851,0.9510617256164551,0.020417277148507128,0.14345372041383497,False
ising,mixed,4,0,0.001,KL descent,851,852,0.9520363807678223,0.020410541085124842,0.1434324132645607,False
ising,mixed,4,0,0.001,KL descent,852,853,0.953038215637207,0.020403801403663827,0.1434110843293459,False
ising,mixed,4,0,0.001,KL descent,853,854,0.9540364742279053,0.020397058101216666,0.14338973362285834,False
ising,mixed,4,0,0.001,KL descent,854,855,0.9550330638885498,0.02039031117488404,0.14336836115953033,False
ising,mixed,4,0,0.001,KL descent,855,856,0.9569699764251709,0.020383560621774103,0.1433469669535502,False
ising,mixed,4,0,0.001,KL descent,856,857,0.9569699764251709,0.020376806439002346,0.14332555101887645,False
ising,mixed,4,0,0.001,KL descent,857,858,0.9585192203521729,0.020370048623691024,0.14330411336922727,False
ising,mixed,4,0,0.001,KL descent,858,859,0.9595901966094971,0.020363287172972186,0.14328265401809304,False
ising,mixed,4,0,0.001,KL descent,859,860,0.9606175422668457,0.02035652208398281,0.1432611729787342,False
ising,mixed,4,0,0.001,KL descent,860,861,0.9616134166717529,0.020349753353869612,0.1432396702641785,False
ising,mixed,4,0,0.001,KL descent,861,862,0.9626140594482422,0.020342980979784913,0.14321814588722864,False
ising,mixed,4,0,0.001,KL descent,862,863,0.9636199474334717,0.020336204958890543,0.14319659986046085,False
ising,mixed,4,0,0.001,KL descent,863,864,0.9646115303039551,0.02032942528835502,0.1431750321962315,False
ising,mixed,4,0,0.001,KL descent,864,865,0.9665772914886475,0.020322641965354,0.14315344290666643,False
ising,mixed,4,0,0.001,KL descent,865,866,0.9691987037658691,0.020315854987071412,0.14313183200367902,False
ising,mixed,4,0,0.001,KL descent,866,867,0.971203088760376,0.020309064350699055,0.14311019949895887,False
ising,mixed,4,0,0.001,KL descent,867,868,0.9731550216674805,0.020302270053435587,0.14308854540398136,False
ising,mixed,4,0,0.001,KL descent,868,869,0.9751560688018799,0.02029547209248768,0.1430668697300026,False
ising,mixed,4,0,0.001,KL descent,869,870,0.9772036075592041,0.020288670465069603,0.14304517248806858,False
ising,mixed,4,0,0.001,KL descent,870,871,0.9787676334381104,0.020281865168403076,0.14302345368900748,False
ising,mixed,4,0,0.001,KL descent,871,872,0.9808142185211182,0.020275056199718366,0.14300171334344114,False
ising,mixed,4,0,0.001,KL descent,872,873,0.9828321933746338,0.020268243556251616,0.14297995146178016,False
ising,mixed,4,0,0.001,KL descent,873,874,0.9848902225494385,0.02026142723524876,0.14295816805422645,False
ising,mixed,4,0,0.001,KL descent,874,875,0.9868900775909424,0.020254607233961587,0.1429363631307753,False
ising,mixed,4,0,0.001,KL descent,875,876,0.9885191917419434,0.020247783549650733,0.14291453670121856,False
ising,mixed,4,0,0.001,KL descent,876,877,0.9905364513397217,0.020240956179584175,0.142892688775143,False
ising,mixed,4,0,0.001,KL descent,877,878,0.9926683902740479,0.0202341251210375,0.1428708193619354,False
ising,mixed,4,0,0.001,KL descent,878,879,0.994560956954956,0.020227290371294008,0.1428489284707799,False
ising,mixed,4,0,0.001,KL descent,879,880,0.9966423511505127,0.020220451927644694,0.14282701611066334,False
ising,mixed,4,0,0.001,KL descent,880,881,0.9985945224761963,0.02021360978738852,0.14280508229037092,False
ising,mixed,4,0,0.001,KL descent,881,882,1.0002050399780273,0.020206763947832225,0.14278312701849738,False
ising,mixed,4,0,0.001,KL descent,882,883,1.0022130012512207,0.02019991440628986,0.14276115030344072,False
ising,mixed,4,0,0.001,KL descent,883,884,1.0041625499725342,0.02019306116008375,0.14273915215340383,False
ising,mixed,4,0,0.001,KL descent,884,885,1.0061554908752441,0.020186204206543438,0.14271713257639962,False
ising,mixed,4,0,0.001,KL descent,885,886,1.0081994533538818,0.020179343543006503,0.14269509158024885,False
ising,mixed,4,0,0.001,KL descent,886,887,1.0098073482513428,0.020172479166818746,0.1426730291725855,False
ising,mixed,4,0,0.001,KL descent,887,888,1.0118138790130615,0.020165611075332622,0.1426509453608505,False
ising,mixed,4,0,0.001,KL descent,888,889,1.0137686729431152,0.02015873926591027,0.14262884015230765,False
ising,mixed,4,0,0.001,KL descent,889,890,1.0158205032348633,0.02015186373591972,0.14260671355402865,False
ising,mixed,4,0,0.001,KL descent,890,891,1.0168120861053467,0.020144984482738142,0.1425845655729011,False
ising,mixed,4,0,0.001,KL descent,891,892,1.019355058670044,0.020138101503750047,0.1425623962156301,False
ising,mixed,4,0,0.001,KL descent,892,893,1.021798849105835,0.020131214796347413,0.1425402054887508,False
ising,mixed,4,0,0.001,KL descent,893,894,1.022925853729248,0.020124324357930816,0.14251799339860127,False
ising,mixed,4,0,0.001,KL descent,894,895,1.0250017642974854,0.02011743018590865,0.1424957599513521,False
ising,mixed,4,0,0.001,KL descent,895,896,1.0269911289215088,0.02011053227769658,0.14247350515299562,False
ising,mixed,4,0,0.001,KL descent,896,897,1.0293853282928467,0.020103630630718856,0.14245122900934537,False
ising,mixed,4,0,0.001,KL descent,897,898,1.0313880443572998,0.02009672524240703,0.1424289315260419,False
ising,mixed,4,0,0.001,KL descent,898,899,1.033348798751831,0.02008981611020185,0.1424066127085526,False
ising,mixed,4,0,0.001,KL descent,899,900,1.0353429317474365,0.020082903231549834,0.1423842725621744,False
ising,mixed,4,0,0.001,KL descent,900,901,1.0373375415802002,0.020075986603907664,0.14236191109202867,False
ising,mixed,4,0,0.001,KL descent,901,902,1.038853645324707,0.020069066224738613,0.14233952830307073,False
ising,mixed,4,0,0.001,KL descent,902,903,1.0409224033355713,0.02006214209151483,0.14231712420009068,False
ising,mixed,4,0,0.001,KL descent,903,904,1.042907476425171,0.020055214201715854,0.1422946987877025,False
ising,mixed,4,0,0.001,KL descent,904,905,1.0448696613311768,0.02004828255282859,0.14227225207036132,False
ising,mixed,4,0,0.001,KL descent,905,906,1.0469276905059814,0.020041347142349883,0.14224978405235655,False
ising,mixed,4,0,0.001,KL descent,906,907,1.0484976768493652,0.02003440796778331,0.14222729473781337,False
ising,mixed,4,0,0.001,KL descent,907,908,1.0505657196044922,0.02002746502664047,0.14220478413069326,False
ising,mixed,4,0,0.001,KL descent,908,909,1.0525619983673096,0.020020518316441714,0.1421822522347982,False
ising,mixed,4,0,0.001,KL descent,909,910,1.0545573234558105,0.02001356783471444,0.14215969905376824,False
ising,mixed,4,0,0.001,KL descent,910,911,1.0565822124481201,0.0200066135789949,0.14213712459108768,False
ising,mixed,4,0,0.001,KL descent,911,912,1.0585558414459229,0.01999965554682802,0.14211452885008125,False
ising,mixed,4,0,0.001,KL descent,912,913,1.0608296394348145,0.01999269373576552,0.142091911833916,False
ising,mixed,4,0,0.001,KL descent,913,914,1.0618250370025635,0.019985728143368266,0.14206927354560733,False
ising,mixed,4,0,0.001,KL descent,914,915,1.0638313293457031,0.019978758767204504,0.14204661398800617,False
ising,mixed,4,0,0.001,KL descent,915,916,1.0657844543457031,0.01997178560485166,0.14202393316382544,False
ising,mixed,4,0,0.001,KL descent,916,917,1.0682947635650635,0.01996480865389457,0.1420012310756147,False
ising,mixed,4,0,0.001,KL descent,917,918,1.0703167915344238,0.019957827911926136,0.14197850772577647,False
ising,mixed,4,0,0.001,KL descent,918,919,1.0723073482513428,0.019950843376548084,0.14195576311656533,False
ising,mixed,4,0,0.001,KL descent,919,920,1.0743067264556885,0.0199438550453703,0.14193299725007713,False
ising,mixed,4,0,0.001,KL descent,920,921,1.0763072967529297,0.019936862916010586,0.14191021012827465,False
ising,mixed,4,0,0.001,KL descent,921,922,1.0783026218414307,0.01992986698609581,0.14188740175296233,False
ising,mixed,4,0,0.001,KL descent,922,923,1.079453945159912,0.019922867253259303,0.1418645721258035,False
ising,mixed,4,0,0.001,KL descent,923,924,1.0814485549926758,0.019915863715144665,0.14184172124831818,False
ising,mixed,4,0,0.001,KL descent,924,925,1.083449363708496,0.019908856369403677,0.14181884912187703,False
ising,mixed,4,0,0.001,KL descent,925,926,1.0854485034942627,0.019901845213694563,0.14179595574771636,False
ising,mixed,4,0,0.001,KL descent,926,927,1.0874533653259277,0.019894830245686272,0.14177304112692352,False
ising,mixed,4,0,0.001,KL descent,927,928,1.0896050930023193,0.019887811463054295,0.14175010526044873,False
ising,mixed,4,0,0.001,KL descent,928,929,1.0921432971954346,0.019880788863483725,0.1417271481491068,False
ising,mixed,4,0,0.001,KL descent,929,930,1.0933222770690918,0.019873762444667424,0.1417041697935656,False
ising,mixed,4,0,0.001,KL descent,930,931,1.0943524837493896,0.019866732204307087,0.14168117019435644,False
ising,mixed,4,0,0.001,KL descent,931,932,1.09635329246521,0.019859698140112247,0.14165814935188348,False
ising,mixed,4,0,0.001,KL descent,932,933,1.097353219985962,0.019852660249801837,0.1416351072664045,False
ising,mixed,4,0,0.001,KL descent,933,934,1.0988743305206299,0.019845618530729175,0.14161204393687865,False
ising,mixed,4,0,0.001,KL descent,934,935,1.0998783111572266,0.019838572975518963,0.14158895934724375,False
ising,mixed,4,0,0.001,KL descent,935,936,1.1018857955932617,0.019831523585909793,0.14156585350988304,False
ising,mixed,4,0,0.001,KL descent,936,937,1.1028873920440674,0.019824470359274902,0.1415427264233332,False
ising,mixed,4,0,0.001,KL descent,937,938,1.1038873195648193,0.019817413292899475,0.14151957808568622,False
ising,mixed,4,0,0.001,KL descent,938,939,1.1060161590576172,0.019810352383956755,0.14149640849452388,False
ising,mixed,4,0,0.001,KL descent,939,940,1.1080291271209717,0.019803287629476182,0.1414732176468202,False
ising,mixed,4,0,0.001,KL descent,940,941,1.109555959701538,0.019796219026305826,0.14145000553882042,False
ising,mixed,4,0,0.001,KL descent,941,942,1.1105542182922363,0.019789146571063003,0.1414267721658799,False
ising,mixed,4,0,0.001,KL descent,942,943,1.1125500202178955,0.019782070260073878,0.1414035175222808,False
ising,mixed,4,0,0.001,KL descent,943,944,1.1135501861572266,0.019774990089297256,0.14138024160098944,False
ising,mixed,4,0,0.001,KL descent,944,945,1.1155505180358887,0.01976790605422767,0.1413569443933474,False
ising,mixed,4,0,0.001,KL descent,945,946,1.1165521144866943,0.019760818149777384,0.1413336258887009,False
ising,mixed,4,0,0.001,KL descent,946,947,1.1185510158538818,0.019753726370123476,0.1413102860739172,False
ising,mixed,4,0,0.001,KL descent,947,948,1.122521162033081,0.019746630708519033,0.14128692493277678,False
ising,mixed,4,0,0.001,KL descent,948,949,1.1248252391815186,0.01973953115705749,0.14126354244524414,False
ising,mixed,4,0,0.001,KL descent,949,950,1.1283328533172607,0.01973242770637169,0.1412401385864958,False
ising,mixed,4,0,0.001,KL descent,950,951,1.1303436756134033,0.01972532034526338,0.1412167133257503,False
ising,mixed,4,0,0.001,KL descent,951,952,1.1333556175231934,0.019718209060231192,0.14119326662477116,False
ising,mixed,4,0,0.001,KL descent,952,953,1.1353552341461182,0.01971109383488511,0.14116979843601118,False
ising,mixed,4,0,0.001,KL descent,953,954,1.138425588607788,0.01970397464920441,0.1411463087002493,False
ising,mixed,4,0,0.001,KL descent,954,955,1.1394388675689697,0.019696851478615038,0.14112279734365318,False
ising,mixed,4,0,0.001,KL descent,955,956,1.1414377689361572,0.019689724292825176,0.14109926427409553,False
ising,mixed,4,0,0.001,KL descent,956,957,1.1424367427825928,0.019682593054366596,0.14107570937649544,False
ising,mixed,4,0,0.001,KL descent,957,958,1.1444406509399414,0.019675457716764853,0.14105213250701332,False
ising,mixed,4,0,0.001,KL descent,958,959,1.145439624786377,0.01966831822224104,0.14102853348574135,False
ising,mixed,4,0,0.001,KL descent,959,960,1.14743971824646,0.019661174498834533,0.14100491208753607,False
ising,mixed,4,0,0.001,KL descent,960,961,1.1489505767822266,0.019654026456782308,0.14098126803050992,False
ising,mixed,4,0,0.001,KL descent,961,962,1.150963306427002,0.019646873983984653,0.14095760096158766,False
ising,mixed,4,0,0.001,KL descent,962,963,1.153960943222046,0.019639716940312545,0.1409339104383852,False
ising,mixed,4,0,0.001,KL descent,963,964,1.1569645404815674,0.01963255515046317,0.14091019590645243,False
ising,mixed,4,0,0.001,KL descent,964,965,1.1595361232757568,0.019625388394996907,0.14088645667073335,False
ising,mixed,4,0,0.001,KL descent,965,966,1.1615386009216309,0.01961821639909317,0.14086269185972083,False
ising,mixed,4,0,0.001,KL descent,966,967,1.1625392436981201,0.019611038818432538,0.1408389003804958,False
ising,mixed,4,0,0.001,KL descent,967,968,1.1645431518554688,0.01960385522149555,0.14081508086226074,False
ising,mixed,4,0,0.001,KL descent,968,969,1.1655526161193848,0.019596665067337444,0.14079123158551943,False
ising,mixed,4,0,0.001,KL descent,969,970,1.168137550354004,0.01958946767770949,0.1407673503931538,False
ising,mixed,4,0,0.001,KL descent,970,971,1.1701488494873047,0.01958226220207561,0.1407434345788251,False
ising,mixed,4,0,0.001,KL descent,971,972,1.1731622219085693,0.01957504757371044,0.1407194807469277,False
ising,mixed,4,0,0.001,KL descent,972,973,1.1751630306243896,0.019567822454621187,0.14069548463681447,False
ising,mixed,4,0,0.001,KL descent,973,974,1.1762676239013672,0.019560585166427537,0.14067144090216427,False
ising,mixed,4,0,0.001,KL descent,974,975,1.1782784461975098,0.0195533336036394,0.14064734283412206,False
ising,mixed,4,0,0.001,KL descent,975,976,1.1797990798950195,0.01954606512483926,0.14062318201377666,False
ising,mixed,4,0,0.001,KL descent,976,977,1.1808087825775146,0.019538776416141407,0.14059894787603933,False
ising,mixed,4,0,0.001,KL descent,977,978,1.1828153133392334,0.019531463319877266,0.1405746271622827,False
ising,mixed,4,0,0.001,KL descent,978,979,1.183809757232666,0.019524120619639998,0.14055020323340284,False
ising,mixed,4,0,0.001,KL descent,979,980,1.1848082542419434,0.01951674177059413,0.14052565520770277,False
ising,mixed,4,0,0.001,KL descent,980,981,1.1868107318878174,0.0195093185611071,0.14050095687897146,False
ising,mixed,4,0,0.001,KL descent,981,982,1.1868107318878174,0.019501840688245706,0.14047607535874962,False
ising,mixed,4,0,0.001,KL descent,982,983,1.190340518951416,0.019494295225222214,0.1404509693724882,False
ising,mixed,4,0,0.001,KL descent,983,984,1.1913566589355469,0.01948666595334168,0.14042558712152603,False
ising,mixed,4,0,0.001,KL descent,984,985,1.1933550834655762,0.019478932524034345,0.14039986360032614,False
ising,mixed,4,0,0.001,KL descent,985,986,1.1943614482879639,0.01947106940786314,0.14037371723043912,False
ising,mixed,4,0,0.001,KL descent,986,987,1.1963531970977783,0.019463044576510685,0.1403470456375231,False
ising,mixed,4,0,0.001,KL descent,987,988,1.1983559131622314,0.019454817850175127,0.1403197203537902,False
ising,mixed,4,0,0.001,KL descent,988,989,1.200899362564087,0.019446338825831595,0.14029158017334836,False
ising,mixed,4,0,0.001,KL descent,989,990,1.2029099464416504,0.019437544280704086,0.1402624228192791,False
ising,mixed,4,0,0.001,KL descent,990,991,1.204897165298462,0.01942835491903299,0.1402319944956812,False
ising,mixed,4,0,0.001,KL descent,991,992,1.2069017887115479,0.01941867129763105,0.14019997679128565,False
ising,mixed,4,0,0.001,KL descent,992,993,1.2084193229675293,0.019408368725445418,0.1401659702688015,False
ising,mixed,4,0,0.001,KL descent,993,994,1.209432601928711,0.019397290882727312,0.14012947390974445,False
ising,mixed,4,0,0.001,KL descent,994,995,1.2114331722259521,0.019385241844601917,0.14008985938158053,False
ising,mixed,4,0,0.001,KL descent,995,996,1.2124359607696533,0.019371976119851794,0.14004633884425427,False
ising,mixed,4,0,0.001,KL descent,996,997,1.2134346961975098,0.019357186226462486,0.13999792470739703,False
ising,mixed,4,0,0.001,KL descent,997,998,1.2144386768341064,0.01934048721912135,0.1399433793784065,False
ising,mixed,4,0,0.001,KL descent,998,999,1.2154357433319092,0.019321397459143817,0.13988115259469736,False
ising,mixed,4,0,0.001,KL descent,999,1000,1.2174315452575684,0.019299314774475978,0.13980930340292158,False
ising,mixed,4,0,0.001,KL descent,1000,1001,1.2184407711029053,0.019273486999415723,0.13972540322873056,False
ising,mixed,4,0,0.001,KL descent,1001,1002,1.219796895980835,0.019242975718157133,0.1396264157765893,False
ising,mixed,4,0,0.001,KL descent,1002,1003,1.2217998504638672,0.019206611878973916,0.1395085487277531,False
ising,mixed,4,0,0.001,KL descent,1003,1004,1.223797082901001,0.019162941825526556,0.13936707141027183,False
ising,mixed,4,0,0.001,KL descent,1004,1005,1.2258045673370361,0.019110162257543632,0.13919609188347137,False
ising,mixed,4,0,0.001,KL descent,1005,1006,1.2268037796020508,0.019046042765298237,0.138988286365131,False
ising,mixed,4,0,0.001,KL descent,1006,1007,1.2283167839050293,0.018967835007089772,0.13873457389130656,False
ising,mixed,4,0,0.001,KL descent,1007,1008,1.2293319702148438,0.018872168507570435,0.13842372995180713,False
ising,mixed,4,0,0.001,KL descent,1008,1009,1.2313315868377686,0.018754934725886407,0.1380419352295187,False
ising,mixed,4,0,0.001,KL descent,1009,1010,1.2333323955535889,0.018611163863036254,0.13757226043803772,False
ising,mixed,4,0,0.001,KL descent,1010,1011,1.2353341579437256,0.018434903349738522,0.13699409694117837,False
ising,mixed,4,0,0.001,KL descent,1011,1012,1.2383289337158203,0.01821911366709368,0.136282557136222,False
ising,mixed,4,0,0.001,KL descent,1012,1013,1.239861011505127,0.017955606661870623,0.13540789066675823,False
ising,mixed,4,0,0.001,KL descent,1013,1014,1.2418711185455322,0.01763506409013236,0.13433499466949234,False
ising,mixed,4,0,0.001,KL descent,1014,1015,1.242875337600708,0.017247189203273925,0.1330231400493273,False
ising,mixed,4,0,0.001,KL descent,1015,1016,1.2438735961914062,0.01678105954002173,0.13142609060592342,False
ising,mixed,4,0,0.001,KL descent,1016,1017,1.2448711395263672,0.016225759573213455,0.12949285226663237,False
ising,mixed,4,0,0.001,KL descent,1017,1018,1.2468690872192383,0.015571368216067022,0.12716934173180006,False
ising,mixed,4,0,0.001,KL descent,1018,1019,1.2468690872192383,0.014810344691394901,0.12440128097384001,False
ising,mixed,4,0,0.001,KL descent,1019,1020,1.2483851909637451,0.013939281126492137,0.12113856539593776,False
ising,mixed,4,0,0.001,KL descent,1020,1021,1.2504074573516846,0.0129608612337564,0.11734116934532007,False
ising,mixed,4,0,0.001,KL descent,1021,1022,1.2514278888702393,0.011885691036709459,0.11298630374946655,False
ising,mixed,4,0,0.001,KL descent,1022,1023,1.2524292469024658,0.010733495913546163,0.10807603452761583,False
ising,mixed,4,0,0.001,KL descent,1023,1024,1.2534258365631104,0.009533097776385988,0.10264400674957025,False
ising,mixed,4,0,0.001,KL descent,1024,1025,1.254425287246704,0.008320705960715555,0.0967595127858728,False
ising,mixed,4,0,0.001,KL descent,1025,1026,1.2566804885864258,0.007136437459567032,0.09052717615116995,False
ising,mixed,4,0,0.001,KL descent,1026,1027,1.2566804885864258,0.006019558327039302,0.08408120686455439,False
ising,mixed,4,0,0.001,KL descent,1027,1028,1.2582013607025146,0.005003481129015729,0.07757447012765617,False
ising,mixed,4,0,0.001,KL descent,1028,1029,1.2592148780822754,0.004111770911087713,0.07116409793130746,False
ising,mixed,4,0,0.001,KL descent,1029,1030,1.2612125873565674,0.003356137850082124,0.06499644801585303,False
ising,mixed,4,0,0.001,KL descent,1030,1031,1.2622151374816895,0.0027367310296104444,0.059194383158959085,False
ising,mixed,4,0,0.001,KL descent,1031,1032,1.2632145881652832,0.0022443192439352633,0.05384904163839144,False
ising,mixed,4,0,0.001,KL descent,1032,1033,1.2642135620117188,0.001863483835747918,0.04901689478296395,False
ising,mixed,4,0,0.001,KL descent,1033,1034,1.2662153244018555,0.0015758939882319191,0.04472153729907019,False
ising,mixed,4,0,0.001,KL descent,1034,1035,1.2672138214111328,0.001362995945452224,0.040958787587060064,False
ising,mixed,4,0,0.001,KL descent,1035,1036,1.2682161331176758,0.0012078211779523815,0.03770342654735387,False
ising,mixed,4,0,0.001,KL descent,1036,1037,1.2697296142578125,0.0010959309687212002,0.034916138088703974,False
ising,mixed,4,0,0.001,KL descent,1037,1038,1.2707452774047852,0.001015690499982827,0.032549683463160284,False
ising,mixed,4,0,0.001,KL descent,1038,1039,1.2717339992523193,0.0009581137867438371,0.03055382626765818,False
ising,mixed,4,0,0.001,KL descent,1039,1040,1.2727346420288086,0.0009164900236614264,0.028878901313245497,False
ising,mixed,4,0,0.001,KL descent,1040,1041,1.2737324237823486,0.0008859404394294994,0.02747815342223342,False
ising,mixed,4,0,0.001,KL descent,1041,1042,1.274730920791626,0.000862993964180824,0.026309080518839012,False
ising,mixed,4,0,0.001,KL descent,1042,1043,1.2767364978790283,0.0008452236881378011,0.025334038157442507,False
ising,mixed,4,0,0.001,KL descent,1043,1044,1.2792656421661377,0.0008309564376460525,0.02452033759734784,False
ising,mixed,4,0,0.001,KL descent,1044,1045,1.2812659740447998,0.0008190516924851073,0.023840024599253717,False
ising,mixed,4,0,0.001,KL descent,1045,1046,1.283268690109253,0.0008087390918636935,0.02326947822548947,False
ising,mixed,4,0,0.001,KL descent,1046,1047,1.2852795124053955,0.0007995021084815646,0.02302720452544038,False
ising,mixed,4,0,0.001,KL descent,1047,1048,1.2872681617736816,0.0007909964385660493,0.02300190877539815,False
ising,mixed,4,0,0.001,KL descent,1048,1049,1.2882661819458008,0.0007829936394980119,0.022962528206003863,False
ising,mixed,4,0,0.001,KL descent,1049,1050,1.2903850078582764,0.0007753426813155578,0.022911782453801766,False
ising,mixed,4,0,0.001,KL descent,1050,1051,1.2923874855041504,0.0007679439731043008,0.02285189806042437,False
ising,mixed,4,0,0.001,KL descent,1051,1052,1.2933857440948486,0.0007607319523846236,0.02278469226844504,False
ising,mixed,4,0,0.001,KL descent,1052,1053,1.2953863143920898,0.0007536634866383662,0.022711644562485978,False
ising,mixed,4,0,0.001,KL descent,1053,1054,1.2963862419128418,0.0007467101851222598,0.022633956996085447,False
ising,mixed,4,0,0.001,KL descent,1054,1055,1.2973930835723877,0.0007398533230739222,0.022552604584672897,False
ising,mixed,4,0,0.001,KL descent,1055,1056,1.2988975048065186,0.0007330805015201133,0.022468377092670466,False
ising,mixed,4,0,0.001,KL descent,1056,1057,1.2999083995819092,0.0007263834550188929,0.0223819134866714,False
ising,mixed,4,0,0.001,KL descent,1057,1058,1.3009121417999268,0.0007197566159302306,0.022293730214691165,False
ising,mixed,4,0,0.001,KL descent,1058,1059,1.3019275665283203,0.0007131961758235529,0.02220424433464485,False
ising,mixed,4,0,0.001,KL descent,1059,1060,1.302922010421753,0.0007066994727905913,0.022113792376733776,False
ising,mixed,4,0,0.001,KL descent,1060,1061,1.303926944732666,0.0007002645920002873,0.022022645692007403,False
ising,mixed,4,0,0.001,KL descent,1061,1062,1.3069326877593994,0.0006938901055599184,0.02193102291834692,False
ising,mixed,4,0,0.001,KL descent,1062,1063,1.3084561824798584,0.0006875749032535568,0.02183910009141321,False
ising,mixed,4,0,0.001,KL descent,1063,1064,1.3094711303710938,0.0006813180825063266,0.021747018834517517,False
ising,mixed,4,0,0.001,KL descent,1064,1065,1.310469388961792,0.0006751188769045045,0.02165489298729173,False
ising,mixed,4,0,0.001,KL descent,1065,1066,1.3114697933197021,0.0006689766097917353,0.02156281396573434,False
ising,mixed,4,0,0.001,KL descent,1066,1067,1.312476634979248,0.0006628906641676625,0.021470855094308294,False
ising,mixed,4,0,0.001,KL descent,1067,1068,1.3144783973693848,0.0006568604631720749,0.021379075104781264,False
ising,mixed,4,0,0.001,KL descent,1068,1069,1.3154716491699219,0.0006508854574425555,0.02128752096140224,False
ising,mixed,4,0,0.001,KL descent,1069,1070,1.3164734840393066,0.0006449651169214716,0.02119623014129668,False
ising,mixed,4,0,0.001,KL descent,1070,1071,1.3174729347229004,0.0006390989255573949,0.021105232474049773,False
ising,mixed,4,0,0.001,KL descent,1071,1072,1.3189828395843506,0.0006332863778721887,0.021014551626091782,False
ising,mixed,4,0,0.001,KL descent,1072,1073,1.319988489151001,0.0006275269767385878,0.02092420629753461,False
ising,mixed,4,0,0.001,KL descent,1073,1074,1.3209888935089111,0.0006218202319370008,0.02083421118762724,False
ising,mixed,4,0,0.001,KL descent,1074,1075,1.322990894317627,0.0006161656592213421,0.020744577772834782,False
ising,mixed,4,0,0.001,KL descent,1075,1076,1.3240721225738525,0.0006105627797053821,0.020655314934153957,False
ising,mixed,4,0,0.001,KL descent,1076,1077,1.325082540512085,0.0006050111194590975,0.020566429463122482,False
ising,mixed,4,0,0.001,KL descent,1077,1078,1.327094316482544,0.000599510209239219,0.0204779264690243,False
ising,mixed,4,0,0.001,KL descent,1078,1079,1.327094316482544,0.0005940595843083852,0.02038980970755655,False
ising,mixed,4,0,0.001,KL descent,1079,1080,1.3286075592041016,0.0005886587843039943,0.020302081845549158,False
ising,mixed,4,0,0.001,KL descent,1080,1081,1.3306176662445068,0.0005833073531461203,0.02021474467417822,False
ising,mixed,4,0,0.001,KL descent,1081,1082,1.331620693206787,0.0005780048389668652,0.020127799280789727,False
ising,mixed,4,0,0.001,KL descent,1082,1083,1.3326187133789062,0.0005727507940505184,0.020041246187462947,False
ising,mixed,4,0,0.001,KL descent,1083,1084,1.333648681640625,0.0005675447747862782,0.019955085462450783,False
ising,mixed,4,0,0.001,KL descent,1084,1085,1.3356235027313232,0.0005623863416258554,0.01986931681002474,False
ising,mixed,4,0,0.001,KL descent,1085,1086,1.336620569229126,0.0005572750590414456,0.019783939642799897,False
ising,mixed,4,0,0.001,KL descent,1086,1087,1.3381361961364746,0.0005522104954896407,0.01969895314025949,False
ising,mixed,4,0,0.001,KL descent,1087,1088,1.340160846710205,0.0005471922233737975,0.019614356295410695,False
ising,mixed,4,0,0.001,KL descent,1088,1089,1.3411545753479004,0.0005422198190093192,0.019530147952739052,False
ising,mixed,4,0,0.001,KL descent,1089,1090,1.3421673774719238,0.0005372928625870703,0.019446326838683803,False
ising,mixed,4,0,0.001,KL descent,1090,1091,1.34415864944458,0.0005324109381406872,0.01936289158597554,False
ising,mixed,4,0,0.001,KL descent,1091,1092,1.3451550006866455,0.0005275736335110257,0.01927984075363287,False
ising,mixed,4,0,0.001,KL descent,1092,1093,1.3461554050445557,0.0005227805403116852,0.01919717284254674,False
ising,mixed,4,0,0.001,KL descent,1093,1094,1.347170114517212,0.000518031253894781,0.0191148863085166,False
ising,mixed,4,0,0.001,KL descent,1094,1095,1.348677158355713,0.0005133253733194069,0.019032979572479347,False
ising,mixed,4,0,0.001,KL descent,1095,1096,1.3496778011322021,0.0005086625013154657,0.018951451028685062,False
ising,mixed,4,0,0.001,KL descent,1096,1097,1.3506827354431152,0.0005040422442507443,0.01887029905144072,False
ising,mixed,4,0,0.001,KL descent,1097,1098,1.3516862392425537,0.0004994642121002243,0.01878952200052153,False
ising,mixed,4,0,0.001,KL descent,1098,1099,1.3536865711212158,0.0004949280184101379,0.01870911822534843,False
ising,mixed,4,0,0.001,KL descent,1099,1100,1.3546867370605469,0.0004904332802679705,0.018629086068549683,False
ising,mixed,4,0,0.001,KL descent,1100,1101,1.3556838035583496,0.0004859796182684014,0.018549423868708337,False
ising,mixed,4,0,0.001,KL descent,1101,1102,1.3567352294921875,0.0004815666564827359,0.01847012996258951,False
ising,mixed,4,0,0.001,KL descent,1102,1103,1.3583004474639893,0.0004771940224247155,0.018391202686937114,False
ising,mixed,4,0,0.001,KL descent,1103,1104,1.3603262901306152,0.0004728613470229687,0.018312640379945233,False
ising,mixed,4,0,0.001,KL descent,1104,1105,1.3613486289978027,0.0004685682645854689,0.018234441382378286,False
ising,mixed,4,0,0.001,KL descent,1105,1106,1.362344741821289,0.00046431441277228723,0.01815660403840974,False
ising,mixed,4,0,0.001,KL descent,1106,1107,1.3633427619934082,0.0004600994325623083,0.018079126696583847,False
ising,mixed,4,0,0.001,KL descent,1107,1108,1.3653440475463867,0.0004559229682240761,0.018002007710189116,False
ising,mixed,4,0,0.001,KL descent,1108,1109,1.3663442134857178,0.00045178466728523986,0.017925245437766746,False
ising,mixed,4,0,0.001,KL descent,1109,1110,1.367342472076416,0.00044768418050315046,0.017848838243578358,False
ising,mixed,4,0,0.001,KL descent,1110,1111,1.3699357509613037,0.0004436211618350735,0.017772784497770533,False
ising,mixed,4,0,0.001,KL descent,1111,1112,1.371872901916504,0.00043959526840760786,0.01769708257674152,False
ising,mixed,4,0,0.001,KL descent,1112,1113,1.3738694190979004,0.00043560616049011583,0.01762173086315233,False
ising,mixed,4,0,0.001,KL descent,1113,1114,1.3768665790557861,0.0004316535014644361,0.017546727746206525,False
ising,mixed,4,0,0.001,KL descent,1114,1115,1.3793964385986328,0.00042773695779533064,0.017472071621799756,False
ising,mixed,4,0,0.001,KL descent,1115,1116,1.3803961277008057,0.00042385619900503014,0.017397760892345182,False
ising,mixed,4,0,0.001,KL descent,1116,1117,1.3814096450805664,0.00042001089764252125,0.017323793967074175,False
ising,mixed,4,0,0.001,KL descent,1117,1118,1.3824121952056885,0.0004162007292570196,0.017250169262097992,False
ising,mixed,4,0,0.001,KL descent,1118,1119,1.384411096572876,0.0004124253723703469,0.01717688520016858,False
ising,mixed,4,0,0.001,KL descent,1119,1120,1.3854100704193115,0.000408684508449747,0.017103940210984603,False
ising,mixed,4,0,0.001,KL descent,1120,1121,1.3864071369171143,0.0004049778218804022,0.017031332730974236,False
ising,mixed,4,0,0.001,KL descent,1121,1122,1.3874075412750244,0.0004013049999399892,0.016959061203621173,False
ising,mixed,4,0,0.001,KL descent,1122,1123,1.3889241218566895,0.00039766573277009954,0.0168871240790206,False
ising,mixed,4,0,0.001,KL descent,1123,1124,1.390944480895996,0.000394059713351309,0.016815519814190494,False
ising,mixed,4,0,0.001,KL descent,1124,1125,1.3919954299926758,0.00039048663747759133,0.016744246873001134,False
ising,mixed,4,0,0.001,KL descent,1125,1126,1.3929481506347656,0.00038694620372901195,0.01667330372610909,False
ising,mixed,4,0,0.001,KL descent,1126,1127,1.3949449062347412,0.0003834381134481405,0.01660268885090249,False
ising,mixed,4,0,0.001,KL descent,1127,1128,1.395944595336914,0.00037996207071181115,0.01653240073159634,False
ising,mixed,4,0,0.001,KL descent,1128,1129,1.3969414234161377,0.00037651778230976844,0.016462437859127266,False
ising,mixed,4,0,0.001,KL descent,1129,1130,1.398453712463379,0.0003731049577169079,0.01639279873116084,False
ising,mixed,4,0,0.001,KL descent,1130,1131,1.3994662761688232,0.00036972330906956874,0.01632348185208865,False
ising,mixed,4,0,0.001,KL descent,1131,1132,1.4004700183868408,0.0003663725511414209,0.016254485732973722,False
ising,mixed,4,0,0.001,KL descent,1132,1133,1.4014832973480225,0.00036305240131912376,0.0161858088914153,False
ising,mixed,4,0,0.001,KL descent,1133,1134,1.4034843444824219,0.0003597625795781932,0.016117449851907717,False
ising,mixed,4,0,0.001,KL descent,1134,1135,1.4044809341430664,0.0003565028084593935,0.016049407145273753,False
ising,mixed,4,0,0.001,KL descent,1135,1136,1.4054913520812988,0.000353272813044789,0.015981679309109542,False
ising,mixed,4,0,0.001,KL descent,1136,1137,1.4064841270446777,0.0003500723209354582,0.015914264887440077,False
ising,mixed,4,0,0.001,KL descent,1137,1138,1.4084844589233398,0.00034690106222740524,0.015847162430949913,False
ising,mixed,4,0,0.001,KL descent,1138,1139,1.4090030193328857,0.00034375876948936285,0.015780370496676355,False
ising,mixed,4,0,0.001,KL descent,1139,1140,1.4110445976257324,0.00034064517773952675,0.015713887648274916,False
ising,mixed,4,0,0.001,KL descent,1140,1141,1.4120466709136963,0.0003375600244234756,0.01564771245576768,False
ising,mixed,4,0,0.001,KL descent,1141,1142,1.4130382537841797,0.00033450304939155627,0.01558184349562447,False
ising,mixed,4,0,0.001,KL descent,1142,1143,1.414036512374878,0.00033147399487716426,0.01551627935075306,False
ising,mixed,4,0,0.001,KL descent,1143,1144,1.4160408973693848,0.00032847260547536235,0.015451018610416645,False
ising,mixed,4,0,0.001,KL descent,1144,1145,1.4170429706573486,0.00032549862812024334,0.015386059870134527,False
ising,mixed,4,0,0.001,KL descent,1145,1146,1.4185593128204346,0.000322551812063952,0.015321401731933304,False
ising,mixed,4,0,0.001,KL descent,1146,1147,1.4195730686187744,0.0003196319088554149,0.015257042804078524,False
ising,mixed,4,0,0.001,KL descent,1147,1148,1.420588493347168,0.0003167386723195195,0.015192981700989872,False
ising,mixed,4,0,0.001,KL descent,1148,1149,1.421586513519287,0.0003138718585351521,0.015129217043425125,False
ising,mixed,4,0,0.001,KL descent,1149,1150,1.423952579498291,0.00031103122581668027,0.015065747458408718,False
ising,mixed,4,0,0.001,KL descent,1150,1151,1.42494797706604,0.00030821653469102544,0.015002571579112278,False
ising,mixed,4,0,0.001,KL descent,1151,1152,1.425945520401001,0.00030542754787858976,0.014939688044879884,False
ising,mixed,4,0,0.001,KL descent,1152,1153,1.4269466400146484,0.0003026640302741801,0.014877095501187987,False
ising,mixed,4,0,0.001,KL descent,1153,1154,1.4284584522247314,0.00029992574892474116,0.014814792599687931,False
ising,mixed,4,0,0.001,KL descent,1154,1155,1.429473638534546,0.0002972124730110863,0.014752777998053024,False
ising,mixed,4,0,0.001,KL descent,1155,1156,1.430483341217041,0.0002945239738283813,0.014691050360149394,False
ising,mixed,4,0,0.001,KL descent,1156,1157,1.4314751625061035,0.00029186002476595807,0.014629608355724744,False
ising,mixed,4,0,0.001,KL descent,1157,1158,1.4334766864776611,0.00028922040128931924,0.014568450660682852,False
ising,mixed,4,0,0.001,KL descent,1158,1159,1.4344768524169922,0.00028660488091971324,0.014507575956890895,False
ising,mixed,4,0,0.001,KL descent,1159,1160,1.4354751110076904,0.00028401324321623974,0.014446982932111274,False
ising,mixed,4,0,0.001,KL descent,1160,1161,1.4364733695983887,0.0002814452697569641,0.014386670280156832,False
ising,mixed,4,0,0.001,KL descent,1161,1162,1.4384737014770508,0.0002789007441196191,0.014326636700749018,False
ising,mixed,4,0,0.001,KL descent,1162,1163,1.4396414756774902,0.0002763794518650161,0.014266880899486745,False
ising,mixed,4,0,0.001,KL descent,1163,1164,1.4406392574310303,0.000273881180517431,0.014207401587771451,False
ising,mixed,4,0,0.001,KL descent,1164,1165,1.441636562347412,0.0002714057195465098,0.01414819748295354,False
ising,mixed,4,0,0.001,KL descent,1165,1166,1.4436314105987549,0.0002689528603503945,0.014089267308198317,False
ising,mixed,4,0,0.001,KL descent,1166,1167,1.4446358680725098,0.000266522396237374,0.014030609792410331,False
ising,mixed,4,0,0.001,KL descent,1167,1168,1.445636510848999,0.00026411412240891,0.013972223670361938,False
ising,mixed,4,0,0.001,KL descent,1168,1169,1.4466373920440674,0.00026172783594099677,0.01391410768244411,False
ising,mixed,4,0,0.001,KL descent,1169,1170,1.4481616020202637,0.0002593633357690587,0.013856260574903523,False
ising,mixed,4,0,0.001,KL descent,1170,1171,1.4491770267486572,0.0002570204226689768,0.013798681099668808,False
ising,mixed,4,0,0.001,KL descent,1171,1172,1.45017671585083,0.00025469889924130277,0.013741368014300703,False
ising,mixed,4,0,0.001,KL descent,1172,1173,1.4521772861480713,0.000252398569893301,0.013684320082002877,False
ising,mixed,4,0,0.001,KL descent,1173,1174,1.4531757831573486,0.0002501192408250921,0.013627536071625368,False
ising,mixed,4,0,0.001,KL descent,1174,1175,1.4541819095611572,0.00024786072000992834,0.013571014757740196,False
ising,mixed,4,0,0.001,KL descent,1175,1176,1.4551784992218018,0.000245622817179862,0.013514754920440908,False
ising,mixed,4,0,0.001,KL descent,1176,1177,1.4565606117248535,0.0002434053438090827,0.013458755345187479,False
ising,mixed,4,0,0.001,KL descent,1177,1178,1.458355188369751,0.0002412081130982219,0.013403014823263948,False
ising,mixed,4,0,0.001,KL descent,1178,1179,1.4603688716888428,0.00023903093995778293,0.013347532151286312,False
ising,mixed,4,0,0.001,KL descent,1179,1180,1.4613687992095947,0.00023687364099414477,0.01329230613147675,False
ising,mixed,4,0,0.001,KL descent,1180,1181,1.4627974033355713,0.00023473603449198103,0.013237335571483044,False
ising,mixed,4,0,0.001,KL descent,1181,1182,1.4638149738311768,0.00023261794039968397,0.013182619284331398,False
ising,mixed,4,0,0.001,KL descent,1182,1183,1.4662532806396484,0.00023051918031478632,0.013128156088564713,False
ising,mixed,4,0,0.001,KL descent,1183,1184,1.467252254486084,0.00022843957746745231,0.01307394480802393,False
ising,mixed,4,0,0.001,KL descent,1184,1185,1.4692773818969727,0.00022637895670744304,0.01301998427209028,False
ising,mixed,4,0,0.001,KL descent,1185,1186,1.4705843925476074,0.00022433714448722494,0.012966273315285493,False
ising,mixed,4,0,0.001,KL descent,1186,1187,1.4725987911224365,0.00022231396884904702,0.012912810777640726,False
ising,mixed,4,0,0.001,KL descent,1187,1188,1.4737122058868408,0.0002203092594085538,0.012859595504357668,False
ising,mixed,4,0,0.001,KL descent,1188,1189,1.4757301807403564,0.0002183228473415324,0.012806626346068106,False
ising,mixed,4,0,0.001,KL descent,1189,1190,1.476729154586792,0.00021635456536950835,0.012753902158515351,False
ising,mixed,4,0,0.001,KL descent,1190,1191,1.478252649307251,0.00021440424774644105,0.012701421802761736,False
ising,mixed,4,0,0.001,KL descent,1191,1192,1.479659080505371,0.00021247173024151536,0.01264918414507532,False
ising,mixed,4,0,0.001,KL descent,1192,1193,1.4806735515594482,0.000210556850130242,0.012597188056954034,False
ising,mixed,4,0,0.001,KL descent,1193,1194,1.482672929763794,0.00020865944617516402,0.012545432415009439,False
ising,mixed,4,0,0.001,KL descent,1194,1195,1.483675241470337,0.0002067793586164354,0.012493916100983327,False
ising,mixed,4,0,0.001,KL descent,1195,1196,1.484673023223877,0.000204916429156707,0.012442638001823103,False
ising,mixed,4,0,0.001,KL descent,1196,1197,1.4856715202331543,0.00020307050094670173,0.012391597009535682,False
ising,mixed,4,0,0.001,KL descent,1197,1198,1.4866752624511719,0.00020124141857388866,0.012340792021232672,False
ising,mixed,4,0,0.001,KL descent,1198,1199,1.48919677734375,0.0001994290280484699,0.012290221939044887,False
ising,mixed,4,0,0.001,KL descent,1199,1200,1.4902029037475586,0.0001976331767899117,0.01223988567018286,False
ising,mixed,4,0,0.001,KL descent,1200,1201,1.4911952018737793,0.00019585371361471567,0.012189782126877435,False
ising,mixed,4,0,0.001,KL descent,1201,1202,1.493274450302124,0.00019409048872272208,0.012139910226334427,False
ising,mixed,4,0,0.001,KL descent,1202,1203,1.4942901134490967,0.00019234335368544962,0.0120902688907224,False
ising,mixed,4,0,0.001,KL descent,1203,1204,1.4952831268310547,0.00019061216143339025,0.012040857047219133,False
ising,mixed,4,0,0.001,KL descent,1204,1205,1.4962859153747559,0.00018889676624227972,0.011991673627871569,False
ising,mixed,4,0,0.001,KL descent,1205,1206,1.498286485671997,0.00018719702372236788,0.011942717569686234,False
ising,mixed,4,0,0.001,KL descent,1206,1207,1.4988019466400146,0.00018551279080573132,0.011893987814473261,False
ising,mixed,4,0,0.001,KL descent,1207,1208,1.499807596206665,0.00018384392573346422,0.011845483308966176,False
ising,mixed,4,0,0.001,KL descent,1208,1209,1.5018072128295898,0.00018219028804445248,0.01179720300485948,False
ising,mixed,4,0,0.001,KL descent,1209,1210,1.502807855606079,0.00018055173856285252,0.011749145858456378,False
ising,mixed,4,0,0.001,KL descent,1210,1211,1.5038104057312012,0.00017892813938743873,0.011701310831040479,False
ising,mixed,4,0,0.001,KL descent,1211,1212,1.5048062801361084,0.00017731935387825396,0.01165369688852852,False
ising,mixed,4,0,0.001,KL descent,1212,1213,1.5058133602142334,0.00017572524664633254,0.011606303001721663,False
ising,mixed,4,0,0.001,KL descent,1213,1214,1.506805419921875,0.00017414568354224202,0.01155912814613319,False
ising,mixed,4,0,0.001,KL descent,1214,1215,1.5091280937194824,0.00017258053164314604,0.01151217130194998,False
ising,mixed,4,0,0.001,KL descent,1215,1216,1.5101289749145508,0.00017102965924422784,0.011465431454120323,False
ising,mixed,4,0,0.001,KL descent,1216,1217,1.5111417770385742,0.00016949293584501372,0.011418907592229355,False
ising,mixed,4,0,0.001,KL descent,1217,1218,1.512141227722168,0.00016797023213953842,0.0113725987105196,False
ising,mixed,4,0,0.001,KL descent,1218,1219,1.514211654663086,0.0001664614200053917,0.011326503807903399,False
ising,mixed,4,0,0.001,KL descent,1219,1220,1.5151515007019043,0.00016496637249280126,0.011280621887886644,False
ising,mixed,4,0,0.001,KL descent,1220,1221,1.5161409378051758,0.00016348496381334552,0.01123495195859453,False
ising,mixed,4,0,0.001,KL descent,1221,1222,1.5171380043029785,0.00016201706932982224,0.011189493032735642,False
ising,mixed,4,0,0.001,KL descent,1222,1223,1.5186631679534912,0.0001605625655465271,0.011144244127472946,False
ising,mixed,4,0,0.001,KL descent,1223,1224,1.5196802616119385,0.00015912133009653097,0.011099204264701623,False
ising,mixed,4,0,0.001,KL descent,1224,1225,1.5216937065124512,0.00015769324173307126,0.011054372470613083,False
ising,mixed,4,0,0.001,KL descent,1225,1226,1.523690938949585,0.00015627818031976014,0.01100974777609498,False
ising,mixed,4,0,0.001,KL descent,1226,1227,1.524733543395996,0.0001548760268184977,0.01096532921638127,False
ising,mixed,4,0,0.001,KL descent,1227,1228,1.5291945934295654,0.00015348666328062898,0.01092111583118388,False
ising,mixed,4,0,0.001,KL descent,1228,1229,1.5311920642852783,0.00015210997283753307,0.010877106664753222,False
ising,mixed,4,0,0.001,KL descent,1229,1230,1.5335907936096191,0.00015074583968931535,0.010833300765597631,False
ising,mixed,4,0,0.001,KL descent,1230,1231,1.5346031188964844,0.00014939414909573225,0.010789697186736613,False
ising,mixed,4,0,0.001,KL descent,1231,1232,1.536864995956421,0.00014805478736629814,0.010746294985586047,False
ising,mixed,4,0,0.001,KL descent,1232,1233,1.5383763313293457,0.00014672764185144518,0.010703093223795201,False
ising,mixed,4,0,0.001,KL descent,1233,1234,1.5393946170806885,0.00014541260093167523,0.010660090967467728,False
ising,mixed,4,0,0.001,KL descent,1234,1235,1.5403902530670166,0.0001441095540088114,0.01061728728698852,False
ising,mixed,4,0,0.001,KL descent,1235,1236,1.542388916015625,0.00014281839149714228,0.010574681257038476,False
ising,mixed,4,0,0.001,KL descent,1236,1237,1.5433881282806396,0.00014153900481312103,0.01053227195666867,False
ising,mixed,4,0,0.001,KL descent,1237,1238,1.5443916320800781,0.00014027128636699866,0.010490058469020236,False
ising,mixed,4,0,0.001,KL descent,1238,1239,1.5454177856445312,0.0001390151295527157,0.010448039881638227,False
ising,mixed,4,0,0.001,KL descent,1239,1240,1.5463919639587402,0.00013777042874035957,0.01040621528618968,False
ising,mixed,4,0,0.001,KL descent,1240,1241,1.5484404563903809,0.00013653707926649305,0.010364583778627146,False
ising,mixed,4,0,0.001,KL descent,1241,1242,1.5490107536315918,0.0001353149774237087,0.010323144459121192,False
ising,mixed,4,0,0.001,KL descent,1242,1243,1.5500569343566895,0.00013410402045572014,0.010281896431774684,False
ising,mixed,4,0,0.001,KL descent,1243,1244,1.552013874053955,0.00013290410654471368,0.010240838805198493,False
ising,mixed,4,0,0.001,KL descent,1244,1245,1.5530593395233154,0.0001317151348042109,0.010199970691864846,False
ising,mixed,4,0,0.001,KL descent,1245,1246,1.5540120601654053,0.00013053700527200377,0.010159291208451604,False
ising,mixed,4,0,0.001,KL descent,1246,1247,1.5560095310211182,0.00012936961889910585,0.010118799475715756,False
ising,mixed,4,0,0.001,KL descent,1247,1248,1.5570099353790283,0.00012821287754316004,0.010078494618581568,False
ising,mixed,4,0,0.001,KL descent,1248,1249,1.5585229396820068,0.00012706668395948096,0.010038375765890784,False
ising,mixed,4,0,0.001,KL descent,1249,1250,1.5595455169677734,0.00012593094179306932,0.009998442050660972,False
ising,mixed,4,0,0.001,KL descent,1250,1251,1.5605404376983643,0.00012480555557028874,0.009958692609768116,False
ising,mixed,4,0,0.001,KL descent,1251,1252,1.562537670135498,0.00012369043069093916,0.009919126584241156,False
ising,mixed,4,0,0.001,KL descent,1252,1253,1.5635371208190918,0.00012258547342002403,0.009879743119071305,False
ising,mixed,4,0,0.001,KL descent,1253,1254,1.5645391941070557,0.0001214905908802084,0.009840541363181077,False
ising,mixed,4,0,0.001,KL descent,1254,1255,1.565537929534912,0.00012040569104326544,0.009801520469436331,False
ising,mixed,4,0,0.001,KL descent,1255,1256,1.566535234451294,0.00011933068272301783,0.009762679594702006,False
ising,mixed,4,0,0.001,KL descent,1256,1257,1.5675420761108398,0.00011826547556777851,0.009724017899624793,False
ising,mixed,4,0,0.001,KL descent,1257,1258,1.5685477256774902,0.00011720998005125549,0.009685534548928232,False
ising,mixed,4,0,0.001,KL descent,1258,1259,1.5707156658172607,0.00011616410746673493,0.009647228711113509,False
ising,mixed,4,0,0.001,KL descent,1259,1260,1.573129653930664,0.0001151277699191519,0.009609099558510137,False
ising,mixed,4,0,0.001,KL descent,1260,1261,1.5751309394836426,0.00011410088031674594,0.00957114626743033,False
ising,mixed,4,0,0.001,KL descent,1261,1262,1.577129602432251,0.00011308335236493165,0.009533368017879518,False
ising,mixed,4,0,0.001,KL descent,1262,1263,1.5786495208740234,0.00011207510055718487,0.009495763993652317,False
ising,mixed,4,0,0.001,KL descent,1263,1264,1.5798759460449219,0.00011107604017039684,0.009458333382490969,False
ising,mixed,4,0,0.001,KL descent,1264,1265,1.5808944702148438,0.000110086087255412,0.00942107537588055,False
ising,mixed,4,0,0.001,KL descent,1265,1266,1.582040786743164,0.00010910515863169997,0.009383989168924967,False
ising,mixed,4,0,0.001,KL descent,1266,1267,1.5830612182617188,0.00010813317187812269,0.009347073960570718,False
ising,mixed,4,0,0.001,KL descent,1267,1268,1.5851097106933594,0.00010717004532875135,0.009310328953545055,False
ising,mixed,4,0,0.001,KL descent,1268,1269,1.58644437789917,0.00010621569806408267,0.009273753354176795,False
ising,mixed,4,0,0.001,KL descent,1269,1270,1.5874559879302979,0.00010527004990417907,0.009237346372543864,False
ising,mixed,4,0,0.001,KL descent,1270,1271,1.590010166168213,0.00010433302140232313,0.009201107222366278,False
ising,mixed,4,0,0.001,KL descent,1271,1272,1.5911586284637451,0.00010340453383934326,0.00916503512115524,False
ising,mixed,4,0,0.001,KL descent,1272,1273,1.592172622680664,0.00010248450921484901,0.009129129289788873,False
ising,mixed,4,0,0.001,KL descent,1273,1274,1.593658685684204,0.00010157287024199074,0.00909338895305678,False
ising,mixed,4,0,0.001,KL descent,1274,1275,1.5946736335754395,0.00010066954034146109,0.009057813339185428,False
ising,mixed,4,0,0.001,KL descent,1275,1276,1.5966730117797852,9.977444363300832e-05,0.009022401680065684,False
ising,mixed,4,0,0.001,KL descent,1276,1277,1.5966730117797852,9.888750493038004e-05,0.008987153211203747,False
ising,mixed,4,0,0.001,KL descent,1277,1278,1.5993571281433105,9.800864973625906e-05,0.008952067171532574,False
ising,mixed,4,0,0.001,KL descent,1278,1279,1.6003575325012207,9.713780423340076e-05,0.008917142803643252,False
ising,mixed,4,0,0.001,KL descent,1279,1280,1.6013576984405518,9.627489527881108e-05,0.008882379353613024,False
ising,mixed,4,0,0.001,KL descent,1280,1281,1.6043603420257568,9.54198504002112e-05,0.008847776071055136,False
ising,mixed,4,0,0.001,KL descent,1281,1282,1.606360912322998,9.457259778637684e-05,0.008813332209006874,False
ising,mixed,4,0,0.001,KL descent,1282,1283,1.6073813438415527,9.373306628354303e-05,0.008779047024158104,False
ising,mixed,4,0,0.001,KL descent,1283,1284,1.6088917255401611,9.290118538826772e-05,0.008744919776434545,False
ising,mixed,4,0,0.001,KL descent,1284,1285,1.6099193096160889,9.2076885241185e-05,0.008710949729381967,False
ising,mixed,4,0,0.001,KL descent,1285,1286,1.6109130382537842,9.12600966228856e-05,0.008677136149882692,False
ising,mixed,4,0,0.001,KL descent,1286,1287,1.6119143962860107,9.045075094540607e-05,0.008643478308339059,False
ising,mixed,4,0,0.001,KL descent,1287,1288,1.6128945350646973,8.964878024955649e-05,0.008609975478421295,False
ising,mixed,4,0,0.001,KL descent,1288,1289,1.6148974895477295,8.885411719542543e-05,0.008576626937300602,False
ising,mixed,4,0,0.001,KL descent,1289,1290,1.6158990859985352,8.806669506053228e-05,0.008543431965484183,False
ising,mixed,4,0,0.001,KL descent,1290,1291,1.6169319152832031,8.728644773193096e-05,0.00851038984673308,False
ising,mixed,4,0,0.001,KL descent,1291,1292,1.6185297966003418,8.651330970034098e-05,0.008477499868366933,False
ising,mixed,4,0,0.001,KL descent,1292,1293,1.6195838451385498,8.574721605642834e-05,0.008444761320880567,False
ising,mixed,4,0,0.001,KL descent,1293,1294,1.6215405464172363,8.498810248332091e-05,0.008412173498004716,False
ising,mixed,4,0,0.001,KL descent,1294,1295,1.622541904449463,8.42359052528616e-05,0.008379735696956936,False
ising,mixed,4,0,0.001,KL descent,1295,1296,1.623539924621582,8.349056121891713e-05,0.008347447218105764,False
ising,mixed,4,0,0.001,KL descent,1296,1297,1.6255388259887695,8.275200781372705e-05,0.008315307365158453,False
ising,mixed,4,0,0.001,KL descent,1297,1298,1.6265392303466797,8.20201830397545e-05,0.008283315444964134,False
ising,mixed,4,0,0.001,KL descent,1298,1299,1.6275746822357178,8.129502546738981e-05,0.00825147076774363,False
ising,mixed,4,0,0.001,KL descent,1299,1300,1.6285746097564697,8.057647422865001e-05,0.008219772646771373,False
ising,mixed,4,0,0.001,KL descent,1300,1301,1.6297671794891357,7.98644690109861e-05,0.00818822039877981,False
ising,mixed,4,0,0.001,KL descent,1301,1302,1.6317641735076904,7.915895005447884e-05,0.008156813343350555,False
ising,mixed,4,0,0.001,KL descent,1302,1303,1.6327664852142334,7.845985814418713e-05,0.008125550803596893,False
ising,mixed,4,0,0.001,KL descent,1303,1304,1.6337661743164062,7.776713460796092e-05,0.008094432105493932,False
ising,mixed,4,0,0.001,KL descent,1304,1305,1.6347670555114746,7.708072130744627e-05,0.008063456578410788,False
ising,mixed,4,0,0.001,KL descent,1305,1306,1.6367616653442383,7.640056063929986e-05,0.008032623554610152,False
ising,mixed,4,0,0.001,KL descent,1306,1307,1.6367616653442383,7.572659552293514e-05,0.008001932369697151,False
ising,mixed,4,0,0.001,KL descent,1307,1308,1.639336109161377,7.50587694024463e-05,0.007971382362220503,False
ising,mixed,4,0,0.001,KL descent,1308,1309,1.640321969985962,7.439702623697627e-05,0.007940972873885455,False
ising,mixed,4,0,0.001,KL descent,1309,1310,1.6423366069793701,7.37413104989215e-05,0.007910703249454754,False
ising,mixed,4,0,0.001,KL descent,1310,1311,1.6433298587799072,7.309156716730006e-05,0.007880572836793776,False
ising,mixed,4,0,0.001,KL descent,1311,1312,1.6442878246307373,7.24477417255807e-05,0.007850580986715372,False
ising,mixed,4,0,0.001,KL descent,1312,1313,1.6452910900115967,7.180978015339321e-05,0.007820727053188536,False
ising,mixed,4,0,0.001,KL descent,1313,1314,1.6463291645050049,7.117762892577925e-05,0.0077910103931315144,False
ising,mixed,4,0,0.001,KL descent,1314,1315,1.6483337879180908,7.055123500598849e-05,0.007761430366499289,False
ising,mixed,4,0,0.001,KL descent,1315,1316,1.6489100456237793,6.993054584262951e-05,0.007731986336172114,False
ising,mixed,4,0,0.001,KL descent,1316,1317,1.649919033050537,6.931550936443683e-05,0.007702677668096181,False
ising,mixed,4,0,0.001,KL descent,1317,1318,1.6519672870635986,6.870607397514586e-05,0.007673503731083109,False
ising,mixed,4,0,0.001,KL descent,1318,1319,1.652965784072876,6.810218855145332e-05,0.007644463897031439,False
ising,mixed,4,0,0.001,KL descent,1319,1320,1.6539685726165771,6.750380243645193e-05,0.0076155575406055,False
ising,mixed,4,0,0.001,KL descent,1320,1321,1.6549105644226074,6.691086543634227e-05,0.007586784039580519,False
ising,mixed,4,0,0.001,KL descent,1321,1322,1.6559391021728516,6.632332781557814e-05,0.007558142774468424,False
ising,mixed,4,0,0.001,KL descent,1322,1323,1.6569499969482422,6.57411402938009e-05,0.007529633128780244,False
ising,mixed,4,0,0.001,KL descent,1323,1324,1.659550428390503,6.516425404061769e-05,0.00750125448886646,False
ising,mixed,4,0,0.001,KL descent,1324,1325,1.6605608463287354,6.459262067191299e-05,0.007473006243976066,False
ising,mixed,4,0,0.001,KL descent,1325,1326,1.6615099906921387,6.402619224595441e-05,0.007444887786208332,False
ising,mixed,4,0,0.001,KL descent,1326,1327,1.6625216007232666,6.346492125837628e-05,0.007416898510518077,False
ising,mixed,4,0,0.001,KL descent,1327,1328,1.6645135879516602,6.290876063996397e-05,0.007389037814584387,False
ising,mixed,4,0,0.001,KL descent,1328,1329,1.666511058807373,6.235766375058344e-05,0.0073613050990319895,False
ising,mixed,4,0,0.001,KL descent,1329,1330,1.6675100326538086,6.181158437690098e-05,0.00733369976729753,False
ising,mixed,4,0,0.001,KL descent,1330,1331,1.6685082912445068,6.127047672755911e-05,0.00730622122554514,False
ising,mixed,4,0,0.001,KL descent,1331,1332,1.6696035861968994,6.073429542978784e-05,0.0072788688826351255,False
ising,mixed,4,0,0.001,KL descent,1332,1333,1.6706113815307617,6.0202995525294664e-05,0.007251642150411686,False
ising,mixed,4,0,0.001,KL descent,1333,1334,1.6725690364837646,5.967653246660254e-05,0.007224540443209193,False
ising,mixed,4,0,0.001,KL descent,1334,1335,1.673598051071167,5.915486211351866e-05,0.007197563178346578,False
ising,mixed,4,0,0.001,KL descent,1335,1336,1.6746039390563965,5.863794072822649e-05,0.00717070977576012,False
ising,mixed,4,0,0.001,KL descent,1336,1337,1.6765954494476318,5.8125724973384944e-05,0.00714397965800162,False
ising,mixed,4,0,0.001,KL descent,1337,1338,1.6765954494476318,5.7618171908117464e-05,0.007117372250546317,False
ising,mixed,4,0,0.001,KL descent,1338,1339,1.6781435012817383,5.711523898240781e-05,0.007090886981324984,False
ising,mixed,4,0,0.001,KL descent,1339,1340,1.6801950931549072,5.6616884035680165e-05,0.007064523281110735,False
ising,mixed,4,0,0.001,KL descent,1340,1341,1.6811938285827637,5.6123065293014205e-05,0.007038280583333445,False
ising,mixed,4,0,0.001,KL descent,1341,1342,1.6822004318237305,5.563374136085576e-05,0.007012158323900619,False
ising,mixed,4,0,0.001,KL descent,1342,1343,1.6841564178466797,5.514887122316358e-05,0.0069861559416296015,False
ising,mixed,4,0,0.001,KL descent,1343,1344,1.6868047714233398,5.466841423931441e-05,0.006960272877700291,False
ising,mixed,4,0,0.001,KL descent,1344,1345,1.6893250942230225,5.419233014023763e-05,0.006934508576091569,False
ising,mixed,4,0,0.001,KL descent,1345,1346,1.6913280487060547,5.372057902403027e-05,0.006908862483346323,False
ising,mixed,4,0,0.001,KL descent,1346,1347,1.6933317184448242,5.3253121353066986e-05,0.006883334048508993,False
ising,mixed,4,0,0.001,KL descent,1347,1348,1.6958556175231934,5.278991795205001e-05,0.006857922723281562,False
ising,mixed,4,0,0.001,KL descent,1348,1349,1.6983726024627686,5.233093000322998e-05,0.0068326279619539965,False
ising,mixed,4,0,0.001,KL descent,1349,1350,1.700382947921753,5.1876119042148713e-05,0.0068074492212849,False
ising,mixed,4,0,0.001,KL descent,1350,1351,1.7023842334747314,5.1425446957151537e-05,0.0067823859606856995,False
ising,mixed,4,0,0.001,KL descent,1351,1352,1.7043817043304443,5.097887598488112e-05,0.006757437642047337,False
ising,mixed,4,0,0.001,KL descent,1352,1353,1.706383466720581,5.0536368705793875e-05,0.006732603729714515,False
ising,mixed,4,0,0.001,KL descent,1353,1354,1.7083821296691895,5.00978880425267e-05,0.006707883690634686,False
ising,mixed,4,0,0.001,KL descent,1354,1355,1.71170973777771,4.9663397257215976e-05,0.006683276994159548,False
ising,mixed,4,0,0.001,KL descent,1355,1356,1.7137067317962646,4.923285994675743e-05,0.006658783112284905,False
ising,mixed,4,0,0.001,KL descent,1356,1357,1.7157061100006104,4.880624004041743e-05,0.006634401519298838,False
ising,mixed,4,0,0.001,KL descent,1357,1358,1.7167067527770996,4.838350179740196e-05,0.006610131692051269,False
ising,mixed,4,0,0.001,KL descent,1358,1359,1.719224452972412,4.7964609803847775e-05,0.006585973109802856,False
ising,mixed,4,0,0.001,KL descent,1359,1360,1.7212355136871338,4.7549528967750707e-05,0.006561925254281398,False
ising,mixed,4,0,0.001,KL descent,1360,1361,1.7232296466827393,4.713822451969901e-05,0.00653798760960933,False
ising,mixed,4,0,0.001,KL descent,1361,1362,1.7242274284362793,4.673066200614525e-05,0.006514159662393104,False
ising,mixed,4,0,0.001,KL descent,1362,1363,1.7252261638641357,4.632680728890257e-05,0.006490440901596561,False
ising,mixed,4,0,0.001,KL descent,1363,1364,1.7262248992919922,4.592662654153063e-05,0.00646683081851418,False
ising,mixed,4,0,0.001,KL descent,1364,1365,1.727224349975586,4.553008624694861e-05,0.006443328906935941,False
ising,mixed,4,0,0.001,KL descent,1365,1366,1.728731393814087,4.51371531937719e-05,0.006419934662936666,False
ising,mixed,4,0,0.001,KL descent,1366,1367,1.729738712310791,4.474779447315386e-05,0.006396647584991866,False
ising,mixed,4,0,0.001,KL descent,1367,1368,1.7307381629943848,4.4361977478646125e-05,0.006373467173972025,False
ising,mixed,4,0,0.001,KL descent,1368,1369,1.7317438125610352,4.397966990002562e-05,0.006350392932984172,False
ising,mixed,4,0,0.001,KL descent,1369,1370,1.733793020248413,4.360083972318896e-05,0.006327424367500112,False
ising,mixed,4,0,0.001,KL descent,1370,1371,1.7347922325134277,4.3225455224842665e-05,0.006304560985372909,False
ising,mixed,4,0,0.001,KL descent,1371,1372,1.7358391284942627,4.2853484974125344e-05,0.006281802296646932,False
ising,mixed,4,0,0.001,KL descent,1372,1373,1.7367815971374512,4.248489782357392e-05,0.0062591478137563605,False
ising,mixed,4,0,0.001,KL descent,1373,1374,1.7382924556732178,4.211966291384358e-05,0.006236597051374859,False
ising,mixed,4,0,0.001,KL descent,1374,1375,1.7404541969299316,4.175774966473948e-05,0.006214149526549528,False
ising,mixed,4,0,0.001,KL descent,1375,1376,1.7414720058441162,4.1399127776640195e-05,0.006191804758378161,False
ising,mixed,4,0,0.001,KL descent,1376,1377,1.7434642314910889,4.104376722638002e-05,0.006169562268394602,False
ising,mixed,4,0,0.001,KL descent,1377,1378,1.7444634437561035,4.069163826486276e-05,0.006147421580280865,False
ising,mixed,4,0,0.001,KL descent,1378,1379,1.7454659938812256,4.034271141414186e-05,0.006125382220019349,False
ising,mixed,4,0,0.001,KL descent,1379,1380,1.7464632987976074,3.999695746670286e-05,0.006103443715798684,False
ising,mixed,4,0,0.001,KL descent,1380,1381,1.747464895248413,3.965434748040607e-05,0.0060816055979363015,False
ising,mixed,4,0,0.001,KL descent,1381,1382,1.7484652996063232,3.931485277827403e-05,0.006059867399084817,False
ising,mixed,4,0,0.001,KL descent,1382,1383,1.7495322227478027,3.897844494462016e-05,0.006038228653916233,False
ising,mixed,4,0,0.001,KL descent,1383,1384,1.7515289783477783,3.864509582416893e-05,0.006016688899455169,False
ising,mixed,4,0,0.001,KL descent,1384,1385,1.75254487991333,3.83147775172895e-05,0.005995247674800364,False
ising,mixed,4,0,0.001,KL descent,1385,1386,1.7535457611083984,3.79874623802302e-05,0.0059739045212328645,False
ising,mixed,4,0,0.001,KL descent,1386,1387,1.7545418739318848,3.766312302091177e-05,0.0059526589821474185,False
ising,mixed,4,0,0.001,KL descent,1387,1388,1.7555313110351562,3.734173229892298e-05,0.005931510603175039,False
ising,mixed,4,0,0.001,KL descent,1388,1389,1.7575290203094482,3.702326331927422e-05,0.0059104589319599055,False
ising,mixed,4,0,0.001,KL descent,1389,1390,1.758528709411621,3.6707689433640466e-05,0.005889503518332562,False
ising,mixed,4,0,0.001,KL descent,1390,1391,1.759073257446289,3.63949842379775e-05,0.005868643914229532,False
ising,mixed,4,0,0.001,KL descent,1391,1392,1.7610769271850586,3.6085121568178746e-05,0.005847879673591738,False
ising,mixed,4,0,0.001,KL descent,1392,1393,1.7620782852172852,3.577807549855498e-05,0.005827210352674583,False
ising,mixed,4,0,0.001,KL descent,1393,1394,1.763113021850586,3.547382034242827e-05,0.005806635509579661,False
ising,mixed,4,0,0.001,KL descent,1394,1395,1.7640764713287354,3.5172330644211644e-05,0.005786154704567781,False
ising,mixed,4,0,0.001,KL descent,1395,1396,1.765113353729248,3.487358118423392e-05,0.005765767500010788,False
ising,mixed,4,0,0.001,KL descent,1396,1397,1.7661020755767822,3.457754697038732e-05,0.0057454734602066515,False
ising,mixed,4,0,0.001,KL descent,1397,1398,1.7670822143554688,3.428420323975823e-05,0.00572527215160934,False
ising,mixed,4,0,0.001,KL descent,1398,1399,1.7686054706573486,3.3993525456503244e-05,0.005705163142748992,False
ising,mixed,4,0,0.001,KL descent,1399,1400,1.769625186920166,3.3705489306613216e-05,0.005685146003953756,False
ising,mixed,4,0,0.001,KL descent,1400,1401,1.7706618309020996,3.342007069956018e-05,0.005665220307779439,False
ising,mixed,4,0,0.001,KL descent,1401,1402,1.7718515396118164,3.313724576508724e-05,0.005645385628743782,False
ising,mixed,4,0,0.001,KL descent,1402,1403,1.7738640308380127,3.285699084952737e-05,0.0056256415432572315,False
ising,mixed,4,0,0.001,KL descent,1403,1404,1.7748653888702393,3.257928251547144e-05,0.005605987629791032,False
ising,mixed,4,0,0.001,KL descent,1404,1405,1.775876760482788,3.23040975404586e-05,0.005586423468839752,False
ising,mixed,4,0,0.001,KL descent,1405,1406,1.776867389678955,3.203141291309485e-05,0.005566948642741265,False
ising,mixed,4,0,0.001,KL descent,1406,1407,1.776867389678955,3.176120583220875e-05,0.005547562735913059,False
ising,mixed,4,0,0.001,KL descent,1407,1408,1.7783770561218262,3.149345370516291e-05,0.005528265334588001,False
ising,mixed,4,0,0.001,KL descent,1408,1409,1.7793874740600586,3.12281341453152e-05,0.005509056027119097,False
ising,mixed,4,0,0.001,KL descent,1409,1410,1.7803881168365479,3.0965224969420574e-05,0.005489934403609564,False
ising,mixed,4,0,0.001,KL descent,1410,1411,1.7813878059387207,3.07047041986794e-05,0.005470900056132433,False
ising,mixed,4,0,0.001,KL descent,1411,1412,1.7824375629425049,3.0446550053468864e-05,0.005451952578763686,False
ising,mixed,4,0,0.001,KL descent,1412,1413,1.7844383716583252,3.0190740953076924e-05,0.005433091567406401,False
ising,mixed,4,0,0.001,KL descent,1413,1414,1.7854363918304443,2.9937255514319618e-05,0.00541431661976477,False
ising,mixed,4,0,0.001,KL descent,1414,1415,1.7864339351654053,2.9686072549384157e-05,0.005395627335681941,False
ising,mixed,4,0,0.001,KL descent,1415,1416,1.7874336242675781,2.9437171062496738e-05,0.005377023316610219,False
ising,mixed,4,0,0.001,KL descent,1416,1417,1.788395881652832,2.9190530251062253e-05,0.005358504166007749,False
ising,mixed,4,0,0.001,KL descent,1417,1418,1.789440393447876,2.8946129501821447e-05,0.005340069489157828,False
ising,mixed,4,0,0.001,KL descent,1418,1419,1.7914388179779053,2.8703948389321543e-05,0.0053217188932189186,False
ising,mixed,4,0,0.001,KL descent,1419,1420,1.792443037033081,2.8463966674786173e-05,0.005303451987176466,False
ising,mixed,4,0,0.001,KL descent,1420,1421,1.7934391498565674,2.822616430409844e-05,0.005285268381794939,False
ising,mixed,4,0,0.001,KL descent,1421,1422,1.794445514678955,2.79905214065581e-05,0.00526716768976182,False
ising,mixed,4,0,0.001,KL descent,1422,1423,1.7964441776275635,2.77570182923223e-05,0.0052491495255356235,False
ising,mixed,4,0,0.001,KL descent,1423,1424,1.7974412441253662,2.7525635451325272e-05,0.005231213505235532,False
ising,mixed,4,0,0.001,KL descent,1424,1425,1.7984387874603271,2.729635355206621e-05,0.0052133592470819945,False
ising,mixed,4,0,0.001,KL descent,1425,1426,1.7989468574523926,2.7069153438836514e-05,0.00519558637084877,False
ising,mixed,4,0,0.001,KL descent,1426,1427,1.800959587097168,2.684401613111916e-05,0.005177894498140934,False
ising,mixed,4,0,0.001,KL descent,1427,1428,1.801957607269287,2.662092282147905e-05,0.00516028325240292,False
ising,mixed,4,0,0.001,KL descent,1428,1429,1.8039562702178955,2.6399854874185956e-05,0.005142752258737837,False
ising,mixed,4,0,0.001,KL descent,1429,1430,1.8059594631195068,2.618079382362109e-05,0.005125301144085159,False
ising,mixed,4,0,0.001,KL descent,1430,1431,1.8084735870361328,2.5963721372350575e-05,0.005107929537166989,False
ising,mixed,4,0,0.001,KL descent,1431,1432,1.810490608215332,2.5748619390971806e-05,0.005090637068303094,False
ising,mixed,4,0,0.001,KL descent,1432,1433,1.8124897480010986,2.553546991401702e-05,0.005073423369679642,False
ising,mixed,4,0,0.001,KL descent,1433,1434,1.8134877681732178,2.532425514086261e-05,0.005056288075094562,False
ising,mixed,4,0,0.001,KL descent,1434,1435,1.8144972324371338,2.511495743351313e-05,0.0050392308201940295,False
ising,mixed,4,0,0.001,KL descent,1435,1436,1.8154902458190918,2.490755931437423e-05,0.005022251242223774,False
ising,mixed,4,0,0.001,KL descent,1436,1437,1.8164918422698975,2.470204346563076e-05,0.005005348980171187,False
ising,mixed,4,0,0.001,KL descent,1437,1438,1.8174903392791748,2.4498392727499902e-05,0.004988523674731016,False
ising,mixed,4,0,0.001,KL descent,1438,1439,1.8196330070495605,2.4296590096722285e-05,0.00497177496820933,False
ising,mixed,4,0,0.001,KL descent,1439,1440,1.8206305503845215,2.4096618724947288e-05,0.0049551025046525865,False
ising,mixed,4,0,0.001,KL descent,1440,1441,1.8216326236724854,2.389846191828179e-05,0.004938505929775516,False
ising,mixed,4,0,0.001,KL descent,1441,1442,1.8236348628997803,2.370210313509607e-05,0.004921984890941478,False
ising,mixed,4,0,0.001,KL descent,1442,1443,1.8256328105926514,2.3507525983053313e-05,0.004905539037101558,False
ising,mixed,4,0,0.001,KL descent,1443,1444,1.8266353607177734,2.3314714222029908e-05,0.004889168018977652,False
ising,mixed,4,0,0.001,KL descent,1444,1445,1.8281447887420654,2.312365175780604e-05,0.004872871488796671,False
ising,mixed,4,0,0.001,KL descent,1445,1446,1.8291594982147217,2.2934322644382844e-05,0.0048566491005455625,False
ising,mixed,4,0,0.001,KL descent,1446,1447,1.8301582336425781,2.274671108073588e-05,0.004840500509683432,False
ising,mixed,4,0,0.001,KL descent,1447,1448,1.8312008380889893,2.256080140988217e-05,0.004824425373421315,False
ising,mixed,4,0,0.001,KL descent,1448,1449,1.8322012424468994,2.2376578119035232e-05,0.004808423350502133,False
ising,mixed,4,0,0.001,KL descent,1449,1450,1.8331990242004395,2.2194025834502517e-05,0.004792494101262201,False
ising,mixed,4,0,0.001,KL descent,1450,1451,1.8342039585113525,2.2013129324586285e-05,0.004776637287664753,False
ising,mixed,4,0,0.001,KL descent,1451,1452,1.8361661434173584,2.18338734970018e-05,0.004760852573254704,False
ising,mixed,4,0,0.001,KL descent,1452,1453,1.8371751308441162,2.1656243395388477e-05,0.004745139623118122,False
ising,mixed,4,0,0.001,KL descent,1453,1454,1.838170051574707,2.1480224200974346e-05,0.0047294981038756845,False
ising,mixed,4,0,0.001,KL descent,1454,1455,1.840303897857666,2.1305801230579713e-05,0.0047139276838062405,False
ising,mixed,4,0,0.001,KL descent,1455,1456,1.841306209564209,2.1132959934393463e-05,0.004698428032748947,False
ising,mixed,4,0,0.001,KL descent,1456,1457,1.8423080444335938,2.0961685894608367e-05,0.004682998821955053,False
ising,mixed,4,0,0.001,KL descent,1457,1458,1.8443031311035156,2.079196482657555e-05,0.004667639724358685,False
ising,mixed,4,0,0.001,KL descent,1458,1459,1.845323085784912,2.062378257485951e-05,0.004652350414315165,False
ising,mixed,4,0,0.001,KL descent,1459,1460,1.8463191986083984,2.045712511348813e-05,0.0046371305677681,False
ising,mixed,4,0,0.001,KL descent,1460,1461,1.8473021984100342,2.0291978544972455e-05,0.0046219798622034736,False
ising,mixed,4,0,0.001,KL descent,1461,1462,1.8483459949493408,2.012832909727147e-05,0.004606897976487612,False
ising,mixed,4,0,0.001,KL descent,1462,1463,1.8506052494049072,1.9966163125232023e-05,0.0045918845911432915,False
ising,mixed,4,0,0.001,KL descent,1463,1464,1.851654291152954,1.980546710764078e-05,0.0045769393881487375,False
ising,mixed,4,0,0.001,KL descent,1464,1465,1.852623701095581,1.9646227646701086e-05,0.004562062050931681,False
ising,mixed,4,0,0.001,KL descent,1465,1466,1.8546175956726074,1.94884314673676e-05,0.004547252264383572,False
ising,mixed,4,0,0.001,KL descent,1466,1467,1.8556175231933594,1.933206541465855e-05,0.004532509714885946,False
ising,mixed,4,0,0.001,KL descent,1467,1468,1.8581323623657227,1.9177116454577097e-05,0.004517834090381478,False
ising,mixed,4,0,0.001,KL descent,1468,1469,1.8602056503295898,1.902357167125543e-05,0.004503225080145501,False
ising,mixed,4,0,0.001,KL descent,1469,1470,1.861152172088623,1.8871418267599e-05,0.004488682374985009,False
ising,mixed,4,0,0.001,KL descent,1470,1471,1.8631443977355957,1.872064356224566e-05,0.0044742056671334685,False
ising,mixed,4,0,0.001,KL descent,1471,1472,1.8651459217071533,1.8571234989828047e-05,0.004459794650238602,False
ising,mixed,4,0,0.001,KL descent,1472,1473,1.8672101497650146,1.8423180099884926e-05,0.004445449019462311,False
ising,mixed,4,0,0.001,KL descent,1473,1474,1.868708610534668,1.8276466556266615e-05,0.004431168471282387,False
ising,mixed,4,0,0.001,KL descent,1474,1475,1.8697223663330078,1.8131082133205517e-05,0.004416952703681087,False
ising,mixed,4,0,0.001,KL descent,1475,1476,1.8707623481750488,1.79870147179633e-05,0.004402801415984647,False
ising,mixed,4,0,0.001,KL descent,1476,1477,1.873725175857544,1.784425230861317e-05,0.004388714309019326,False
ising,mixed,4,0,0.001,KL descent,1477,1478,1.875722885131836,1.7702783011673377e-05,0.004374691084953974,False
ising,mixed,4,0,0.001,KL descent,1478,1479,1.87823486328125,1.7562595043311112e-05,0.004360731447351052,False
ising,mixed,4,0,0.001,KL descent,1479,1480,1.8803071975708008,1.7423676725656007e-05,0.004346835101091906,False
ising,mixed,4,0,0.001,KL descent,1480,1481,1.8823039531707764,1.728601648858278e-05,0.004333001752666099,False
ising,mixed,4,0,0.001,KL descent,1481,1482,1.8843023777008057,1.714960286713018e-05,0.004319231109629784,False
ising,mixed,4,0,0.001,KL descent,1482,1483,1.8862941265106201,1.7014424501334675e-05,0.004305522881161317,False
ising,mixed,4,0,0.001,KL descent,1483,1484,1.888763427734375,1.6880470133354706e-05,0.004291876777633374,False
ising,mixed,4,0,0.001,KL descent,1484,1485,1.8912932872772217,1.6747728609928258e-05,0.0042782925109134395,False
ising,mixed,4,0,0.001,KL descent,1485,1486,1.89332914352417,1.6616188878918045e-05,0.004264769794061041,False
ising,mixed,4,0,0.001,KL descent,1486,1487,1.894333839416504,1.6485839988111405e-05,0.004251308341642168,False
ising,mixed,4,0,0.001,KL descent,1487,1488,1.8953323364257812,1.635667108615185e-05,0.004237907869411195,False
ising,mixed,4,0,0.001,KL descent,1488,1489,1.896331787109375,1.6228671420412833e-05,0.004224568094553849,False
ising,mixed,4,0,0.001,KL descent,1489,1490,1.898329496383667,1.61018303364305e-05,0.004211288735568808,False
ising,mixed,4,0,0.001,KL descent,1490,1491,1.8988804817199707,1.597613727643383e-05,0.00419806951219831,False
ising,mixed,4,0,0.001,KL descent,1491,1492,1.8999228477478027,1.5851581779611676e-05,0.004184910145503706,False
ising,mixed,4,0,0.001,KL descent,1492,1493,1.9013557434082031,1.5728153480343136e-05,0.004171810358029271,False
ising,mixed,4,0,0.001,KL descent,1493,1494,1.9024081230163574,1.5605842107117135e-05,0.004158769873338353,False
ising,mixed,4,0,0.001,KL descent,1494,1495,1.9033708572387695,1.5484637482771286e-05,0.004145788416508589,False
ising,mixed,4,0,0.001,KL descent,1495,1496,1.9063706398010254,1.5364529522172987e-05,0.004132865713815548,False
ising,mixed,4,0,0.001,KL descent,1496,1497,1.9088847637176514,1.5245508232793192e-05,0.004120001492776082,False
ising,mixed,4,0,0.001,KL descent,1497,1498,1.9109086990356445,1.5127563713855522e-05,0.0041071954822895496,False
ising,mixed,4,0,0.001,KL descent,1498,1499,1.91294264793396,1.5010686153038989e-05,0.004094447412400004,False
ising,mixed,4,0,0.001,KL descent,1499,1500,1.9149525165557861,1.4894865829082038e-05,0.004081757014509024,False
ising,mixed,4,0,0.001,KL descent,1500,1501,1.9169437885284424,1.4780093109187072e-05,0.004069124021288173,False
ising,mixed,4,0,0.001,KL descent,1501,1502,1.9184911251068115,1.4666358447225879e-05,0.004056548166537888,False
ising,mixed,4,0,0.001,KL descent,1502,1503,1.9195349216461182,1.455365238566507e-05,0.004044029185336806,False
ising,mixed,4,0,0.001,KL descent,1503,1504,1.9205551147460938,1.4441965552217302e-05,0.004031566814170662,False
ising,mixed,4,0,0.001,KL descent,1504,1505,1.922536849975586,1.43312886611382e-05,0.004019160790543763,False
ising,mixed,4,0,0.001,KL descent,1505,1506,1.923506259918213,1.4221612509425204e-05,0.004006810853306952,False
ising,mixed,4,0,0.001,KL descent,1506,1507,1.9245007038116455,1.4112927980412012e-05,0.003994516742541421,False
ising,mixed,4,0,0.001,KL descent,1507,1508,1.9265015125274658,1.4005226038222901e-05,0.0039822781993637535,False
ising,mixed,4,0,0.001,KL descent,1508,1509,1.9275007247924805,1.3898497731511315e-05,0.003970094966352311,False
ising,mixed,4,0,0.001,KL descent,1509,1510,1.9290287494659424,1.3792734189326677e-05,0.003957966787146383,False
ising,mixed,4,0,0.001,KL descent,1510,1511,1.9300448894500732,1.3687926621752547e-05,0.003945893406641698,False
ising,mixed,4,0,0.001,KL descent,1511,1512,1.9310235977172852,1.3584066319052759e-05,0.0039338745708460965,False
ising,mixed,4,0,0.001,KL descent,1512,1513,1.932020664215088,1.3481144650857944e-05,0.0039219100270062035,False
ising,mixed,4,0,0.001,KL descent,1513,1514,1.9330217838287354,1.3379153066205864e-05,0.003909999523541374,False
ising,mixed,4,0,0.001,KL descent,1514,1515,1.9340217113494873,1.3278083091424072e-05,0.0038981428101531046,False
ising,mixed,4,0,0.001,KL descent,1515,1516,1.935021162033081,1.3177926330060305e-05,0.0038863396375122816,False
ising,mixed,4,0,0.001,KL descent,1516,1517,1.9361183643341064,1.307867446249597e-05,0.0038745897575721555,False
ising,mixed,4,0,0.001,KL descent,1517,1518,1.9370551109313965,1.2980319244702723e-05,0.0038628929234723053,False
ising,mixed,4,0,0.001,KL descent,1518,1519,1.9396839141845703,1.2882852508187229e-05,0.003851248889430392,False
ising,mixed,4,0,0.001,KL descent,1519,1520,1.941697597503662,1.278626615894388e-05,0.0038396574108339188,False
ising,mixed,4,0,0.001,KL descent,1520,1521,1.9436984062194824,1.2690552176179877e-05,0.0038281182442343464,False
ising,mixed,4,0,0.001,KL descent,1521,1522,1.945694923400879,1.2595702613244343e-05,0.00381663114737929,False
ising,mixed,4,0,0.001,KL descent,1522,1523,1.9466967582702637,1.2501709594685577e-05,0.0038051958790422113,False
ising,mixed,4,0,0.001,KL descent,1523,1524,1.9492757320404053,1.2408565317920941e-05,0.003793812199104407,False
ising,mixed,4,0,0.001,KL descent,1524,1525,1.9512689113616943,1.2316262051344988e-05,0.0037824798687050576,False
ising,mixed,4,0,0.001,KL descent,1525,1526,1.9532835483551025,1.2224792133303094e-05,0.00377119864994091,False
ising,mixed,4,0,0.001,KL descent,1526,1527,1.9542756080627441,1.2134147972611556e-05,0.003759968306189465,False
ising,mixed,4,0,0.001,KL descent,1527,1528,1.9564602375030518,1.2044322046489094e-05,0.0037487886018165995,False
ising,mixed,4,0,0.001,KL descent,1528,1529,1.958968162536621,1.1955306901718086e-05,0.0037376593022839244,False
ising,mixed,4,0,0.001,KL descent,1529,1530,1.961076259613037,1.186709515257179e-05,0.0037265801742430438,False
ising,mixed,4,0,0.001,KL descent,1530,1531,1.9629771709442139,1.1779679480903465e-05,0.0037155509853158963,False
ising,mixed,4,0,0.001,KL descent,1531,1532,1.965073823928833,1.169305263450679e-05,0.0037045715042845484,False
ising,mixed,4,0,0.001,KL descent,1532,1533,1.9670724868774414,1.1607207428317103e-05,0.003693641501080591,False
ising,mixed,4,0,0.001,KL descent,1533,1534,1.9686825275421143,1.1522136742384752e-05,0.0036827607464461343,False
ising,mixed,4,0,0.001,KL descent,1534,1535,1.970731496810913,1.1437833521336092e-05,0.0036719290125945547,False
ising,mixed,4,0,0.001,KL descent,1535,1536,1.9730916023254395,1.1354290774644258e-05,0.003661146072351018,False
ising,mixed,4,0,0.001,KL descent,1536,1537,1.9751460552215576,1.1271501575545184e-05,0.0036504117000582537,False
ising,mixed,4,0,0.001,KL descent,1537,1538,1.9780945777893066,1.1189459059414441e-05,0.003639725670716576,False
ising,mixed,4,0,0.001,KL descent,1538,1539,1.9797019958496094,1.1108156425354023e-05,0.0036290877606396377,False
ising,mixed,4,0,0.001,KL descent,1539,1540,1.9817121028900146,1.1027586934737453e-05,0.003618497747059135,False
ising,mixed,4,0,0.001,KL descent,1540,1541,1.9837071895599365,1.0947743908701975e-05,0.003607955408289676,False
ising,mixed,4,0,0.001,KL descent,1541,1542,1.9857063293457031,1.086862073088155e-05,0.003597460523706464,False
ising,mixed,4,0,0.001,KL descent,1542,1543,1.9881739616394043,1.0790210844647944e-05,0.00358701287361457,False
ising,mixed,4,0,0.001,KL descent,1543,1544,1.9903478622436523,1.0712507752861202e-05,0.00357661223943867,False
ising,mixed,4,0,0.001,KL descent,1544,1545,1.993356466293335,1.06355050180571e-05,0.0035662584036230682,False
ising,mixed,4,0,0.001,KL descent,1545,1546,1.9943556785583496,1.05591962617203e-05,0.0035559511495465435,False
ising,mixed,4,0,0.001,KL descent,1546,1547,1.9963560104370117,1.0483575162585949e-05,0.0035456902617884145,False
ising,mixed,4,0,0.001,KL descent,1547,1548,1.998866319656372,1.0408635457588784e-05,0.003535475525675902,False
ising,mixed,4,0,0.001,KL descent,1548,1549,2.000880002975464,1.0334370940926656e-05,0.003525306727627464,False
ising,mixed,4,0,0.001,KL descent,1549,1550,2.0028905868530273,1.0260775462569538e-05,0.003515183655176002,False
ising,mixed,4,0,0.001,KL descent,1550,1551,2.0048909187316895,1.0187842929765527e-05,0.0035051060967795644,False
ising,mixed,4,0,0.001,KL descent,1551,1552,2.006892204284668,1.0115567304377405e-05,0.0034950738418048077,False
ising,mixed,4,0,0.001,KL descent,1552,1553,2.0094146728515625,1.0043942603467338e-05,0.0034850866807018543,False
ising,mixed,4,0,0.001,KL descent,1553,1554,2.0104150772094727,9.972962899119182e-06,0.0034751444048458646,False
ising,mixed,4,0,0.001,KL descent,1554,1555,2.0124292373657227,9.90262231691797e-06,0.003465246806615696,False
ising,mixed,4,0,0.001,KL descent,1555,1556,2.014472723007202,9.832915035583014e-06,0.0034553936793323414,False
ising,mixed,4,0,0.001,KL descent,1556,1557,2.016552686691284,9.763835288801296e-06,0.0034455848172789127,False
ising,mixed,4,0,0.001,KL descent,1557,1558,2.01904034614563,9.695377360427677e-06,0.0034358200157521557,False
ising,mixed,4,0,0.001,KL descent,1558,1559,2.0201001167297363,9.627535587801358e-06,0.0034260990709386596,False
ising,mixed,4,0,0.001,KL descent,1559,1560,2.0210483074188232,9.560304360060385e-06,0.0034164217799732,False
ising,mixed,4,0,0.001,KL descent,1560,1561,2.022317409515381,9.493678116487346e-06,0.003406787941027667,False
ising,mixed,4,0,0.001,KL descent,1561,1562,2.0233755111694336,9.42765134770028e-06,0.0033971973531542465,False
ising,mixed,4,0,0.001,KL descent,1562,1563,2.024369478225708,9.362218594347846e-06,0.0033876498162315194,False
ising,mixed,4,0,0.001,KL descent,1563,1564,2.0263290405273438,9.297374447543545e-06,0.003378145131338439,False
ising,mixed,4,0,0.001,KL descent,1564,1565,2.0273280143737793,9.233113546228908e-06,0.0033686831002202045,False
ising,mixed,4,0,0.001,KL descent,1565,1566,2.028327465057373,9.169430579669718e-06,0.0033592635256625702,False
ising,mixed,4,0,0.001,KL descent,1566,1567,2.028836488723755,9.106320284885979e-06,0.0033498862114240135,False
ising,mixed,4,0,0.001,KL descent,1567,1568,2.02984881401062,9.043777446715649e-06,0.0033405509620340057,False
ising,mixed,4,0,0.001,KL descent,1568,1569,2.030848741531372,8.98179689757324e-06,0.0033312575830881652,False
ising,mixed,4,0,0.001,KL descent,1569,1570,2.03185772895813,8.920373517889865e-06,0.0033220058809467767,False
ising,mixed,4,0,0.001,KL descent,1570,1571,2.032857894897461,8.859502233735453e-06,0.0033127956629744326,False
ising,mixed,4,0,0.001,KL descent,1571,1572,2.033857822418213,8.7991780171211e-06,0.003303626737418852,False
ising,mixed,4,0,0.001,KL descent,1572,1573,2.0348591804504395,8.739395887361832e-06,0.0032944989133525393,False
ising,mixed,4,0,0.001,KL descent,1573,1574,2.0368573665618896,8.680150907617624e-06,0.003285412000866461,False
ising,mixed,4,0,0.001,KL descent,1574,1575,2.0368573665618896,8.621438187329464e-06,0.0032763658108198035,False
ising,mixed,4,0,0.001,KL descent,1575,1576,2.039400815963745,8.563252879476534e-06,0.0032673601549906284,False
ising,mixed,4,0,0.001,KL descent,1576,1577,2.0404911041259766,8.505590181934967e-06,0.003258394846042345,False
ising,mixed,4,0,0.001,KL descent,1577,1578,2.041416883468628,8.448445335903121e-06,0.003249469697510554,False
ising,mixed,4,0,0.001,KL descent,1578,1579,2.0424232482910156,8.391813626261886e-06,0.0032405845237804543,False
ising,mixed,4,0,0.001,KL descent,1579,1580,2.0434226989746094,8.335690380299174e-06,0.003231739140158618,False
ising,mixed,4,0,0.001,KL descent,1580,1581,2.044424533843994,8.280070969095721e-06,0.0032229333627590284,False
ising,mixed,4,0,0.001,KL descent,1581,1582,2.045423746109009,8.224950804245403e-06,0.003214167008564417,False
ising,mixed,4,0,0.001,KL descent,1582,1583,2.0463764667510986,8.170325340887502e-06,0.003205439895404727,False
ising,mixed,4,0,0.001,KL descent,1583,1584,2.048377752304077,8.11619007413139e-06,0.0031967518419655505,False
ising,mixed,4,0,0.001,KL descent,1584,1585,2.0494985580444336,8.062540541650413e-06,0.0031881026677814117,False
ising,mixed,4,0,0.001,KL descent,1585,1586,2.0504980087280273,8.009372319877888e-06,0.003179492193287614,False
ising,mixed,4,0,0.001,KL descent,1586,1587,2.0514957904815674,7.956681027150732e-06,0.0031709202396235092,False
ising,mixed,4,0,0.001,KL descent,1587,1588,2.0535781383514404,7.904462321318528e-06,0.0031623866288358338,False
ising,mixed,4,0,0.001,KL descent,1588,1589,2.0544989109039307,7.852711899384649e-06,0.003153891183838353,False
ising,mixed,4,0,0.001,KL descent,1589,1590,2.055872917175293,7.801425498200884e-06,0.0031454337282820766,False
ising,mixed,4,0,0.001,KL descent,1590,1591,2.0573863983154297,7.750598892518042e-06,0.003137014086732559,False
ising,mixed,4,0,0.001,KL descent,1591,1592,2.058258056640625,7.700227897159244e-06,0.0031286320845355098,False
ising,mixed,4,0,0.001,KL descent,1592,1593,2.0594117641448975,7.650308362995426e-06,0.0031202875478315573,False
ising,mixed,4,0,0.001,KL descent,1593,1594,2.0614094734191895,7.600836181137537e-06,0.003111980303554307,False
ising,mixed,4,0,0.001,KL descent,1594,1595,2.0624032020568848,7.5518072775526495e-06,0.0031037101794699207,False
ising,mixed,4,0,0.001,KL descent,1595,1596,2.0634825229644775,7.50321761769322e-06,0.003095477004186442,False
ising,mixed,4,0,0.001,KL descent,1596,1597,2.0644750595092773,7.455063202482055e-06,0.003087280607035836,False
ising,mixed,4,0,0.001,KL descent,1597,1598,2.0654923915863037,7.407340069518029e-06,0.003079120818248904,False
ising,mixed,4,0,0.001,KL descent,1598,1599,2.067474603652954,7.360044291959366e-06,0.0030709974687421204,False
ising,mixed,4,0,0.001,KL descent,1599,1600,2.0685131549835205,7.3131719802814726e-06,0.0030629103901961274,False
ising,mixed,4,0,0.001,KL descent,1600,1601,2.0691518783569336,7.266719279054579e-06,0.003054859415232425,False
ising,mixed,4,0,0.001,KL descent,1601,1602,2.07019305229187,7.220682368181154e-06,0.0030468443771958786,False
ising,mixed,4,0,0.001,KL descent,1602,1603,2.0721545219421387,7.175057462806931e-06,0.0030388651099617636,False
ising,mixed,4,0,0.001,KL descent,1603,1604,2.0732028484344482,7.129840812399427e-06,0.0030309214485879643,False
ising,mixed,4,0,0.001,KL descent,1604,1605,2.074204683303833,7.0850287006001214e-06,0.003023013228628635,False
ising,mixed,4,0,0.001,KL descent,1605,1606,2.07528018951416,7.040617444687244e-06,0.003015140286435569,False
ising,mixed,4,0,0.001,KL descent,1606,1607,2.0762734413146973,6.996603395776194e-06,0.0030073024592442432,False
ising,mixed,4,0,0.001,KL descent,1607,1608,2.0773134231567383,6.952982937975497e-06,0.002999499584913856,False
ising,mixed,4,0,0.001,KL descent,1608,1609,2.078911781311035,6.909752488709606e-06,0.0029917315021065205,False
ising,mixed,4,0,0.001,KL descent,1609,1610,2.079949378967285,6.866908497775604e-06,0.002983998050259229,False
ising,mixed,4,0,0.001,KL descent,1610,1611,2.081016778945923,6.824447447732062e-06,0.002976299069491206,False
ising,mixed,4,0,0.001,KL descent,1611,1612,2.0820016860961914,6.782365852713244e-06,0.0029686344007842647,False
ising,mixed,4,0,0.001,KL descent,1612,1613,2.0830118656158447,6.7406602581260895e-06,0.002961003885702307,False
ising,mixed,4,0,0.001,KL descent,1613,1614,2.0839579105377197,6.699327242213929e-06,0.002953407366738048,False
ising,mixed,4,0,0.001,KL descent,1614,1615,2.0850088596343994,6.658363413405756e-06,0.0029458446868625976,False
ising,mixed,4,0,0.001,KL descent,1615,1616,2.0860040187835693,6.617765411387272e-06,0.002938315690057036,False
ising,mixed,4,0,0.001,KL descent,1616,1617,2.087007761001587,6.577529906547512e-06,0.002930820220871655,False
ising,mixed,4,0,0.001,KL descent,1617,1618,2.088517665863037,6.537653599422308e-06,0.0029233581245734497,False
ising,mixed,4,0,0.001,KL descent,1618,1619,2.0895283222198486,6.498133220189315e-06,0.002915929247160054,False
ising,mixed,4,0,0.001,KL descent,1619,1620,2.0905706882476807,6.458965529856947e-06,0.0029085334354341796,False
ising,mixed,4,0,0.001,KL descent,1620,1621,2.0916242599487305,6.420147318523003e-06,0.002901170536776021,False
ising,mixed,4,0,0.001,KL descent,1621,1622,2.092625856399536,6.381675404709305e-06,0.002893840399422587,False
ising,mixed,4,0,0.001,KL descent,1622,1623,2.093578577041626,6.343546636903228e-06,0.0028865428721544517,False
ising,mixed,4,0,0.001,KL descent,1623,1624,2.0945773124694824,6.3057578919865804e-06,0.0028792778046015655,False
ising,mixed,4,0,0.001,KL descent,1624,1625,2.095576047897339,6.268306075696182e-06,0.0028720450469882364,False
ising,mixed,4,0,0.001,KL descent,1625,1626,2.096614360809326,6.231188121320823e-06,0.002864844450334636,False
ising,mixed,4,0,0.001,KL descent,1626,1627,2.098217010498047,6.19440099040648e-06,0.00285767586627228,False
ising,mixed,4,0,0.001,KL descent,1627,1628,2.100278377532959,6.157941671713119e-06,0.0028505391471672636,False
ising,mixed,4,0,0.001,KL descent,1628,1629,2.1022772789001465,6.121807182812355e-06,0.002843434145927859,False
ising,mixed,4,0,0.001,KL descent,1629,1630,2.10428524017334,6.085994566416664e-06,0.0028363607164954008,False
ising,mixed,4,0,0.001,KL descent,1630,1631,2.105401039123535,6.050500894501323e-06,0.002829318713113038,False
ising,mixed,4,0,0.001,KL descent,1631,1632,2.106416940689087,6.0153232634969195e-06,0.0028223079908685222,False
ising,mixed,4,0,0.001,KL descent,1632,1633,2.107414960861206,5.980458797311598e-06,0.0028153284055673633,False
ising,mixed,4,0,0.001,KL descent,1633,1634,2.1089234352111816,5.945904647014639e-06,0.0028083798136041005,False
ising,mixed,4,0,0.001,KL descent,1634,1635,2.109933376312256,5.911657987573991e-06,0.0028014620720666072,False
ising,mixed,4,0,0.001,KL descent,1635,1636,2.110935688018799,5.877716021713964e-06,0.0027945750387082247,False
ising,mixed,4,0,0.001,KL descent,1636,1637,2.1119446754455566,5.844075975853274e-06,0.0027877185719720754,False
ising,mixed,4,0,0.001,KL descent,1637,1638,2.1129448413848877,5.810735103147543e-06,0.0027808925308735466,False
ising,mixed,4,0,0.001,KL descent,1638,1639,2.1139957904815674,5.7776906809373655e-06,0.0027740967751602175,False
ising,mixed,4,0,0.001,KL descent,1639,1640,2.114999532699585,5.744940011469696e-06,0.002767331165309528,False
ising,mixed,4,0,0.001,KL descent,1640,1641,2.1160097122192383,5.712480421866842e-06,0.002760595562195989,False
ising,mixed,4,0,0.001,KL descent,1641,1642,2.117004632949829,5.680309263704177e-06,0.0027538898276062707,False
ising,mixed,4,0,0.001,KL descent,1642,1643,2.118577718734741,5.6484239119421e-06,0.002747213823810435,False
ising,mixed,4,0,0.001,KL descent,1643,1644,2.1196439266204834,5.616821766644934e-06,0.0027405674137981895,False
ising,mixed,4,0,0.001,KL descent,1644,1645,2.1206414699554443,5.5855002503112626e-06,0.0027339504611359478,False
ising,mixed,4,0,0.001,KL descent,1645,1646,2.121593952178955,5.554456809631823e-06,0.0027273628300428787,False
ising,mixed,4,0,0.001,KL descent,1646,1647,2.1236467361450195,5.5236889141145514e-06,0.0027208043854491937,False
ising,mixed,4,0,0.001,KL descent,1647,1648,2.1246297359466553,5.4931940572835715e-06,0.0027142749927480114,False
ising,mixed,4,0,0.001,KL descent,1648,1649,2.1256508827209473,5.462969754237791e-06,0.002707774518156847,False
ising,mixed,4,0,0.001,KL descent,1649,1650,2.1265923976898193,5.433013543729073e-06,0.0027013028283651153,False
ising,mixed,4,0,0.001,KL descent,1650,1651,2.1265923976898193,5.4033229860224105e-06,0.0026948597906730765,False
ising,mixed,4,0,0.001,KL descent,1651,1652,2.128148317337036,5.3738956648503015e-06,0.002688445273172857,False
ising,mixed,4,0,0.001,KL descent,1652,1653,2.129216194152832,5.344729184515878e-06,0.00268205914433306,False
ising,mixed,4,0,0.001,KL descent,1653,1654,2.131194591522217,5.315821172489584e-06,0.0026757012734033303,False
ising,mixed,4,0,0.001,KL descent,1654,1655,2.1322150230407715,5.287169276424643e-06,0.0026693715302278376,False
ising,mixed,4,0,0.001,KL descent,1655,1656,2.1332156658172607,5.258771166820149e-06,0.0026630697851334206,False
ising,mixed,4,0,0.001,KL descent,1656,1657,2.135227918624878,5.230624534600077e-06,0.0026567959092100857,False
ising,mixed,4,0,0.001,KL descent,1657,1658,2.1362195014953613,5.2027270918326735e-06,0.002650549773977051,False
ising,mixed,4,0,0.001,KL descent,1658,1659,2.1372146606445312,5.1750765717415185e-06,0.0026443312517570594,False
ising,mixed,4,0,0.001,KL descent,1659,1660,2.1386752128601074,5.147670727268766e-06,0.0026381402152797495,False
ising,mixed,4,0,0.001,KL descent,1660,1661,2.139721632003784,5.12050733341362e-06,0.0026319765379563265,False
ising,mixed,4,0,0.001,KL descent,1661,1662,2.140786647796631,5.09358418432319e-06,0.002625840093721299,False
ising,mixed,4,0,0.001,KL descent,1662,1663,2.1417791843414307,5.066899093993777e-06,0.002619730757180694,False
ising,mixed,4,0,0.001,KL descent,1663,1664,2.1427814960479736,5.040449897131857e-06,0.002613648403541835,False
ising,mixed,4,0,0.001,KL descent,1664,1665,2.144789934158325,5.014234447813827e-06,0.002607592908403289,False
ising,mixed,4,0,0.001,KL descent,1665,1666,2.145723342895508,4.988250620202312e-06,0.0026015641480870433,False
ising,mixed,4,0,0.001,KL descent,1666,1667,2.146787405014038,4.962496306252183e-06,0.0025955619996329005,False
ising,mixed,4,0,0.001,KL descent,1667,1668,2.146787405014038,4.9369694194994086e-06,0.0025895863403209707,False
ising,mixed,4,0,0.001,KL descent,1668,1669,2.1494579315185547,4.911667889937225e-06,0.002583637048261367,False
ising,mixed,4,0,0.001,KL descent,1669,1670,2.1504032611846924,4.8865896682410005e-06,0.0025777140019550004,False
ising,mixed,4,0,0.001,KL descent,1670,1671,2.151395320892334,4.861732723262754e-06,0.0025718170806215412,False
ising,mixed,4,0,0.001,KL descent,1671,1672,2.1524689197540283,4.837095041907959e-06,0.002565946164019506,False
ising,mixed,4,0,0.001,KL descent,1672,1673,2.1534359455108643,4.812674630198772e-06,0.0025601011322384792,False
ising,mixed,4,0,0.001,KL descent,1673,1674,2.155331611633301,4.788469511977998e-06,0.0025542818663197298,False
ising,mixed,4,0,0.001,KL descent,1674,1675,2.1563668251037598,4.764477728472135e-06,0.002548488247513636,False
ising,mixed,4,0,0.001,KL descent,1675,1676,2.1583807468414307,4.740697339954402e-06,0.002542720157809708,False
ising,mixed,4,0,0.001,KL descent,1676,1677,2.159952402114868,4.717126423137749e-06,0.0025369774796019096,False
ising,mixed,4,0,0.001,KL descent,1677,1678,2.161968946456909,4.693763072985581e-06,0.0025312600959707665,False
ising,mixed,4,0,0.001,KL descent,1678,1679,2.164015531539917,4.670605402298816e-06,0.0025255678905146683,False
ising,mixed,4,0,0.001,KL descent,1679,1680,2.1660099029541016,4.647651539118838e-06,0.0025199007472734847,False
ising,mixed,4,0,0.001,KL descent,1680,1681,2.1669745445251465,4.6248996309194036e-06,0.0025142585509160265,False
ising,mixed,4,0,0.001,KL descent,1681,1682,2.1669745445251465,4.602347840754905e-06,0.00250864118663896,False
ising,mixed,4,0,0.001,KL descent,1682,1683,2.169506072998047,4.579994348510375e-06,0.0025030485401444924,False
ising,mixed,4,0,0.001,KL descent,1683,1684,2.170506477355957,4.557837351241463e-06,0.0024974804976544696,False
ising,mixed,4,0,0.001,KL descent,1684,1685,2.1715075969696045,4.535875061218456e-06,0.002491936945950235,False
ising,mixed,4,0,0.001,KL descent,1685,1686,2.1725125312805176,4.514105708364511e-06,0.0024864177723371017,False
ising,mixed,4,0,0.001,KL descent,1686,1687,2.1735036373138428,4.492527537345469e-06,0.002480922864693813,False
ising,mixed,4,0,0.001,KL descent,1687,1688,2.1745035648345947,4.4711388107184316e-06,0.0024754521112468897,False
ising,mixed,4,0,0.001,KL descent,1688,1689,2.1755082607269287,4.449937804714701e-06,0.0024700054008904293,False
ising,mixed,4,0,0.001,KL descent,1689,1690,2.176503896713257,4.428922812958378e-06,0.0024645826230268453,False
ising,mixed,4,0,0.001,KL descent,1690,1691,2.177504301071167,4.40809214349424e-06,0.0024591836675055267,False
ising,mixed,4,0,0.001,KL descent,1691,1692,2.179018259048462,4.387444120681404e-06,0.0024538084247821557,False
ising,mixed,4,0,0.001,KL descent,1692,1693,2.180032253265381,4.366977083116515e-06,0.0024484567856664086,False
ising,mixed,4,0,0.001,KL descent,1693,1694,2.1810250282287598,4.346689385581053e-06,0.0024431286416753406,False
ising,mixed,4,0,0.001,KL descent,1694,1695,2.1820218563079834,4.326579396937084e-06,0.002437823884694823,False
ising,mixed,4,0,0.001,KL descent,1695,1696,2.1830215454101562,4.306645501638695e-06,0.00243254240706986,False
ising,mixed,4,0,0.001,KL descent,1696,1697,2.184021472930908,4.286886098394115e-06,0.002427284101782612,False
ising,mixed,4,0,0.001,KL descent,1697,1698,2.1850247383117676,4.2672996010289545e-06,0.002422048862205761,False
ising,mixed,4,0,0.001,KL descent,1698,1699,2.186077117919922,4.2478844369130315e-06,0.0024168365823420412,False
ising,mixed,4,0,0.001,KL descent,1699,1700,2.187075614929199,4.228639048723418e-06,0.0024116471564379904,False
ising,mixed,4,0,0.001,KL descent,1700,1701,2.1885321140289307,4.209561892161e-06,0.0024064804795016492,False
ising,mixed,4,0,0.001,KL descent,1701,1702,2.1905553340911865,4.190651438877124e-06,0.0024013364468756793,False
ising,mixed,4,0,0.001,KL descent,1702,1703,2.1915600299835205,4.171906172318197e-06,0.002396214954359266,False
ising,mixed,4,0,0.001,KL descent,1703,1704,2.192554473876953,4.153324590593267e-06,0.0023911158983913605,False
ising,mixed,4,0,0.001,KL descent,1704,1705,2.193544626235962,4.134905206140606e-06,0.002386039175802046,False
ising,mixed,4,0,0.001,KL descent,1705,1706,2.194594144821167,4.116646544381753e-06,0.0023809846837485327,False
ising,mixed,4,0,0.001,KL descent,1706,1707,2.195591449737549,4.098547143844514e-06,0.0023759523201378197,False
ising,mixed,4,0,0.001,KL descent,1707,1708,2.1965928077697754,4.080605557052583e-06,0.002370941983211472,False
ising,mixed,4,0,0.001,KL descent,1708,1709,2.1981537342071533,4.06282034884383e-06,0.002365953571631607,False
ising,mixed,4,0,0.001,KL descent,1709,1710,2.1981537342071533,4.0451900980739935e-06,0.0023609869846297205,False
ising,mixed,4,0,0.001,KL descent,1710,1711,2.2002103328704834,4.027713396373748e-06,0.002356042121909707,False
ising,mixed,4,0,0.001,KL descent,1711,1712,2.2012150287628174,4.010388847224206e-06,0.002351118883537895,False
ising,mixed,4,0,0.001,KL descent,1712,1713,2.2022218704223633,3.99321506803707e-06,0.002346217170072773,False
ising,mixed,4,0,0.001,KL descent,1713,1714,2.203216552734375,3.976190688201764e-06,0.002341336882658973,False
ising,mixed,4,0,0.001,KL descent,1714,1715,2.205172061920166,3.959314349913823e-06,0.002336477922766478,False
ising,mixed,4,0,0.001,KL descent,1715,1716,2.2062203884124756,3.942584707366099e-06,0.0023316401922900964,False
ising,mixed,4,0,0.001,KL descent,1716,1717,2.2071731090545654,3.926000426963684e-06,0.0023268235936852455,False
ising,mixed,4,0,0.001,KL descent,1717,1718,2.2086784839630127,3.909560187812552e-06,0.0023220280299000584,False
ising,mixed,4,0,0.001,KL descent,1718,1719,2.2096920013427734,3.893262680503825e-06,0.0023172534042106285,False
ising,mixed,4,0,0.001,KL descent,1719,1720,2.210702657699585,3.877106608450126e-06,0.002312499620309716,False
ising,mixed,4,0,0.001,KL descent,1720,1721,2.211702346801758,3.8610906848638566e-06,0.00230776658249926,False
ising,mixed,4,0,0.001,KL descent,1721,1722,2.2127554416656494,3.8452136375480425e-06,0.0023030541954301986,False
ising,mixed,4,0,0.001,KL descent,1722,1723,2.2137563228607178,3.8294742030164604e-06,0.0022983623641584794,False
ising,mixed,4,0,0.001,KL descent,1723,1724,2.214751720428467,3.813871131449635e-06,0.0022936909942411488,False
ising,mixed,4,0,0.001,KL descent,1724,1725,2.215752363204956,3.798403183036172e-06,0.002289039991657471,False
ising,mixed,4,0,0.001,KL descent,1725,1726,2.2167561054229736,3.783069130387654e-06,0.0022844092628077073,False
ising,mixed,4,0,0.001,KL descent,1726,1727,2.2183165550231934,3.76786775614177e-06,0.00227979871458589,False
ising,mixed,4,0,0.001,KL descent,1727,1728,2.2193379402160645,3.7527978550210787e-06,0.0022752082542095153,False
ising,mixed,4,0,0.001,KL descent,1728,1729,2.220390796661377,3.7378582322500733e-06,0.0022706377894357033,False
ising,mixed,4,0,0.001,KL descent,1729,1730,2.2223310470581055,3.723047703534636e-06,0.002266087228389946,False
ising,mixed,4,0,0.001,KL descent,1730,1731,2.2243940830230713,3.7083650965884045e-06,0.002261556479541904,False
ising,mixed,4,0,0.001,KL descent,1731,1732,2.2263989448547363,3.693809248310622e-06,0.0022570454520157157,False
ising,mixed,4,0,0.001,KL descent,1732,1733,2.2283928394317627,3.679379007198513e-06,0.002252554055154843,False
ising,mixed,4,0,0.001,KL descent,1733,1734,2.2300384044647217,3.6650732319662264e-06,0.0022480821987332367,False
ising,mixed,4,0,0.001,KL descent,1734,1735,2.232088804244995,3.650890791815725e-06,0.002243629793065194,False
ising,mixed,4,0,0.001,KL descent,1735,1736,2.2339746952056885,3.6368305656127634e-06,0.00223919674876083,False
ising,mixed,4,0,0.001,KL descent,1736,1737,2.2360615730285645,3.6228914436170305e-06,0.0022347829769396865,False
ising,mixed,4,0,0.001,KL descent,1737,1738,2.238117218017578,3.609072325241701e-06,0.0022303883890186227,False
ising,mixed,4,0,0.001,KL descent,1738,1739,2.2401719093322754,3.5953721199198207e-06,0.002226012896948071,False
ising,mixed,4,0,0.001,KL descent,1739,1740,2.2421715259552,3.5817897481170598e-06,0.002221656412997597,False
ising,mixed,4,0,0.001,KL descent,1740,1741,2.2441353797912598,3.5683241386774776e-06,0.0022173188498702534,False
ising,mixed,4,0,0.001,KL descent,1741,1742,2.245135545730591,3.5549742308467252e-06,0.002213000120708075,False
ising,mixed,4,0,0.001,KL descent,1742,1743,2.246127128601074,3.541738973895448e-06,0.002208700138986164,False
ising,mixed,4,0,0.001,KL descent,1743,1744,2.247131586074829,3.5286173257952026e-06,0.0022044188186204905,False
ising,mixed,4,0,0.001,KL descent,1744,1745,2.2486414909362793,3.5156082550431985e-06,0.002200156073943915,False
ising,mixed,4,0,0.001,KL descent,1745,1746,2.2496540546417236,3.502710738456405e-06,0.002195911819668328,False
ising,mixed,4,0,0.001,KL descent,1746,1747,2.2506678104400635,3.4899237631489213e-06,0.002191685970913626,False
ising,mixed,4,0,0.001,KL descent,1747,1748,2.251666307449341,3.4772463250328206e-06,0.002187478443128832,False
ising,mixed,4,0,0.001,KL descent,1748,1749,2.253666877746582,3.464677429100045e-06,0.002183289152202228,False
ising,mixed,4,0,0.001,KL descent,1749,1750,2.2556660175323486,3.4522160890034415e-06,0.002179118014425052,False
ising,mixed,4,0,0.001,KL descent,1750,1751,2.258181571960449,3.4398613286144625e-06,0.002174964946425717,False
ising,mixed,4,0,0.001,KL descent,1751,1752,2.260194778442383,3.427612179454501e-06,0.0021708298652917124,False
ising,mixed,4,0,0.001,KL descent,1752,1753,2.2622079849243164,3.4154676824457698e-06,0.0021667126884982735,False
ising,mixed,4,0,0.001,KL descent,1753,1754,2.264206647872925,3.4034268868449863e-06,0.0021626133338085163,False
ising,mixed,4,0,0.001,KL descent,1754,1755,2.2662081718444824,3.3914888512590828e-06,0.0021585317194233733,False
ising,mixed,4,0,0.001,KL descent,1755,1756,2.268205404281616,3.379652641967456e-06,0.0021544677638821175,False
ising,mixed,4,0,0.001,KL descent,1756,1757,2.268711566925049,3.367917334615167e-06,0.0021504213862144628,False
ising,mixed,4,0,0.001,KL descent,1757,1758,2.2707345485687256,3.3562820129192153e-06,0.002146392505610828,False
ising,mixed,4,0,0.001,KL descent,1758,1759,2.271733045578003,3.344745768706542e-06,0.0021423810419399225,False
ising,mixed,4,0,0.001,KL descent,1759,1760,2.272736072540283,3.3333077020212827e-06,0.0021383869151501145,False
ising,mixed,4,0,0.001,KL descent,1760,1761,2.2737367153167725,3.321966921817276e-06,0.002134410045703028,False
ising,mixed,4,0,0.001,KL descent,1761,1762,2.274735689163208,3.310722544821006e-06,0.002130450354474178,False
ising,mixed,4,0,0.001,KL descent,1762,1763,2.275733709335327,3.2995736953009107e-06,0.0021265077625491347,False
ising,mixed,4,0,0.001,KL descent,1763,1764,2.276733160018921,3.2885195060626256e-06,0.00212258219150141,False
ising,mixed,4,0,0.001,KL descent,1764,1765,2.278244972229004,3.277559117522479e-06,0.002118673563247797,False
ising,mixed,4,0,0.001,KL descent,1765,1766,2.2792587280273438,3.266691678080946e-06,0.0021147817999901952,False
ising,mixed,4,0,0.001,KL descent,1766,1767,2.2802560329437256,3.255916344004577e-06,0.00211090682440912,False
ising,mixed,4,0,0.001,KL descent,1767,1768,2.282266139984131,3.245232278652828e-06,0.0021070485594891775,False
ising,mixed,4,0,0.001,KL descent,1768,1769,2.283268451690674,3.2346386540767972e-06,0.0021032069285919497,False
ising,mixed,4,0,0.001,KL descent,1769,1770,2.2842674255371094,3.224134648600153e-06,0.0020993818552872967,False
ising,mixed,4,0,0.001,KL descent,1770,1771,2.2862660884857178,3.2137194490605865e-06,0.0020955732637404356,False
ising,mixed,4,0,0.001,KL descent,1771,1772,2.2882654666900635,3.2033922488055287e-06,0.0020917810782409285,False
ising,mixed,4,0,0.001,KL descent,1772,1773,2.289785623550415,3.1931522496111335e-06,0.002088005223645606,False
ising,mixed,4,0,0.001,KL descent,1773,1774,2.2927968502044678,3.182998659863041e-06,0.0020842456249289265,False
ising,mixed,4,0,0.001,KL descent,1774,1775,2.293797016143799,3.1729306946049233e-06,0.0020805022076267887,False
ising,mixed,4,0,0.001,KL descent,1775,1776,2.2947940826416016,3.1629475770079832e-06,0.0020767748974761524,False
ising,mixed,4,0,0.001,KL descent,1776,1777,2.2957963943481445,3.15304853759895e-06,0.002073063620597948,False
ising,mixed,4,0,0.001,KL descent,1777,1778,2.2967958450317383,3.143232812003149e-06,0.0020693683035080124,False
ising,mixed,4,0,0.001,KL descent,1778,1779,2.2983083724975586,3.1334996448716178e-06,0.002065688872950444,False
ising,mixed,4,0,0.001,KL descent,1779,1780,2.2993221282958984,3.1238482870468655e-06,0.002062025256111155,False
ising,mixed,4,0,0.001,KL descent,1780,1781,2.3013336658477783,3.114277995650477e-06,0.002058377380450227,False
ising,mixed,4,0,0.001,KL descent,1781,1782,2.303333282470703,3.104788035394971e-06,0.0020547451738087696,False
ising,mixed,4,0,0.001,KL descent,1782,1783,2.3063337802886963,3.0953776766520747e-06,0.0020511285642899613,False
ising,mixed,4,0,0.001,KL descent,1783,1784,2.3083343505859375,3.0860461977703718e-06,0.002047527480386946,False
ising,mixed,4,0,0.001,KL descent,1784,1785,2.308842897415161,3.0767928821042877e-06,0.002043941850970288,False
ising,mixed,4,0,0.001,KL descent,1785,1786,2.30985426902771,3.0676170215608687e-06,0.0020403716051239362,False
ising,mixed,4,0,0.001,KL descent,1786,1787,2.3108677864074707,3.0585179125185733e-06,0.0020368166723312986,False
ising,mixed,4,0,0.001,KL descent,1787,1788,2.312865972518921,3.0494948587596056e-06,0.0020332769824701336,False
ising,mixed,4,0,0.001,KL descent,1788,1789,2.313863515853882,3.0405471697884804e-06,0.002029752465496415,False
ising,mixed,4,0,0.001,KL descent,1789,1790,2.314865827560425,3.031674162634211e-06,0.0020262430520032737,False
ising,mixed,4,0,0.001,KL descent,1790,1791,2.3158671855926514,3.0228751596426842e-06,0.0020227486726689947,False
ising,mixed,4,0,0.001,KL descent,1791,1792,2.316866159439087,3.014149489032693e-06,0.0020192692585905836,False
ising,mixed,4,0,0.001,KL descent,1792,1793,2.318376302719116,3.0054964852735367e-06,0.0020158047411775737,False
ising,mixed,4,0,0.001,KL descent,1793,1794,2.3193883895874023,2.9969154898913165e-06,0.0020123550521766176,False
ising,mixed,4,0,0.001,KL descent,1794,1795,2.320388078689575,2.988405849253963e-06,0.002008920123584723,False
ising,mixed,4,0,0.001,KL descent,1795,1796,2.3213984966278076,2.9799669160556993e-06,0.0020054998877965247,False
ising,mixed,4,0,0.001,KL descent,1796,1797,2.3223986625671387,2.971598049442348e-06,0.002002094277399613,False
ising,mixed,4,0,0.001,KL descent,1797,1798,2.3243982791900635,2.9632986129479863e-06,0.0019987032254289994,False
ising,mixed,4,0,0.001,KL descent,1798,1799,2.3253989219665527,2.9550679775202477e-06,0.001995326665149455,False
ising,mixed,4,0,0.001,KL descent,1799,1800,2.3263986110687256,2.9469055192952705e-06,0.0019919645301386124,False
ising,mixed,4,0,0.001,KL descent,1800,1801,2.327399969100952,2.9388106196702023e-06,0.0019886167542667033,False
ising,mixed,4,0,0.001,KL descent,1801,1802,2.3289084434509277,2.9307826654120003e-06,0.001985283271820404,False
ising,mixed,4,0,0.001,KL descent,1802,1803,2.329918146133423,2.9228210501540907e-06,0.0019819640172258346,False
ising,mixed,4,0,0.001,KL descent,1803,1804,2.33092999458313,2.9149251721322295e-06,0.0019786589253472653,False
ising,mixed,4,0,0.001,KL descent,1804,1805,2.331928253173828,2.9070944350714886e-06,0.001975367931238259,False
ising,mixed,4,0,0.001,KL descent,1805,1806,2.332930326461792,2.899328248478827e-06,0.001972090970364049,False
ising,mixed,4,0,0.001,KL descent,1806,1807,2.333927869796753,2.891626026557887e-06,0.0019688279784095264,False
ising,mixed,4,0,0.001,KL descent,1807,1808,2.3359291553497314,2.8839871901912932e-06,0.0019655788913555128,False
ising,mixed,4,0,0.001,KL descent,1808,1809,2.3369269371032715,2.8764111639223173e-06,0.0019623436454926924,False
ising,mixed,4,0,0.001,KL descent,1809,1810,2.3369269371032715,2.8688973786329913e-06,0.0019591221774612477,False
ising,mixed,4,0,0.001,KL descent,1810,1811,2.3394510746002197,2.861445269808165e-06,0.0019559144241227955,False
ising,mixed,4,0,0.001,KL descent,1811,1812,2.3404500484466553,2.854054278941527e-06,0.0019527203226633039,False
ising,mixed,4,0,0.001,KL descent,1812,1813,2.3414604663848877,2.846723850828025e-06,0.0019495398105207062,False
ising,mixed,4,0,0.001,KL descent,1813,1814,2.342461585998535,2.8394534374793004e-06,0.0019463728255070256,False
ising,mixed,4,0,0.001,KL descent,1814,1815,2.343459367752075,2.8322424947552357e-06,0.0019432193056255764,False
ising,mixed,4,0,0.001,KL descent,1815,1816,2.34446120262146,2.8250904830551585e-06,0.0019400791892492664,False
ising,mixed,4,0,0.001,KL descent,1816,1817,2.345459222793579,2.8179968685218765e-06,0.0019369524149140949,False
ising,mixed,4,0,0.001,KL descent,1817,1818,2.347459554672241,2.810961122086332e-06,0.00193383892158,False
ising,mixed,4,0,0.001,KL descent,1818,1819,2.3484628200531006,2.803982718940708e-06,0.0019307386484007094,False
ising,mixed,4,0,0.001,KL descent,1819,1820,2.3489718437194824,2.797061139475041e-06,0.0019276515348370937,False
ising,mixed,4,0,0.001,KL descent,1820,1821,2.349982261657715,2.7901958687539066e-06,0.0019245775206511162,False
ising,mixed,4,0,0.001,KL descent,1821,1822,2.3509929180145264,2.7833863968091787e-06,0.001921516545823454,False
ising,mixed,4,0,0.001,KL descent,1822,1823,2.3529930114746094,2.7766322174576545e-06,0.0019184685506784538,False
ising,mixed,4,0,0.001,KL descent,1823,1824,2.353992462158203,2.7699328302246994e-06,0.0019154334758119118,False
ising,mixed,4,0,0.001,KL descent,1824,1825,2.354991912841797,2.7632877381786347e-06,0.001912411261927427,False
ising,mixed,4,0,0.001,KL descent,1825,1826,2.3559930324554443,2.756696449718668e-06,0.0019094018503723609,False
ising,mixed,4,0,0.001,KL descent,1826,1827,2.3569912910461426,2.7501584772617895e-06,0.0019064051823569628,False
ising,mixed,4,0,0.001,KL descent,1827,1828,2.358503818511963,2.743673337277032e-06,0.0019034211995904715,False
ising,mixed,4,0,0.001,KL descent,1828,1829,2.3595173358917236,2.737240552107311e-06,0.0019004498440146622,False
ising,mixed,4,0,0.001,KL descent,1829,1830,2.360518455505371,2.730859646588637e-06,0.0018974910577986837,False
ising,mixed,4,0,0.001,KL descent,1830,1831,2.3625290393829346,2.7245301515857543e-06,0.0018945447834850526,False
ising,mixed,4,0,0.001,KL descent,1831,1832,2.3645286560058594,2.718251600985065e-06,0.0018916109636876177,False
ising,mixed,4,0,0.001,KL descent,1832,1833,2.366530179977417,2.7120235332261597e-06,0.001888689541437505,False
ising,mixed,4,0,0.001,KL descent,1833,1834,2.3690378665924072,2.7058454911194134e-06,0.001885780460014086,False
ising,mixed,4,0,0.001,KL descent,1834,1835,2.3710479736328125,2.6997170216192933e-06,0.0018828836629535828,False
ising,mixed,4,0,0.001,KL descent,1835,1836,2.3730576038360596,2.6936376759783285e-06,0.0018799990940141509,False
ising,mixed,4,0,0.001,KL descent,1836,1837,2.3740580081939697,2.687607009427975e-06,0.0018771266971726042,False
ising,mixed,4,0,0.001,KL descent,1837,1838,2.3750574588775635,2.681624580854074e-06,0.001874266416808823,False
ising,mixed,4,0,0.001,KL descent,1838,1839,2.3760581016540527,2.6756899532533814e-06,0.0018714181974340827,False
ising,mixed,4,0,0.001,KL descent,1839,1840,2.377058744430542,2.6698026942240615e-06,0.0018685819838865636,False
ising,mixed,4,0,0.001,KL descent,1840,1841,2.378572702407837,2.6639623749394217e-06,0.001865757721202288,False
ising,mixed,4,0,0.001,KL descent,1841,1842,2.379587411880493,2.6581685698877583e-06,0.0018629453546398778,False
ising,mixed,4,0,0.001,KL descent,1842,1843,2.380587577819824,2.652420858346153e-06,0.001860144829932464,False
ising,mixed,4,0,0.001,KL descent,1843,1844,2.3815977573394775,2.646718823189897e-06,0.0018573560926994914,False
ising,mixed,4,0,0.001,KL descent,1844,1845,2.382601737976074,2.64106205055094e-06,0.0018545790891901781,False
ising,mixed,4,0,0.001,KL descent,1845,1846,2.3845980167388916,2.6354501310276845e-06,0.0018518137655855749,False
ising,mixed,4,0,0.001,KL descent,1846,1847,2.3855979442596436,2.629882658360591e-06,0.0018490600685343583,False
ising,mixed,4,0,0.001,KL descent,1847,1848,2.3866007328033447,2.624359230308661e-06,0.0018463179447678613,False
ising,mixed,4,0,0.001,KL descent,1848,1849,2.388111114501953,2.6188794490785377e-06,0.0018435873414282544,False
ising,mixed,4,0,0.001,KL descent,1849,1850,2.3891241550445557,2.6134429184410834e-06,0.0018408682057492465,False
ising,mixed,4,0,0.001,KL descent,1850,1851,2.390126943588257,2.6080492472228356e-06,0.0018381604853467959,False
ising,mixed,4,0,0.001,KL descent,1851,1852,2.391139268875122,2.602698048242012e-06,0.0018354641279139106,False
ising,mixed,4,0,0.001,KL descent,1852,1853,2.3921384811401367,2.597388936858525e-06,0.0018327790815972356,False
ising,mixed,4,0,0.001,KL descent,1853,1854,2.393139123916626,2.5921215321748453e-06,0.001830105294541251,False
ising,mixed,4,0,0.001,KL descent,1854,1855,2.3941380977630615,2.5868954567295234e-06,0.0018274427153351924,False
ising,mixed,4,0,0.001,KL descent,1855,1856,2.3951385021209717,2.5817103368668633e-06,0.0018247912926609433,False
ising,mixed,4,0,0.001,KL descent,1856,1857,2.3971378803253174,2.576565802140068e-06,0.0018221509754879905,False
ising,mixed,4,0,0.001,KL descent,1857,1858,2.3981399536132812,2.571461485242408e-06,0.0018195217131486419,False
ising,mixed,4,0,0.001,KL descent,1858,1859,2.3986496925354004,2.5663970221356423e-06,0.001816903454940677,False
ising,mixed,4,0,0.001,KL descent,1859,1860,2.3996615409851074,2.561372052739086e-06,0.0018142961506402155,False
ising,mixed,4,0,0.001,KL descent,1860,1861,2.4006621837615967,2.556386220059942e-06,0.0018116997501212984,False
ising,mixed,4,0,0.001,KL descent,1861,1862,2.402674436569214,2.551439169568099e-06,0.0018091142035209784,False
ising,mixed,4,0,0.001,KL descent,1862,1863,2.4036753177642822,2.546530550926433e-06,0.0018065394612585273,False
ising,mixed,4,0,0.001,KL descent,1863,1864,2.404669761657715,2.541660016199302e-06,0.001803975473812558,False
ising,mixed,4,0,0.001,KL descent,1864,1865,2.405677318572998,2.536827222009212e-06,0.0018014221922060814,False
ising,mixed,4,0,0.001,KL descent,1865,1866,2.406675100326538,2.532031825430524e-06,0.0017988795673444247,False
ising,mixed,4,0,0.001,KL descent,1866,1867,2.408184766769409,2.5272734900233913e-06,0.0017963475505660131,False
ising,mixed,4,0,0.001,KL descent,1867,1868,2.409198760986328,2.5225518799053688e-06,0.0017938260933693662,False
ising,mixed,4,0,0.001,KL descent,1868,1869,2.410200834274292,2.5178666632214025e-06,0.0017913151474479028,False
ising,mixed,4,0,0.001,KL descent,1869,1870,2.4112112522125244,2.5132175111446017e-06,0.0017888146648200043,False
ising,mixed,4,0,0.001,KL descent,1870,1871,2.4122180938720703,2.5086040974924717e-06,0.0017863245975892617,False
ising,mixed,4,0,0.001,KL descent,1871,1872,2.413213014602661,2.5040260989649235e-06,0.0017838448982211985,False
ising,mixed,4,0,0.001,KL descent,1872,1873,2.414210557937622,2.499483196146185e-06,0.001781375519248618,False
ising,mixed,4,0,0.001,KL descent,1873,1874,2.4152109622955322,2.4949750713217062e-06,0.0017789164135501023,False
ising,mixed,4,0,0.001,KL descent,1874,1875,2.416212797164917,2.490501410858212e-06,0.0017764675341618852,False
ising,mixed,4,0,0.001,KL descent,1875,1876,2.417210817337036,2.4860619024218036e-06,0.0017740288343677246,False
ising,mixed,4,0,0.001,KL descent,1876,1877,2.4187257289886475,2.4816562382697717e-06,0.0017716002676406717,False
ising,mixed,4,0,0.001,KL descent,1877,1878,2.419734001159668,2.4772841122501076e-06,0.0017691817876192562,False
ising,mixed,4,0,0.001,KL descent,1878,1879,2.420743942260742,2.4729452212382747e-06,0.0017667733483153203,False
ising,mixed,4,0,0.001,KL descent,1879,1880,2.4217453002929688,2.4686392655698727e-06,0.0017643749037569711,False
ising,mixed,4,0,0.001,KL descent,1880,1881,2.4227497577667236,2.4643659470331833e-06,0.0017619864083017744,False
ising,mixed,4,0,0.001,KL descent,1881,1882,2.423748254776001,2.460124971307554e-06,0.0017596078165251772,False
ising,mixed,4,0,0.001,KL descent,1882,1883,2.4247429370880127,2.45591604635802e-06,0.0017572390831237517,False
ising,mixed,4,0,0.001,KL descent,1883,1884,2.425743818283081,2.4517388822408945e-06,0.0017548801631125377,False
ising,mixed,4,0,0.001,KL descent,1884,1885,2.4267449378967285,2.4475931924674757e-06,0.0017525310115641957,False
ising,mixed,4,0,0.001,KL descent,1885,1886,2.428255319595337,2.4434786930971006e-06,0.0017501915839708837,False
ising,mixed,4,0,0.001,KL descent,1886,1887,2.429271697998047,2.4393951019175e-06,0.0017478618358509057,False
ising,mixed,4,0,0.001,KL descent,1887,1888,2.4302709102630615,2.435342140504431e-06,0.0017455417229795267,False
ising,mixed,4,0,0.001,KL descent,1888,1889,2.4312808513641357,2.4313195321619104e-06,0.0017432312013443974,False
ising,mixed,4,0,0.001,KL descent,1889,1890,2.432281255722046,2.4273270022577326e-06,0.0017409302271768623,False
ising,mixed,4,0,0.001,KL descent,1890,1891,2.4332833290100098,2.4233642796329073e-06,0.0017386387567690509,False
ising,mixed,4,0,0.001,KL descent,1891,1892,2.434281349182129,2.41943109601539e-06,0.0017363567468556829,False
ising,mixed,4,0,0.001,KL descent,1892,1893,2.4352807998657227,2.4155271840378212e-06,0.001734084154094817,False
ising,mixed,4,0,0.001,KL descent,1893,1894,2.436298131942749,2.4116522796463534e-06,0.0017318209355647318,False
ising,mixed,4,0,0.001,KL descent,1894,1895,2.4372851848602295,2.407806121230429e-06,0.0017295670483951087,False
ising,mixed,4,0,0.001,KL descent,1895,1896,2.438793897628784,2.40398844923629e-06,0.0017273224500464757,False
ising,mixed,4,0,0.001,KL descent,1896,1897,2.4398064613342285,2.4001990069393633e-06,0.0017250870980086708,False
ising,mixed,4,0,0.001,KL descent,1897,1898,2.440816640853882,2.396437539510396e-06,0.0017228609500898884,False
ising,mixed,4,0,0.001,KL descent,1898,1899,2.4418628215789795,2.3927037943001148e-06,0.0017206439643402405,False
ising,mixed,4,0,0.001,KL descent,1899,1900,2.4428699016571045,2.3889975222430345e-06,0.001718436098791687,False
ising,mixed,4,0,0.001,KL descent,1900,1901,2.4438633918762207,2.385318474168029e-06,0.0017162373119081753,False
ising,mixed,4,0,0.001,KL descent,1901,1902,2.4448599815368652,2.38166640578112e-06,0.001714047562179799,False
ising,mixed,4,0,0.001,KL descent,1902,1903,2.446871757507324,2.3780410730724164e-06,0.0017118668083576094,False
ising,mixed,4,0,0.001,KL descent,1903,1904,2.446871757507324,2.374442235138769e-06,0.0017096950093744012,False
ising,mixed,4,0,0.001,KL descent,1904,1905,2.4484238624572754,2.3708696532557052e-06,0.00170753212435798,False
ising,mixed,4,0,0.001,KL descent,1905,1906,2.449483871459961,2.3673230902547992e-06,0.001705378112621836,False
ising,mixed,4,0,0.001,KL descent,1906,1907,2.450481653213501,2.3638023120645406e-06,0.0017032329336829077,False
ising,mixed,4,0,0.001,KL descent,1907,1908,2.451483726501465,2.360307086260376e-06,0.0017010965471361272,False
ising,mixed,4,0,0.001,KL descent,1908,1909,2.4524874687194824,2.3568371821023313e-06,0.001698968912908938,False
ising,mixed,4,0,0.001,KL descent,1909,1910,2.453486680984497,2.353392372180207e-06,0.0016968499910385293,False
ising,mixed,4,0,0.001,KL descent,1910,1911,2.454498767852783,2.3499724293559116e-06,0.001694739741770257,False
ising,mixed,4,0,0.001,KL descent,1911,1912,2.4574358463287354,2.346577130435775e-06,0.0016926381255046308,False
ising,mixed,4,0,0.001,KL descent,1912,1913,2.458944082260132,2.34320625246777e-06,0.001690545102854768,False
ising,mixed,4,0,0.001,KL descent,1913,1914,2.4609687328338623,2.3398595766454774e-06,0.0016884606345711761,False
ising,mixed,4,0,0.001,KL descent,1914,1915,2.462965726852417,2.336536883727511e-06,0.0016863846816776995,False
ising,mixed,4,0,0.001,KL descent,1915,1916,2.4649646282196045,2.333237958908701e-06,0.0016843172052761202,False
ising,mixed,4,0,0.001,KL descent,1916,1917,2.4669671058654785,2.3299625868344437e-06,0.0016822581666773306,False
ising,mixed,4,0,0.001,KL descent,1917,1918,2.4669671058654785,2.3267105563939337e-06,0.0016802075273703032,False
ising,mixed,4,0,0.001,KL descent,1918,1919,2.468538522720337,2.3234816570704542e-06,0.0016781652491090204,False
ising,mixed,4,0,0.001,KL descent,1919,1920,2.47059965133667,2.3202756802296937e-06,0.001676131293633587,False
ising,mixed,4,0,0.001,KL descent,1920,1921,2.472062349319458,2.317092419962862e-06,0.001674105623008959,False
ising,mixed,4,0,0.001,KL descent,1921,1922,2.474073648452759,2.3139316719047483e-06,0.0016720881995037074,False
ising,mixed,4,0,0.001,KL descent,1922,1923,2.4760754108428955,2.310793232746154e-06,0.001670078985424428,False
ising,mixed,4,0,0.001,KL descent,1923,1924,2.4785876274108887,2.3076769022707433e-06,0.001668077943308921,False
ising,mixed,4,0,0.001,KL descent,1924,1925,2.480599880218506,2.3045824817047393e-06,0.0016660850359337398,False
ising,mixed,4,0,0.001,KL descent,1925,1926,2.4816086292266846,2.301509772929507e-06,0.0016641002261317261,False
ising,mixed,4,0,0.001,KL descent,1926,1927,2.483607292175293,2.2984585816437523e-06,0.001662123477025712,False
ising,mixed,4,0,0.001,KL descent,1927,1928,2.485607147216797,2.295428713661987e-06,0.00166015475173098,False
ising,mixed,4,0,0.001,KL descent,1928,1929,2.4881327152252197,2.292419977429594e-06,0.0016581940138340467,False
ising,mixed,4,0,0.001,KL descent,1929,1930,2.490140438079834,2.2894321831540423e-06,0.0016562412267829285,False
ising,mixed,4,0,0.001,KL descent,1930,1931,2.492157220840454,2.2864651412569438e-06,0.001654296354328788,False
ising,mixed,4,0,0.001,KL descent,1931,1932,2.494157075881958,2.2835186662116964e-06,0.0016523593603745002,False
ising,mixed,4,0,0.001,KL descent,1932,1933,2.4961674213409424,2.280592573055754e-06,0.0016504302090076806,False
ising,mixed,4,0,0.001,KL descent,1933,1934,2.4981577396392822,2.277686678440094e-06,0.0016485088644921375,False
ising,mixed,4,0,0.001,KL descent,1934,1935,2.4997124671936035,2.274800800563433e-06,0.0016465952911504655,False
ising,mixed,4,0,0.001,KL descent,1935,1936,2.5016961097717285,2.2719347591274893e-06,0.0016446894535824819,False
ising,mixed,4,0,0.001,KL descent,1936,1937,2.5037057399749756,2.2690883768030696e-06,0.001642791316566583,False
ising,mixed,4,0,0.001,KL descent,1937,1938,2.5056991577148438,2.266261476454741e-06,0.0016409008448675655,False
ising,mixed,4,0,0.001,KL descent,1938,1939,2.508213758468628,2.263453882848029e-06,0.0016390180036941482,False
ising,mixed,4,0,0.001,KL descent,1939,1940,2.5102462768554688,2.260665422665559e-06,0.001637142758146637,False
ising,mixed,4,0,0.001,KL descent,1940,1941,2.512240171432495,2.257895924025224e-06,0.0016352750736401966,False
ising,mixed,4,0,0.001,KL descent,1941,1942,2.514240264892578,2.255145216117449e-06,0.0016334149156648214,False
ising,mixed,4,0,0.001,KL descent,1942,1943,2.516242742538452,2.2524131308685906e-06,0.0016315622499480376,False
ising,mixed,4,0,0.001,KL descent,1943,1944,2.518242120742798,2.2496995010229533e-06,0.0016297170423066887,False
ising,mixed,4,0,0.001,KL descent,1944,1945,2.5201175212860107,2.2470041605756594e-06,0.0016278792587720026,False
ising,mixed,4,0,0.001,KL descent,1945,1946,2.5221335887908936,2.2443269455637085e-06,0.0016260488655190364,False
ising,mixed,4,0,0.001,KL descent,1946,1947,2.524132013320923,2.241667692691888e-06,0.001624225828776249,False
ising,mixed,4,0,0.001,KL descent,1947,1948,2.5261285305023193,2.2390262410745837e-06,0.001622410115132089,False
ising,mixed,4,0,0.001,KL descent,1948,1949,2.528648853302002,2.236402431184063e-06,0.0016206016911370358,False
ising,mixed,4,0,0.001,KL descent,1949,1950,2.5306527614593506,2.23379610461248e-06,0.001618800523535413,False
ising,mixed,4,0,0.001,KL descent,1950,1951,2.5316519737243652,2.2312071040525485e-06,0.0016170065793685295,False
ising,mixed,4,0,0.001,KL descent,1951,1952,2.53365159034729,2.228635274321815e-06,0.001615219825637726,False
ising,mixed,4,0,0.001,KL descent,1952,1953,2.5366551876068115,2.226080461655773e-06,0.0016134402296018036,False
ising,mixed,4,0,0.001,KL descent,1953,1954,2.5381643772125244,2.2235425132751844e-06,0.0016116677586444639,False
ising,mixed,4,0,0.001,KL descent,1954,1955,2.5402286052703857,2.2210212775936917e-06,0.0016099023802910173,False
ising,mixed,4,0,0.001,KL descent,1955,1956,2.5422937870025635,2.2185166054159415e-06,0.0016081440622058851,False
ising,mixed,4,0,0.001,KL descent,1956,1957,2.5443036556243896,2.216028347404089e-06,0.0016063927722375637,False
ising,mixed,4,0,0.001,KL descent,1957,1958,2.5463032722473145,2.213556356788873e-06,0.0016046484783618364,False
ising,mixed,4,0,0.001,KL descent,1958,1959,2.548295021057129,2.2111004878488596e-06,0.0016029111487591563,False
ising,mixed,4,0,0.001,KL descent,1959,1960,2.5499887466430664,2.2086605962996975e-06,0.0016011807516175813,False
ising,mixed,4,0,0.001,KL descent,1960,1961,2.552060842514038,2.2062365386145134e-06,0.001599457255428205,False
ising,mixed,4,0,0.001,KL descent,1961,1962,2.553997278213501,2.203828172995018e-06,0.0015977406286710183,False
ising,mixed,4,0,0.001,KL descent,1962,1963,2.556062698364258,2.201435358597251e-06,0.0015960308401407608,False
ising,mixed,4,0,0.001,KL descent,1963,1964,2.558648109436035,2.1990579567649133e-06,0.0015943278586460496,False
ising,mixed,4,0,0.001,KL descent,1964,1965,2.560744285583496,2.196695828879681e-06,0.001592631653216381,False
ising,mixed,4,0,0.001,KL descent,1965,1966,2.5627601146698,2.1943488385088057e-06,0.0015909421929043432,False
ising,mixed,4,0,0.001,KL descent,1966,1967,2.5647542476654053,2.1920168501117146e-06,0.0015892594471151322,False
ising,mixed,4,0,0.001,KL descent,1967,1968,2.5667507648468018,2.189699728986344e-06,0.0015875833851815013,False
ising,mixed,4,0,0.001,KL descent,1968,1969,2.568355083465576,2.1873973427792554e-06,0.001585913976717146,False
ising,mixed,4,0,0.001,KL descent,1969,1970,2.57045841217041,2.185109558765604e-06,0.001584251191343311,False
ising,mixed,4,0,0.001,KL descent,1970,1971,2.5723984241485596,2.182836246955377e-06,0.001582594998952802,False
ising,mixed,4,0,0.001,KL descent,1971,1972,2.5744240283966064,2.1805772774509218e-06,0.001580945369555331,False
ising,mixed,4,0,0.001,KL descent,1972,1973,2.576417922973633,2.1783325219239957e-06,0.001579302273191474,False
ising,mixed,4,0,0.001,KL descent,1973,1974,2.578986167907715,2.176101853861636e-06,0.0015776656802387046,False
ising,mixed,4,0,0.001,KL descent,1974,1975,2.5800392627716064,2.1738851467225002e-06,0.0015760355609193977,False
ising,mixed,4,0,0.001,KL descent,1975,1976,2.582005023956299,2.1716822757132924e-06,0.001574411885901461,False
ising,mixed,4,0,0.001,KL descent,1976,1977,2.5840048789978027,2.169493117383094e-06,0.0015727946257674819,False
ising,mixed,4,0,0.001,KL descent,1977,1978,2.5860018730163574,2.167317548741176e-06,0.001571183751348737,False
ising,mixed,4,0,0.001,KL descent,1978,1979,2.5885133743286133,2.1651554488908917e-06,0.0015695792335969072,False
ising,mixed,4,0,0.001,KL descent,1979,1980,2.5905256271362305,2.163006696838206e-06,0.0015679810435161867,False
ising,mixed,4,0,0.001,KL descent,1980,1981,2.5925374031066895,2.1608711740008375e-06,0.001566389152303227,False
ising,mixed,4,0,0.001,KL descent,1981,1982,2.594538927078247,2.158748761704781e-06,0.00156480353139693,False
ising,mixed,4,0,0.001,KL descent,1982,1983,2.596666097640991,2.1566393431071945e-06,0.001563224152133058,False
ising,mixed,4,0,0.001,KL descent,1983,1984,2.5983047485351562,2.1545428021379744e-06,0.0015616509861753336,False
ising,mixed,4,0,0.001,KL descent,1984,1985,2.599440574645996,2.1524590235687236e-06,0.0015600840052578113,False
ising,mixed,4,0,0.001,KL descent,1985,1986,2.600440740585327,2.1503878939069544e-06,0.0015585231811325873,False
ising,mixed,4,0,0.001,KL descent,1986,1987,2.6014420986175537,2.1483293001702827e-06,0.001556968485873722,False
ising,mixed,4,0,0.001,KL descent,1987,1988,2.602436065673828,2.1462831300230847e-06,0.0015554198915617157,False
ising,mixed,4,0,0.001,KL descent,1988,1989,2.603438377380371,2.1442492733015497e-06,0.0015538773704506514,False
ising,mixed,4,0,0.001,KL descent,1989,1990,2.605356454849243,2.142227619287521e-06,0.001552340894923676,False
ising,mixed,4,0,0.001,KL descent,1990,1991,2.6063783168792725,2.140218060132122e-06,0.0015508104374120646,False
ising,mixed,4,0,0.001,KL descent,1991,1992,2.6074395179748535,2.138220487467394e-06,0.0015492859705744655,False
ising,mixed,4,0,0.001,KL descent,1992,1993,2.6084353923797607,2.1362347945010223e-06,0.0015477674671809938,False
ising,mixed,4,0,0.001,KL descent,1993,1994,2.6100873947143555,2.1342608750681808e-06,0.0015462549000186399,False
ising,mixed,4,0,0.001,KL descent,1994,1995,2.6112022399902344,2.1322986244148954e-06,0.0015447482422013548,False
ising,mixed,4,0,0.001,KL descent,1995,1996,2.613158702850342,2.130347938839329e-06,0.0015432474667513296,False
ising,mixed,4,0,0.001,KL descent,1996,1997,2.615129232406616,2.12840871531538e-06,0.0015417525469451632,False
ising,mixed,4,0,0.001,KL descent,1997,1998,2.6161341667175293,2.126480851065718e-06,0.0015402634561292317,False
ising,mixed,4,0,0.001,KL descent,1998,1999,2.617133617401123,2.12456424600499e-06,0.0015387801678017898,False
ising,mixed,4,0,0.001,KL descent,1999,2000,2.618133306503296,2.1226587985943425e-06,0.0015373026556242397,False
ising,mixed,4,0,0.001,KL descent,2000,2001,2.6197566986083984,2.1207644101712764e-06,0.0015358308932649223,False
ising,mixed,4,0,0.001,KL descent,2001,2002,2.6206934452056885,2.1188809826949465e-06,0.0015343648545864674,False
ising,mixed,4,0,0.001,KL descent,2002,2003,2.6216952800750732,2.1170084179707478e-06,0.0015329045135161756,False
ising,mixed,4,0,0.001,KL descent,2003,2004,2.6227710247039795,2.1151466200241485e-06,0.0015314498442671742,False
ising,mixed,4,0,0.001,KL descent,2004,2005,2.623749256134033,2.1132954919186043e-06,0.001530000820930022,False
ising,mixed,4,0,0.001,KL descent,2005,2006,2.624752998352051,2.11145494000105e-06,0.0015285574179043082,False
ising,mixed,4,0,0.001,KL descent,2006,2007,2.626736879348755,2.1096248694303245e-06,0.0015271196095967277,False
ising,mixed,4,0,0.001,KL descent,2007,2008,2.626736879348755,2.107805187404319e-06,0.001525687370575346,False
ising,mixed,4,0,0.001,KL descent,2008,2009,2.629352331161499,2.1059958018156954e-06,0.001524260675513922,False
ising,mixed,4,0,0.001,KL descent,2009,2010,2.6303579807281494,2.1041966205691427e-06,0.0015228394992624628,False
ising,mixed,4,0,0.001,KL descent,2010,2011,2.6313750743865967,2.1024075533372506e-06,0.0015214238165900396,False
ising,mixed,4,0,0.001,KL descent,2011,2012,2.632357358932495,2.100628510196345e-06,0.0015200136027194722,False
ising,mixed,4,0,0.001,KL descent,2012,2013,2.6343114376068115,2.098859402015195e-06,0.0015186088326384906,False
ising,mixed,4,0,0.001,KL descent,2013,2014,2.635354518890381,2.0971001408900096e-06,0.0015172094817130222,False
ising,mixed,4,0,0.001,KL descent,2014,2015,2.6363606452941895,2.095350639169541e-06,0.001515815525210129,False
ising,mixed,4,0,0.001,KL descent,2015,2016,2.6383113861083984,2.0936108105212435e-06,0.0015144269387001863,False
ising,mixed,4,0,0.001,KL descent,2016,2017,2.639868974685669,2.0918805685262557e-06,0.0015130436976777961,False
ising,mixed,4,0,0.001,KL descent,2017,2018,2.6428630352020264,2.0901598284978642e-06,0.0015116657779685738,False
ising,mixed,4,0,0.001,KL descent,2018,2019,2.6448702812194824,2.0884485067117006e-06,0.001510293155285003,False
ising,mixed,4,0,0.001,KL descent,2019,2020,2.6468758583068848,2.0867465186682254e-06,0.0015089258056306676,False
ising,mixed,4,0,0.001,KL descent,2020,2021,2.648447275161743,2.0850537827571695e-06,0.0015075637050220303,False
ising,mixed,4,0,0.001,KL descent,2021,2022,2.6505115032196045,2.0833702154168693e-06,0.0015062068296106124,False
ising,mixed,4,0,0.001,KL descent,2022,2023,2.6524670124053955,2.0816957367980098e-06,0.0015048551555886247,False
ising,mixed,4,0,0.001,KL descent,2023,2024,2.654468536376953,2.0800302658758316e-06,0.001503508659410735,False
ising,mixed,4,0,0.001,KL descent,2024,2025,2.6575231552124023,2.0783737225402152e-06,0.0015021673175369954,False
ising,mixed,4,0,0.001,KL descent,2025,2026,2.6599879264831543,2.076726028628661e-06,0.0015008311064766966,False
ising,mixed,4,0,0.001,KL descent,2026,2027,2.661998987197876,2.075087104767663e-06,0.0014995000030940675,False
ising,mixed,4,0,0.001,KL descent,2027,2028,2.664001226425171,2.073456873790209e-06,0.0014981739839898256,False
ising,mixed,4,0,0.001,KL descent,2028,2029,2.6660001277923584,2.071835259160042e-06,0.0014968530261754154,False
ising,mixed,4,0,0.001,KL descent,2029,2030,2.6685075759887695,2.0702221842581122e-06,0.0014955371066660006,False
ising,mixed,4,0,0.001,KL descent,2030,2031,2.6705191135406494,2.068617573554776e-06,0.0014942262025166575,False
ising,mixed,4,0,0.001,KL descent,2031,2032,2.671994209289551,2.067021352174666e-06,0.0014929202909967354,False
ising,mixed,4,0,0.001,KL descent,2032,2033,2.6743671894073486,2.0654334461254085e-06,0.0014916193494379226,False
ising,mixed,4,0,0.001,KL descent,2033,2034,2.6754279136657715,2.063853781901708e-06,0.0014903233552349682,False
ising,mixed,4,0,0.001,KL descent,2034,2035,2.6764256954193115,2.062282286432695e-06,0.0014890322859475447,False
ising,mixed,4,0,0.001,KL descent,2035,2036,2.6783852577209473,2.060718888226729e-06,0.0014877461191644126,False
ising,mixed,4,0,0.001,KL descent,2036,2037,2.6794538497924805,2.059163514826274e-06,0.0014864648327223562,False
ising,mixed,4,0,0.001,KL descent,2037,2038,2.6805076599121094,2.057616096316817e-06,0.001485188404361848,False
ising,mixed,4,0,0.001,KL descent,2038,2039,2.6815056800842285,2.0560765618919194e-06,0.0014839168120820978,False
ising,mixed,4,0,0.001,KL descent,2039,2040,2.6825079917907715,2.0545448419841556e-06,0.0014826500338860904,False
ising,mixed,4,0,0.001,KL descent,2040,2041,2.683579921722412,2.0530208680547094e-06,0.001481388047978871,False
ising,mixed,4,0,0.001,KL descent,2041,2042,2.6844897270202637,2.051504571646012e-06,0.0014801308325427254,False
ising,mixed,4,0,0.001,KL descent,2042,2043,2.6854934692382812,2.049995885033368e-06,0.001478878365915648,False
ising,mixed,4,0,0.001,KL descent,2043,2044,2.6874592304229736,2.0484947410860486e-06,0.001477630626629478,False
ising,mixed,4,0,0.001,KL descent,2044,2045,2.6894705295562744,2.047001073338293e-06,0.0014763875931766979,False
ising,mixed,4,0,0.001,KL descent,2045,2046,2.690603256225586,2.045514816119102e-06,0.001475149244212437,False
ising,mixed,4,0,0.001,KL descent,2046,2047,2.692603588104248,2.044035903896429e-06,0.00147391555836357,False
ising,mixed,4,0,0.001,KL descent,2047,2048,2.693603277206421,2.0425642726348145e-06,0.0014726865146528767,False
ising,mixed,4,0,0.001,KL descent,2048,2049,2.6946046352386475,2.041099856985971e-06,0.0014714620918796495,False
ising,mixed,4,0,0.001,KL descent,2049,2050,2.6956028938293457,2.0396425947453103e-06,0.0014702422691150185,False
ising,mixed,4,0,0.001,KL descent,2050,2051,2.6986076831817627,2.0381924224219665e-06,0.0014690270255506288,False
ising,mixed,4,0,0.001,KL descent,2051,2052,2.7001290321350098,2.0367492777708155e-06,0.0014678163402594424,False
ising,mixed,4,0,0.001,KL descent,2052,2053,2.7011401653289795,2.0353130991544624e-06,0.0014666101926492647,False
ising,mixed,4,0,0.001,KL descent,2053,2054,2.702138900756836,2.033883825222182e-06,0.001465408562172421,False
ising,mixed,4,0,0.001,KL descent,2054,2055,2.7031397819519043,2.0324613951609526e-06,0.0014642114282108487,False
ising,mixed,4,0,0.001,KL descent,2055,2056,2.7061493396759033,2.0310457485698576e-06,0.0014630187705422237,False
ising,mixed,4,0,0.001,KL descent,2056,2057,2.708649158477783,2.0296368270546284e-06,0.0014618305686880384,False
ising,mixed,4,0,0.001,KL descent,2057,2058,2.7106616497039795,2.0282345706857597e-06,0.00146064680257868,False
ising,mixed,4,0,0.001,KL descent,2058,2059,2.7126786708831787,2.0268389208299165e-06,0.0014594674519695094,False
ising,mixed,4,0,0.001,KL descent,2059,2060,2.713679075241089,2.0254498201692804e-06,0.0014582924969299693,False
ising,mixed,4,0,0.001,KL descent,2060,2061,2.714674472808838,2.024067210849177e-06,0.0014571219174413508,False
ising,mixed,4,0,0.001,KL descent,2061,2062,2.7156736850738525,2.022691036124172e-06,0.0014559556937061013,False
ising,mixed,4,0,0.001,KL descent,2062,2063,2.716674327850342,2.0213212397050635e-06,0.001454793805971799,False
ising,mixed,4,0,0.001,KL descent,2063,2064,2.718189001083374,2.0199577652623855e-06,0.0014536362345617948,False
ising,mixed,4,0,0.001,KL descent,2064,2065,2.719205617904663,2.0186005580619733e-06,0.0014524829599084077,False
ising,mixed,4,0,0.001,KL descent,2065,2066,2.7212212085723877,2.0172495628347577e-06,0.0014513339625405464,False
ising,mixed,4,0,0.001,KL descent,2066,2067,2.723257541656494,2.0159047252725707e-06,0.0014501892230679436,False
ising,mixed,4,0,0.001,KL descent,2067,2068,2.725238084793091,2.014565991872495e-06,0.00144904872216578,False
ising,mixed,4,0,0.001,KL descent,2068,2069,2.7262182235717773,2.0132333084374186e-06,0.0014479124406179267,False
ising,mixed,4,0,0.001,KL descent,2069,2070,2.7272183895111084,2.011906623057219e-06,0.0014467803592789208,False
ising,mixed,4,0,0.001,KL descent,2070,2071,2.7282702922821045,2.0105858827453705e-06,0.0014456524591542341,False
ising,mixed,4,0,0.001,KL descent,2071,2072,2.729405403137207,2.009271035395225e-06,0.0014445287212311309,False
ising,mixed,4,0,0.001,KL descent,2072,2073,2.7314629554748535,2.007962029955511e-06,0.0014434091266823934,False
ising,mixed,4,0,0.001,KL descent,2073,2074,2.7324488162994385,2.006658815144712e-06,0.0014422936567550781,False
ising,mixed,4,0,0.001,KL descent,2074,2075,2.7334506511688232,2.005361340818363e-06,0.001441182292716725,False
ising,mixed,4,0,0.001,KL descent,2075,2076,2.734457492828369,2.004069556816317e-06,0.0014400750159587195,False
ising,mixed,4,0,0.001,KL descent,2076,2077,2.7354068756103516,2.00278341300611e-06,0.0014389718079613756,False
ising,mixed,4,0,0.001,KL descent,2077,2078,2.7374050617218018,2.0015028606392134e-06,0.0014378726502917716,False
ising,mixed,4,0,0.001,KL descent,2078,2079,2.738959550857544,2.000227850794216e-06,0.0014367775245970327,False
ising,mixed,4,0,0.001,KL descent,2079,2080,2.740002155303955,1.9989583352048295e-06,0.0014356864126022217,False
ising,mixed,4,0,0.001,KL descent,2080,2081,2.7409939765930176,1.9976942663579126e-06,0.0014345992961097287,False
ising,mixed,4,0,0.001,KL descent,2081,2082,2.741992712020874,1.996435596857371e-06,0.0014335161570485089,False
ising,mixed,4,0,0.001,KL descent,2082,2083,2.7440083026885986,1.995182278985827e-06,0.0014324369773761614,False
ising,mixed,4,0,0.001,KL descent,2083,2084,2.7459652423858643,1.993934267059894e-06,0.001431361739165471,False
ising,mixed,4,0,0.001,KL descent,2084,2085,2.7469642162323,1.9926915143518676e-06,0.0014302904245333536,False
ising,mixed,4,0,0.001,KL descent,2085,2086,2.7485034465789795,1.991453975950414e-06,0.0014292230157576524,False
ising,mixed,4,0,0.001,KL descent,2086,2087,2.7505154609680176,1.9902216055137716e-06,0.0014281594951459642,False
ising,mixed,4,0,0.001,KL descent,2087,2088,2.7515676021575928,1.988994358761802e-06,0.0014270998449912309,False
ising,mixed,4,0,0.001,KL descent,2088,2089,2.752570152282715,1.9877721912307575e-06,0.0014260440478890413,False
ising,mixed,4,0,0.001,KL descent,2089,2090,2.754526138305664,1.9865550588956535e-06,0.0014249920863211862,False
ising,mixed,4,0,0.001,KL descent,2090,2091,2.7565269470214844,1.9853429177532774e-06,0.0014239439429513667,False
ising,mixed,4,0,0.001,KL descent,2091,2092,2.7575249671936035,1.984135724739146e-06,0.0014228996004202465,False
ising,mixed,4,0,0.001,KL descent,2092,2093,2.7585256099700928,1.9829334365784547e-06,0.0014218590416140708,False
ising,mixed,4,0,0.001,KL descent,2093,2094,2.7600510120391846,1.9817360116165827e-06,0.0014208222493382605,False
ising,mixed,4,0,0.001,KL descent,2094,2095,2.7610599994659424,1.9805434071700558e-06,0.0014197892065518358,False
ising,mixed,4,0,0.001,KL descent,2095,2096,2.762058734893799,1.979355581644264e-06,0.0014187598962613346,False
ising,mixed,4,0,0.001,KL descent,2096,2097,2.7630579471588135,1.9781724938582206e-06,0.0014177343016640864,False
ising,mixed,4,0,0.001,KL descent,2097,2098,2.764068603515625,1.9769941027623507e-06,0.001416712405832965,False
ising,mixed,4,0,0.001,KL descent,2098,2099,2.7650601863861084,1.9758203671995403e-06,0.001415694192070438,False
ising,mixed,4,0,0.001,KL descent,2099,2100,2.766058921813965,1.9746512480156914e-06,0.0014146796435721698,False
ising,mixed,4,0,0.001,KL descent,2100,2101,2.767058849334717,1.9734867043121095e-06,0.0014136687440414741,False
ising,mixed,4,0,0.001,KL descent,2101,2102,2.7685706615448,1.9723266975448924e-06,0.0014126614767195345,False
ising,mixed,4,0,0.001,KL descent,2102,2103,2.769580841064453,1.9711711876958736e-06,0.0014116578252954537,False
ising,mixed,4,0,0.001,KL descent,2103,2104,2.7720704078674316,1.9700201362043933e-06,0.0014106577732981296,False
ising,mixed,4,0,0.001,KL descent,2104,2105,2.7730698585510254,1.9688735053287977e-06,0.001409661304588583,False
ising,mixed,4,0,0.001,KL descent,2105,2106,2.774074077606201,1.967731256425079e-06,0.0014086684027628804,False
ising,mixed,4,0,0.001,KL descent,2106,2107,2.775071144104004,1.9665933516665887e-06,0.0014076790518325888,False
ising,mixed,4,0,0.001,KL descent,2107,2108,2.7760679721832275,1.9654597534945513e-06,0.0014066932356737172,False
ising,mixed,4,0,0.001,KL descent,2108,2109,2.777076244354248,1.9643304255528962e-06,0.0014057109383187605,False
ising,mixed,4,0,0.001,KL descent,2109,2110,2.7785890102386475,1.963205330542121e-06,0.0014047321437978266,False
ising,mixed,4,0,0.001,KL descent,2110,2111,2.7796080112457275,1.9620844324347436e-06,0.0014037568363362007,False
ising,mixed,4,0,0.001,KL descent,2111,2112,2.7806038856506348,1.9609676945530035e-06,0.0014027850001612219,False
ising,mixed,4,0,0.001,KL descent,2112,2113,2.781604766845703,1.959855082227158e-06,0.0014018166194946224,False
ising,mixed,4,0,0.001,KL descent,2113,2114,2.7826056480407715,1.9587465593425143e-06,0.0014008516787361036,False
ising,mixed,4,0,0.001,KL descent,2114,2115,2.7846055030822754,1.9576420906264517e-06,0.0013998901623809012,False
ising,mixed,4,0,0.001,KL descent,2115,2116,2.7856028079986572,1.9565416415837433e-06,0.0013989320548968287,False
ising,mixed,4,0,0.001,KL descent,2116,2117,2.7866134643554688,1.955445178292319e-06,0.0013979773408269724,False
ising,mixed,4,0,0.001,KL descent,2117,2118,2.788522243499756,1.954352665850111e-06,0.001397026004963553,False
ising,mixed,4,0,0.001,KL descent,2118,2119,2.7895350456237793,1.9532640706467985e-06,0.0013960780318810762,False
ising,mixed,4,0,0.001,KL descent,2119,2120,2.790567398071289,1.9521793593481957e-06,0.0013951334064731813,False
ising,mixed,4,0,0.001,KL descent,2120,2121,2.7915589809417725,1.9510984985113785e-06,0.0013941921135731672,False
ising,mixed,4,0,0.001,KL descent,2121,2122,2.7925474643707275,1.9500214556675953e-06,0.0013932541381183605,False
ising,mixed,4,0,0.001,KL descent,2122,2123,2.793532371520996,1.9489481978217485e-06,0.0013923194650886095,False
ising,mixed,4,0,0.001,KL descent,2123,2124,2.794546604156494,1.9478786923250004e-06,0.0013913880795796696,False
ising,mixed,4,0,0.001,KL descent,2124,2125,2.795546054840088,1.9468129079802874e-06,0.0013904599668079776,False
ising,mixed,4,0,0.001,KL descent,2125,2126,2.7965455055236816,1.9457508129518625e-06,0.0013895351117910182,False
ising,mixed,4,0,0.001,KL descent,2126,2127,2.7975456714630127,1.9446923750185248e-06,0.0013886134999995803,False
ising,mixed,4,0,0.001,KL descent,2127,2128,2.7990975379943848,1.943637563689097e-06,0.0013876951166958418,False
ising,mixed,4,0,0.001,KL descent,2128,2129,2.800136089324951,1.9425863475665418e-06,0.0013867799472377373,False
ising,mixed,4,0,0.001,KL descent,2129,2130,2.8020989894866943,1.9415386966458446e-06,0.0013858679772134619,False
ising,mixed,4,0,0.001,KL descent,2130,2131,2.8031153678894043,1.9404945800413654e-06,0.0013849591920830906,False
ising,mixed,4,0,0.001,KL descent,2131,2132,2.805102825164795,1.939453968259051e-06,0.0013840535774933826,False
ising,mixed,4,0,0.001,KL descent,2132,2133,2.806103467941284,1.9384168313643103e-06,0.0013831511191191304,False
ising,mixed,4,0,0.001,KL descent,2133,2134,2.8071024417877197,1.937383139560438e-06,0.00138225180267737,False
ising,mixed,4,0,0.001,KL descent,2134,2135,2.8086118698120117,1.9363528640502586e-06,0.0013813556140260808,False
ising,mixed,4,0,0.001,KL descent,2135,2136,2.809685230255127,1.9353259759280243e-06,0.0013804625389959857,False
ising,mixed,4,0,0.001,KL descent,2136,2137,2.810680866241455,1.9343024458169147e-06,0.0013795725635326606,False
ising,mixed,4,0,0.001,KL descent,2137,2138,2.8117146492004395,1.9332822455627065e-06,0.001378685673648461,False
ising,mixed,4,0,0.001,KL descent,2138,2139,2.812711715698242,1.9322653473996936e-06,0.0013778018554212457,False
ising,mixed,4,0,0.001,KL descent,2139,2140,2.8137166500091553,1.9312517228126744e-06,0.001376921094933925,False
ising,mixed,4,0,0.001,KL descent,2140,2141,2.815664529800415,1.9302413448098226e-06,0.0013760433784028026,False
ising,mixed,4,0,0.001,KL descent,2141,2142,2.81666898727417,1.9292341852202183e-06,0.0013751686920662198,False
ising,mixed,4,0,0.001,KL descent,2142,2143,2.81666898727417,1.9282302172650504e-06,0.0013742970223133977,False
ising,mixed,4,0,0.001,KL descent,2143,2144,2.8182787895202637,1.927229414383873e-06,0.001373428355409212,False
ising,mixed,4,0,0.001,KL descent,2144,2145,2.8193395137786865,1.926231749059899e-06,0.0013725626779386157,False
ising,mixed,4,0,0.001,KL descent,2145,2146,2.8203532695770264,1.9252371956837175e-06,0.0013716999762848903,False
ising,mixed,4,0,0.001,KL descent,2146,2147,2.8223049640655518,1.924245727634899e-06,0.0013708402371021,False
ising,mixed,4,0,0.001,KL descent,2147,2148,2.825294256210327,1.9232573183056826e-06,0.0013699834469330652,False
ising,mixed,4,0,0.001,KL descent,2148,2149,2.8282930850982666,1.9222719431697613e-06,0.0013691295925464253,False
ising,mixed,4,0,0.001,KL descent,2149,2150,2.8298139572143555,1.921289576403347e-06,0.0013682786606681874,False
ising,mixed,4,0,0.001,KL descent,2150,2151,2.8308258056640625,1.9203101920210036e-06,0.0013674306380722645,False
ising,mixed,4,0,0.001,KL descent,2151,2152,2.831827402114868,1.9193337656005794e-06,0.0013665855116986592,False
ising,mixed,4,0,0.001,KL descent,2152,2153,2.8328256607055664,1.918360272307312e-06,0.0013657432684320292,False
ising,mixed,4,0,0.001,KL descent,2153,2154,2.834821939468384,1.9173896875563143e-06,0.0013649038952920356,False
ising,mixed,4,0,0.001,KL descent,2154,2155,2.835826873779297,1.9164219869233166e-06,0.0013640673793348101,False
ising,mixed,4,0,0.001,KL descent,2155,2156,2.8368260860443115,1.9154571463063658e-06,0.0013632337075901169,False
ising,mixed,4,0,0.001,KL descent,2156,2157,2.838338851928711,1.914495141519727e-06,0.0013624028673487887,False
ising,mixed,4,0,0.001,KL descent,2157,2158,2.839351177215576,1.913535949131951e-06,0.0013615748457422305,False
ising,mixed,4,0,0.001,KL descent,2158,2159,2.8403491973876953,1.9125795460593815e-06,0.0013607496300924171,False
ising,mixed,4,0,0.001,KL descent,2159,2160,2.841357707977295,1.9116259081008876e-06,0.001359927207767564,False
ising,mixed,4,0,0.001,KL descent,2160,2161,2.8423573970794678,1.9106750127276222e-06,0.0013591075661845142,False
ising,mixed,4,0,0.001,KL descent,2161,2162,2.843358278274536,1.9097268371152223e-06,0.0013582906927378513,False
ising,mixed,4,0,0.001,KL descent,2162,2163,2.846363067626953,1.908781358468164e-06,0.0013574765749603257,False
ising,mixed,4,0,0.001,KL descent,2163,2164,2.8483591079711914,1.9078385546441292e-06,0.0013566652004896596,False
ising,mixed,4,0,0.001,KL descent,2164,2165,2.849881172180176,1.9068984031560528e-06,0.0013558565568875802,False
ising,mixed,4,0,0.001,KL descent,2165,2166,2.8518898487091064,1.9059608815567284e-06,0.001355050631884902,False
ising,mixed,4,0,0.001,KL descent,2166,2167,2.853910446166992,1.9050259689218062e-06,0.0013542474132170468,False
ising,mixed,4,0,0.001,KL descent,2167,2168,2.855947732925415,1.9040936431561912e-06,0.001353446888643639,False
ising,mixed,4,0,0.001,KL descent,2168,2169,2.856948137283325,1.903163882541569e-06,0.0013526490461494012,False
ising,mixed,4,0,0.001,KL descent,2169,2170,2.859581708908081,1.9022366661127663e-06,0.0013518538734544339,False
ising,mixed,4,0,0.001,KL descent,2170,2171,2.8610477447509766,1.9013119727621727e-06,0.001351061358700334,False
ising,mixed,4,0,0.001,KL descent,2171,2172,2.862062692642212,1.9003897817723752e-06,0.0013502714898325219,False
ising,mixed,4,0,0.001,KL descent,2172,2173,2.8630692958831787,1.8994700723063532e-06,0.0013494842548547603,False
ising,mixed,4,0,0.001,KL descent,2173,2174,2.8640694618225098,1.8985528236668127e-06,0.0013486996420484232,False
ising,mixed,4,0,0.001,KL descent,2174,2175,2.86506986618042,1.8976380162952953e-06,0.0013479176395372883,False
ising,mixed,4,0,0.001,KL descent,2175,2176,2.8660690784454346,1.8967256292954338e-06,0.0013471382355634276,False
ising,mixed,4,0,0.001,KL descent,2176,2177,2.867067575454712,1.8958156427744358e-06,0.0013463614183986117,False
ising,mixed,4,0,0.001,KL descent,2177,2178,2.868587017059326,1.8949080377772557e-06,0.0013455871764169736,False
ising,mixed,4,0,0.001,KL descent,2178,2179,2.869609832763672,1.8940027941109467e-06,0.0013448154979770477,False
ising,mixed,4,0,0.001,KL descent,2179,2180,2.870628595352173,1.8930998921603295e-06,0.0013440463715784223,False
ising,mixed,4,0,0.001,KL descent,2180,2181,2.8716888427734375,1.8921993129423694e-06,0.0013432797857381162,False
ising,mixed,4,0,0.001,KL descent,2181,2182,2.8726694583892822,1.8913010375866663e-06,0.001342515728979199,False
ising,mixed,4,0,0.001,KL descent,2182,2183,2.8736732006073,1.8904050471000718e-06,0.0013417541899369834,False
ising,mixed,4,0,0.001,KL descent,2183,2184,2.874664068222046,1.8895113228285486e-06,0.0013409951572354584,False
ising,mixed,4,0,0.001,KL descent,2184,2185,2.875675678253174,1.8886198461647854e-06,0.001340238619684464,False
ising,mixed,4,0,0.001,KL descent,2185,2186,2.876664876937866,1.8877305986111038e-06,0.0013394845659294718,False
ising,mixed,4,0,0.001,KL descent,2186,2187,2.8782198429107666,1.8868435622735397e-06,0.0013387329849132157,False
ising,mixed,4,0,0.001,KL descent,2187,2188,2.8792965412139893,1.8859587188465457e-06,0.0013379838653741483,False
ising,mixed,4,0,0.001,KL descent,2188,2189,2.880286693572998,1.8850760505154535e-06,0.0013372371963860097,False
ising,mixed,4,0,0.001,KL descent,2189,2190,2.8812859058380127,1.8841955399053847e-06,0.0013364929667936676,False
ising,mixed,4,0,0.001,KL descent,2190,2191,2.8822858333587646,1.8833171685593796e-06,0.0013357511656348908,False
ising,mixed,4,0,0.001,KL descent,2191,2192,2.8832836151123047,1.8824409203834291e-06,0.0013350117820501994,False
ising,mixed,4,0,0.001,KL descent,2192,2193,2.8842897415161133,1.8815667770928196e-06,0.001334274805078861,False
ising,mixed,4,0,0.001,KL descent,2193,2194,2.885282516479492,1.8806947223718836e-06,0.0013335402240214345,False
ising,mixed,4,0,0.001,KL descent,2194,2195,2.8862833976745605,1.8798247385505078e-06,0.0013328080279221832,False
ising,mixed,4,0,0.001,KL descent,2195,2196,2.888317346572876,1.8789568092211557e-06,0.0013320782062162806,False
ising,mixed,4,0,0.001,KL descent,2196,2197,2.888947010040283,1.8780909181905258e-06,0.0013313507481251263,False
ising,mixed,4,0,0.001,KL descent,2197,2198,2.8899805545806885,1.8772270481201722e-06,0.001330625643040484,False
ising,mixed,4,0,0.001,KL descent,2198,2199,2.891052007675171,1.8763651835595635e-06,0.0013299028803890334,False
ising,mixed,4,0,0.001,KL descent,2199,2200,2.8919575214385986,1.8755053075030935e-06,0.0013291824496126092,False
ising,mixed,4,0,0.001,KL descent,2200,2201,2.893951177597046,1.8746474044008535e-06,0.0013284643402355911,False
ising,mixed,4,0,0.001,KL descent,2201,2202,2.8949501514434814,1.8737914586876475e-06,0.0013277485419051493,False
ising,mixed,4,0,0.001,KL descent,2202,2203,2.8959498405456543,1.8729374539330726e-06,0.001327035044120517,False
ising,mixed,4,0,0.001,KL descent,2203,2204,2.89694881439209,1.872085375009276e-06,0.0013263238365583407,False
ising,mixed,4,0,0.001,KL descent,2204,2205,2.89694881439209,1.8712352061386025e-06,0.0013256149089895253,False
ising,mixed,4,0,0.001,KL descent,2205,2206,2.898510217666626,1.8703869326162583e-06,0.001324908251061685,False
ising,mixed,4,0,0.001,KL descent,2206,2207,2.9005303382873535,1.8695405387022572e-06,0.0013242038526349864,False
ising,mixed,4,0,0.001,KL descent,2207,2208,2.901618242263794,1.868696009103514e-06,0.0013235017035582164,False
ising,mixed,4,0,0.001,KL descent,2208,2209,2.90262508392334,1.8678533296949176e-06,0.001322801793723405,False
ising,mixed,4,0,0.001,KL descent,2209,2210,2.903604745864868,1.8670124856474791e-06,0.0013221041130690447,False
ising,mixed,4,0,0.001,KL descent,2210,2211,2.9045677185058594,1.866173461874471e-06,0.0013214086515300205,False
ising,mixed,4,0,0.001,KL descent,2211,2212,2.9065308570861816,1.8653362439719356e-06,0.001320715399246386,False
ising,mixed,4,0,0.001,KL descent,2212,2213,2.9075262546539307,1.8645008173671384e-06,0.0013200243461656824,False
ising,mixed,4,0,0.001,KL descent,2213,2214,2.909040927886963,1.8636671684562187e-06,0.0013193354824697634,False
ising,mixed,4,0,0.001,KL descent,2214,2215,2.910057783126831,1.8628352827665683e-06,0.0013186487983082307,False
ising,mixed,4,0,0.001,KL descent,2215,2216,2.911055326461792,1.8620051461969893e-06,0.001317964283937989,False
ising,mixed,4,0,0.001,KL descent,2216,2217,2.9125289916992188,1.8611767448819184e-06,0.0013172819295779181,False
ising,mixed,4,0,0.001,KL descent,2217,2218,2.9135539531707764,1.8603500656650162e-06,0.0013166017255131224,False
ising,mixed,4,0,0.001,KL descent,2218,2219,2.91455340385437,1.8595250947538317e-06,0.0013159236621327897,False
ising,mixed,4,0,0.001,KL descent,2219,2220,2.915606737136841,1.8587018177133582e-06,0.0013152477297579956,False
ising,mixed,4,0,0.001,KL descent,2220,2221,2.916595697402954,1.8578802223249355e-06,0.001314573918896278,False
ising,mixed,4,0,0.001,KL descent,2221,2222,2.917600393295288,1.8570602943649388e-06,0.0013139022199851746,False
ising,mixed,4,0,0.001,KL descent,2222,2223,2.9185988903045654,1.8562420220658681e-06,0.001313232623539884,False
ising,mixed,4,0,0.001,KL descent,2223,2224,2.9191620349884033,1.8554253914677464e-06,0.001312565120172915,False
ising,mixed,4,0,0.001,KL descent,2224,2225,2.921217203140259,1.8546103896970347e-06,0.001311899700390473,False
ising,mixed,4,0,0.001,KL descent,2225,2226,2.9222230911254883,1.853797004288688e-06,0.0013112363549644401,False
ising,mixed,4,0,0.001,KL descent,2226,2227,2.9242165088653564,1.8529852223240814e-06,0.001310575074481013,False
ising,mixed,4,0,0.001,KL descent,2227,2228,2.9252095222473145,1.852175031491449e-06,0.001309915849777632,False
ising,mixed,4,0,0.001,KL descent,2228,2229,2.9262125492095947,1.8513664192536694e-06,0.0013092586715434118,False
ising,mixed,4,0,0.001,KL descent,2229,2230,2.9272074699401855,1.8505593734334924e-06,0.0013086035305986399,False
ising,mixed,4,0,0.001,KL descent,2230,2231,2.9282114505767822,1.849753881797763e-06,0.0013079504178556967,False
ising,mixed,4,0,0.001,KL descent,2231,2232,2.928762197494507,1.8489499320626843e-06,0.0013072993242090325,False
ising,mixed,4,0,0.001,KL descent,2232,2233,2.930821418762207,1.8481475124113536e-06,0.0013066502405894576,False
ising,mixed,4,0,0.001,KL descent,2233,2234,2.9318206310272217,1.847346610701337e-06,0.0013060031579671394,False
ising,mixed,4,0,0.001,KL descent,2234,2235,2.932835578918457,1.8465472157736188e-06,0.0013053580674026732,False
ising,mixed,4,0,0.001,KL descent,2235,2236,2.9338653087615967,1.8457493154397137e-06,0.0013047149599391683,False
ising,mixed,4,0,0.001,KL descent,2236,2237,2.9347691535949707,1.8449528985057695e-06,0.0013040738267400265,False
ising,mixed,4,0,0.001,KL descent,2237,2238,2.9358158111572266,1.8441579534369457e-06,0.001303434658846525,False
ising,mixed,4,0,0.001,KL descent,2238,2239,2.9368603229522705,1.8433644685911302e-06,0.0013027974475587345,False
ising,mixed,4,0,0.001,KL descent,2239,2240,2.938369035720825,1.8425724328216473e-06,0.0013021621840276776,False
ising,mixed,4,0,0.001,KL descent,2240,2241,2.9394354820251465,1.8417818351184476e-06,0.001301528859574519,False
ising,mixed,4,0,0.001,KL descent,2241,2242,2.940422296524048,1.8409926648719623e-06,0.00130089746544515,False
ising,mixed,4,0,0.001,KL descent,2242,2243,2.9414336681365967,1.8402049103750238e-06,0.0013002679931493621,False
ising,mixed,4,0,0.001,KL descent,2243,2244,2.9424245357513428,1.8394185609922154e-06,0.0012996404338511125,False
ising,mixed,4,0,0.001,KL descent,2244,2245,2.943420886993408,1.8386336061269243e-06,0.0012990147791617779,False
ising,mixed,4,0,0.001,KL descent,2245,2246,2.944422483444214,1.8378500354274797e-06,0.0012983910204762972,False
ising,mixed,4,0,0.001,KL descent,2246,2247,2.9454309940338135,1.8370678377549103e-06,0.0012977691492587762,False
ising,mixed,4,0,0.001,KL descent,2247,2248,2.946420907974243,1.8362870028401243e-06,0.0012971491571169835,False
ising,mixed,4,0,0.001,KL descent,2248,2249,2.947434186935425,1.8355075205120278e-06,0.0012965310356434223,False
ising,mixed,4,0,0.001,KL descent,2249,2250,2.9489622116088867,1.8347293803767677e-06,0.0012959147764562418,False
ising,mixed,4,0,0.001,KL descent,2250,2251,2.9500224590301514,1.8339525727524999e-06,0.0012953003711469457,False
ising,mixed,4,0,0.001,KL descent,2251,2252,2.9510152339935303,1.8331770863914162e-06,0.0012946878115044358,False
ising,mixed,4,0,0.001,KL descent,2252,2253,2.952017307281494,1.8324029121559693e-06,0.001294077089245671,False
ising,mixed,4,0,0.001,KL descent,2253,2254,2.9530158042907715,1.831630040502405e-06,0.0012934681960966032,False
ising,mixed,4,0,0.001,KL descent,2254,2255,2.954963445663452,1.8308584606513076e-06,0.0012928611239113597,False
ising,mixed,4,0,0.001,KL descent,2255,2256,2.955963134765625,1.8300881637793635e-06,0.0012922558645816484,False
ising,mixed,4,0,0.001,KL descent,2256,2257,2.9570138454437256,1.8293191393064824e-06,0.0012916524098572357,False
ising,mixed,4,0,0.001,KL descent,2257,2258,2.9570138454437256,1.8285513786120035e-06,0.0012910507518216763,False
ising,mixed,4,0,0.001,KL descent,2258,2259,2.958576202392578,1.82778487133524e-06,0.0012904508823003424,False
ising,mixed,4,0,0.001,KL descent,2259,2260,2.9606428146362305,1.8270196091049481e-06,0.0012898527934269155,False
ising,mixed,4,0,0.001,KL descent,2260,2261,2.9616453647613525,1.826255581895775e-06,0.0012892564771243564,False
ising,mixed,4,0,0.001,KL descent,2261,2262,2.9626402854919434,1.825492780610456e-06,0.0012886619255222387,False
ising,mixed,4,0,0.001,KL descent,2262,2263,2.9636428356170654,1.824731196458646e-06,0.0012880691307319836,False
ising,mixed,4,0,0.001,KL descent,2263,2264,2.9646267890930176,1.8239708199334862e-06,0.0012874780848372014,False
ising,mixed,4,0,0.001,KL descent,2264,2265,2.9656364917755127,1.823211642417385e-06,0.0012868887800887574,False
ising,mixed,4,0,0.001,KL descent,2265,2266,2.9666342735290527,1.8224536549551666e-06,0.0012863012086196113,False
ising,mixed,4,0,0.001,KL descent,2266,2267,2.9666342735290527,1.8216968487887879e-06,0.001285715362783657,False
ising,mixed,4,0,0.001,KL descent,2267,2268,2.9688777923583984,1.8209412151367754e-06,0.0012851312348047261,False
ising,mixed,4,0,0.001,KL descent,2268,2269,2.969937801361084,1.8201867455600756e-06,0.001284548817024611,False
ising,mixed,4,0,0.001,KL descent,2269,2270,2.9708945751190186,1.8194334308682133e-06,0.0012839681017646765,False
ising,mixed,4,0,0.001,KL descent,2270,2271,2.9719269275665283,1.8186812632579888e-06,0.001283389081470132,False
ising,mixed,4,0,0.001,KL descent,2271,2272,2.9739232063293457,1.817930233723355e-06,0.0012828117485237378,False
ising,mixed,4,0,0.001,KL descent,2272,2273,2.974890947341919,1.8171803346075083e-06,0.0012822360954048428,False
ising,mixed,4,0,0.001,KL descent,2273,2274,2.975924491882324,1.81643155701664e-06,0.0012816621145645413,False
ising,mixed,4,0,0.001,KL descent,2274,2275,2.976926803588867,1.8156838935121595e-06,0.0012810897986175185,False
ising,mixed,4,0,0.001,KL descent,2275,2276,2.9784343242645264,1.814937335173761e-06,0.0012805191400858673,False
ising,mixed,4,0,0.001,KL descent,2276,2277,2.9794418811798096,1.814191874725772e-06,0.0012799501315270967,False
ising,mixed,4,0,0.001,KL descent,2277,2278,2.9814417362213135,1.8134475035775337e-06,0.001279382765627557,False
ising,mixed,4,0,0.001,KL descent,2278,2279,2.9824466705322266,1.8127042138289983e-06,0.0012788170350330197,False
ising,mixed,4,0,0.001,KL descent,2279,2280,2.983443260192871,1.811961998018385e-06,0.0012782529324261716,False
ising,mixed,4,0,0.001,KL descent,2280,2281,2.9854485988616943,1.8112208485922996e-06,0.0012776904505801823,False
ising,mixed,4,0,0.001,KL descent,2281,2282,2.9864444732666016,1.8104807570695755e-06,0.001277129582232417,False
ising,mixed,4,0,0.001,KL descent,2282,2283,2.9894752502441406,1.809741716527948e-06,0.0012765703201821355,False
ising,mixed,4,0,0.001,KL descent,2283,2284,2.9914934635162354,1.8090037196080727e-06,0.0012760126572454178,False
ising,mixed,4,0,0.001,KL descent,2284,2285,2.9924910068511963,1.8082667580775772e-06,0.0012754565863660194,False
ising,mixed,4,0,0.001,KL descent,2285,2286,2.9934897422790527,1.8075308247329478e-06,0.0012749021002971817,False
ising,mixed,4,0,0.001,KL descent,2286,2287,2.9944722652435303,1.8067959124812e-06,0.0012743491920834682,False
ising,mixed,4,0,0.001,KL descent,2287,2288,2.9954721927642822,1.8060620142428613e-06,0.0012737978546670248,False
ising,mixed,4,0,0.001,KL descent,2288,2289,2.996511459350586,1.8053291225042767e-06,0.001273248080957301,False
ising,mixed,4,0,0.001,KL descent,2289,2290,2.997478723526001,1.8045972297163938e-06,0.0012726998641427456,False
ising,mixed,4,0,0.001,KL descent,2290,2291,2.9990365505218506,1.80386632927169e-06,0.0012721531971554567,False
ising,mixed,4,0,0.001,KL descent,2291,2292,3.0000686645507812,1.803136414346942e-06,0.001271608073086794,False
ising,mixed,4,0,0.001,KL descent,2292,2293,3.001042127609253,1.802407477836721e-06,0.0012710644850915664,False
ising,mixed,4,0,0.001,KL descent,2293,2294,3.0020523071289062,1.80167951237184e-06,0.0012705224263364623,False
ising,mixed,4,0,0.001,KL descent,2294,2295,3.003042459487915,1.8009525120291014e-06,0.0012699818899400417,False
ising,mixed,4,0,0.001,KL descent,2295,2296,3.004038095474243,1.8002264690775301e-06,0.0012694428691956694,False
ising,mixed,4,0,0.001,KL descent,2296,2297,3.0050406455993652,1.7995013774859078e-06,0.0012689053573097797,False
ising,mixed,4,0,0.001,KL descent,2297,2298,3.0070362091064453,1.7987772304433746e-06,0.0012683693475471491,False
ising,mixed,4,0,0.001,KL descent,2298,2299,3.0070362091064453,1.798054021283234e-06,0.001267834833263426,False
ising,mixed,4,0,0.001,KL descent,2299,2300,3.0085506439208984,1.7973317432104032e-06,0.0012673018077312137,False
ising,mixed,4,0,0.001,KL descent,2300,2301,3.009568452835083,1.796610390148188e-06,0.0012667702643220369,False
ising,mixed,4,0,0.001,KL descent,2301,2302,3.0105679035186768,1.7958899555700812e-06,0.001266240196529933,False
ising,mixed,4,0,0.001,KL descent,2302,2303,3.0115668773651123,1.7951704334221468e-06,0.0012657115977143807,False
ising,mixed,4,0,0.001,KL descent,2303,2304,3.013564348220825,1.7944518168634993e-06,0.0012651844613010832,False
ising,mixed,4,0,0.001,KL descent,2304,2305,3.0145678520202637,1.7937340997833873e-06,0.001264658780791017,False
ising,mixed,4,0,0.001,KL descent,2305,2306,3.01556396484375,1.7930172764352343e-06,0.0012641345497160783,False
ising,mixed,4,0,0.001,KL descent,2306,2307,3.0175669193267822,1.792301340144536e-06,0.0012636117616700582,False
ising,mixed,4,0,0.001,KL descent,2307,2308,3.020083427429199,1.7915862852457277e-06,0.0012630904101620377,False
ising,mixed,4,0,0.001,KL descent,2308,2309,3.0220859050750732,1.7908721055140999e-06,0.0012625704888969969,False
ising,mixed,4,0,0.001,KL descent,2309,2310,3.0240976810455322,1.7901587946789457e-06,0.0012620519913670303,False
ising,mixed,4,0,0.001,KL descent,2310,2311,3.0260961055755615,1.7894463475905555e-06,0.001261534911337514,False
ising,mixed,4,0,0.001,KL descent,2311,2312,3.027096748352051,1.788734757967404e-06,0.001261019242467687,False
ising,mixed,4,0,0.001,KL descent,2312,2313,3.0296618938446045,1.788024019762835e-06,0.0012605049784903954,False
ising,mixed,4,0,0.001,KL descent,2313,2314,3.031670331954956,1.7873141277002548e-06,0.0012599921131513092,False
ising,mixed,4,0,0.001,KL descent,2314,2315,3.0336811542510986,1.786605075936991e-06,0.00125948064024467,False
ising,mixed,4,0,0.001,KL descent,2315,2316,3.0346944332122803,1.7858968583032458e-06,0.00125897055354246,False
ising,mixed,4,0,0.001,KL descent,2316,2317,3.0356929302215576,1.7851894696256415e-06,0.0012584618468900466,False
ising,mixed,4,0,0.001,KL descent,2317,2318,3.0366907119750977,1.7844829050437981e-06,0.0012579545142037962,False
ising,mixed,4,0,0.001,KL descent,2318,2319,3.038203716278076,1.7837771577972103e-06,0.001257448549376483,False
ising,mixed,4,0,0.001,KL descent,2319,2320,3.0392181873321533,1.7830722233194403e-06,0.0012569439462005727,False
ising,mixed,4,0,0.001,KL descent,2320,2321,3.04024600982666,1.782368095605604e-06,0.001256440698779171,False
ising,mixed,4,0,0.001,KL descent,2321,2322,3.0422704219818115,1.7816647700262209e-06,0.0012559388009654726,False
ising,mixed,4,0,0.001,KL descent,2322,2323,3.0432770252227783,1.7809622405542753e-06,0.001255438246871854,False
ising,mixed,4,0,0.001,KL descent,2323,2324,3.0442659854888916,1.7802605023194329e-06,0.0012549390304590902,False
ising,mixed,4,0,0.001,KL descent,2324,2325,3.0452747344970703,1.7795595501084243e-06,0.0012544411458143556,False
ising,mixed,4,0,0.001,KL descent,2325,2326,3.046273946762085,1.778859378577839e-06,0.0012539445869865218,False
ising,mixed,4,0,0.001,KL descent,2326,2327,3.047271966934204,1.77815998266667e-06,0.0012534493481572984,False
ising,mixed,4,0,0.001,KL descent,2327,2328,3.048281192779541,1.777461357639287e-06,0.001252955423369173,False
ising,mixed,4,0,0.001,KL descent,2328,2329,3.049855947494507,1.7767634979377727e-06,0.001252462806895449,False
ising,mixed,4,0,0.001,KL descent,2329,2330,3.050856590270996,1.7760663989492945e-06,0.0012519714928385106,False
ising,mixed,4,0,0.001,KL descent,2330,2331,3.051927089691162,1.7753700556284954e-06,0.0012514814754360226,False
ising,mixed,4,0,0.001,KL descent,2331,2332,3.0529348850250244,1.7746744628588423e-06,0.0012509927489913197,False
ising,mixed,4,0,0.001,KL descent,2332,2333,3.053866386413574,1.7739796161944695e-06,0.0012505053077409012,False
ising,mixed,4,0,0.001,KL descent,2333,2334,3.0559189319610596,1.7732855107528621e-06,0.0012500191459222654,False
ising,mixed,4,0,0.001,KL descent,2334,2335,3.056868076324463,1.772592141525406e-06,0.0012495342579391666,False
ising,mixed,4,0,0.001,KL descent,2335,2336,3.0584330558776855,1.7718995038806097e-06,0.0012490506381410693,False
ising,mixed,4,0,0.001,KL descent,2336,2337,3.0594992637634277,1.771207593373534e-06,0.001248568280823814,False
ising,mixed,4,0,0.001,KL descent,2337,2338,3.060504674911499,1.7705164050341027e-06,0.0012480871804546045,False
ising,mixed,4,0,0.001,KL descent,2338,2339,3.0614991188049316,1.7698259344746025e-06,0.0012476073314743874,False
ising,mixed,4,0,0.001,KL descent,2339,2340,3.0625007152557373,1.7691361771630445e-06,0.0012471287283022936,False
ising,mixed,4,0,0.001,KL descent,2340,2341,3.06349515914917,1.7684471284042352e-06,0.0012466513654232902,False
ising,mixed,4,0,0.001,KL descent,2341,2342,3.064497709274292,1.767758784102423e-06,0.0012461752372940338,False
ising,mixed,4,0,0.001,KL descent,2342,2343,3.0664994716644287,1.7670711393005409e-06,0.0012457003385484833,False
ising,mixed,4,0,0.001,KL descent,2343,2344,3.067495584487915,1.7663841899561137e-06,0.0012452266636358567,False
ising,mixed,4,0,0.001,KL descent,2344,2345,3.0685136318206787,1.765697931657777e-06,0.0012447542071614137,False
ising,mixed,4,0,0.001,KL descent,2345,2346,3.069077253341675,1.7650123603385616e-06,0.0012442829638174002,False
ising,mixed,4,0,0.001,KL descent,2346,2347,3.071091651916504,1.764327471132146e-06,0.0012438129281003296,False
ising,mixed,4,0,0.001,KL descent,2347,2348,3.072138547897339,1.7636432604903924e-06,0.0012433440946982843,False
ising,mixed,4,0,0.001,KL descent,2348,2349,3.0741519927978516,1.762959723394146e-06,0.0012428764583308216,False
ising,mixed,4,0,0.001,KL descent,2349,2350,3.075148582458496,1.762276856183176e-06,0.0012424100136668725,False
ising,mixed,4,0,0.001,KL descent,2350,2351,3.0761454105377197,1.7615946550781684e-06,0.0012419447554210539,False
ising,mixed,4,0,0.001,KL descent,2351,2352,3.077146053314209,1.7609131155964423e-06,0.0012414806783928034,False
ising,mixed,4,0,0.001,KL descent,2352,2353,3.078143835067749,1.7602322336875756e-06,0.001241017777326603,False
ising,mixed,4,0,0.001,KL descent,2353,2354,3.0787036418914795,1.7595520049071647e-06,0.0012405560469676002,False
ising,mixed,4,0,0.001,KL descent,2354,2355,3.0797526836395264,1.7588724261222293e-06,0.0012400954821709664,False
ising,mixed,4,0,0.001,KL descent,2355,2356,3.0807454586029053,1.7581934929593064e-06,0.0012396360777926496,False
ising,mixed,4,0,0.001,KL descent,2356,2357,3.0817456245422363,1.757515201591794e-06,0.0012391778287735855,False
ising,mixed,4,0,0.001,KL descent,2357,2358,3.0827529430389404,1.7568375480786158e-06,0.0012387207298306113,False
ising,mixed,4,0,0.001,KL descent,2358,2359,3.083754062652588,1.7561605287030028e-06,0.001238264776039888,False
ising,mixed,4,0,0.001,KL descent,2359,2360,3.0857462882995605,1.755484139073064e-06,0.0012378099622356586,False
ising,mixed,4,0,0.001,KL descent,2360,2361,3.0867600440979004,1.7548083764672873e-06,0.0012373562833881135,False
ising,mixed,4,0,0.001,KL descent,2361,2362,3.0881216526031494,1.7541332364665158e-06,0.0012369037345592582,False
ising,mixed,4,0,0.001,KL descent,2362,2363,3.089130163192749,1.753458715422277e-06,0.0012364523107534775,False
ising,mixed,4,0,0.001,KL descent,2363,2364,3.090130090713501,1.7527848098380813e-06,0.0012360020068485356,False
ising,mixed,4,0,0.001,KL descent,2364,2365,3.0911386013031006,1.7521115157883497e-06,0.0012355528180190145,False
ising,mixed,4,0,0.001,KL descent,2365,2366,3.0921382904052734,1.751438830271787e-06,0.001235104739332471,False
ising,mixed,4,0,0.001,KL descent,2366,2367,3.0931386947631836,1.750766749085844e-06,0.0012346577659106406,False
ising,mixed,4,0,0.001,KL descent,2367,2368,3.094137668609619,1.7500952687293392e-06,0.0012342118927540224,False
ising,mixed,4,0,0.001,KL descent,2368,2369,3.095191240310669,1.7494243859156185e-06,0.0012337671151491647,False
ising,mixed,4,0,0.001,KL descent,2369,2370,3.0961880683898926,1.748754096982479e-06,0.0012333234281755034,False
ising,mixed,4,0,0.001,KL descent,2370,2371,3.098187208175659,1.7480843990911578e-06,0.0012328808270070657,False
ising,mixed,4,0,0.001,KL descent,2371,2372,3.0987582206726074,1.7474152881641702e-06,0.0012324393069507722,False
ising,mixed,4,0,0.001,KL descent,2372,2373,3.09980845451355,1.7467467607184618e-06,0.001231998863118311,False
ising,mixed,4,0,0.001,KL descent,2373,2374,3.100801706314087,1.7460788141180913e-06,0.0012315594907748584,False
ising,mixed,4,0,0.001,KL descent,2374,2375,3.1018080711364746,1.7454114442229872e-06,0.0012311211852920056,False
ising,mixed,4,0,0.001,KL descent,2375,2376,3.1028008460998535,1.7447446486628344e-06,0.001230683941862043,False
ising,mixed,4,0,0.001,KL descent,2376,2377,3.1047604084014893,1.7440784233749494e-06,0.0012302477558571168,False
ising,mixed,4,0,0.001,KL descent,2377,2378,3.105760097503662,1.74341276521322e-06,0.0012298126225935846,False
ising,mixed,4,0,0.001,KL descent,2378,2379,3.1067609786987305,1.7427476714189494e-06,0.0012293785374080657,False
ising,mixed,4,0,0.001,KL descent,2379,2380,3.1082708835601807,1.742083138253148e-06,0.0012289454957387647,False
ising,mixed,4,0,0.001,KL descent,2380,2381,3.1092846393585205,1.7414191627072528e-06,0.00122851349297054,False
ising,mixed,4,0,0.001,KL descent,2381,2382,3.1103360652923584,1.7407557419816356e-06,0.0012280825244721516,False
ising,mixed,4,0,0.001,KL descent,2382,2383,3.11234712600708,1.7400928728725168e-06,0.0012276525856986797,False
ising,mixed,4,0,0.001,KL descent,2383,2384,3.1133337020874023,1.7394305525807314e-06,0.0012272236721740937,False
ising,mixed,4,0,0.001,KL descent,2384,2385,3.11434006690979,1.7387687770944237e-06,0.0012267957793529183,False
ising,mixed,4,0,0.001,KL descent,2385,2386,3.1153390407562256,1.73810754433647e-06,0.0012263689027089963,False
ising,mixed,4,0,0.001,KL descent,2386,2387,3.1163315773010254,1.7374468509583813e-06,0.0012259430378065428,False
ising,mixed,4,0,0.001,KL descent,2387,2388,3.1173300743103027,1.7367866937805747e-06,0.001225518180202001,False
ising,mixed,4,0,0.001,KL descent,2388,2389,3.1188952922821045,1.7361270707079827e-06,0.001225094325400966,False
ising,mixed,4,0,0.001,KL descent,2389,2390,3.1199469566345215,1.7354679779171714e-06,0.0012246714690008487,False
ising,mixed,4,0,0.001,KL descent,2390,2391,3.120900869369507,1.7348094126883944e-06,0.0012242496067068065,False
ising,mixed,4,0,0.001,KL descent,2391,2392,3.121946096420288,1.7341513725902207e-06,0.001223828733968202,False
ising,mixed,4,0,0.001,KL descent,2392,2393,3.12294864654541,1.7334938545202014e-06,0.001223408846606433,False
ising,mixed,4,0,0.001,KL descent,2393,2394,3.1249582767486572,1.732836855454629e-06,0.00122298994022918,False
ising,mixed,4,0,0.001,KL descent,2394,2395,3.126952648162842,1.7321803732254996e-06,0.0012225720104813709,False
ising,mixed,4,0,0.001,KL descent,2395,2396,3.1285226345062256,1.7315244043319525e-06,0.0012221550530716607,False
ising,mixed,4,0,0.001,KL descent,2396,2397,3.1305952072143555,1.7308689464861635e-06,0.0012217390638030179,False
ising,mixed,4,0,0.001,KL descent,2397,2398,3.1325929164886475,1.7302139971204572e-06,0.001221324038327365,False
ising,mixed,4,0,0.001,KL descent,2398,2399,3.1345949172973633,1.729559552818671e-06,0.0012211540777927743,False
ising,mixed,4,0,0.001,KL descent,2399,2400,3.1355953216552734,1.7289056116820553e-06,0.0012211125291793912,False
ising,mixed,4,0,0.001,KL descent,2400,2401,3.137540340423584,1.7282521708862404e-06,0.0012210701712798144,False
ising,mixed,4,0,0.001,KL descent,2401,2402,3.1391541957855225,1.7275992278412325e-06,0.0012210270080156294,False
ising,mixed,4,0,0.001,KL descent,2402,2403,3.1402039527893066,1.7269467795142988e-06,0.001220983043252577,False
ising,mixed,4,0,0.001,KL descent,2403,2404,3.1432063579559326,1.7262948241290037e-06,0.0012209382807681357,False
ising,mixed,4,0,0.001,KL descent,2404,2405,3.145203113555908,1.7256433585954404e-06,0.0012208927244379275,False
ising,mixed,4,0,0.001,KL descent,2405,2406,3.146202564239502,1.7249923803960577e-06,0.00122084637794595,False
ising,mixed,4,0,0.001,KL descent,2406,2407,3.147202968597412,1.724341886842499e-06,0.001220799245196802,False
ising,mixed,4,0,0.001,KL descent,2407,2408,3.148789167404175,1.7236918759292616e-06,0.0012207513299095085,False
ising,mixed,4,0,0.001,KL descent,2408,2409,3.1498336791992188,1.7230423451165492e-06,0.0012207026358149742,False
ising,mixed,4,0,0.001,KL descent,2409,2410,3.150839328765869,1.7223932920047396e-06,0.001220653166687402,False
ising,mixed,4,0,0.001,KL descent,2410,2411,3.1518468856811523,1.7217447138003054e-06,0.0012206029262137874,False
ising,mixed,4,0,0.001,KL descent,2411,2412,3.1528480052948,1.7210966080994246e-06,0.0012205519180871205,False
ising,mixed,4,0,0.001,KL descent,2412,2413,3.1537907123565674,1.7204489729422673e-06,0.0012205001459805187,False
ising,mixed,4,0,0.001,KL descent,2413,2414,3.1548471450805664,1.719801806224928e-06,0.001220447613543174,False
ising,mixed,4,0,0.001,KL descent,2414,2415,3.1568479537963867,1.7191551048764226e-06,0.001220394324452534,False
ising,mixed,4,0,0.001,KL descent,2415,2416,3.1568479537963867,1.7185088668349665e-06,0.001220340282336585,False
ising,mixed,4,0,0.001,KL descent,2416,2417,3.1584088802337646,1.7178630900700418e-06,0.0012202854907968907,False
ising,mixed,4,0,0.001,KL descent,2417,2418,3.1594736576080322,1.7172177719854784e-06,0.0012202299533874417,False
ising,mixed,4,0,0.001,KL descent,2418,2419,3.160473108291626,1.7165729108771162e-06,0.0012201736737650348,False
ising,mixed,4,0,0.001,KL descent,2419,2420,3.1614739894866943,1.7159285036500196e-06,0.0012201166554159926,False
ising,mixed,4,0,0.001,KL descent,2420,2421,3.162476062774658,1.7152845485220541e-06,0.0012200589019465413,False
ising,mixed,4,0,0.001,KL descent,2421,2422,3.163465976715088,1.714641043627972e-06,0.0012200004168529954,False
ising,mixed,4,0,0.001,KL descent,2422,2423,3.164466619491577,1.7139979866755208e-06,0.001219941203698005,False
ising,mixed,4,0,0.001,KL descent,2423,2424,3.1654727458953857,1.7133553749189669e-06,0.0012198812659038882,False
ising,mixed,4,0,0.001,KL descent,2424,2425,3.16646671295166,1.7127132068984e-06,0.0012198206069869988,False
ising,mixed,4,0,0.001,KL descent,2425,2426,3.1684670448303223,1.7120714803179372e-06,0.001219759230422779,False
ising,mixed,4,0,0.001,KL descent,2426,2427,3.1690309047698975,1.7114301929395396e-06,0.001219697139706044,False
ising,mixed,4,0,0.001,KL descent,2427,2428,3.1700923442840576,1.7107893426755446e-06,0.0012196343381291053,False
ising,mixed,4,0,0.001,KL descent,2428,2429,3.172084331512451,1.7101489276295158e-06,0.0012195708292269125,False
ising,mixed,4,0,0.001,KL descent,2429,2430,3.1740996837615967,1.7095089454835678e-06,0.0012195066163989687,False
ising,mixed,4,0,0.001,KL descent,2430,2431,3.176100492477417,1.7088693949107413e-06,0.0012194417030239046,False
ising,mixed,4,0,0.001,KL descent,2431,2432,3.177095890045166,1.7082302731541956e-06,0.0012193760923921992,False
ising,mixed,4,0,0.001,KL descent,2432,2433,3.1797256469726562,1.7075915785943132e-06,0.0012193097879752424,False
ising,mixed,4,0,0.001,KL descent,2433,2434,3.181722640991211,1.7069533090109545e-06,0.001219242793053521,False
ising,mixed,4,0,0.001,KL descent,2434,2435,3.1827192306518555,1.706315462707456e-06,0.0012191751109735804,False
ising,mixed,4,0,0.001,KL descent,2435,2436,3.1837100982666016,1.7056780375018902e-06,0.0012191067450281201,False
ising,mixed,4,0,0.001,KL descent,2436,2437,3.1847119331359863,1.7050410317058546e-06,0.0012190376985167783,False
ising,mixed,4,0,0.001,KL descent,2437,2438,3.1857151985168457,1.704404443611403e-06,0.0012189679746990034,False
ising,mixed,4,0,0.001,KL descent,2438,2439,3.1867263317108154,1.703768270619193e-06,0.0012188975769331645,False
ising,mixed,4,0,0.001,KL descent,2439,2440,3.1882400512695312,1.7031325115185236e-06,0.0012188265083248329,False
ising,mixed,4,0,0.001,KL descent,2440,2441,3.1892547607421875,1.7024971639680996e-06,0.0012187547721994596,False
ising,mixed,4,0,0.001,KL descent,2441,2442,3.190253257751465,1.701862226602524e-06,0.0012186823717753592,False
ising,mixed,4,0,0.001,KL descent,2442,2443,3.1912617683410645,1.7012276975520638e-06,0.0012186093102663498,False
ising,mixed,4,0,0.001,KL descent,2443,2444,3.1923208236694336,1.7005935746355805e-06,0.0012185355908360118,False
ising,mixed,4,0,0.001,KL descent,2444,2445,3.193311929702759,1.699959856181608e-06,0.0012184612166246112,False
ising,mixed,4,0,0.001,KL descent,2445,2446,3.1943180561065674,1.699326540772622e-06,0.001218386190878773,False
ising,mixed,4,0,0.001,KL descent,2446,2447,3.1962649822235107,1.698693626141003e-06,0.0012183105166829744,False
ising,mixed,4,0,0.001,KL descent,2447,2448,3.1972644329071045,1.6980611110979483e-06,0.0012182341972224453,False
ising,mixed,4,0,0.001,KL descent,2448,2449,3.1982622146606445,1.6974289934162604e-06,0.0012181572355843828,False
ising,mixed,4,0,0.001,KL descent,2449,2450,3.1987762451171875,1.6967972716147549e-06,0.0012180796348295053,False
ising,mixed,4,0,0.001,KL descent,2450,2451,3.1997790336608887,1.696165943994762e-06,0.0012180013981434312,False
ising,mixed,4,0,0.001,KL descent,2451,2452,3.2007875442504883,1.6955350088869554e-06,0.0012179225284786321,False
ising,mixed,4,0,0.001,KL descent,2452,2453,3.201827049255371,1.6949044642522114e-06,0.0012178430290617492,False
ising,mixed,4,0,0.001,KL descent,2453,2454,3.202824592590332,1.6942743093691428e-06,0.001217762902754993,False
ising,mixed,4,0,0.001,KL descent,2454,2455,3.2047784328460693,1.6936445414455426e-06,0.0012176821527553061,False
ising,mixed,4,0,0.001,KL descent,2455,2456,3.2057783603668213,1.6930151599118574e-06,0.0012176007819817425,False
ising,mixed,4,0,0.001,KL descent,2456,2457,3.206777811050415,1.6923861623547557e-06,0.0012175187935237197,False
ising,mixed,4,0,0.001,KL descent,2457,2458,3.206777811050415,1.6917575475890563e-06,0.0012174361902924646,False
ising,mixed,4,0,0.001,KL descent,2458,2459,3.208284616470337,1.6911293139766592e-06,0.0012173529752900758,False
ising,mixed,4,0,0.001,KL descent,2459,2460,3.209293842315674,1.6905014596567432e-06,0.0012172691514708567,False
ising,mixed,4,0,0.001,KL descent,2460,2461,3.210293769836426,1.689873983541541e-06,0.0012171847218067633,False
ising,mixed,4,0,0.001,KL descent,2461,2462,3.2113001346588135,1.6892468836614842e-06,0.0012170996892506558,False
ising,mixed,4,0,0.001,KL descent,2462,2463,3.2123000621795654,1.688620159003351e-06,0.0012170140566818421,False
ising,mixed,4,0,0.001,KL descent,2463,2464,3.2132999897003174,1.6879938073063666e-06,0.0012169278271134676,False
ising,mixed,4,0,0.001,KL descent,2464,2465,3.2143001556396484,1.6873678276938475e-06,0.0012168410033319699,False
ising,mixed,4,0,0.001,KL descent,2465,2466,3.2153000831604004,1.6867422184584286e-06,0.0012167535882252611,False
ising,mixed,4,0,0.001,KL descent,2466,2467,3.2163000106811523,1.6861169783133465e-06,0.0012166655847302144,False
ising,mixed,4,0,0.001,KL descent,2467,2468,3.2173004150390625,1.6854921055418663e-06,0.0012165769956844485,False
ising,mixed,4,0,0.001,KL descent,2468,2469,3.218806743621826,1.684867598774998e-06,0.0012164878238908883,False
ising,mixed,4,0,0.001,KL descent,2469,2470,3.2198145389556885,1.6842434563937483e-06,0.0012163980722503798,False
ising,mixed,4,0,0.001,KL descent,2470,2471,3.2218234539031982,1.6836196774573482e-06,0.0012163077435353165,False
ising,mixed,4,0,0.001,KL descent,2471,2472,3.222822666168213,1.6829962601254047e-06,0.0012162168405772666,False
ising,mixed,4,0,0.001,KL descent,2472,2473,3.2238218784332275,1.6823732029657943e-06,0.001216125366111931,False
ising,mixed,4,0,0.001,KL descent,2473,2474,3.2248218059539795,1.681750505138055e-06,0.0012160333230082365,False
ising,mixed,4,0,0.001,KL descent,2474,2475,3.2258217334747314,1.6811281646616195e-06,0.0012159407139880063,False
ising,mixed,4,0,0.001,KL descent,2475,2476,3.2268226146698,1.6805061803272849e-06,0.0012158475417787251,False
ising,mixed,4,0,0.001,KL descent,2476,2477,3.2268226146698,1.6798845507934262e-06,0.0012157538091916442,False
ising,mixed,4,0,0.001,KL descent,2477,2478,3.2283287048339844,1.679263274981879e-06,0.001215659518879031,False
ising,mixed,4,0,0.001,KL descent,2478,2479,3.229336977005005,1.6786423508941792e-06,0.00121556467366013,False
ising,mixed,4,0,0.001,KL descent,2479,2480,3.2303366661071777,1.6780217783419246e-06,0.0012154692761618957,False
ising,mixed,4,0,0.001,KL descent,2480,2481,3.2313432693481445,1.6774015550599082e-06,0.0012153733290289348,False
ising,mixed,4,0,0.001,KL descent,2481,2482,3.2323431968688965,1.6767816795917985e-06,0.0012152768350400245,False
ising,mixed,4,0,0.001,KL descent,2482,2483,3.2333433628082275,1.676162151978937e-06,0.0012151797968780187,False
ising,mixed,4,0,0.001,KL descent,2483,2484,3.235381603240967,1.6755429695887864e-06,0.0012150822170828857,False
ising,mixed,4,0,0.001,KL descent,2484,2485,3.238352060317993,1.6749241313631686e-06,0.0012149840984141402,False
ising,mixed,4,0,0.001,KL descent,2485,2486,3.239874839782715,1.6743056368552368e-06,0.0012148854434359535,False
ising,mixed,4,0,0.001,KL descent,2486,2487,3.2418787479400635,1.6736874835685202e-06,0.0012147862548211874,False
ising,mixed,4,0,0.001,KL descent,2487,2488,3.2438788414001465,1.673069671478363e-06,0.0012146865351064795,False
ising,mixed,4,0,0.001,KL descent,2488,2489,3.2448787689208984,1.6724521991972003e-06,0.001214586286921282,False
ising,mixed,4,0,0.001,KL descent,2489,2490,3.2458784580230713,1.6718350646511485e-06,0.0012144855128685683,False
ising,mixed,4,0,0.001,KL descent,2490,2491,3.2468793392181396,1.6712182672440794e-06,0.0012143842155357132,False
ising,mixed,4,0,0.001,KL descent,2491,2492,3.248384952545166,1.6706018061719622e-06,0.0012142823974380934,False
ising,mixed,4,0,0.001,KL descent,2492,2493,3.2493937015533447,1.6699856792051983e-06,0.0012141800611475961,False
ising,mixed,4,0,0.001,KL descent,2493,2494,3.251408815383911,1.6693698862747083e-06,0.0012140772091719931,False
ising,mixed,4,0,0.001,KL descent,2494,2495,3.2534077167510986,1.6687544253408928e-06,0.0012139738440740677,False
ising,mixed,4,0,0.001,KL descent,2495,2496,3.2554070949554443,1.6681392958478741e-06,0.001213869968333725,False
ising,mixed,4,0,0.001,KL descent,2496,2497,3.2574071884155273,1.6675244964613395e-06,0.0012137655844663975,False
ising,mixed,4,0,0.001,KL descent,2497,2498,3.258913040161133,1.6669100260939773e-06,0.0012136606950318152,False
ising,mixed,4,0,0.001,KL descent,2498,2499,3.260921001434326,1.6662958837457719e-06,0.0012135553024095191,False
ising,mixed,4,0,0.001,KL descent,2499,2500,3.262927293777466,1.6656820677239636e-06,0.0012134494091038395,False
ising,mixed,4,0,0.001,KL descent,2500,2501,3.264927387237549,1.6650685772678786e-06,0.0012133430175441662,False
ising,mixed,4,0,0.001,KL descent,2501,2502,3.266981601715088,1.664455411790502e-06,0.0012132361302462646,False
ising,mixed,4,0,0.001,KL descent,2502,2503,3.2685353755950928,1.6638425695778232e-06,0.0012131287495811272,False
ising,mixed,4,0,0.001,KL descent,2503,2504,3.270770788192749,1.663230049648773e-06,0.0012130208779760898,False
ising,mixed,4,0,0.001,KL descent,2504,2505,3.2728376388549805,1.662617851317008e-06,0.0012129125178774736,False
ising,mixed,4,0,0.001,KL descent,2505,2506,3.2748303413391113,1.6620059730456296e-06,0.0012128036716815283,False
ising,mixed,4,0,0.001,KL descent,2506,2507,3.2768309116363525,1.6613944138702987e-06,0.0012126943417538616,False
ising,mixed,4,0,0.001,KL descent,2507,2508,3.2783865928649902,1.6607831731915477e-06,0.0012125845305028804,False
ising,mixed,4,0,0.001,KL descent,2508,2509,3.280442953109741,1.6601722494083866e-06,0.0012124742402719324,False
ising,mixed,4,0,0.001,KL descent,2509,2510,3.282442092895508,1.6595616420888785e-06,0.0012123634734282351,False
ising,mixed,4,0,0.001,KL descent,2510,2511,3.2844417095184326,1.6589513496969833e-06,0.0012122522323099183,False
ising,mixed,4,0,0.001,KL descent,2511,2512,3.286445379257202,1.6583413712940798e-06,0.0012121405192559442,False
ising,mixed,4,0,0.001,KL descent,2512,2513,3.288445472717285,1.6577317062771609e-06,0.001212028336598836,False
ising,mixed,4,0,0.001,KL descent,2513,2514,3.290069341659546,1.6571223534084476e-06,0.0012119156866563507,False
ising,mixed,4,0,0.001,KL descent,2514,2515,3.292062282562256,1.6565133116031284e-06,0.0012118025717309244,False
ising,mixed,4,0,0.001,KL descent,2515,2516,3.294065475463867,1.6559045798169386e-06,0.0012116889941101716,False
ising,mixed,4,0,0.001,KL descent,2516,2517,3.2960591316223145,1.6552961574382891e-06,0.0012115749560514533,False
ising,mixed,4,0,0.001,KL descent,2517,2518,3.2985289096832275,1.6546880436763744e-06,0.0012114604598707501,False
ising,mixed,4,0,0.001,KL descent,2518,2519,3.3005454540252686,1.6540802366244613e-06,0.0012113455078544,False
ising,mixed,4,0,0.001,KL descent,2519,2520,3.3025453090667725,1.653472736381937e-06,0.0012112301021322547,False
ising,mixed,4,0,0.001,KL descent,2520,2521,3.3045477867126465,1.6528655417421416e-06,0.0012111142450787482,False
ising,mixed,4,0,0.001,KL descent,2521,2522,3.3065459728240967,1.652258651566681e-06,0.0012109979388599257,False
ising,mixed,4,0,0.001,KL descent,2522,2523,3.3075456619262695,1.651652064593028e-06,0.001210881185710111,False
ising,mixed,4,0,0.001,KL descent,2523,2524,3.3100602626800537,1.6510457807960526e-06,0.0012107639878203846,False
ising,mixed,4,0,0.001,KL descent,2524,2525,3.3120663166046143,1.6504397987840455e-06,0.0012106463474383933,False
ising,mixed,4,0,0.001,KL descent,2525,2526,3.3141977787017822,1.6498341177628953e-06,0.001210528266720745,False
ising,mixed,4,0,0.001,KL descent,2526,2527,3.3161888122558594,1.6492287365191646e-06,0.001210409747857022,False
ising,mixed,4,0,0.001,KL descent,2527,2528,3.317194700241089,1.6486236548211745e-06,0.001210290792964086,False
ising,mixed,4,0,0.001,KL descent,2528,2529,3.3199193477630615,1.6480188711764248e-06,0.0012101714043154521,False
ising,mixed,4,0,0.001,KL descent,2529,2530,3.32188081741333,1.6474143853494262e-06,0.0012100515839845727,False
ising,mixed,4,0,0.001,KL descent,2530,2531,3.323927879333496,1.6468101954508213e-06,0.0012099313341337181,False
ising,mixed,4,0,0.001,KL descent,2531,2532,3.3259189128875732,1.6462063021768912e-06,0.001209810656856547,False
ising,mixed,4,0,0.001,KL descent,2532,2533,3.326918125152588,1.645602703384589e-06,0.0012096895543172725,False
ising,mixed,4,0,0.001,KL descent,2533,2534,3.329620122909546,1.6449993986460156e-06,0.0012095680286414723,False
ising,mixed,4,0,0.001,KL descent,2534,2535,3.331615686416626,1.6443963870419883e-06,0.0012094460818829478,False
ising,mixed,4,0,0.001,KL descent,2535,2536,3.3336143493652344,1.643793668247775e-06,0.001209323716162447,False
ising,mixed,4,0,0.001,KL descent,2536,2537,3.3346076011657715,1.6431912408093995e-06,0.0012092009335147869,False
ising,mixed,4,0,0.001,KL descent,2537,2538,3.3366081714630127,1.6425891042600734e-06,0.0012090777361107308,False
ising,mixed,4,0,0.001,KL descent,2538,2539,3.339237928390503,1.6419872578976003e-06,0.001208954125972883,False
ising,mixed,4,0,0.001,KL descent,2539,2540,3.341332197189331,1.6413857006053646e-06,0.00120883010508116,False
ising,mixed,4,0,0.001,KL descent,2540,2541,3.3423328399658203,1.6407844317038183e-06,0.0012087056755604175,False
ising,mixed,4,0,0.001,KL descent,2541,2542,3.345247745513916,1.6401834506652464e-06,0.0012085808394309838,False
ising,mixed,4,0,0.001,KL descent,2542,2543,3.346240997314453,1.639582756478384e-06,0.0012084555987029733,False
ising,mixed,4,0,0.001,KL descent,2543,2544,3.348745346069336,1.6389823485206854e-06,0.0012083299553976579,False
ising,mixed,4,0,0.001,KL descent,2544,2545,3.3507537841796875,1.6383822256805428e-06,0.0012082039115496879,False
ising,mixed,4,0,0.001,KL descent,2545,2546,3.352759838104248,1.6377823873919842e-06,0.0012080774691271001,False
ising,mixed,4,0,0.001,KL descent,2546,2547,3.3547604084014893,1.6371828331759417e-06,0.0012079506301190812,False
ising,mixed,4,0,0.001,KL descent,2547,2548,3.3567605018615723,1.6365835621262266e-06,0.00120782339650638,False
ising,mixed,4,0,0.001,KL descent,2548,2549,3.358266592025757,1.6359845735835252e-06,0.0012076957703013314,False
ising,mixed,4,0,0.001,KL descent,2549,2550,3.3602750301361084,1.635385866525572e-06,0.0012075677534298945,False
ising,mixed,4,0,0.001,KL descent,2550,2551,3.3612890243530273,1.634787440478858e-06,0.0012074393478233025,False
ising,mixed,4,0,0.001,KL descent,2551,2552,3.362361431121826,1.6341892945539207e-06,0.0012073105554671892,False
ising,mixed,4,0,0.001,KL descent,2552,2553,3.3634045124053955,1.6335914283389849e-06,0.0012071813783086638,False
ising,mixed,4,0,0.001,KL descent,2553,2554,3.364403247833252,1.6329938405024108e-06,0.0012070518181724332,False
ising,mixed,4,0,0.001,KL descent,2554,2555,3.3654069900512695,1.632396531201533e-06,0.0012069218771104118,False
ising,mixed,4,0,0.001,KL descent,2555,2556,3.366408109664917,1.631799499248214e-06,0.0012067915569408116,False
ising,mixed,4,0,0.001,KL descent,2556,2557,3.367408514022827,1.6312027439806808e-06,0.0012066608595964201,False
ising,mixed,4,0,0.001,KL descent,2557,2558,3.3690483570098877,1.6306062647250036e-06,0.0012065297870093028,False
ising,mixed,4,0,0.001,KL descent,2558,2559,3.3696765899658203,1.6300100607295352e-06,0.001206398340943493,False
ising,mixed,4,0,0.001,KL descent,2559,2560,3.3707659244537354,1.6294141316569398e-06,0.0012062665233764092,False
ising,mixed,4,0,0.001,KL descent,2560,2561,3.3718154430389404,1.6288184765201812e-06,0.0012061343361968735,False
ising,mixed,4,0,0.001,KL descent,2561,2562,3.3738181591033936,1.6282230945846258e-06,0.00120600178116137,False
ising,mixed,4,0,0.001,KL descent,2562,2563,3.3748178482055664,1.6276279856528276e-06,0.0012058688601342404,False
ising,mixed,4,0,0.001,KL descent,2563,2564,3.375812530517578,1.627033149033879e-06,0.001205735575054323,False
ising,mixed,4,0,0.001,KL descent,2564,2565,3.3767409324645996,1.6264385834938394e-06,0.001205601927663169,False
ising,mixed,4,0,0.001,KL descent,2565,2566,3.3767409324645996,1.625844288416063e-06,0.0012054679197993634,False
ising,mixed,4,0,0.001,KL descent,2566,2567,3.378370523452759,1.6252502639291302e-06,0.0012053335533117604,False
ising,mixed,4,0,0.001,KL descent,2567,2568,3.380511522293091,1.6246565087380243e-06,0.0012051988299306426,False
ising,mixed,4,0,0.001,KL descent,2568,2569,3.381507396697998,1.6240630224745127e-06,0.0012050637515499396,False
ising,mixed,4,0,0.001,KL descent,2569,2570,3.3825061321258545,1.623469804636847e-06,0.0012049283198906635,False
ising,mixed,4,0,0.001,KL descent,2570,2571,3.3835041522979736,1.622876854256619e-06,0.0012047925367811851,False
ising,mixed,4,0,0.001,KL descent,2571,2572,3.3845067024230957,1.6222841712368198e-06,0.0012046564039656094,False
ising,mixed,4,0,0.001,KL descent,2572,2573,3.3855044841766357,1.621691754291202e-06,0.0012045199231904835,False
ising,mixed,4,0,0.001,KL descent,2573,2574,3.3865108489990234,1.621099603466027e-06,0.0012043830962446544,False
ising,mixed,4,0,0.001,KL descent,2574,2575,3.387422800064087,1.6205077177984295e-06,0.0012042459248982063,False
ising,mixed,4,0,0.001,KL descent,2575,2576,3.389009475708008,1.619916096660854e-06,0.0012041084108159739,False
ising,mixed,4,0,0.001,KL descent,2576,2577,3.389009475708008,1.6193247400231889e-06,0.0012039705558082314,False
ising,mixed,4,0,0.001,KL descent,2577,2578,3.391056537628174,1.618733646440984e-06,0.0012038323616061497,False
ising,mixed,4,0,0.001,KL descent,2578,2579,3.392058849334717,1.618142816024669e-06,0.0012036938298521926,False
ising,mixed,4,0,0.001,KL descent,2579,2580,3.393061876296997,1.6175522477983788e-06,0.0012035549623279351,False
ising,mixed,4,0,0.001,KL descent,2580,2581,3.3940656185150146,1.6169619412572185e-06,0.001203415760677784,False
ising,mixed,4,0,0.001,KL descent,2581,2582,3.3950626850128174,1.6163718962556974e-06,0.001203276226629968,False
ising,mixed,4,0,0.001,KL descent,2582,2583,3.396056890487671,1.6157821116415653e-06,0.001203136361875523,False
ising,mixed,4,0,0.001,KL descent,2583,2584,3.3970541954040527,1.6151925875029274e-06,0.0012029961680836698,False
ising,mixed,4,0,0.001,KL descent,2584,2585,3.3970541954040527,1.6146033225216702e-06,0.0012028556468970941,False
ising,mixed,4,0,0.001,KL descent,2585,2586,3.3986048698425293,1.6140143169703126e-06,0.0012027148000407495,False
ising,mixed,4,0,0.001,KL descent,2586,2587,3.399672746658325,1.6134255697649387e-06,0.0012025736290870448,False
ising,mixed,4,0,0.001,KL descent,2587,2588,3.4006600379943848,1.6128370805235855e-06,0.0012024321357614332,False
ising,mixed,4,0,0.001,KL descent,2588,2589,3.401660919189453,1.6122488485376691e-06,0.001202290321656252,False
ising,mixed,4,0,0.001,KL descent,2589,2590,3.402661085128784,1.611660873338293e-06,0.0012021481884546548,False
ising,mixed,4,0,0.001,KL descent,2590,2591,3.4036338329315186,1.6110731547108474e-06,0.0012020057377171156,False
ising,mixed,4,0,0.001,KL descent,2591,2592,3.4056777954101562,1.6104856920512303e-06,0.0012018629710958129,False
ising,mixed,4,0,0.001,KL descent,2592,2593,3.406663417816162,1.6098984842826672e-06,0.0012017198902428694,False
ising,mixed,4,0,0.001,KL descent,2593,2594,3.406663417816162,1.6093115319646365e-06,0.001201576496657475,False
ising,mixed,4,0,0.001,KL descent,2594,2595,3.4084973335266113,1.6087248337160956e-06,0.001201432792017787,False
ising,mixed,4,0,0.001,KL descent,2595,2596,3.409555435180664,1.6081383894278452e-06,0.001201288777886056,False
ising,mixed,4,0,0.001,KL descent,2596,2597,3.410557508468628,1.6075521978876899e-06,0.0012011444558771012,False
ising,mixed,4,0,0.001,KL descent,2597,2598,3.411558151245117,1.6069662594322241e-06,0.001200999827508653,False
ising,mixed,4,0,0.001,KL descent,2598,2599,3.4125478267669678,1.6063805737390906e-06,0.0012008548943642783,False
ising,mixed,4,0,0.001,KL descent,2599,2600,3.4135560989379883,1.605795139439836e-06,0.0012007096580299859,False
ising,mixed,4,0,0.001,KL descent,2600,2601,3.4145565032958984,1.6052099563387403e-06,0.0012005641200262263,False
ising,mixed,4,0,0.001,KL descent,2601,2602,3.4155561923980713,1.6046250245290062e-06,0.001200418281938731,False
ising,mixed,4,0,0.001,KL descent,2602,2603,3.416555404663086,1.6040403429727587e-06,0.0012002721452692433,False
ising,mixed,4,0,0.001,KL descent,2603,2604,3.4175543785095215,1.6034559113221557e-06,0.0012001257115838437,False
ising,mixed,4,0,0.001,KL descent,2604,2605,3.4191055297851562,1.602871729030392e-06,0.0011999789823345375,False
ising,mixed,4,0,0.001,KL descent,2605,2606,3.42010760307312,1.6022877959934299e-06,0.001199831959114106,False
ising,mixed,4,0,0.001,KL descent,2606,2607,3.421173334121704,1.6017041111056094e-06,0.001199684643426624,False
ising,mixed,4,0,0.001,KL descent,2607,2608,3.4221513271331787,1.601120674498548e-06,0.001199537036709386,False
ising,mixed,4,0,0.001,KL descent,2608,2609,3.423161029815674,1.6005374858890425e-06,0.0011993891405495671,False
ising,mixed,4,0,0.001,KL descent,2609,2610,3.4241552352905273,1.5999545440559571e-06,0.0011992409563673645,False
ising,mixed,4,0,0.001,KL descent,2610,2611,3.4251606464385986,1.599371848823198e-06,0.0011990924856939422,False
ising,mixed,4,0,0.001,KL descent,2611,2612,3.4261560440063477,1.5987894002079406e-06,0.0011989437299473882,False
ising,mixed,4,0,0.001,KL descent,2612,2613,3.4271531105041504,1.5982071971712628e-06,0.0011987946906331093,False
ising,mixed,4,0,0.001,KL descent,2613,2614,3.4287142753601074,1.5976252398240133e-06,0.001198645369239637,False
ising,mixed,4,0,0.001,KL descent,2614,2615,3.4297523498535156,1.5970435268853737e-06,0.0011984957671736796,False
ising,mixed,4,0,0.001,KL descent,2615,2616,3.4307596683502197,1.5964620590128137e-06,0.0011983458858978446,False
ising,mixed,4,0,0.001,KL descent,2616,2617,3.4317591190338135,1.5958808351831614e-06,0.0011981957268688004,False
ising,mixed,4,0,0.001,KL descent,2617,2618,3.4327590465545654,1.595299854837773e-06,0.0011980452915242301,False
ising,mixed,4,0,0.001,KL descent,2618,2619,3.4337594509124756,1.5947191179684273e-06,0.0011978945812627373,False
ising,mixed,4,0,0.001,KL descent,2619,2620,3.4347591400146484,1.5941386238692734e-06,0.0011977435975719097,False
ising,mixed,4,0,0.001,KL descent,2620,2621,3.435758352279663,1.5935583725140152e-06,0.0011975923417737455,False
ising,mixed,4,0,0.001,KL descent,2621,2622,3.4367575645446777,1.5929783625328639e-06,0.0011974408153601623,False
ising,mixed,4,0,0.001,KL descent,2622,2623,3.438323974609375,1.592398594695005e-06,0.0011972890196817465,False
ising,mixed,4,0,0.001,KL descent,2623,2624,3.4393975734710693,1.591819068017874e-06,0.0011971369561669665,False
ising,mixed,4,0,0.001,KL descent,2624,2625,3.440387487411499,1.5912397818261018e-06,0.001196984626218256,False
ising,mixed,4,0,0.001,KL descent,2625,2626,3.441380500793457,1.5906607362949768e-06,0.0011968320311567249,False
ising,mixed,4,0,0.001,KL descent,2626,2627,3.442382335662842,1.5900819307579307e-06,0.001196679172427495,False
ising,mixed,4,0,0.001,KL descent,2627,2628,3.443385362625122,1.5895033649503639e-06,0.0011965260513386866,False
ising,mixed,4,0,0.001,KL descent,2628,2629,3.444385051727295,1.588925038166447e-06,0.001196372669360457,False
ising,mixed,4,0,0.001,KL descent,2629,2630,3.4453799724578857,1.5883469506852346e-06,0.0011962190277099438,False
ising,mixed,4,0,0.001,KL descent,2630,2631,3.4463858604431152,1.5877691011839846e-06,0.0011960651278538625,False
ising,mixed,4,0,0.001,KL descent,2631,2632,3.4473793506622314,1.5871914897472912e-06,0.0011959109710771854,False
ising,mixed,4,0,0.001,KL descent,2632,2633,3.448380470275879,1.5866141162326286e-06,0.0011957565587588093,False
ising,mixed,4,0,0.001,KL descent,2633,2634,3.4489457607269287,1.5860369802112577e-06,0.0011956018921899236,False
ising,mixed,4,0,0.001,KL descent,2634,2635,3.4499926567077637,1.585460080735508e-06,0.0011954469727467054,False
ising,mixed,4,0,0.001,KL descent,2635,2636,3.4509940147399902,1.5848834181865739e-06,0.001195291801710352,False
ising,mixed,4,0,0.001,KL descent,2636,2637,3.451996088027954,1.584306991268359e-06,0.0011951363804073023,False
ising,mixed,4,0,0.001,KL descent,2637,2638,3.4539477825164795,1.5837308010184744e-06,0.0011949807101880316,False
ising,mixed,4,0,0.001,KL descent,2638,2639,3.455042600631714,1.5831548459412085e-06,0.0011948247922789479,False
ising,mixed,4,0,0.001,KL descent,2639,2640,3.455991744995117,1.5825791258907922e-06,0.001194668628038964,False
ising,mixed,4,0,0.001,KL descent,2640,2641,3.4569919109344482,1.582003640819924e-06,0.0011945122187272394,False
ising,mixed,4,0,0.001,KL descent,2641,2642,3.4569919109344482,1.5814283897987739e-06,0.001194355565657057,False
ising,mixed,4,0,0.001,KL descent,2642,2643,3.4585459232330322,1.5808533729752689e-06,0.0011941986701068386,False
ising,mixed,4,0,0.001,KL descent,2643,2644,3.4596104621887207,1.5802785903717661e-06,0.0011940415332855614,False
ising,mixed,4,0,0.001,KL descent,2644,2645,3.4616029262542725,1.579704040748096e-06,0.0011938841566008218,False
ising,mixed,4,0,0.001,KL descent,2645,2646,3.462601661682129,1.5791297239096958e-06,0.0011937265411743891,False
ising,mixed,4,0,0.001,KL descent,2646,2647,3.4636428356170654,1.578555640164996e-06,0.0011935686882950658,False
ising,mixed,4,0,0.001,KL descent,2647,2648,3.4646964073181152,1.5779817885022515e-06,0.0011934105992802424,False
ising,mixed,4,0,0.001,KL descent,2648,2649,3.465677261352539,1.577408169117487e-06,0.0011932522753206887,False
ising,mixed,4,0,0.001,KL descent,2649,2650,3.4666762351989746,1.576834781322831e-06,0.0011930937176948264,False
ising,mixed,4,0,0.001,KL descent,2650,2651,3.4666762351989746,1.576261625021187e-06,0.0011929349275536794,False
ising,mixed,4,0,0.001,KL descent,2651,2652,3.4683175086975098,1.5756886993490328e-06,0.001192775906197041,False
ising,mixed,4,0,0.001,KL descent,2652,2653,3.4683175086975098,1.5751160048795497e-06,0.001192616654845935,False
ising,mixed,4,0,0.001,KL descent,2653,2654,3.4710733890533447,1.5745435403717372e-06,0.0011924571746650958,False
ising,mixed,4,0,0.001,KL descent,2654,2655,3.472079277038574,1.5739713062647427e-06,0.0011922974669168473,False
ising,mixed,4,0,0.001,KL descent,2655,2656,3.4730823040008545,1.5733993016545497e-06,0.001192137532805948,False
ising,mixed,4,0,0.001,KL descent,2656,2657,3.4740774631500244,1.5728275265544052e-06,0.0011919773735212802,False
ising,mixed,4,0,0.001,KL descent,2657,2658,3.4750852584838867,1.5722559805365246e-06,0.0011918169902777609,False
ising,mixed,4,0,0.001,KL descent,2658,2659,3.476083755493164,1.5716846633435768e-06,0.0011916563842063743,False
ising,mixed,4,0,0.001,KL descent,2659,2660,3.477079391479492,1.571113574470777e-06,0.0011914955565252017,False
ising,mixed,4,0,0.001,KL descent,2660,2661,3.4786341190338135,1.5705427141690567e-06,0.0011913345084058058,False
ising,mixed,4,0,0.001,KL descent,2661,2662,3.479696750640869,1.569972081294901e-06,0.0011911732410458953,False
ising,mixed,4,0,0.001,KL descent,2662,2663,3.48069167137146,1.5694016762485693e-06,0.00119101175559172,False
ising,mixed,4,0,0.001,KL descent,2663,2664,3.4816951751708984,1.5688314982002128e-06,0.00119085005319286,False
ising,mixed,4,0,0.001,KL descent,2664,2665,3.482696533203125,1.56826154743159e-06,0.0011906881350467469,False
ising,mixed,4,0,0.001,KL descent,2665,2666,3.4836902618408203,1.5676918230862783e-06,0.00119052600228009,False
ising,mixed,4,0,0.001,KL descent,2666,2667,3.4846932888031006,1.5671223251426998e-06,0.001190363656014437,False
ising,mixed,4,0,0.001,KL descent,2667,2668,3.485698699951172,1.566553053319581e-06,0.0011902010974621513,False
ising,mixed,4,0,0.001,KL descent,2668,2669,3.4866464138031006,1.5659840071386614e-06,0.0011900383276580717,False
ising,mixed,4,0,0.001,KL descent,2669,2670,3.4882044792175293,1.5654151867022599e-06,0.0011898753478291058,False
ising,mixed,4,0,0.001,KL descent,2670,2671,3.489280939102173,1.5648465915191871e-06,0.0011897121590700999,False
ising,mixed,4,0,0.001,KL descent,2671,2672,3.4902679920196533,1.5642782210778763e-06,0.0011895487624493661,False
ising,mixed,4,0,0.001,KL descent,2672,2673,3.491265058517456,1.563710075257209e-06,0.0011893851591731064,False
ising,mixed,4,0,0.001,KL descent,2673,2674,3.492255210876465,1.5631421539545714e-06,0.0011892213502508464,False
ising,mixed,4,0,0.001,KL descent,2674,2675,3.493267774581909,1.562574456421e-06,0.001189057336861532,False
ising,mixed,4,0,0.001,KL descent,2675,2676,3.49426531791687,1.5620069832008727e-06,0.0011888931200658703,False
ising,mixed,4,0,0.001,KL descent,2676,2677,3.495267868041992,1.5614397328574802e-06,0.0011887287010350356,False
ising,mixed,4,0,0.001,KL descent,2677,2678,3.496277093887329,1.5608727062176661e-06,0.0011885640807454134,False
ising,mixed,4,0,0.001,KL descent,2678,2679,3.49827241897583,1.5603059025310136e-06,0.0011883992603375915,False
ising,mixed,4,0,0.001,KL descent,2679,2680,3.49827241897583,1.5597393212772316e-06,0.0011882342408766622,False
ising,mixed,4,0,0.001,KL descent,2680,2681,3.4997501373291016,1.559172962707591e-06,0.0011880690234647995,False
ising,mixed,4,0,0.001,KL descent,2681,2682,3.500730514526367,1.558606826208046e-06,0.0011879036091629325,False
ising,mixed,4,0,0.001,KL descent,2682,2683,3.5017316341400146,1.5580409117916827e-06,0.0011877379990021808,False
ising,mixed,4,0,0.001,KL descent,2683,2684,3.502732753753662,1.5574752190295643e-06,0.0011875721941156936,False
ising,mixed,4,0,0.001,KL descent,2684,2685,3.5047574043273926,1.5569097473198894e-06,0.0011874061954635917,False
ising,mixed,4,0,0.001,KL descent,2685,2686,3.50579833984375,1.556344497325461e-06,0.001187240004177914,False
ising,mixed,4,0,0.001,KL descent,2686,2687,3.5068063735961914,1.5557794678052206e-06,0.001187073621298218,False
ising,mixed,4,0,0.001,KL descent,2687,2688,3.5068063735961914,1.555214658900939e-06,0.0011869070477911192,False
ising,mixed,4,0,0.001,KL descent,2688,2689,3.5084328651428223,1.554650070334346e-06,0.0011867402847547392,False
ising,mixed,4,0,0.001,KL descent,2689,2690,3.5095670223236084,1.5540857018093364e-06,0.001186573333184504,False
ising,mixed,4,0,0.001,KL descent,2690,2691,3.5105698108673096,1.5535215533004457e-06,0.0011864061941603277,False
ising,mixed,4,0,0.001,KL descent,2691,2692,3.5115668773651123,1.5529576244295855e-06,0.0011862388686531,False
ising,mixed,4,0,0.001,KL descent,2692,2693,3.51257061958313,1.5523939149288854e-06,0.00118607135769766,False
ising,mixed,4,0,0.001,KL descent,2693,2694,3.5135669708251953,1.5518304246877517e-06,0.0011859036623087515,False
ising,mixed,4,0,0.001,KL descent,2694,2695,3.514568328857422,1.551267152917623e-06,0.0011857357835153293,False
ising,mixed,4,0,0.001,KL descent,2695,2696,3.515571355819702,1.5507040999576228e-06,0.0011855677222930017,False
ising,mixed,4,0,0.001,KL descent,2696,2697,3.516573429107666,1.5501412654962587e-06,0.0011853994796288125,False
ising,mixed,4,0,0.001,KL descent,2697,2698,3.5175657272338867,1.549578649151498e-06,0.0011852310565244606,False
ising,mixed,4,0,0.001,KL descent,2698,2699,3.5192172527313232,1.5490162505020548e-06,0.0011850624539800902,False
ising,mixed,4,0,0.001,KL descent,2699,2700,3.52022385597229,1.5484540699030267e-06,0.0011848936729969006,False
ising,mixed,4,0,0.001,KL descent,2700,2701,3.5212371349334717,1.5478921065550924e-06,0.0011847247145115314,False
ising,mixed,4,0,0.001,KL descent,2701,2702,3.5223653316497803,1.5473303603596098e-06,0.0011845555795582108,False
ising,mixed,4,0,0.001,KL descent,2702,2703,3.5233657360076904,1.546768831457022e-06,0.0011843862690341656,False
ising,mixed,4,0,0.001,KL descent,2703,2704,3.5243492126464844,1.5462075189082542e-06,0.0011842167840090956,False
ising,mixed,4,0,0.001,KL descent,2704,2705,3.5253539085388184,1.545646423276679e-06,0.0011840471253430906,False
ising,mixed,4,0,0.001,KL descent,2705,2706,3.5273561477661133,1.5450855435257072e-06,0.0011838772940284126,False
ising,mixed,4,0,0.001,KL descent,2706,2707,3.5283548831939697,1.5445248801130169e-06,0.0011837072910187985,False
ising,mixed,4,0,0.001,KL descent,2707,2708,3.528984308242798,1.5439644320322005e-06,0.001183537117263489,False
ising,mixed,4,0,0.001,KL descent,2708,2709,3.5300214290618896,1.5434042008462358e-06,0.001183366773764405,False
ising,mixed,4,0,0.001,KL descent,2709,2710,3.5310840606689453,1.5428441836173275e-06,0.0011831962613796376,False
ising,mixed,4,0,0.001,KL descent,2710,2711,3.5320796966552734,1.5422843822497963e-06,0.0011830255810580947,False
ising,mixed,4,0,0.001,KL descent,2711,2712,3.5330820083618164,1.5417247958116518e-06,0.0011828547337467965,False
ising,mixed,4,0,0.001,KL descent,2712,2713,3.5350375175476074,1.5411654242541144e-06,0.0011826837204461649,False
ising,mixed,4,0,0.001,KL descent,2713,2714,3.5369932651519775,1.5406062668686662e-06,0.00118251254193813,False
ising,mixed,4,0,0.001,KL descent,2714,2715,3.5394418239593506,1.5400473243032753e-06,0.0011823411992533117,False
ising,mixed,4,0,0.001,KL descent,2715,2716,3.5414392948150635,1.5394885952249275e-06,0.001182169693222157,False
ising,mixed,4,0,0.001,KL descent,2716,2717,3.5434439182281494,1.538930080412252e-06,0.0011819980248458095,False
ising,mixed,4,0,0.001,KL descent,2717,2718,3.545445203781128,1.5383717793030025e-06,0.0011818261949441133,False
ising,mixed,4,0,0.001,KL descent,2718,2719,3.54744291305542,1.53781369147286e-06,0.0011816542045189893,False
ising,mixed,4,0,0.001,KL descent,2719,2720,3.5490572452545166,1.537255817243451e-06,0.0011814820543588067,False
ising,mixed,4,0,0.001,KL descent,2720,2721,3.5511555671691895,1.5366981558318647e-06,0.001181309745477921,False
ising,mixed,4,0,0.001,KL descent,2721,2722,3.55316162109375,1.5361407072774462e-06,0.0011811372785920926,False
ising,mixed,4,0,0.001,KL descent,2722,2723,3.555170774459839,1.5355834713226692e-06,0.0011809646547815689,False
ising,mixed,4,0,0.001,KL descent,2723,2724,3.5571484565734863,1.5350264477853283e-06,0.0011807918747800406,False
ising,mixed,4,0,0.001,KL descent,2724,2725,3.5587410926818848,1.5344696366041133e-06,0.0011806189395717759,False
ising,mixed,4,0,0.001,KL descent,2725,2726,3.5608396530151367,1.5339130376665366e-06,0.0011804458499360404,False
ising,mixed,4,0,0.001,KL descent,2726,2727,3.5628416538238525,1.5333566502640203e-06,0.0011802726068309566,False
ising,mixed,4,0,0.001,KL descent,2727,2728,3.564837694168091,1.5328004747155669e-06,0.0011800992110624353,False
ising,mixed,4,0,0.001,KL descent,2728,2729,3.566835641860962,1.532244510467559e-06,0.001179925663528647,False
ising,mixed,4,0,0.001,KL descent,2729,2730,3.5684306621551514,1.5316887575524974e-06,0.0011797519650293409,False
ising,mixed,4,0,0.001,KL descent,2730,2731,3.571140766143799,1.531133215655645e-06,0.0011795781165279684,False
ising,mixed,4,0,0.001,KL descent,2731,2732,3.5731425285339355,1.5305778844429847e-06,0.0011794041187751514,False
ising,mixed,4,0,0.001,KL descent,2732,2733,3.575141191482544,1.5300227646802972e-06,0.0011792299725956745,False
ising,mixed,4,0,0.001,KL descent,2733,2734,3.5771334171295166,1.5294678544885635e-06,0.0011790556789184614,False
ising,mixed,4,0,0.001,KL descent,2734,2735,3.5786895751953125,1.5289131551276064e-06,0.0011788812385468694,False
ising,mixed,4,0,0.001,KL descent,2735,2736,3.580749034881592,1.528358665370379e-06,0.0011787066523416545,False
ising,mixed,4,0,0.001,KL descent,2736,2737,3.581752061843872,1.527804385921983e-06,0.0011785319210684264,False
ising,mixed,4,0,0.001,KL descent,2737,2738,3.5827598571777344,1.5272503164566456e-06,0.0011783570456215253,False
ising,mixed,4,0,0.001,KL descent,2738,2739,3.5837509632110596,1.5266964561999152e-06,0.0011781820267526832,False
ising,mixed,4,0,0.001,KL descent,2739,2740,3.5847504138946533,1.5261428055438716e-06,0.0011780068653683973,False
ising,mixed,4,0,0.001,KL descent,2740,2741,3.585752248764038,1.5255893636195486e-06,0.0011778315622106295,False
ising,mixed,4,0,0.001,KL descent,2741,2742,3.586705207824707,1.52503613114996e-06,0.001177656118126258,False
ising,mixed,4,0,0.001,KL descent,2742,2743,3.588270902633667,1.524483107311774e-06,0.0011774805339375694,False
ising,mixed,4,0,0.001,KL descent,2743,2744,3.5892891883850098,1.523930292181342e-06,0.0011773048103658201,False
ising,mixed,4,0,0.001,KL descent,2744,2745,3.5902862548828125,1.5233776851535814e-06,0.0011771289483533676,False
ising,mixed,4,0,0.001,KL descent,2745,2746,3.5912981033325195,1.5228252866512528e-06,0.0011769529485526897,False
ising,mixed,4,0,0.001,KL descent,2746,2747,3.5923101902008057,1.522273096517447e-06,0.0011767768118783883,False
ising,mixed,4,0,0.001,KL descent,2747,2748,3.5933446884155273,1.5217211145416915e-06,0.0011766005389888257,False
ising,mixed,4,0,0.001,KL descent,2748,2749,3.5943479537963867,1.5211693397486952e-06,0.0011764241308154233,False
ising,mixed,4,0,0.001,KL descent,2749,2750,3.596303701400757,1.5206177725634234e-06,0.0011762475880066625,False
ising,mixed,4,0,0.001,KL descent,2750,2751,3.597299814224243,1.5200664126842533e-06,0.0011760709114662093,False
ising,mixed,4,0,0.001,KL descent,2751,2752,3.5983011722564697,1.5195152602773515e-06,0.0011758941018534808,False
ising,mixed,4,0,0.001,KL descent,2752,2753,3.598811388015747,1.5189643150774318e-06,0.0011757171600124128,False
ising,mixed,4,0,0.001,KL descent,2753,2754,3.599822998046875,1.5184135766468692e-06,0.0011755400866650945,False
ising,mixed,4,0,0.001,KL descent,2754,2755,3.600822687149048,1.5178630449858495e-06,0.001175362882645803,False
ising,mixed,4,0,0.001,KL descent,2755,2756,3.601832389831543,1.5173127197239795e-06,0.0011751855486622498,False
ising,mixed,4,0,0.001,KL descent,2756,2757,3.6028311252593994,1.5167626012081763e-06,0.0011750080854571188,False
ising,mixed,4,0,0.001,KL descent,2757,2758,3.6038405895233154,1.5162126887888357e-06,0.0011748304938288268,False
ising,mixed,4,0,0.001,KL descent,2758,2759,3.6048855781555176,1.515662982407904e-06,0.0011746527745175595,False
ising,mixed,4,0,0.001,KL descent,2759,2760,3.605882167816162,1.5151134815377742e-06,0.0011744749282019962,False
ising,mixed,4,0,0.001,KL descent,2760,2761,3.6068878173828125,1.514564187165965e-06,0.001174296955768428,False
ising,mixed,4,0,0.001,KL descent,2761,2762,3.608444929122925,1.5140150976518565e-06,0.0011741188578256456,False
ising,mixed,4,0,0.001,KL descent,2762,2763,3.6095097064971924,1.5134662138117442e-06,0.0011739406351356507,False
ising,mixed,4,0,0.001,KL descent,2763,2764,3.6105082035064697,1.5129175350396423e-06,0.0011737622885040766,False
ising,mixed,4,0,0.001,KL descent,2764,2765,3.611510992050171,1.512369061951843e-06,0.0011735838185998881,False
ising,mixed,4,0,0.001,KL descent,2765,2766,3.612506866455078,1.5118207932313383e-06,0.0011734052261449524,False
ising,mixed,4,0,0.001,KL descent,2766,2767,3.613506317138672,1.5112727294994099e-06,0.0011732265118792884,False
ising,mixed,4,0,0.001,KL descent,2767,2768,3.6145076751708984,1.5107248702264498e-06,0.0011730476765325348,False
ising,mixed,4,0,0.001,KL descent,2768,2769,3.615504741668701,1.5101772157671029e-06,0.0011728687207948063,False
ising,mixed,4,0,0.001,KL descent,2769,2770,3.6165051460266113,1.5096297652204242e-06,0.0011726896453861935,False
ising,mixed,4,0,0.001,KL descent,2770,2771,3.6175060272216797,1.5090825193113218e-06,0.0011725104510753592,False
ising,mixed,4,0,0.001,KL descent,2771,2772,3.6190898418426514,1.508535476549057e-06,0.0011723311384255752,False
ising,mixed,4,0,0.001,KL descent,2772,2773,3.620098829269409,1.5079886386311e-06,0.0011721517083258526,False
ising,mixed,4,0,0.001,KL descent,2773,2774,3.621126413345337,1.5074420039028318e-06,0.0011719721613485667,False
ising,mixed,4,0,0.001,KL descent,2774,2775,3.622140407562256,1.5068955727311228e-06,0.0011717924982600492,False
ising,mixed,4,0,0.001,KL descent,2775,2776,3.623136281967163,1.5063493450497914e-06,0.0011716127196912396,False
ising,mixed,4,0,0.001,KL descent,2776,2777,3.6241343021392822,1.5058033204331102e-06,0.001171432826354124,False
ising,mixed,4,0,0.001,KL descent,2777,2778,3.6251392364501953,1.5052574988796797e-06,0.0011712528189684601,False
ising,mixed,4,0,0.001,KL descent,2778,2779,3.627145528793335,1.5047118805447869e-06,0.0011710726982141484,False
ising,mixed,4,0,0.001,KL descent,2779,2780,3.627145528793335,1.5041664645339446e-06,0.0011708924646856023,False
ising,mixed,4,0,0.001,KL descent,2780,2781,3.628697633743286,1.5036212517427937e-06,0.00117071211921993,False
ising,mixed,4,0,0.001,KL descent,2781,2782,3.629754066467285,1.503076240928459e-06,0.0011705316623122353,False
ising,mixed,4,0,0.001,KL descent,2782,2783,3.6307573318481445,1.5025314330337786e-06,0.001170351094770039,False
ising,mixed,4,0,0.001,KL descent,2783,2784,3.6317598819732666,1.5019868269479326e-06,0.0011701704172303318,False
ising,mixed,4,0,0.001,KL descent,2784,2785,3.632756233215332,1.5014424231931743e-06,0.001169989630303292,False
ising,mixed,4,0,0.001,KL descent,2785,2786,3.6337578296661377,1.5008982209483127e-06,0.0011698087347179476,False
ising,mixed,4,0,0.001,KL descent,2786,2787,3.6347625255584717,1.5003542208560695e-06,0.001169627731106182,False
ising,mixed,4,0,0.001,KL descent,2787,2788,3.6357533931732178,1.4998104221948573e-06,0.0011694466201033205,False
ising,mixed,4,0,0.001,KL descent,2788,2789,3.6367533206939697,1.4992668248319248e-06,0.001169265402404307,False
ising,mixed,4,0,0.001,KL descent,2789,2790,3.638324022293091,1.498723429438686e-06,0.00116908407864047,False
ising,mixed,4,0,0.001,KL descent,2790,2791,3.6393816471099854,1.4981802348023155e-06,0.0011689026494815513,False
ising,mixed,4,0,0.001,KL descent,2791,2792,3.6403799057006836,1.4976372414512479e-06,0.0011687211155227417,False
ising,mixed,4,0,0.001,KL descent,2792,2793,3.6413846015930176,1.4970944490084158e-06,0.0011685394774511026,False
ising,mixed,4,0,0.001,KL descent,2793,2794,3.642388105392456,1.4965518570155597e-06,0.0011683577358690966,False
ising,mixed,4,0,0.001,KL descent,2794,2795,3.6433401107788086,1.4960094661018843e-06,0.0011681758914340312,False
ising,mixed,4,0,0.001,KL descent,2795,2796,3.6453378200531006,1.495467275765438e-06,0.0011679939447999388,False
ising,mixed,4,0,0.001,KL descent,2796,2797,3.646336793899536,1.4949252856563353e-06,0.0011678118965615658,False
ising,mixed,4,0,0.001,KL descent,2797,2798,3.6473374366760254,1.494383495965241e-06,0.0011676297473607877,False
ising,mixed,4,0,0.001,KL descent,2798,2799,3.6483354568481445,1.4938419059348136e-06,0.0011674474977727,False
ising,mixed,4,0,0.001,KL descent,2799,2800,3.6488423347473145,1.493300516264479e-06,0.0011672651485088448,False
ising,mixed,4,0,0.001,KL descent,2800,2801,3.6498517990112305,1.4927593261708124e-06,0.0011670827001556416,False
ising,mixed,4,0,0.001,KL descent,2801,2802,3.650850772857666,1.492218336247989e-06,0.0011669001532772505,False
ising,mixed,4,0,0.001,KL descent,2802,2803,3.651857852935791,1.4916775455305302e-06,0.001166717508534032,False
ising,mixed,4,0,0.001,KL descent,2803,2804,3.653857469558716,1.4911369546994548e-06,0.0011665347665125725,False
ising,mixed,4,0,0.001,KL descent,2804,2805,3.6548585891723633,1.4905965625267914e-06,0.0011663519278938828,False
ising,mixed,4,0,0.001,KL descent,2805,2806,3.6558585166931152,1.4900563698227806e-06,0.001166168993142036,False
ising,mixed,4,0,0.001,KL descent,2806,2807,3.656857967376709,1.4895163766255258e-06,0.0011659859630015479,False
ising,mixed,4,0,0.001,KL descent,2807,2808,3.656857967376709,1.4889765817993451e-06,0.0011658028379573082,False
ising,mixed,4,0,0.001,KL descent,2808,2809,3.6594345569610596,1.4884369860825067e-06,0.0011656196186899948,False
ising,mixed,4,0,0.001,KL descent,2809,2810,3.6604344844818115,1.4878975891199337e-06,0.0011654363057671535,False
ising,mixed,4,0,0.001,KL descent,2810,2811,3.661432981491089,1.4873583903815635e-06,0.0011652528997305178,False
ising,mixed,4,0,0.001,KL descent,2811,2812,3.6624326705932617,1.4868193905157742e-06,0.0011650694012281249,False
ising,mixed,4,0,0.001,KL descent,2812,2813,3.663431406021118,1.4862805884185757e-06,0.0011648858108127547,False
ising,mixed,4,0,0.001,KL descent,2813,2814,3.664433240890503,1.4857419846743164e-06,0.0011647021290997484,False
ising,mixed,4,0,0.001,KL descent,2814,2815,3.6654317378997803,1.4852035792133663e-06,0.0011645183566388884,False
ising,mixed,4,0,0.001,KL descent,2815,2816,3.6664299964904785,1.4846653716437889e-06,0.0011643344940070466,False
ising,mixed,4,0,0.001,KL descent,2816,2817,3.667429208755493,1.484127361678306e-06,0.0011641505417755438,False
ising,mixed,4,0,0.001,KL descent,2817,2818,3.6689372062683105,1.4835895495914337e-06,0.0011639665005477307,False
ising,mixed,4,0,0.001,KL descent,2818,2819,3.6689372062683105,1.4830519347731301e-06,0.001163782370872668,False
ising,mixed,4,0,0.001,KL descent,2819,2820,3.6704556941986084,1.4825145175810867e-06,0.0011635981533154038,False
ising,mixed,4,0,0.001,KL descent,2820,2821,3.6725175380706787,1.4819772978416595e-06,0.0011634138484433176,False
ising,mixed,4,0,0.001,KL descent,2821,2822,3.6734750270843506,1.481440275312385e-06,0.0011632294568199586,False
ising,mixed,4,0,0.001,KL descent,2822,2823,3.674471855163574,1.4809034494188328e-06,0.0011630449789657993,False
ising,mixed,4,0,0.001,KL descent,2823,2824,3.6754722595214844,1.4803668208219466e-06,0.0011628604154716449,False
ising,mixed,4,0,0.001,KL descent,2824,2825,3.676469564437866,1.4798303889567387e-06,0.0011626757669213061,False
ising,mixed,4,0,0.001,KL descent,2825,2826,3.677471160888672,1.4792941539775764e-06,0.0011624910338273176,False
ising,mixed,4,0,0.001,KL descent,2826,2827,3.6789798736572266,1.4787581154072072e-06,0.0011623062167068765,False
ising,mixed,4,0,0.001,KL descent,2827,2828,3.6799914836883545,1.4782222733088493e-06,0.0011621213162018584,False
ising,mixed,4,0,0.001,KL descent,2828,2829,3.6810030937194824,1.477686627667174e-06,0.001161936332743918,False
ising,mixed,4,0,0.001,KL descent,2829,2830,3.6820013523101807,1.4771511782321895e-06,0.0011617512669568342,False
ising,mixed,4,0,0.001,KL descent,2830,2831,3.6830027103424072,1.476615924856258e-06,0.0011615661193582483,False
ising,mixed,4,0,0.001,KL descent,2831,2832,3.6840014457702637,1.4760808673683582e-06,0.001161380890428998,False
ising,mixed,4,0,0.001,KL descent,2832,2833,3.6860008239746094,1.4755460059033179e-06,0.001161195580790142,False
ising,mixed,4,0,0.001,KL descent,2833,2834,3.6870031356811523,1.4750113403435126e-06,0.0011610101909022008,False
ising,mixed,4,0,0.001,KL descent,2834,2835,3.688516855239868,1.4744768703899458e-06,0.0011608247213370504,False
ising,mixed,4,0,0.001,KL descent,2835,2836,3.689534902572632,1.4739425961684644e-06,0.0011606391726012855,False
ising,mixed,4,0,0.001,KL descent,2836,2837,3.691541910171509,1.4734085170844551e-06,0.0011604535452174325,False
ising,mixed,4,0,0.001,KL descent,2837,2838,3.6925415992736816,1.4728746329817658e-06,0.0011602678397447663,False
ising,mixed,4,0,0.001,KL descent,2838,2839,3.6935410499572754,1.4723409445254191e-06,0.0011600820565942915,False
ising,mixed,4,0,0.001,KL descent,2839,2840,3.69454026222229,1.4718074512605775e-06,0.0011598961964505161,False
ising,mixed,4,0,0.001,KL descent,2840,2841,3.6955392360687256,1.4712741527409525e-06,0.0011597102596704323,False
ising,mixed,4,0,0.001,KL descent,2841,2842,3.6965386867523193,1.470741049387138e-06,0.0011595242468595002,False
ising,mixed,4,0,0.001,KL descent,2842,2843,3.6975388526916504,1.4702081406657395e-06,0.0011593381584600326,False
ising,mixed,4,0,0.001,KL descent,2843,2844,3.6985394954681396,1.4696754264889734e-06,0.0011591519950277518,False
ising,mixed,4,0,0.001,KL descent,2844,2845,3.6990461349487305,1.469142906905999e-06,0.0011589657570729717,False
ising,mixed,4,0,0.001,KL descent,2845,2846,3.700054407119751,1.4686105814570392e-06,0.0011587794450711453,False
ising,mixed,4,0,0.001,KL descent,2846,2847,3.7010607719421387,1.4680784508553285e-06,0.001158593059519042,False
ising,mixed,4,0,0.001,KL descent,2847,2848,3.7030606269836426,1.467546514041002e-06,0.001158406600946127,False
ising,mixed,4,0,0.001,KL descent,2848,2849,3.704108476638794,1.4670147715239964e-06,0.0011582200698249112,False
ising,mixed,4,0,0.001,KL descent,2849,2850,3.705312490463257,1.4664832228576554e-06,0.0011580334666402292,False
ising,mixed,4,0,0.001,KL descent,2850,2851,3.706369638442993,1.465951868149002e-06,0.0011578467918958446,False
ising,mixed,4,0,0.001,KL descent,2851,2852,3.707369804382324,1.465420707319354e-06,0.001157660046040676,False
ising,mixed,4,0,0.001,KL descent,2852,2853,3.708369731903076,1.4648897400189562e-06,0.0011574732296533718,False
ising,mixed,4,0,0.001,KL descent,2853,2854,3.708930492401123,1.4643589663259412e-06,0.0011572863431551506,False
ising,mixed,4,0,0.001,KL descent,2854,2855,3.7099854946136475,1.4638283864145313e-06,0.0011570993870249069,False
ising,mixed,4,0,0.001,KL descent,2855,2856,3.710981607437134,1.463297999525319e-06,0.0011569123617675148,False
ising,mixed,4,0,0.001,KL descent,2856,2857,3.711975336074829,1.4627678056811288e-06,0.0011567252678232887,False
ising,mixed,4,0,0.001,KL descent,2857,2858,3.71297550201416,1.4622378052017077e-06,0.0011565381056843904,False
ising,mixed,4,0,0.001,KL descent,2858,2859,3.714975118637085,1.461707997541831e-06,0.0011563508758479224,False
ising,mixed,4,0,0.001,KL descent,2859,2860,3.715977668762207,1.4611783834349882e-06,0.0011561635787600277,False
ising,mixed,4,0,0.001,KL descent,2860,2861,3.7169790267944336,1.4606489616171256e-06,0.0011559762148827257,False
ising,mixed,4,0,0.001,KL descent,2861,2862,3.7169790267944336,1.460119732556009e-06,0.0011557887846909698,False
ising,mixed,4,0,0.001,KL descent,2862,2863,3.7185301780700684,1.4595906960400893e-06,0.0011556012886920763,False
ising,mixed,4,0,0.001,KL descent,2863,2864,3.7210335731506348,1.4590618526125976e-06,0.0011554137272524745,False
ising,mixed,4,0,0.001,KL descent,2864,2865,3.7230913639068604,1.4585332009841625e-06,0.0011552261009241116,False
ising,mixed,4,0,0.001,KL descent,2865,2866,3.724094867706299,1.4580047418523345e-06,0.0011550384101107758,False
ising,mixed,4,0,0.001,KL descent,2866,2867,3.7250912189483643,1.4574764750376035e-06,0.0011548506553067384,False
ising,mixed,4,0,0.001,KL descent,2867,2868,3.726095199584961,1.4569484000129592e-06,0.0011546628369114575,False
ising,mixed,4,0,0.001,KL descent,2868,2869,3.7270944118499756,1.4564205172198628e-06,0.0011544749554303069,False
ising,mixed,4,0,0.001,KL descent,2869,2870,3.7270944118499756,1.4558928265425825e-06,0.0011542870113010473,False
ising,mixed,4,0,0.001,KL descent,2870,2871,3.728649139404297,1.4553653273909887e-06,0.001154099004970821,False
ising,mixed,4,0,0.001,KL descent,2871,2872,3.7297027111053467,1.4548380198022734e-06,0.0011539109368106093,False
ising,mixed,4,0,0.001,KL descent,2872,2873,3.730708122253418,1.4543109042720906e-06,0.0011537228074192107,False
ising,mixed,4,0,0.001,KL descent,2873,2874,3.7317042350769043,1.45378397997056e-06,0.0011535346171007155,False
ising,mixed,4,0,0.001,KL descent,2874,2875,3.7327089309692383,1.4532572471689258e-06,0.001153346366313368,False
ising,mixed,4,0,0.001,KL descent,2875,2876,3.7337164878845215,1.4527307054840643e-06,0.0011531580555824705,False
ising,mixed,4,0,0.001,KL descent,2876,2877,3.735707998275757,1.4522043554120077e-06,0.0011529696852138338,False
ising,mixed,4,0,0.001,KL descent,2877,2878,3.736701488494873,1.4516781963267363e-06,0.0011527812557861061,False
ising,mixed,4,0,0.001,KL descent,2878,2879,3.7382845878601074,1.4511522280927506e-06,0.0011525927676464542,False
ising,mixed,4,0,0.001,KL descent,2879,2880,3.739345073699951,1.4506264505367262e-06,0.0011524042211762398,False
ising,mixed,4,0,0.001,KL descent,2880,2881,3.7403454780578613,1.450100864366865e-06,0.0011522156168585207,False
ising,mixed,4,0,0.001,KL descent,2881,2882,3.741344690322876,1.4495754681806954e-06,0.0011520269551538176,False
ising,mixed,4,0,0.001,KL descent,2882,2883,3.7423415184020996,1.4490502633168267e-06,0.0011518382364259505,False
ising,mixed,4,0,0.001,KL descent,2883,2884,3.743346929550171,1.448525248728174e-06,0.0011516494611463202,False
ising,mixed,4,0,0.001,KL descent,2884,2885,3.7443454265594482,1.4480004244885733e-06,0.0011514606296710306,False
ising,mixed,4,0,0.001,KL descent,2885,2886,3.745342254638672,1.447475790762472e-06,0.0011512717424638774,False
ising,mixed,4,0,0.001,KL descent,2886,2887,3.7463412284851074,1.4469513472507096e-06,0.0011510827999527962,False
ising,mixed,4,0,0.001,KL descent,2887,2888,3.747343063354492,1.446427093591445e-06,0.0011508938025029392,False
ising,mixed,4,0,0.001,KL descent,2888,2889,3.7489020824432373,1.4459030306173585e-06,0.001150704750530307,False
ising,mixed,4,0,0.001,KL descent,2889,2890,3.749955892562866,1.4453791571470734e-06,0.0011505156445128506,False
ising,mixed,4,0,0.001,KL descent,2890,2891,3.750946283340454,1.4448554733836827e-06,0.001150326484779085,False
ising,mixed,4,0,0.001,KL descent,2891,2892,3.7519547939300537,1.4443319797398407e-06,0.001150137271780094,False
ising,mixed,4,0,0.001,KL descent,2892,2893,3.7529470920562744,1.4438086756192534e-06,0.0011499480059261602,False
ising,mixed,4,0,0.001,KL descent,2893,2894,3.7539312839508057,1.443285561264144e-06,0.0011497586875450216,False
ising,mixed,4,0,0.001,KL descent,2894,2895,3.7549052238464355,1.4427626359636466e-06,0.0011495693171261756,False
ising,mixed,4,0,0.001,KL descent,2895,2896,3.755946159362793,1.4422399004337756e-06,0.001149379895032998,False
ising,mixed,4,0,0.001,KL descent,2896,2897,3.7569499015808105,1.441717354211337e-06,0.0011491904216328619,False
ising,mixed,4,0,0.001,KL descent,2897,2898,3.7585058212280273,1.441194997179134e-06,0.0011490008973887855,False
ising,mixed,4,0,0.001,KL descent,2898,2899,3.7595620155334473,1.440672829198042e-06,0.0011488113226335583,False
ising,mixed,4,0,0.001,KL descent,2899,2900,3.760563373565674,1.4401508501408476e-06,0.001148621697798613,False
ising,mixed,4,0,0.001,KL descent,2900,2901,3.761561155319214,1.4396290602841828e-06,0.0011484320232142964,False
ising,mixed,4,0,0.001,KL descent,2901,2902,3.7625632286071777,1.4391074587964184e-06,0.001148242299323976,False
ising,mixed,4,0,0.001,KL descent,2902,2903,3.7635657787323,1.4385860464768576e-06,0.0011480525265100683,False
ising,mixed,4,0,0.001,KL descent,2903,2904,3.764561653137207,1.438064822778794e-06,0.0011478627051219603,False
ising,mixed,4,0,0.001,KL descent,2904,2905,3.765584707260132,1.4375437876199448e-06,0.0011476728355974686,False
ising,mixed,4,0,0.001,KL descent,2905,2906,3.767561197280884,1.43702294109684e-06,0.001147482918222642,False
ising,mixed,4,0,0.001,KL descent,2906,2907,3.7691195011138916,1.4365022826990908e-06,0.0011472929534911414,False
ising,mixed,4,0,0.001,KL descent,2907,2908,3.771757125854492,1.4359818125548523e-06,0.0011471029417253198,False
ising,mixed,4,0,0.001,KL descent,2908,2909,3.773754358291626,1.4354615307513323e-06,0.0011469128832653497,False
ising,mixed,4,0,0.001,KL descent,2909,2910,3.775740385055542,1.4349414374592957e-06,0.0011467227785102452,False
ising,mixed,4,0,0.001,KL descent,2910,2911,3.7782952785491943,1.4344215318293366e-06,0.0011465326278568,False
ising,mixed,4,0,0.001,KL descent,2911,2912,3.779352903366089,1.4339018138114157e-06,0.0011463424316521253,False
ising,mixed,4,0,0.001,KL descent,2912,2913,3.7813503742218018,1.4333822842309967e-06,0.0011461521902830785,False
ising,mixed,4,0,0.001,KL descent,2913,2914,3.783350706100464,1.4328629422311584e-06,0.0011459619041400693,False
ising,mixed,4,0,0.001,KL descent,2914,2915,3.7853567600250244,1.4323437879512976e-06,0.0011457715734799478,False
ising,mixed,4,0,0.001,KL descent,2915,2916,3.787343978881836,1.4318248211366094e-06,0.001145581198764567,False
ising,mixed,4,0,0.001,KL descent,2916,2917,3.7900915145874023,1.4313060420516481e-06,0.0011453907803296026,False
ising,mixed,4,0,0.001,KL descent,2917,2918,3.7912437915802,1.4307874499974599e-06,0.0011452003185571935,False
ising,mixed,4,0,0.001,KL descent,2918,2919,3.793196678161621,1.4302690454556566e-06,0.001145009813713238,False
ising,mixed,4,0,0.001,KL descent,2919,2920,3.795180320739746,1.429750828088964e-06,0.0011448192662477097,False
ising,mixed,4,0,0.001,KL descent,2920,2921,3.7971911430358887,1.4292327982020203e-06,0.0011446286765511848,False
ising,mixed,4,0,0.001,KL descent,2921,2922,3.7997710704803467,1.42871495510611e-06,0.001144438044843099,False
ising,mixed,4,0,0.001,KL descent,2922,2923,3.8017618656158447,1.4281972993318194e-06,0.0011442473715685963,False
ising,mixed,4,0,0.001,KL descent,2923,2924,3.802774667739868,1.4276798301827412e-06,0.0011440566570484756,False
ising,mixed,4,0,0.001,KL descent,2924,2925,3.804776191711426,1.4271625480037354e-06,0.0011438659016235753,False
ising,mixed,4,0,0.001,KL descent,2925,2926,3.8067808151245117,1.4266454522958747e-06,0.001143675105700015,False
ising,mixed,4,0,0.001,KL descent,2926,2927,3.8094003200531006,1.4261285436203353e-06,0.0011434842695461356,False
ising,mixed,4,0,0.001,KL descent,2927,2928,3.8114006519317627,1.425611821092419e-06,0.0011432933935490719,False
ising,mixed,4,0,0.001,KL descent,2928,2929,3.8133962154388428,1.4250952854257076e-06,0.001143102477995983,False
ising,mixed,4,0,0.001,KL descent,2929,2930,3.814396858215332,1.424578935932487e-06,0.0011429115233209108,False
ising,mixed,4,0,0.001,KL descent,2930,2931,3.8164031505584717,1.424062772622392e-06,0.0011427205297905862,False
ising,mixed,4,0,0.001,KL descent,2931,2932,3.8183960914611816,1.4235467955914346e-06,0.0011425294977923106,False
ising,mixed,4,0,0.001,KL descent,2932,2933,3.8205323219299316,1.4230310050171915e-06,0.0011423384275574544,False
ising,mixed,4,0,0.001,KL descent,2933,2934,3.8226547241210938,1.422515400093829e-06,0.0011421473195590837,False
ising,mixed,4,0,0.001,KL descent,2934,2935,3.8246569633483887,1.421999981329928e-06,0.0011419561740491635,False
ising,mixed,4,0,0.001,KL descent,2935,2936,3.8266518115997314,1.4214847484971357e-06,0.0011417649913856298,False
ising,mixed,4,0,0.001,KL descent,2936,2937,3.8292582035064697,1.4209697014872982e-06,0.0011415737718183383,False
ising,mixed,4,0,0.001,KL descent,2937,2938,3.8313868045806885,1.4204548401704547e-06,0.0011413825158046453,False
ising,mixed,4,0,0.001,KL descent,2938,2939,3.833381414413452,1.4199401644705255e-06,0.0011411912235987365,False
ising,mixed,4,0,0.001,KL descent,2939,2940,3.835345983505249,1.4194256741606666e-06,0.001140999895543282,False
ising,mixed,4,0,0.001,KL descent,2940,2941,3.8373403549194336,1.4189113695868589e-06,0.0011408085319358774,False
ising,mixed,4,0,0.001,KL descent,2941,2942,3.8388984203338623,1.4183972505005393e-06,0.0011406171330838877,False
ising,mixed,4,0,0.001,KL descent,2942,2943,3.840998888015747,1.4178833164006727e-06,0.0011404256993835515,False
ising,mixed,4,0,0.001,KL descent,2943,2944,3.843000650405884,1.4173695677025514e-06,0.0011402342311099822,False
ising,mixed,4,0,0.001,KL descent,2944,2945,3.8449018001556396,1.4168560043921875e-06,0.0011400427285910286,False
ising,mixed,4,0,0.001,KL descent,2945,2946,3.8469033241271973,1.416342625750371e-06,0.0011398511920872045,False
ising,mixed,4,0,0.001,KL descent,2946,2947,3.8484153747558594,1.4158294322428817e-06,0.0011396596219933608,False
ising,mixed,4,0,0.001,KL descent,2947,2948,3.8504278659820557,1.4153164236114398e-06,0.0011394680185530248,False
ising,mixed,4,0,0.001,KL descent,2948,2949,3.8524365425109863,1.4148035995616663e-06,0.0011392763821156948,False
ising,mixed,4,0,0.001,KL descent,2949,2950,3.8544986248016357,1.4142909605215313e-06,0.0011390847130353654,False
ising,mixed,4,0,0.001,KL descent,2950,2951,3.8565659523010254,1.413778505995466e-06,0.0011388930115335816,False
ising,mixed,4,0,0.001,KL descent,2951,2952,3.859206199645996,1.4132662364061413e-06,0.0011387012779506822,False
ising,mixed,4,0,0.001,KL descent,2952,2953,3.8613266944885254,1.4127541512514672e-06,0.001138509512598751,False
ising,mixed,4,0,0.001,KL descent,2953,2954,3.8633272647857666,1.4122422502068797e-06,0.0011383177157823776,False
ising,mixed,4,0,0.001,KL descent,2954,2955,3.8653337955474854,1.4117305334948621e-06,0.0011381258877799505,False
ising,mixed,4,0,0.001,KL descent,2955,2956,3.867248773574829,1.411219001050971e-06,0.0011379340289556783,False
ising,mixed,4,0,0.001,KL descent,2956,2957,3.8688395023345947,1.4107076529653432e-06,0.0011377421395500908,False
ising,mixed,4,0,0.001,KL descent,2957,2958,3.8715121746063232,1.4101964891504512e-06,0.001137550219881489,False
ising,mixed,4,0,0.001,KL descent,2958,2959,3.873607873916626,1.409685508913884e-06,0.0011373582702550733,False
ising,mixed,4,0,0.001,KL descent,2959,2960,3.875605821609497,1.4091747130362226e-06,0.0011371662909185343,False
ising,mixed,4,0,0.001,KL descent,2960,2961,3.877607822418213,1.408664101166768e-06,0.0011369742822405215,False
ising,mixed,4,0,0.001,KL descent,2961,2962,3.879218339920044,1.4081536724055835e-06,0.0011367822445072506,False
ising,mixed,4,0,0.001,KL descent,2962,2963,3.8813178539276123,1.4076434278897331e-06,0.0011365901779145093,False
ising,mixed,4,0,0.001,KL descent,2963,2964,3.8833377361297607,1.4071333666272806e-06,0.0011363980828623665,False
ising,mixed,4,0,0.001,KL descent,2964,2965,3.885313034057617,1.4066234893002615e-06,0.0011362059595714236,False
ising,mixed,4,0,0.001,KL descent,2965,2966,3.888221025466919,1.4061137951903365e-06,0.0011360138083722493,False
ising,mixed,4,0,0.001,KL descent,2966,2967,3.889735221862793,1.4056042846428036e-06,0.0011358216295109802,False
ising,mixed,4,0,0.001,KL descent,2967,2968,3.891742706298828,1.4050949570702602e-06,0.0011356294233458297,False
ising,mixed,4,0,0.001,KL descent,2968,2969,3.893742084503174,1.4045858130305412e-06,0.001135437190053712,False
ising,mixed,4,0,0.001,KL descent,2969,2970,3.895742654800415,1.4040768522150618e-06,0.0011352449300259249,False
ising,mixed,4,0,0.001,KL descent,2970,2971,3.8982491493225098,1.4035680742638152e-06,0.0011350526434839026,False
ising,mixed,4,0,0.001,KL descent,2971,2972,3.900259256362915,1.4030594796805332e-06,0.0011348603306845506,False
ising,mixed,4,0,0.001,KL descent,2972,2973,3.9022715091705322,1.402551067948419e-06,0.0011346679919643776,False
ising,mixed,4,0,0.001,KL descent,2973,2974,3.904268741607666,1.4020428385671568e-06,0.0011344756275505352,False
ising,mixed,4,0,0.001,KL descent,2974,2975,3.90627121925354,1.4015347923508233e-06,0.0011342832377521095,False
ising,mixed,4,0,0.001,KL descent,2975,2976,3.9088847637176514,1.4010269287399295e-06,0.0011340908228378854,False
ising,mixed,4,0,0.001,KL descent,2976,2977,3.910933494567871,1.40051924769931e-06,0.001133898383066545,False
ising,mixed,4,0,0.001,KL descent,2977,2978,3.9129343032836914,1.4000117492577634e-06,0.0011337059187075393,False
ising,mixed,4,0,0.001,KL descent,2978,2979,3.914947986602783,1.3995044333536394e-06,0.001133513430052191,False
ising,mixed,4,0,0.001,KL descent,2979,2980,3.9169273376464844,1.3989972996342135e-06,0.0011333209174032022,False
ising,mixed,4,0,0.001,KL descent,2980,2981,3.9184818267822266,1.3984903485071304e-06,0.001133128380934989,False
ising,mixed,4,0,0.001,KL descent,2981,2982,3.9215402603149414,1.3979835795334993e-06,0.0011329358209818396,False
ising,mixed,4,0,0.001,KL descent,2982,2983,3.9236183166503906,1.3974769927542385e-06,0.001132743237767908,False
ising,mixed,4,0,0.001,KL descent,2983,2984,3.925546407699585,1.3969705880614268e-06,0.0011325506316353096,False
ising,mixed,4,0,0.001,KL descent,2984,2985,3.9276158809661865,1.396464365191562e-06,0.0011323580027686186,False
ising,mixed,4,0,0.001,KL descent,2985,2986,3.929274082183838,1.3959583244805318e-06,0.00113216535147187,False
ising,mixed,4,0,0.001,KL descent,2986,2987,3.9314208030700684,1.3954524654624294e-06,0.0011319726779739914,False
ising,mixed,4,0,0.001,KL descent,2987,2988,3.93340802192688,1.3949467885322157e-06,0.0011317799825759645,False
ising,mixed,4,0,0.001,KL descent,2988,2989,3.9354004859924316,1.394441292999985e-06,0.0011315872654924508,False
ising,mixed,4,0,0.001,KL descent,2989,2990,3.938300132751465,1.3939359792676307e-06,0.001131394526997509,False
ising,mixed,4,0,0.001,KL descent,2990,2991,3.940312385559082,1.393430847152412e-06,0.0011312017673539287,False
ising,mixed,4,0,0.001,KL descent,2991,2992,3.942321300506592,1.3929258964168937e-06,0.0011310089868230566,False
ising,mixed,4,0,0.001,KL descent,2992,2993,3.9443209171295166,1.3924211271645549e-06,0.0011308161856200538,False
ising,mixed,4,0,0.001,KL descent,2993,2994,3.946320056915283,1.3919165391102677e-06,0.0011306233640369645,False
ising,mixed,4,0,0.001,KL descent,2994,2995,3.94832444190979,1.3914121325966791e-06,0.001130430522346959,False
ising,mixed,4,0,0.001,KL descent,2995,2996,3.9508471488952637,1.3909079070971268e-06,0.0011302376607400522,False
ising,mixed,4,0,0.001,KL descent,2996,2997,3.952859401702881,1.3904038627596612e-06,0.001130044779503514,False
ising,mixed,4,0,0.001,KL descent,2997,2998,3.954857110977173,1.3898999994646574e-06,0.0011298518788498413,False
ising,mixed,4,0,0.001,KL descent,2998,2999,3.9568581581115723,1.389396316866521e-06,0.001129658959055757,False
ising,mixed,4,0,0.001,KL descent,2999,3000,3.959383726119995,1.3888928154647422e-06,0.0011294660203492457,False
ising,mixed,4,0,0.001,KL descent,3000,3001,3.961395025253296,1.3883894951757587e-06,0.0011292730629894887,False
