small_kind,small_case,N,seed,eps,method,iter,gibbs_calls,time_sec,F_marg,e_tr,converged_final
ising,mixed,4,0,0.001,KL descent,0,1,0.0,0.031077038943180604,0.23301665724750253,False
ising,mixed,4,0,0.001,KL descent,1,2,0.0,0.03104841075658353,0.23283603381227408,False
ising,mixed,4,0,0.001,KL descent,2,3,0.0019998550415039062,0.031019913593647815,0.2326558220578473,False
ising,mixed,4,0,0.001,KL descent,3,4,0.0029981136322021484,0.030991546824850055,0.23247602105921905,False
ising,mixed,4,0,0.001,KL descent,4,5,0.0040934085845947266,0.03096330982362676,0.23229662989309918,False
ising,mixed,4,0,0.001,KL descent,5,6,0.006058216094970703,0.03093520196635874,0.2321176476379101,False
ising,mixed,4,0,0.001,KL descent,6,7,0.008087873458862305,0.03090722263235913,0.23193907337378739,False
ising,mixed,4,0,0.001,KL descent,7,8,0.010081291198730469,0.03087937120386215,0.23176090618257972,False
ising,mixed,4,0,0.001,KL descent,8,9,0.011085271835327148,0.030851647066006547,0.23158314514784617,False
ising,mixed,4,0,0.001,KL descent,9,10,0.012633323669433594,0.03082404960682527,0.23140578935485823,False
ising,mixed,4,0,0.001,KL descent,10,11,0.013687372207641602,0.030796578217232903,0.23122883789059923,False
ising,mixed,4,0,0.001,KL descent,11,12,0.014684915542602539,0.03076923229101025,0.2310522898437548,False
ising,mixed,4,0,0.001,KL descent,12,13,0.01669025421142578,0.030742011224794922,0.23087614430473102,False
ising,mixed,4,0,0.001,KL descent,13,14,0.01765584945678711,0.030714914418066258,0.23070040036563455,False
ising,mixed,4,0,0.001,KL descent,14,15,0.018646240234375,0.030687941273133828,0.2305250571202827,False
ising,mixed,4,0,0.001,KL descent,15,16,0.019643306732177734,0.03066109119512355,0.23035011366419877,False
ising,mixed,4,0,0.001,KL descent,16,17,0.021294593811035156,0.0306343635919683,0.23017556909461556,False
ising,mixed,4,0,0.001,KL descent,17,18,0.022803306579589844,0.03060775787439027,0.230001422510467,False
ising,mixed,4,0,0.001,KL descent,18,19,0.024861812591552734,0.030581273455894283,0.22982767301239626,False
ising,mixed,4,0,0.001,KL descent,19,20,0.02684187889099121,0.030554909752750464,0.22965431970274758,False
ising,mixed,4,0,0.001,KL descent,20,21,0.02881646156311035,0.030528666183984983,0.22948136168557337,False
ising,mixed,4,0,0.001,KL descent,21,22,0.03134512901306152,0.03050254217136622,0.22930879806661936,False
ising,mixed,4,0,0.001,KL descent,22,23,0.03286242485046387,0.03047653713939447,0.22913662795334366,False
ising,mixed,4,0,0.001,KL descent,23,24,0.03487277030944824,0.03045065051528603,0.22896485045489756,False
ising,mixed,4,0,0.001,KL descent,24,25,0.0358731746673584,0.0304248817289651,0.22879346468213568,False
ising,mixed,4,0,0.001,KL descent,25,26,0.03687405586242676,0.03039923021304973,0.2286224697476133,False
ising,mixed,4,0,0.001,KL descent,26,27,0.03787422180175781,0.030373695402839112,0.228451864765579,False
ising,mixed,4,0,0.001,KL descent,27,28,0.03987908363342285,0.030348276736302714,0.2282816488519821,False
ising,mixed,4,0,0.001,KL descent,28,29,0.04187583923339844,0.030322973654068774,0.22811182112446754,False
ising,mixed,4,0,0.001,KL descent,29,30,0.042871952056884766,0.030297785599410435,0.22794238070237438,False
ising,mixed,4,0,0.001,KL descent,30,31,0.04419732093811035,0.030272712018235462,0.22777332670673717,False
ising,mixed,4,0,0.001,KL descent,31,32,0.04619956016540527,0.03024775235907423,0.22760465826028664,False
ising,mixed,4,0,0.001,KL descent,32,33,0.04719996452331543,0.03022290607306763,0.22743637448743836,False
ising,mixed,4,0,0.001,KL descent,33,34,0.04919600486755371,0.030198172613954744,0.22726847451430499,False
ising,mixed,4,0,0.001,KL descent,34,35,0.050195932388305664,0.03017355143806268,0.22710095746868775,False
ising,mixed,4,0,0.001,KL descent,35,36,0.05119657516479492,0.03014904200429345,0.22693382248007543,False
ising,mixed,4,0,0.001,KL descent,36,37,0.05270671844482422,0.030124643774113523,0.22676706867965135,False
ising,mixed,4,0,0.001,KL descent,37,38,0.05371427536010742,0.030100356211540676,0.22660069520027248,False
ising,mixed,4,0,0.001,KL descent,38,39,0.05471467971801758,0.030076178783134462,0.22643470117649422,False
ising,mixed,4,0,0.001,KL descent,39,40,0.0557253360748291,0.030052110957983692,0.22626908574455107,False
ising,mixed,4,0,0.001,KL descent,40,41,0.05672025680541992,0.03002815220769522,0.22610384804236316,False
ising,mixed,4,0,0.001,KL descent,41,42,0.05871725082397461,0.03000430200638167,0.2259389872095272,False
ising,mixed,4,0,0.001,KL descent,42,43,0.059715986251831055,0.02998055983065198,0.2257745023873271,False
ising,mixed,4,0,0.001,KL descent,43,44,0.0607147216796875,0.029956925159599003,0.2256103927187253,False
ising,mixed,4,0,0.001,KL descent,44,45,0.06171417236328125,0.029933397474787484,0.2254466573483604,False
ising,mixed,4,0,0.001,KL descent,45,46,0.06322121620178223,0.02990997626024473,0.2252832954225502,False
ising,mixed,4,0,0.001,KL descent,46,47,0.06422853469848633,0.02988666100244742,0.22512030608928857,False
ising,mixed,4,0,0.001,KL descent,47,48,0.06522798538208008,0.029863451190313348,0.22495768849824183,False
ising,mixed,4,0,0.001,KL descent,48,49,0.06623363494873047,0.029840346315186936,0.22479544180075406,False
ising,mixed,4,0,0.001,KL descent,49,50,0.06723380088806152,0.02981734587083012,0.22463356514983523,False
ising,mixed,4,0,0.001,KL descent,50,51,0.06928205490112305,0.029794449353412064,0.22447205770017375,False
ising,mixed,4,0,0.001,KL descent,51,52,0.07032895088195801,0.029771656261496596,0.2243109186081212,False
ising,mixed,4,0,0.001,KL descent,52,53,0.07127141952514648,0.02974896609603256,0.22415014703170155,False
ising,mixed,4,0,0.001,KL descent,53,54,0.07394623756408691,0.029726378360341785,0.22398974213060158,False
ising,mixed,4,0,0.001,KL descent,54,55,0.07698297500610352,0.029703892560109735,0.2238297030661765,False
ising,mixed,4,0,0.001,KL descent,55,56,0.07795405387878418,0.029681508203373574,0.22367002900144484,False
ising,mixed,4,0,0.001,KL descent,56,57,0.07895326614379883,0.029659224800512377,0.22351071910108666,False
ising,mixed,4,0,0.001,KL descent,57,58,0.0799558162689209,0.02963704186423532,0.2233517725314434,False
ising,mixed,4,0,0.001,KL descent,58,59,0.08095312118530273,0.029614958909573177,0.22319318846051783,False
ising,mixed,4,0,0.001,KL descent,59,60,0.08295512199401855,0.029592975453864523,0.22303496605797002,False
ising,mixed,4,0,0.001,KL descent,60,61,0.08402204513549805,0.02957109101674845,0.222877104495115,False
ising,mixed,4,0,0.001,KL descent,61,62,0.08501958847045898,0.029549305120152015,0.22271960294492532,False
ising,mixed,4,0,0.001,KL descent,62,63,0.08601880073547363,0.029527617288280805,0.22256246058202683,False
ising,mixed,4,0,0.001,KL descent,63,64,0.08703470230102539,0.029506027047608095,0.22240567658269883,False
ising,mixed,4,0,0.001,KL descent,64,65,0.08803558349609375,0.029484533926864794,0.2222492501248693,False
ising,mixed,4,0,0.001,KL descent,65,66,0.08903169631958008,0.02946313745702764,0.22209318038811388,False
ising,mixed,4,0,0.001,KL descent,66,67,0.0910191535949707,0.02944183717131282,0.22193746655366298,False
ising,mixed,4,0,0.001,KL descent,67,68,0.09201884269714355,0.029420632605160753,0.2217821078043859,False
ising,mixed,4,0,0.001,KL descent,68,69,0.09356307983398438,0.02939952329622868,0.2216271033247948,False
ising,mixed,4,0,0.001,KL descent,69,70,0.09460139274597168,0.029378508784381783,0.22147245230105705,False
ising,mixed,4,0,0.001,KL descent,70,71,0.0955667495727539,0.02935758861167943,0.22131815392096787,False
ising,mixed,4,0,0.001,KL descent,71,72,0.09656810760498047,0.029336762322369276,0.22116420737397113,False
ising,mixed,4,0,0.001,KL descent,72,73,0.09760284423828125,0.029316029462872435,0.2210106118511434,False
ising,mixed,4,0,0.001,KL descent,73,74,0.09856629371643066,0.029295389581778315,0.22085736654520027,False
ising,mixed,4,0,0.001,KL descent,74,75,0.09960317611694336,0.029274842229832135,0.22070447065049348,False
ising,mixed,4,0,0.001,KL descent,75,76,0.10157203674316406,0.029254386959924574,0.22055192336300644,False
ising,mixed,4,0,0.001,KL descent,76,77,0.10256791114807129,0.02923402332708379,0.22039972388035328,False
ising,mixed,4,0,0.001,KL descent,77,78,0.10309529304504395,0.029213750888463702,0.22024787140177704,False
ising,mixed,4,0,0.001,KL descent,78,79,0.10515165328979492,0.02919356920333601,0.220096365128154,False
ising,mixed,4,0,0.001,KL descent,79,80,0.10835385322570801,0.02917347783307899,0.21994520426198183,False
ising,mixed,4,0,0.001,KL descent,80,81,0.1103665828704834,0.029153476341168817,0.21979438800738693,False
ising,mixed,4,0,0.001,KL descent,81,82,0.11135721206665039,0.0291335642931692,0.21964391557011598,False
ising,mixed,4,0,0.001,KL descent,82,83,0.11135721206665039,0.0291137412567211,0.2194937861575348,False
ising,mixed,4,0,0.001,KL descent,83,84,0.11286687850952148,0.029094006801536853,0.21934399897863566,False
ising,mixed,4,0,0.001,KL descent,84,85,0.1138772964477539,0.029074360499385228,0.21919455324402404,False
ising,mixed,4,0,0.001,KL descent,85,86,0.11487793922424316,0.029054801924085813,0.21904544816592308,False
ising,mixed,4,0,0.001,KL descent,86,87,0.11587762832641602,0.029035330651497916,0.2188966829581671,False
ising,mixed,4,0,0.001,KL descent,87,88,0.1169273853302002,0.029015946259512666,0.21874825683620847,False
ising,mixed,4,0,0.001,KL descent,88,89,0.11892819404602051,0.028996648328041535,0.21860016901710455,False
ising,mixed,4,0,0.001,KL descent,89,90,0.11992621421813965,0.028977436439007638,0.21845241871952475,False
ising,mixed,4,0,0.001,KL descent,90,91,0.12092375755310059,0.028958310176338643,0.21830500516374574,False
ising,mixed,4,0,0.001,KL descent,91,92,0.12192344665527344,0.02893926912595425,0.21815792757165076,False
ising,mixed,4,0,0.001,KL descent,92,93,0.12288570404052734,0.028920312875759066,0.21801118516672013,False
ising,mixed,4,0,0.001,KL descent,93,94,0.12393021583557129,0.028901441015633307,0.21786477717404418,False
ising,mixed,4,0,0.001,KL descent,94,95,0.12592864036560059,0.028882653137421707,0.21771870282030825,False
ising,mixed,4,0,0.001,KL descent,95,96,0.12693285942077637,0.02886394883492805,0.217572961333795,False
ising,mixed,4,0,0.001,KL descent,96,97,0.1279289722442627,0.02884532770390226,0.2174275519443875,False
ising,mixed,4,0,0.001,KL descent,97,98,0.1289353370666504,0.028826789342033428,0.21728247388355693,False
ising,mixed,4,0,0.001,KL descent,98,99,0.1309340000152588,0.028808333348941718,0.21713772638437218,False
ising,mixed,4,0,0.001,KL descent,99,100,0.13193106651306152,0.02878995932616704,0.21699330868148903,False
ising,mixed,4,0,0.001,KL descent,100,101,0.13292860984802246,0.02877166687716112,0.21684922001115503,False
ising,mixed,4,0,0.001,KL descent,101,102,0.1344454288482666,0.028753455607279533,0.21670545961119903,False
ising,mixed,4,0,0.001,KL descent,102,103,0.13544940948486328,0.028735325123773085,0.21656202672104075,False
ising,mixed,4,0,0.001,KL descent,103,104,0.13644742965698242,0.02871727503577575,0.21641892058167833,False
ising,mixed,4,0,0.001,KL descent,104,105,0.13744616508483887,0.02869930495430011,0.2162761404356911,False
ising,mixed,4,0,0.001,KL descent,105,106,0.14044928550720215,0.028681414492226543,0.2161336855272406,False
ising,mixed,4,0,0.001,KL descent,106,107,0.14296340942382812,0.02866360326429461,0.21599155510206058,False
ising,mixed,4,0,0.001,KL descent,107,108,0.14397764205932617,0.028645870887094478,0.21584974840746296,False
ising,mixed,4,0,0.001,KL descent,108,109,0.14498043060302734,0.028628216979058967,0.2157082646923313,False
ising,mixed,4,0,0.001,KL descent,109,110,0.14697957038879395,0.028610641160453587,0.21556710320711975,False
ising,mixed,4,0,0.001,KL descent,110,111,0.14797759056091309,0.02859314305337009,0.21542626320385255,False
ising,mixed,4,0,0.001,KL descent,111,112,0.1489870548248291,0.028575722281716207,0.21528574393612243,False
ising,mixed,4,0,0.001,KL descent,112,113,0.1499800682067871,0.028558378471207964,0.2151455446590832,False
ising,mixed,4,0,0.001,KL descent,113,114,0.15098166465759277,0.02854111124936,0.2150056646294526,False
ising,mixed,4,0,0.001,KL descent,114,115,0.15198016166687012,0.02852392024547967,0.21486610310551219,False
ising,mixed,4,0,0.001,KL descent,115,116,0.15412282943725586,0.02850680509065686,0.2147268593470984,False
ising,mixed,4,0,0.001,KL descent,116,117,0.1551203727722168,0.028489765417756472,0.21458793261560988,False
ising,mixed,4,0,0.001,KL descent,117,118,0.15612244606018066,0.028472800861408284,0.21444932217399443,False
ising,mixed,4,0,0.001,KL descent,118,119,0.15716147422790527,0.028455911058001836,0.21431102728675644,False
ising,mixed,4,0,0.001,KL descent,119,120,0.15912628173828125,0.028439095645676246,0.21417304721995029,False
ising,mixed,4,0,0.001,KL descent,120,121,0.16012263298034668,0.02842235426431163,0.21403538124117782,False
ising,mixed,4,0,0.001,KL descent,121,122,0.16112518310546875,0.028405686555522634,0.21389802861958995,False
ising,mixed,4,0,0.001,KL descent,122,123,0.16263461112976074,0.028389092162648538,0.2137609886258794,False
ising,mixed,4,0,0.001,KL descent,123,124,0.163649320602417,0.028372570730747025,0.213624260532282,False
ising,mixed,4,0,0.001,KL descent,124,125,0.16464805603027344,0.02835612190658449,0.21348784361257678,False
ising,mixed,4,0,0.001,KL descent,125,126,0.16569066047668457,0.028339745338629103,0.2133517371420771,False
ising,mixed,4,0,0.001,KL descent,126,127,0.16768884658813477,0.02832344067704204,0.21321594039763603,False
ising,mixed,4,0,0.001,KL descent,127,128,0.16968154907226562,0.028307207573670626,0.21308045265763842,False
ising,mixed,4,0,0.001,KL descent,128,129,0.17166495323181152,0.028291045682040307,0.21294527320200374,False
ising,mixed,4,0,0.001,KL descent,129,130,0.17379236221313477,0.028274954657344586,0.2128104013121776,False
ising,mixed,4,0,0.001,KL descent,130,131,0.1757960319519043,0.028258934156440166,0.21267583627113695,False
ising,mixed,4,0,0.001,KL descent,131,132,0.17879295349121094,0.028242983837838583,0.21254157736338142,False
ising,mixed,4,0,0.001,KL descent,132,133,0.18080902099609375,0.028227103361695625,0.2124076238749364,False
ising,mixed,4,0,0.001,KL descent,133,134,0.18283581733703613,0.028211292389808545,0.21227397509334905,False
ising,mixed,4,0,0.001,KL descent,134,135,0.18509507179260254,0.02819555058560332,0.21214063030768393,False
ising,mixed,4,0,0.001,KL descent,135,136,0.18711352348327637,0.028179877614130912,0.21200758880852522,False
ising,mixed,4,0,0.001,KL descent,136,137,0.18910741806030273,0.02816427314205669,0.21187484988796923,False
ising,mixed,4,0,0.001,KL descent,137,138,0.19110894203186035,0.028148736837655404,0.21174241283962553,False
ising,mixed,4,0,0.001,KL descent,138,139,0.19262218475341797,0.028133268370801774,0.21161027695861656,False
ising,mixed,4,0,0.001,KL descent,139,140,0.19364333152770996,0.02811786741296324,0.21147844154157014,False
ising,mixed,4,0,0.001,KL descent,140,141,0.19469547271728516,0.028102533637194074,0.21134690588662353,False
ising,mixed,4,0,0.001,KL descent,141,142,0.19564199447631836,0.028087266718125944,0.21121566929341956,False
ising,mixed,4,0,0.001,KL descent,142,143,0.19763422012329102,0.028072066331960632,0.21108473106309394,False
ising,mixed,4,0,0.001,KL descent,143,144,0.19963574409484863,0.02805693215646517,0.21095409049829406,False
ising,mixed,4,0,0.001,KL descent,144,145,0.20068645477294922,0.028041863870960422,0.2108237469031568,False
ising,mixed,4,0,0.001,KL descent,145,146,0.20169997215270996,0.028026861156317053,0.21069369958331674,False
ising,mixed,4,0,0.001,KL descent,146,147,0.20319843292236328,0.028011923694947385,0.2105639478459037,False
ising,mixed,4,0,0.001,KL descent,147,148,0.20421218872070312,0.027997051170796747,0.21043449099953443,False
ising,mixed,4,0,0.001,KL descent,148,149,0.20525217056274414,0.02798224326933873,0.21030532835431692,False
ising,mixed,4,0,0.001,KL descent,149,150,0.20821499824523926,0.027967499677565847,0.21017645922184758,False
ising,mixed,4,0,0.001,KL descent,150,151,0.21021270751953125,0.02795282008398281,0.2100478829152026,False
ising,mixed,4,0,0.001,KL descent,151,152,0.2127246856689453,0.027938204178600667,0.2099195987489444,False
ising,mixed,4,0,0.001,KL descent,152,153,0.2147970199584961,0.027923651652928212,0.20979160603911212,False
ising,mixed,4,0,0.001,KL descent,153,154,0.21679377555847168,0.027909162199965823,0.20966390410322477,False
ising,mixed,4,0,0.001,KL descent,154,155,0.21879220008850098,0.027894735514197848,0.2095364922602782,False
ising,mixed,4,0,0.001,KL descent,155,156,0.22078394889831543,0.027880371291585253,0.2094093698307351,False
ising,mixed,4,0,0.001,KL descent,156,157,0.22376203536987305,0.027866069229560322,0.20928253613653508,False
ising,mixed,4,0,0.001,KL descent,157,158,0.225783109664917,0.027851829027018438,0.20915599050108746,False
ising,mixed,4,0,0.001,KL descent,158,159,0.22781896591186523,0.027837650384310176,0.2090297322492629,False
ising,mixed,4,0,0.001,KL descent,159,160,0.22882366180419922,0.02782353300323737,0.20890376070739702,False
ising,mixed,4,0,0.001,KL descent,160,161,0.22982215881347656,0.02780947658704337,0.20877807520329256,False
ising,mixed,4,0,0.001,KL descent,161,162,0.2308216094970703,0.027795480840407217,0.20865267506620577,False
ising,mixed,4,0,0.001,KL descent,162,163,0.2318253517150879,0.027781545469437688,0.20852755962685404,False
ising,mixed,4,0,0.001,KL descent,163,164,0.23337030410766602,0.027767670181665087,0.2084027282174083,False
ising,mixed,4,0,0.001,KL descent,164,165,0.23441267013549805,0.027753854686036368,0.20827818017149363,False
ising,mixed,4,0,0.001,KL descent,165,166,0.23584556579589844,0.02774009869290604,0.20815391482418277,False
ising,mixed,4,0,0.001,KL descent,166,167,0.23689794540405273,0.027726401914031668,0.20802993151200333,False
ising,mixed,4,0,0.001,KL descent,167,168,0.23786067962646484,0.027712764062565502,0.20790622957292176,False
ising,mixed,4,0,0.001,KL descent,168,169,0.23986029624938965,0.02769918485305002,0.20778280834635088,False
ising,mixed,4,0,0.001,KL descent,169,170,0.2418651580810547,0.027685664001408563,0.2076596671731452,False
ising,mixed,4,0,0.001,KL descent,170,171,0.24337458610534668,0.027672201224941663,0.207536805395602,False
ising,mixed,4,0,0.001,KL descent,171,172,0.24539852142333984,0.027658796242317582,0.20741422235744755,False
ising,mixed,4,0,0.001,KL descent,172,173,0.24643921852111816,0.027645448773568716,0.20729191740384867,False
ising,mixed,4,0,0.001,KL descent,173,174,0.24743247032165527,0.027632158540082975,0.20716988988140472,False
ising,mixed,4,0,0.001,KL descent,174,175,0.2484428882598877,0.0276189252645983,0.20704813913814085,False
ising,mixed,4,0,0.001,KL descent,175,176,0.24944233894348145,0.027605748671196233,0.20692666452351371,False
ising,mixed,4,0,0.001,KL descent,176,177,0.2504451274871826,0.027592628485295333,0.2068054653884036,False
ising,mixed,4,0,0.001,KL descent,177,178,0.2514336109161377,0.02757956443364493,0.20668454108511625,False
ising,mixed,4,0,0.001,KL descent,178,179,0.25298094749450684,0.027566556244318863,0.20656389096737526,False
ising,mixed,4,0,0.001,KL descent,179,180,0.2540247440338135,0.027553603646708887,0.2064435143903225,False
ising,mixed,4,0,0.001,KL descent,180,181,0.2559957504272461,0.027540706371518592,0.2063234107105194,False
ising,mixed,4,0,0.001,KL descent,181,182,0.25702667236328125,0.027527864150757576,0.20620357928593724,False
ising,mixed,4,0,0.001,KL descent,182,183,0.2589905261993408,0.02751507671773406,0.2060840194759625,False
ising,mixed,4,0,0.001,KL descent,183,184,0.25999021530151367,0.027502343807050154,0.20596473064138876,False
ising,mixed,4,0,0.001,KL descent,184,185,0.26099133491516113,0.02748966515459581,0.2058457121444165,False
ising,mixed,4,0,0.001,KL descent,185,186,0.26299262046813965,0.02747704049753983,0.2057269633486532,False
ising,mixed,4,0,0.001,KL descent,186,187,0.2635185718536377,0.027464469574327445,0.20560848361910294,False
ising,mixed,4,0,0.001,KL descent,187,188,0.26551342010498047,0.027451952124672933,0.2054902723221757,False
ising,mixed,4,0,0.001,KL descent,188,189,0.2665104866027832,0.027439487889552798,0.20537232882567757,False
ising,mixed,4,0,0.001,KL descent,189,190,0.26751160621643066,0.027427076611199565,0.20525465249880648,False
ising,mixed,4,0,0.001,KL descent,190,191,0.2685115337371826,0.02741471803309723,0.20513724271215938,False
ising,mixed,4,0,0.001,KL descent,191,192,0.26951098442077637,0.02740241189997539,0.20502009883771766,False
ising,mixed,4,0,0.001,KL descent,192,193,0.27060818672180176,0.027390157957800733,0.20490322024885244,False
ising,mixed,4,0,0.001,KL descent,193,194,0.2715449333190918,0.027377955953774274,0.20478660632032597,False
ising,mixed,4,0,0.001,KL descent,194,195,0.2741737365722656,0.027365805636323758,0.2046702564282764,False
ising,mixed,4,0,0.001,KL descent,195,196,0.2761874198913574,0.027353706755097643,0.20455416995022763,False
ising,mixed,4,0,0.001,KL descent,196,197,0.27818822860717773,0.02734165906096128,0.20443834626508361,False
ising,mixed,4,0,0.001,KL descent,197,198,0.2801847457885742,0.027329662305987615,0.2043227847531201,False
ising,mixed,4,0,0.001,KL descent,198,199,0.28270602226257324,0.027317716243455196,0.20420748479599105,False
ising,mixed,4,0,0.001,KL descent,199,200,0.2837655544281006,0.027305820627839043,0.2040924457767212,False
ising,mixed,4,0,0.001,KL descent,200,201,0.28575873374938965,0.027293975214807926,0.20397766707970366,False
ising,mixed,4,0,0.001,KL descent,201,202,0.28777337074279785,0.027282179761216354,0.20386314809070105,False
ising,mixed,4,0,0.001,KL descent,202,203,0.28876543045043945,0.02727043402510079,0.20374888819683812,False
ising,mixed,4,0,0.001,KL descent,203,204,0.29095005989074707,0.027258737765672066,0.2036348867866027,False
ising,mixed,4,0,0.001,KL descent,204,205,0.2919576168060303,0.0272470907433115,0.20352114324984516,False
ising,mixed,4,0,0.001,KL descent,205,206,0.2934579849243164,0.02723549271956399,0.20340765697777025,False
ising,mixed,4,0,0.001,KL descent,206,207,0.29447007179260254,0.027223943457133633,0.20329442736294107,False
ising,mixed,4,0,0.001,KL descent,207,208,0.2965660095214844,0.027212442719876776,0.20318145379927066,False
ising,mixed,4,0,0.001,KL descent,208,209,0.2974669933319092,0.027200990272798035,0.20306873568202566,False
ising,mixed,4,0,0.001,KL descent,209,210,0.29855895042419434,0.02718958588204407,0.20295627240781966,False
ising,mixed,4,0,0.001,KL descent,210,211,0.2995636463165283,0.027178229314897478,0.20284406337461292,False
ising,mixed,4,0,0.001,KL descent,211,212,0.3005635738372803,0.027166920339772523,0.20273210798170788,False
ising,mixed,4,0,0.001,KL descent,212,213,0.3015623092651367,0.027155658726208776,0.2026204056297487,False
ising,mixed,4,0,0.001,KL descent,213,214,0.3025648593902588,0.027144444244867314,0.2025089557207217,False
ising,mixed,4,0,0.001,KL descent,214,215,0.30422353744506836,0.02713327666752204,0.20239775765794288,False
ising,mixed,4,0,0.001,KL descent,215,216,0.3052213191986084,0.027122155767058585,0.2022868108460688,False
ising,mixed,4,0,0.001,KL descent,216,217,0.30657219886779785,0.027111081317465337,0.20217611469108454,False
ising,mixed,4,0,0.001,KL descent,217,218,0.30863142013549805,0.027100053093831514,0.2020656686003054,False
ising,mixed,4,0,0.001,KL descent,218,219,0.3106515407562256,0.027089070872338288,0.20195547198237707,False
ising,mixed,4,0,0.001,KL descent,219,220,0.3115830421447754,0.02707813443025592,0.20184552424726337,False
ising,mixed,4,0,0.001,KL descent,220,221,0.31314921379089355,0.02706724354593805,0.20173582480625418,False
ising,mixed,4,0,0.001,KL descent,221,222,0.3141918182373047,0.027056397998817153,0.20162637307196096,False
ising,mixed,4,0,0.001,KL descent,222,223,0.3152010440826416,0.027045597569397554,0.2015171684583102,False
ising,mixed,4,0,0.001,KL descent,223,224,0.3171961307525635,0.027034842039251408,0.20140821038054396,False
ising,mixed,4,0,0.001,KL descent,224,225,0.31819701194763184,0.027024131191014364,0.2012994982552187,False
ising,mixed,4,0,0.001,KL descent,225,226,0.31921839714050293,0.02701346480837877,0.20119103150019857,False
ising,mixed,4,0,0.001,KL descent,226,227,0.32019615173339844,0.02700284267608983,0.2010828095346583,False
ising,mixed,4,0,0.001,KL descent,227,228,0.3211536407470703,0.02699226457994043,0.20097483177907993,False
ising,mixed,4,0,0.001,KL descent,228,229,0.3238391876220703,0.02698173030676493,0.20086709765524624,False
ising,mixed,4,0,0.001,KL descent,229,230,0.32483768463134766,0.026971239644436144,0.20075960658624104,False
ising,mixed,4,0,0.001,KL descent,230,231,0.3258476257324219,0.026960792381859333,0.20065235799644843,False
ising,mixed,4,0,0.001,KL descent,231,232,0.32684803009033203,0.026950388308965324,0.20054535131154788,False
ising,mixed,4,0,0.001,KL descent,232,233,0.3288455009460449,0.026940027216710412,0.20043858595851172,False
ising,mixed,4,0,0.001,KL descent,233,234,0.329845666885376,0.026929708897065963,0.20033206136560583,False
ising,mixed,4,0,0.001,KL descent,234,235,0.33084583282470703,0.026919433143017136,0.2002257769623879,False
ising,mixed,4,0,0.001,KL descent,235,236,0.3318471908569336,0.026909199748556906,0.20011973217969475,False
ising,mixed,4,0,0.001,KL descent,236,237,0.33284807205200195,0.026899008508680752,0.200013926449655,False
ising,mixed,4,0,0.001,KL descent,237,238,0.3333561420440674,0.026888859219383263,0.1999083592056794,False
ising,mixed,4,0,0.001,KL descent,238,239,0.3343663215637207,0.026878751677651146,0.1998030298824502,False
ising,mixed,4,0,0.001,KL descent,239,240,0.3363840579986572,0.026868685681460374,0.19969793791593615,False
ising,mixed,4,0,0.001,KL descent,240,241,0.33738040924072266,0.026858661029770685,0.19959308274337856,False
ising,mixed,4,0,0.001,KL descent,241,242,0.3383796215057373,0.026848677522521312,0.19948846380329194,False
ising,mixed,4,0,0.001,KL descent,242,243,0.34038591384887695,0.02683873496062445,0.1993840805354561,False
ising,mixed,4,0,0.001,KL descent,243,244,0.3413820266723633,0.026828833145963512,0.19927993238092567,False
ising,mixed,4,0,0.001,KL descent,244,245,0.3428933620452881,0.026818971881386454,0.19917601878201774,False
ising,mixed,4,0,0.001,KL descent,245,246,0.3439044952392578,0.02680915097070042,0.19907233918231243,False
ising,mixed,4,0,0.001,KL descent,246,247,0.34490489959716797,0.026799370218670973,0.19896889302665388,False
ising,mixed,4,0,0.001,KL descent,247,248,0.3459177017211914,0.026789629431011562,0.19886567976114,False
ising,mixed,4,0,0.001,KL descent,248,249,0.34691905975341797,0.02677992841438422,0.19876269883312758,False
ising,mixed,4,0,0.001,KL descent,249,250,0.34793949127197266,0.02677026697639234,0.19865994969122758,False
ising,mixed,4,0,0.001,KL descent,250,251,0.34896254539489746,0.02676064492557707,0.19855743178530216,False
ising,mixed,4,0,0.001,KL descent,251,252,0.34996867179870605,0.026751062071411872,0.19845514456646363,False
ising,mixed,4,0,0.001,KL descent,252,253,0.3510425090789795,0.026741518224299307,0.19835308748706737,False
ising,mixed,4,0,0.001,KL descent,253,254,0.3519577980041504,0.026732013195564983,0.19825126000071636,False
ising,mixed,4,0,0.001,KL descent,254,255,0.3535301685333252,0.026722546797455282,0.1981496615622586,False
ising,mixed,4,0,0.001,KL descent,255,256,0.35458993911743164,0.026713118843129907,0.19804829162777415,False
ising,mixed,4,0,0.001,KL descent,256,257,0.35553812980651855,0.02670372914666095,0.19794714965458748,False
ising,mixed,4,0,0.001,KL descent,257,258,0.35680723190307617,0.026694377523025437,0.19784623510125365,False
ising,mixed,4,0,0.001,KL descent,258,259,0.3588593006134033,0.026685063788102564,0.19774554742756395,False
ising,mixed,4,0,0.001,KL descent,259,260,0.36081886291503906,0.026675787758669474,0.19764508609453935,False
ising,mixed,4,0,0.001,KL descent,260,261,0.3618178367614746,0.02666654925239577,0.19754485056442217,False
ising,mixed,4,0,0.001,KL descent,261,262,0.3633263111114502,0.026657348087840364,0.1974448403006921,False
ising,mixed,4,0,0.001,KL descent,262,263,0.36433863639831543,0.026648184084446865,0.19734505476804365,False
ising,mixed,4,0,0.001,KL descent,263,264,0.3653385639190674,0.026639057062538475,0.1972454934323959,False
ising,mixed,4,0,0.001,KL descent,264,265,0.3663475513458252,0.026629966843315096,0.197146155760885,False
ising,mixed,4,0,0.001,KL descent,265,266,0.36734771728515625,0.02662091324884774,0.197047041221862,False
ising,mixed,4,0,0.001,KL descent,266,267,0.3683476448059082,0.026611896102075656,0.19694814928489812,False
ising,mixed,4,0,0.001,KL descent,267,268,0.36934900283813477,0.02660291522680108,0.19684947942076791,False
ising,mixed,4,0,0.001,KL descent,268,269,0.3703482151031494,0.026593970447685227,0.19675103110146158,False
ising,mixed,4,0,0.001,KL descent,269,270,0.37134718894958496,0.026585061590245516,0.19665280380017203,False
ising,mixed,4,0,0.001,KL descent,270,271,0.37285614013671875,0.026576188480848438,0.19655479699130085,False
ising,mixed,4,0,0.001,KL descent,271,272,0.37389063835144043,0.02656735094670927,0.1964570101504497,False
ising,mixed,4,0,0.001,KL descent,272,273,0.37590670585632324,0.026558548815883678,0.19635944275441958,False
ising,mixed,4,0,0.001,KL descent,273,274,0.37691307067871094,0.02654978191726848,0.19626209428121022,False
ising,mixed,4,0,0.001,KL descent,274,275,0.3779125213623047,0.026541050080592824,0.1961649642100154,False
ising,mixed,4,0,0.001,KL descent,275,276,0.37891435623168945,0.02653235313641784,0.1960680520212264,False
ising,mixed,4,0,0.001,KL descent,276,277,0.3799135684967041,0.026523690916130587,0.19597135719641667,False
ising,mixed,4,0,0.001,KL descent,277,278,0.3818671703338623,0.026515063251940318,0.1958748792183555,False
ising,mixed,4,0,0.001,KL descent,278,279,0.38286757469177246,0.026506469976875818,0.19577861757099624,False
ising,mixed,4,0,0.001,KL descent,279,280,0.38286757469177246,0.026497910924778854,0.19568257173947623,False
ising,mixed,4,0,0.001,KL descent,280,281,0.38498783111572266,0.02648938593030304,0.19558674121011033,False
ising,mixed,4,0,0.001,KL descent,281,282,0.3859856128692627,0.026480894828908107,0.19549112547039804,False
ising,mixed,4,0,0.001,KL descent,282,283,0.3870398998260498,0.026472437456857515,0.19539572400901528,False
ising,mixed,4,0,0.001,KL descent,283,284,0.388988733291626,0.02646401365121175,0.19530053631580263,False
ising,mixed,4,0,0.001,KL descent,284,285,0.391876220703125,0.026455623249827892,0.19520556188178795,False
ising,mixed,4,0,0.001,KL descent,285,286,0.3939015865325928,0.026447266091353235,0.19511080019915739,False
ising,mixed,4,0,0.001,KL descent,286,287,0.39589929580688477,0.026438942015222806,0.19501625076126883,False
ising,mixed,4,0,0.001,KL descent,287,288,0.39797234535217285,0.02643065086165521,0.19492191306264706,False
ising,mixed,4,0,0.001,KL descent,288,289,0.399982213973999,0.02642239247164862,0.19482778659897665,False
ising,mixed,4,0,0.001,KL descent,289,290,0.4019644260406494,0.026414166686976437,0.19473387086710497,False
ising,mixed,4,0,0.001,KL descent,290,291,0.4036417007446289,0.026405973350185567,0.19464016536503326,False
ising,mixed,4,0,0.001,KL descent,291,292,0.40564393997192383,0.026397812304590446,0.19454666959192696,False
ising,mixed,4,0,0.001,KL descent,292,293,0.40769267082214355,0.026389683394269878,0.1944533830480969,False
ising,mixed,4,0,0.001,KL descent,293,294,0.40977001190185547,0.02638158646406433,0.19436030523501013,False
ising,mixed,4,0,0.001,KL descent,294,295,0.4118032455444336,0.02637352135957087,0.1942674356552807,False
ising,mixed,4,0,0.001,KL descent,295,296,0.41340160369873047,0.026365487927140538,0.19417477381267162,False
ising,mixed,4,0,0.001,KL descent,296,297,0.41550660133361816,0.026357486013874533,0.19408231921208552,False
ising,mixed,4,0,0.001,KL descent,297,298,0.41750168800354004,0.026349515467620623,0.1939900713595778,False
ising,mixed,4,0,0.001,KL descent,298,299,0.4194986820220947,0.026341576136967214,0.19389802976233028,False
ising,mixed,4,0,0.001,KL descent,299,300,0.4214975833892822,0.026333667871244373,0.19380619392867154,False
ising,mixed,4,0,0.001,KL descent,300,301,0.42401814460754395,0.02632579052051593,0.19371456336806137,False
ising,mixed,4,0,0.001,KL descent,301,302,0.425060510635376,0.026317943935578028,0.1936231375910959,False
ising,mixed,4,0,0.001,KL descent,302,303,0.4261140823364258,0.026310127967955625,0.19353191610950182,False
ising,mixed,4,0,0.001,KL descent,303,304,0.42711567878723145,0.02630234246989775,0.19344089843612922,False
ising,mixed,4,0,0.001,KL descent,304,305,0.4280683994293213,0.026294587294375022,0.19335008408496068,False
ising,mixed,4,0,0.001,KL descent,305,306,0.42906713485717773,0.026286862295076242,0.19325947257110088,False
ising,mixed,4,0,0.001,KL descent,306,307,0.4300658702850342,0.02627916732640277,0.1931690634107729,False
ising,mixed,4,0,0.001,KL descent,307,308,0.4311041831970215,0.02627150224347041,0.1930788561213247,False
ising,mixed,4,0,0.001,KL descent,308,309,0.4327068328857422,0.02626386690209778,0.1929888502212177,False
ising,mixed,4,0,0.001,KL descent,309,310,0.4337501525878906,0.02625626115881022,0.19289904523002943,False
ising,mixed,4,0,0.001,KL descent,310,311,0.43578028678894043,0.026248684870833656,0.19280944066845174,False
ising,mixed,4,0,0.001,KL descent,311,312,0.4367671012878418,0.026241137896088715,0.19272003605828153,False
ising,mixed,4,0,0.001,KL descent,312,313,0.4377763271331787,0.026233620093192953,0.1926308309224296,False
ising,mixed,4,0,0.001,KL descent,313,314,0.43877506256103516,0.026226131321451646,0.19254182478491305,False
ising,mixed,4,0,0.001,KL descent,314,315,0.43989086151123047,0.026218671440857946,0.19245301717084612,False
ising,mixed,4,0,0.001,KL descent,315,316,0.44190478324890137,0.026211240312088893,0.1923644076064483,False
ising,mixed,4,0,0.001,KL descent,316,317,0.4429047107696533,0.026203837796501706,0.1922759956190443,False
ising,mixed,4,0,0.001,KL descent,317,318,0.44341325759887695,0.026196463756129582,0.19218778073704385,False
ising,mixed,4,0,0.001,KL descent,318,319,0.44442319869995117,0.026189118053681137,0.19209976248996008,False
ising,mixed,4,0,0.001,KL descent,319,320,0.44643449783325195,0.026181800552533805,0.19201194040839298,False
ising,mixed,4,0,0.001,KL descent,320,321,0.447434663772583,0.026174511116732302,0.19192431402403864,False
ising,mixed,4,0,0.001,KL descent,321,322,0.4484856128692627,0.02616724961098658,0.19183688286967854,False
ising,mixed,4,0,0.001,KL descent,322,323,0.4494893550872803,0.026160015900665818,0.19174964647917558,False
ising,mixed,4,0,0.001,KL descent,323,324,0.4504995346069336,0.026152809851797156,0.19166260438748395,False
ising,mixed,4,0,0.001,KL descent,324,325,0.4514944553375244,0.026145631331061635,0.19157575613063205,False
ising,mixed,4,0,0.001,KL descent,325,326,0.4530675411224365,0.026138480205791785,0.19148910124573426,False
ising,mixed,4,0,0.001,KL descent,326,327,0.4541337490081787,0.02613135634396782,0.19140263927097184,False
ising,mixed,4,0,0.001,KL descent,327,328,0.45513129234313965,0.02612425961421474,0.19131636974561306,False
ising,mixed,4,0,0.001,KL descent,328,329,0.4560837745666504,0.026117189885798784,0.19123029220998722,False
ising,mixed,4,0,0.001,KL descent,329,330,0.45813655853271484,0.026110147028624398,0.19114440620550283,False
ising,mixed,4,0,0.001,KL descent,330,331,0.4591195583343506,0.02610313091323239,0.1910587112746282,False
ising,mixed,4,0,0.001,KL descent,331,332,0.4601407051086426,0.026096141410794797,0.1909732069609042,False
ising,mixed,4,0,0.001,KL descent,332,333,0.46108222007751465,0.02608917839311315,0.19088789280893165,False
ising,mixed,4,0,0.001,KL descent,333,334,0.46108222007751465,0.026082241732615336,0.19080276836437393,False
ising,mixed,4,0,0.001,KL descent,334,335,0.46370601654052734,0.02607533130235129,0.19071783317395163,False
ising,mixed,4,0,0.001,KL descent,335,336,0.464705228805542,0.026068446975992154,0.19063308678544466,False
ising,mixed,4,0,0.001,KL descent,336,337,0.4656844139099121,0.026061588627825042,0.19054852874768485,False
ising,mixed,4,0,0.001,KL descent,337,338,0.4667048454284668,0.02605475613275217,0.19046415861056265,False
ising,mixed,4,0,0.001,KL descent,338,339,0.46770548820495605,0.026047949366284986,0.19037997592501094,False
ising,mixed,4,0,0.001,KL descent,339,340,0.4687023162841797,0.026041168204544458,0.1902959802430132,False
ising,mixed,4,0,0.001,KL descent,340,341,0.46971774101257324,0.026034412524255823,0.19021217111760536,False
ising,mixed,4,0,0.001,KL descent,341,342,0.47070932388305664,0.026027682202746334,0.19012854810285634,False
ising,mixed,4,0,0.001,KL descent,342,343,0.47170448303222656,0.02602097711794249,0.19004511075388275,False
ising,mixed,4,0,0.001,KL descent,343,344,0.47316503524780273,0.026014297148367293,0.18996185862684256,False
ising,mixed,4,0,0.001,KL descent,344,345,0.4742114543914795,0.026007642173136215,0.18987879127892676,False
ising,mixed,4,0,0.001,KL descent,345,346,0.476269006729126,0.02600101207195631,0.18979590826836257,False
ising,mixed,4,0,0.001,KL descent,346,347,0.47727131843566895,0.025994406725120676,0.18971320915440948,False
ising,mixed,4,0,0.001,KL descent,347,348,0.47826480865478516,0.025987826013508013,0.1896306934973594,False
ising,mixed,4,0,0.001,KL descent,348,349,0.4802131652832031,0.0259812698185784,0.18954836085853316,False
ising,mixed,4,0,0.001,KL descent,349,350,0.48280906677246094,0.02597473802237157,0.18946621080027592,False
ising,mixed,4,0,0.001,KL descent,350,351,0.4848930835723877,0.02596823050750203,0.18938424288595734,False
ising,mixed,4,0,0.001,KL descent,351,352,0.48695874214172363,0.025961747157158724,0.18930245667996992,False
ising,mixed,4,0,0.001,KL descent,352,353,0.4888303279876709,0.02595528785510027,0.18922085174772485,False
ising,mixed,4,0,0.001,KL descent,353,354,0.4908566474914551,0.025948852485653616,0.1891394276556535,False
ising,mixed,4,0,0.001,KL descent,354,355,0.492870569229126,0.025942440933710568,0.1890581839712001,False
ising,mixed,4,0,0.001,KL descent,355,356,0.49550509452819824,0.02593605308472427,0.1889771202628252,False
ising,mixed,4,0,0.001,KL descent,356,357,0.497495174407959,0.025929688824708474,0.18889623609999445,False
ising,mixed,4,0,0.001,KL descent,357,358,0.4985053539276123,0.025923348040232618,0.18881553105319482,False
ising,mixed,4,0,0.001,KL descent,358,359,0.5004997253417969,0.025917030618420937,0.18873500469390525,False
ising,mixed,4,0,0.001,KL descent,359,360,0.5014643669128418,0.025910736446948024,0.18865465659462305,False
ising,mixed,4,0,0.001,KL descent,360,361,0.5014643669128418,0.02590446541403778,0.18857448632883722,False
ising,mixed,4,0,0.001,KL descent,361,362,0.5029807090759277,0.025898217408459663,0.18849449347104463,False
ising,mixed,4,0,0.001,KL descent,362,363,0.5039958953857422,0.025891992319526366,0.18841467759673958,False
ising,mixed,4,0,0.001,KL descent,363,364,0.5059974193572998,0.025885790037090683,0.18833503828240777,False
ising,mixed,4,0,0.001,KL descent,364,365,0.5070023536682129,0.025879610451544202,0.18825557510553603,False
ising,mixed,4,0,0.001,KL descent,365,366,0.5079934597015381,0.025873453453812784,0.18817628764459932,False
ising,mixed,4,0,0.001,KL descent,366,367,0.50899338722229,0.02586731893535631,0.18809717547906346,False
ising,mixed,4,0,0.001,KL descent,367,368,0.509998083114624,0.02586120678816304,0.18801823818938318,False
ising,mixed,4,0,0.001,KL descent,368,369,0.5109937191009521,0.02585511690474998,0.18793947535699618,False
ising,mixed,4,0,0.001,KL descent,369,370,0.5119941234588623,0.02584904917815821,0.1878608865643262,False
ising,mixed,4,0,0.001,KL descent,370,371,0.5135080814361572,0.025843003501951407,0.1877824713947791,False
ising,mixed,4,0,0.001,KL descent,371,372,0.5145220756530762,0.025836979770213625,0.1877042294327369,False
ising,mixed,4,0,0.001,KL descent,372,373,0.5155148506164551,0.02583097787754454,0.18762616026356338,False
ising,mixed,4,0,0.001,KL descent,373,374,0.5165116786956787,0.025824997719059772,0.1875482634735952,False
ising,mixed,4,0,0.001,KL descent,374,375,0.5175113677978516,0.02581903919038729,0.18747053865014207,False
ising,mixed,4,0,0.001,KL descent,375,376,0.5185112953186035,0.025813102187663483,0.18739298538148225,False
ising,mixed,4,0,0.001,KL descent,376,377,0.5195145606994629,0.025807186607533422,0.1873156032568718,False
ising,mixed,4,0,0.001,KL descent,377,378,0.5205669403076172,0.025801292347145354,0.1872383918665227,False
ising,mixed,4,0,0.001,KL descent,378,379,0.5215654373168945,0.025795419304150528,0.18716135080162144,False
ising,mixed,4,0,0.001,KL descent,379,380,0.523021936416626,0.02578956737669952,0.18708447965430758,False
ising,mixed,4,0,0.001,KL descent,380,381,0.5240349769592285,0.025783736463441616,0.1870077780176903,False
ising,mixed,4,0,0.001,KL descent,381,382,0.5250451564788818,0.025777926463518078,0.18693124548583168,False
ising,mixed,4,0,0.001,KL descent,382,383,0.5260498523712158,0.025772137276565656,0.18685488165375508,False
ising,mixed,4,0,0.001,KL descent,383,384,0.5270442962646484,0.025766368802709026,0.1867786861174322,False
ising,mixed,4,0,0.001,KL descent,384,385,0.5280344486236572,0.0257606209425613,0.1867026584737917,False
ising,mixed,4,0,0.001,KL descent,385,386,0.5290839672088623,0.02575489359722135,0.18662679832071216,False
ising,mixed,4,0,0.001,KL descent,386,387,0.5300812721252441,0.025749186668269766,0.1865511052570209,False
ising,mixed,4,0,0.001,KL descent,387,388,0.5310826301574707,0.02574350005776793,0.18647557888248728,False
ising,mixed,4,0,0.001,KL descent,388,389,0.5326435565948486,0.02573783366825646,0.18640021879783064,False
ising,mixed,4,0,0.001,KL descent,389,390,0.5337047576904297,0.025732187402749573,0.1863250246047073,False
ising,mixed,4,0,0.001,KL descent,390,391,0.5347001552581787,0.02572656116473782,0.18624999590572056,False
ising,mixed,4,0,0.001,KL descent,391,392,0.5357048511505127,0.025720954858179334,0.18617513230440258,False
ising,mixed,4,0,0.001,KL descent,392,393,0.5367116928100586,0.02571536838750503,0.1861004334052273,False
ising,mixed,4,0,0.001,KL descent,393,394,0.5377063751220703,0.025709801657609273,0.1860258988136062,False
ising,mixed,4,0,0.001,KL descent,394,395,0.5387115478515625,0.025704254573851674,0.18595152813587246,False
ising,mixed,4,0,0.001,KL descent,395,396,0.5396618843078613,0.025698727042054396,0.18587732097929888,False
ising,mixed,4,0,0.001,KL descent,396,397,0.5416629314422607,0.02569321896849823,0.185803276952081,False
ising,mixed,4,0,0.001,KL descent,397,398,0.5426578521728516,0.02568773025992225,0.18572939566334223,False
ising,mixed,4,0,0.001,KL descent,398,399,0.543168306350708,0.025682260823520438,0.18565567672312772,False
ising,mixed,4,0,0.001,KL descent,399,400,0.5441818237304688,0.025676810566940142,0.1855821197424083,False
ising,mixed,4,0,0.001,KL descent,400,401,0.5451924800872803,0.02567137939827854,0.1855087243330697,False
ising,mixed,4,0,0.001,KL descent,401,402,0.5472452640533447,0.025665967226082095,0.18543549010792104,False
ising,mixed,4,0,0.001,KL descent,402,403,0.5482461452484131,0.02566057395934286,0.18536241668068176,False
ising,mixed,4,0,0.001,KL descent,403,404,0.5492415428161621,0.02565519950749837,0.18528950366599117,False
ising,mixed,4,0,0.001,KL descent,404,405,0.5502421855926514,0.025649843780427083,0.18521675067939147,False
ising,mixed,4,0,0.001,KL descent,405,406,0.551245927810669,0.025644506688446818,0.18514415733734457,False
ising,mixed,4,0,0.001,KL descent,406,407,0.551245927810669,0.025639188142315056,0.18507172325721621,False
ising,mixed,4,0,0.001,KL descent,407,408,0.5538277626037598,0.025633888053222587,0.18499944805727336,False
ising,mixed,4,0,0.001,KL descent,408,409,0.5548806190490723,0.025628606332794082,0.1849273313566957,False
ising,mixed,4,0,0.001,KL descent,409,410,0.5558218955993652,0.025623342893086515,0.1848553727755583,False
ising,mixed,4,0,0.001,KL descent,410,411,0.5588839054107666,0.025618097646584542,0.18478357193483724,False
ising,mixed,4,0,0.001,KL descent,411,412,0.5608887672424316,0.025612870506200976,0.18471192845640844,False
ising,mixed,4,0,0.001,KL descent,412,413,0.562882661819458,0.02560766138527329,0.1846404419630413,False
ising,mixed,4,0,0.001,KL descent,413,414,0.564528226852417,0.02560247019756061,0.1845691120784011,False
ising,mixed,4,0,0.001,KL descent,414,415,0.5665786266326904,0.025597296857245044,0.18449793842704565,False
ising,mixed,4,0,0.001,KL descent,415,416,0.5684645175933838,0.0255921412789254,0.1844269206344199,False
ising,mixed,4,0,0.001,KL descent,416,417,0.5705513954162598,0.025587003377617948,0.18435605832685842,False
ising,mixed,4,0,0.001,KL descent,417,418,0.5726070404052734,0.025581883068753634,0.18428535113158484,False
ising,mixed,4,0,0.001,KL descent,418,419,0.5746617317199707,0.025576780268175163,0.18421479867669976,False
ising,mixed,4,0,0.001,KL descent,419,420,0.5766613483428955,0.02557169489213771,0.1841444005911954,False
ising,mixed,4,0,0.001,KL descent,420,421,0.5786252021789551,0.02556662685730227,0.18407415650493325,False
ising,mixed,4,0,0.001,KL descent,421,422,0.5796253681182861,0.025561576080738342,0.18400406604866598,False
ising,mixed,4,0,0.001,KL descent,422,423,0.5806169509887695,0.02555654247991897,0.18393412885400895,False
ising,mixed,4,0,0.001,KL descent,423,424,0.5826206207275391,0.025551525972720396,0.18386434455346357,False
ising,mixed,4,0,0.001,KL descent,424,425,0.5831313133239746,0.0255465264774189,0.18379471278039555,False
ising,mixed,4,0,0.001,KL descent,425,426,0.584143877029419,0.02554154391268967,0.18372523316904588,False
ising,mixed,4,0,0.001,KL descent,426,427,0.5851576328277588,0.025536578197604104,0.1836559053545227,False
ising,mixed,4,0,0.001,KL descent,427,428,0.5861561298370361,0.025531629251628184,0.1835867289728017,False
ising,mixed,4,0,0.001,KL descent,428,429,0.5891544818878174,0.02552669699462217,0.1835177036607213,False
ising,mixed,4,0,0.001,KL descent,429,430,0.591156005859375,0.02552178134683481,0.18344882905598314,False
ising,mixed,4,0,0.001,KL descent,430,431,0.5926713943481445,0.025516882228905233,0.18338010479715355,False
ising,mixed,4,0,0.001,KL descent,431,432,0.5946846008300781,0.02551199956185901,0.1833115305236509,False
ising,mixed,4,0,0.001,KL descent,432,433,0.5966978073120117,0.025507133267107216,0.1832431058757592,False
ising,mixed,4,0,0.001,KL descent,433,434,0.5986964702606201,0.025502283266443652,0.1831748304946087,False
ising,mixed,4,0,0.001,KL descent,434,435,0.6006979942321777,0.025497449482043553,0.18310670402219154,False
ising,mixed,4,0,0.001,KL descent,435,436,0.6032013893127441,0.02549263183646151,0.1830387261013433,False
ising,mixed,4,0,0.001,KL descent,436,437,0.6042137145996094,0.025487830252629955,0.18297089637575448,False
ising,mixed,4,0,0.001,KL descent,437,438,0.6052243709564209,0.025483044653857166,0.18290321448996172,False
ising,mixed,4,0,0.001,KL descent,438,439,0.6072258949279785,0.0254782749638242,0.18283568008934759,False
ising,mixed,4,0,0.001,KL descent,439,440,0.6082265377044678,0.02547352110658598,0.1827682928201374,False
ising,mixed,4,0,0.001,KL descent,440,441,0.6092255115509033,0.02546878300656559,0.18270105232939837,False
ising,mixed,4,0,0.001,KL descent,441,442,0.6102235317230225,0.025464060588555815,0.18263395826504036,False
ising,mixed,4,0,0.001,KL descent,442,443,0.6112229824066162,0.02545935377771557,0.18256701027580852,False
ising,mixed,4,0,0.001,KL descent,443,444,0.6127347946166992,0.025454662499569108,0.18250020801128441,False
ising,mixed,4,0,0.001,KL descent,444,445,0.6137485504150391,0.02544998668000241,0.18243355112188664,False
ising,mixed,4,0,0.001,KL descent,445,446,0.6147458553314209,0.0254453262452637,0.18236703925886155,False
ising,mixed,4,0,0.001,KL descent,446,447,0.6157567501068115,0.025440681121960462,0.18230067207429335,False
ising,mixed,4,0,0.001,KL descent,447,448,0.6167559623718262,0.025436051237057576,0.18223444922108778,False
ising,mixed,4,0,0.001,KL descent,448,449,0.6177582740783691,0.025431436517875654,0.1821683703529819,False
ising,mixed,4,0,0.001,KL descent,449,450,0.6207559108734131,0.02542683689208973,0.1821024351245355,False
ising,mixed,4,0,0.001,KL descent,450,451,0.6227552890777588,0.02542225228772762,0.18203664319113683,False
ising,mixed,4,0,0.001,KL descent,451,452,0.6242754459381104,0.025417682633166766,0.18197099420898755,False
ising,mixed,4,0,0.001,KL descent,452,453,0.6262855529785156,0.02541312785713467,0.1819054878351118,False
ising,mixed,4,0,0.001,KL descent,453,454,0.6282868385314941,0.02540858788870525,0.1818401237273567,False
ising,mixed,4,0,0.001,KL descent,454,455,0.6292839050292969,0.025404062657298068,0.18177490154437803,False
ising,mixed,4,0,0.001,KL descent,455,456,0.6302862167358398,0.02539955209267681,0.1817098209456499,False
ising,mixed,4,0,0.001,KL descent,456,457,0.6312856674194336,0.0253950561249469,0.1816448815914578,False
ising,mixed,4,0,0.001,KL descent,457,458,0.6327981948852539,0.02539057468455511,0.18158008314289575,False
ising,mixed,4,0,0.001,KL descent,458,459,0.6338119506835938,0.02538610770228566,0.18151542526186915,False
ising,mixed,4,0,0.001,KL descent,459,460,0.6358234882354736,0.02538165510926042,0.18145090761108928,False
ising,mixed,4,0,0.001,KL descent,460,461,0.6378231048583984,0.025377216836937562,0.18138652985406867,False
ising,mixed,4,0,0.001,KL descent,461,462,0.6398236751556396,0.02537279281710777,0.1813222916551286,False
ising,mixed,4,0,0.001,KL descent,462,463,0.641822099685669,0.02536838298189379,0.18125819267938897,False
ising,mixed,4,0,0.001,KL descent,463,464,0.6433327198028564,0.02536398726375038,0.1811942325927678,False
ising,mixed,4,0,0.001,KL descent,464,465,0.6443440914154053,0.025359605595460195,0.18113041106198496,False
ising,mixed,4,0,0.001,KL descent,465,466,0.645357608795166,0.02535523791013292,0.18106672775455018,False
ising,mixed,4,0,0.001,KL descent,466,467,0.6473557949066162,0.02535088414120446,0.18100318233877288,False
ising,mixed,4,0,0.001,KL descent,467,468,0.6483533382415771,0.02534654422243438,0.1809397744837528,False
ising,mixed,4,0,0.001,KL descent,468,469,0.6493556499481201,0.025342218087905058,0.18087650385937876,False
ising,mixed,4,0,0.001,KL descent,469,470,0.6503570079803467,0.02533790567201937,0.1808133701363282,False
ising,mixed,4,0,0.001,KL descent,470,471,0.6513559818267822,0.02533360690950005,0.18075037298606794,False
ising,mixed,4,0,0.001,KL descent,471,472,0.6528661251068115,0.025329321735387253,0.1806875120808492,False
ising,mixed,4,0,0.001,KL descent,472,473,0.6538782119750977,0.02532505008503635,0.18062478709370278,False
ising,mixed,4,0,0.001,KL descent,473,474,0.6548779010772705,0.025320791894119746,0.18056219769844895,False
ising,mixed,4,0,0.001,KL descent,474,475,0.6558883190155029,0.0253165470986203,0.18049974356967774,False
ising,mixed,4,0,0.001,KL descent,475,476,0.656888484954834,0.025312315634833604,0.18043742438276628,False
ising,mixed,4,0,0.001,KL descent,476,477,0.6588881015777588,0.025308097439365674,0.18037523981386072,False
ising,mixed,4,0,0.001,KL descent,477,478,0.659888744354248,0.02530389244913037,0.1803131895398874,False
ising,mixed,4,0,0.001,KL descent,478,479,0.6608884334564209,0.02529970060134791,0.1802512732385434,False
ising,mixed,4,0,0.001,KL descent,479,480,0.6618897914886475,0.025295521833545182,0.18018949058829337,False
ising,mixed,4,0,0.001,KL descent,480,481,0.663398265838623,0.02529135608355222,0.18012784126837555,False
ising,mixed,4,0,0.001,KL descent,481,482,0.6644079685211182,0.025287203289502132,0.18006632495879527,False
ising,mixed,4,0,0.001,KL descent,482,483,0.6654198169708252,0.025283063389827942,0.1800049413403222,False
ising,mixed,4,0,0.001,KL descent,483,484,0.6664180755615234,0.025278936323263605,0.17994369009448946,False
ising,mixed,4,0,0.001,KL descent,484,485,0.6674201488494873,0.025274822028839006,0.17988257090359056,False
ising,mixed,4,0,0.001,KL descent,485,486,0.6684176921844482,0.025270720445882966,0.179821583450688,False
ising,mixed,4,0,0.001,KL descent,486,487,0.6694178581237793,0.025266631514017483,0.17976072741959143,False
ising,mixed,4,0,0.001,KL descent,487,488,0.6704189777374268,0.025262555173159056,0.1797000024948774,False
ising,mixed,4,0,0.001,KL descent,488,489,0.6714167594909668,0.02525849136351649,0.17963940836187098,False
ising,mixed,4,0,0.001,KL descent,489,490,0.6729269027709961,0.025254440025588708,0.1795789447066557,False
ising,mixed,4,0,0.001,KL descent,490,491,0.6749398708343506,0.025250401100163918,0.17951861121605972,False
ising,mixed,4,0,0.001,KL descent,491,492,0.675950288772583,0.025246374528318592,0.1794584075776713,False
ising,mixed,4,0,0.001,KL descent,492,493,0.6769514083862305,0.025242360251416174,0.17939833347982032,False
ising,mixed,4,0,0.001,KL descent,493,494,0.6779491901397705,0.025238358211104314,0.17933838861158413,False
ising,mixed,4,0,0.001,KL descent,494,495,0.6789510250091553,0.02523436834931405,0.17927857266278635,False
ising,mixed,4,0,0.001,KL descent,495,496,0.6799490451812744,0.025230390608259472,0.17921888532399388,False
ising,mixed,4,0,0.001,KL descent,496,497,0.6819493770599365,0.02522642493043559,0.17915932628651582,False
ising,mixed,4,0,0.001,KL descent,497,498,0.6829526424407959,0.02522247125861595,0.1790998952423959,False
ising,mixed,4,0,0.001,KL descent,498,499,0.6844720840454102,0.025218529535852744,0.17904059188442473,False
ising,mixed,4,0,0.001,KL descent,499,500,0.6854827404022217,0.025214599705475894,0.178981415906122,False
ising,mixed,4,0,0.001,KL descent,500,501,0.6864809989929199,0.025210681711088496,0.17892236700174818,False
ising,mixed,4,0,0.001,KL descent,501,502,0.6874828338623047,0.0252067754965698,0.17886344486629036,False
ising,mixed,4,0,0.001,KL descent,502,503,0.6884822845458984,0.025202881006070203,0.17880464919547268,False
ising,mixed,4,0,0.001,KL descent,503,504,0.6904828548431396,0.025198998184012198,0.17874597968574446,False
ising,mixed,4,0,0.001,KL descent,504,505,0.6914811134338379,0.025195126975088397,0.17868743603429071,False
ising,mixed,4,0,0.001,KL descent,505,506,0.6929936408996582,0.02519126732425926,0.1786290179390106,False
ising,mixed,4,0,0.001,KL descent,506,507,0.694007158279419,0.025187419176753403,0.17857072509854,False
ising,mixed,4,0,0.001,KL descent,507,508,0.6950082778930664,0.025183582478064858,0.17851255721222925,False
ising,mixed,4,0,0.001,KL descent,508,509,0.6970188617706299,0.025179757173953064,0.17845451398015555,False
ising,mixed,4,0,0.001,KL descent,509,510,0.6990184783935547,0.025175943210440133,0.17839659510311423,False
ising,mixed,4,0,0.001,KL descent,510,511,0.7010200023651123,0.025172140533810314,0.17833880028261784,False
ising,mixed,4,0,0.001,KL descent,511,512,0.7030189037322998,0.025168349090609467,0.17828112922089612,False
ising,mixed,4,0,0.001,KL descent,512,513,0.7045388221740723,0.025164568827642453,0.1782235816208948,False
ising,mixed,4,0,0.001,KL descent,513,514,0.7075474262237549,0.02516079969197196,0.1781661571862666,False
ising,mixed,4,0,0.001,KL descent,514,515,0.708547830581665,0.025157041630918146,0.17810885562138573,False
ising,mixed,4,0,0.001,KL descent,515,516,0.7095472812652588,0.02515329459205767,0.17805167663132926,False
ising,mixed,4,0,0.001,KL descent,516,517,0.7115485668182373,0.025149558523219342,0.17799461992188303,False
ising,mixed,4,0,0.001,KL descent,517,518,0.7115485668182373,0.025145833372487988,0.17793768519954212,False
ising,mixed,4,0,0.001,KL descent,518,519,0.7140772342681885,0.02514211908819857,0.1778808721715034,False
ising,mixed,4,0,0.001,KL descent,519,520,0.7150774002075195,0.025138415618936573,0.17782418054566884,False
ising,mixed,4,0,0.001,KL descent,520,521,0.7160875797271729,0.02513472291353801,0.17776761003064356,False
ising,mixed,4,0,0.001,KL descent,521,522,0.7170915603637695,0.025131040921087644,0.17771116033573026,False
ising,mixed,4,0,0.001,KL descent,522,523,0.7180886268615723,0.02512736959091553,0.17765483117092956,False
ising,mixed,4,0,0.001,KL descent,523,524,0.7190878391265869,0.02512370887259836,0.177598622246941,False
ising,mixed,4,0,0.001,KL descent,524,525,0.7200877666473389,0.025120058715957464,0.177542533275161,False
ising,mixed,4,0,0.001,KL descent,525,526,0.72109055519104,0.02511641907105803,0.17748656396767432,False
ising,mixed,4,0,0.001,KL descent,526,527,0.7226009368896484,0.025112789888206852,0.1774307140372614,False
ising,mixed,4,0,0.001,KL descent,527,528,0.723613977432251,0.02510917111795133,0.1773749831973918,False
ising,mixed,4,0,0.001,KL descent,528,529,0.7256290912628174,0.025105562711079162,0.17731937116222496,False
ising,mixed,4,0,0.001,KL descent,529,530,0.726628303527832,0.02510196461861775,0.17726387764660823,False
ising,mixed,4,0,0.001,KL descent,530,531,0.7276289463043213,0.025098376791829764,0.17720850236607122,False
ising,mixed,4,0,0.001,KL descent,531,532,0.7286279201507568,0.025094799182216326,0.1771532450368304,False
ising,mixed,4,0,0.001,KL descent,532,533,0.729628324508667,0.025091231741511483,0.17709810537578258,False
ising,mixed,4,0,0.001,KL descent,533,534,0.7306287288665771,0.02508767442168602,0.17704308310051053,False
ising,mixed,4,0,0.001,KL descent,534,535,0.7316277027130127,0.02508412717494082,0.17698817792926758,False
ising,mixed,4,0,0.001,KL descent,535,536,0.7331395149230957,0.025080589953709657,0.17693338958099253,False
ising,mixed,4,0,0.001,KL descent,536,537,0.7341513633728027,0.025077062710657412,0.17687871777529546,False
ising,mixed,4,0,0.001,KL descent,537,538,0.735152006149292,0.02507354539867708,0.17682416223246628,False
ising,mixed,4,0,0.001,KL descent,538,539,0.7361631393432617,0.02507003797089133,0.1767697226734632,False
ising,mixed,4,0,0.001,KL descent,539,540,0.7371642589569092,0.025066540380648494,0.1767153988199136,False
ising,mixed,4,0,0.001,KL descent,540,541,0.7381651401519775,0.025063052581523703,0.1766611903941233,False
ising,mixed,4,0,0.001,KL descent,541,542,0.7401671409606934,0.025059574527317347,0.17660709711905886,False
ising,mixed,4,0,0.001,KL descent,542,543,0.7411649227142334,0.02505610617205285,0.17655311871835722,False
ising,mixed,4,0,0.001,KL descent,543,544,0.7411649227142334,0.025052647469977297,0.1764992549163199,False
ising,mixed,4,0,0.001,KL descent,544,545,0.7426745891571045,0.025049198375557778,0.17644550543790932,False
ising,mixed,4,0,0.001,KL descent,545,546,0.7436885833740234,0.02504575884348368,0.176391870008754,False
ising,mixed,4,0,0.001,KL descent,546,547,0.7446906566619873,0.025042328828662457,0.17633834835514045,False
ising,mixed,4,0,0.001,KL descent,547,548,0.7457010746002197,0.02503890828622103,0.1762849402040168,False
ising,mixed,4,0,0.001,KL descent,548,549,0.7467079162597656,0.02503549717150274,0.17623164528298485,False
ising,mixed,4,0,0.001,KL descent,549,550,0.7477028369903564,0.025032095440067178,0.17617846332030457,False
ising,mixed,4,0,0.001,KL descent,550,551,0.7487003803253174,0.025028703047690035,0.17612539404489208,False
ising,mixed,4,0,0.001,KL descent,551,552,0.7497007846832275,0.025025319950359372,0.17607243718631255,False
ising,mixed,4,0,0.001,KL descent,552,553,0.7507026195526123,0.025021946104278277,0.1760195924747857,False
ising,mixed,4,0,0.001,KL descent,553,554,0.7517006397247314,0.02501858146585965,0.1759668596411777,False
ising,mixed,4,0,0.001,KL descent,554,555,0.7532155513763428,0.02501522599172931,0.1759142384170076,False
ising,mixed,4,0,0.001,KL descent,555,556,0.7542238235473633,0.025011879638721864,0.17586172853443816,False
ising,mixed,4,0,0.001,KL descent,556,557,0.7552337646484375,0.025008542363880858,0.17580932972627833,False
ising,mixed,4,0,0.001,KL descent,557,558,0.7562351226806641,0.025005214124457865,0.1757570417259789,False
ising,mixed,4,0,0.001,KL descent,558,559,0.7582380771636963,0.02500189487791157,0.17570486426763665,False
ising,mixed,4,0,0.001,KL descent,559,560,0.759232759475708,0.024998584581905268,0.1756527970859879,False
ising,mixed,4,0,0.001,KL descent,560,561,0.7602336406707764,0.024995283194308035,0.17560083991640335,False
ising,mixed,4,0,0.001,KL descent,561,562,0.7612347602844238,0.024991990673193458,0.17554899249490113,False
ising,mixed,4,0,0.001,KL descent,562,563,0.7612347602844238,0.02498870697683547,0.17549725455812548,False
ising,mixed,4,0,0.001,KL descent,563,564,0.7627451419830322,0.02498543206371241,0.17544562584336298,False
ising,mixed,4,0,0.001,KL descent,564,565,0.7637615203857422,0.024982165892501514,0.1753941060885288,False
ising,mixed,4,0,0.001,KL descent,565,566,0.7647607326507568,0.02497890842208069,0.1753426950321758,False
ising,mixed,4,0,0.001,KL descent,566,567,0.765770673751831,0.0249756596115261,0.17529139241347785,False
ising,mixed,4,0,0.001,KL descent,567,568,0.7667710781097412,0.024972419420112506,0.17524019797224755,False
ising,mixed,4,0,0.001,KL descent,568,569,0.7677731513977051,0.024969187807310615,0.17518911144891836,False
ising,mixed,4,0,0.001,KL descent,569,570,0.7687711715698242,0.024965964732788077,0.17513813258455257,False
ising,mixed,4,0,0.001,KL descent,570,571,0.769770622253418,0.024962750156406057,0.17508726112083306,False
ising,mixed,4,0,0.001,KL descent,571,572,0.7707879543304443,0.024959544038221034,0.17503649680007494,False
ising,mixed,4,0,0.001,KL descent,572,573,0.7727749347686768,0.02495634633848077,0.17498583936520307,False
ising,mixed,4,0,0.001,KL descent,573,574,0.7732837200164795,0.02495315701762692,0.17493528855977103,False
ising,mixed,4,0,0.001,KL descent,574,575,0.7742962837219238,0.024949976036291538,0.17488484412794586,False
ising,mixed,4,0,0.001,KL descent,575,576,0.7763526439666748,0.024946803355297188,0.17483450581451743,False
ising,mixed,4,0,0.001,KL descent,576,577,0.7773597240447998,0.02494363893565397,0.17478427336488456,False
ising,mixed,4,0,0.001,KL descent,577,578,0.778353214263916,0.02494048273856192,0.17473414652506375,False
ising,mixed,4,0,0.001,KL descent,578,579,0.7793498039245605,0.024937334725408555,0.17468412504168573,False
ising,mixed,4,0,0.001,KL descent,579,580,0.7803552150726318,0.024934194857766715,0.17463420866199253,False
ising,mixed,4,0,0.001,KL descent,580,581,0.7813615798950195,0.024931063097395994,0.17458439713383067,False
ising,mixed,4,0,0.001,KL descent,581,582,0.7813615798950195,0.024927939406239177,0.1745346902056621,False
ising,mixed,4,0,0.001,KL descent,582,583,0.7829136848449707,0.02492482374642359,0.17448508762655157,False
ising,mixed,4,0,0.001,KL descent,583,584,0.7839736938476562,0.024921716080259428,0.17443558914616875,False
ising,mixed,4,0,0.001,KL descent,584,585,0.7849714756011963,0.024918616370239132,0.1743861945147972,False
ising,mixed,4,0,0.001,KL descent,585,586,0.7859735488891602,0.024915524579034593,0.17433690348330855,False
ising,mixed,4,0,0.001,KL descent,586,587,0.7869772911071777,0.024912440669499165,0.17428771580318497,False
ising,mixed,4,0,0.001,KL descent,587,588,0.7879765033721924,0.024909364604665498,0.17423863122650662,False
ising,mixed,4,0,0.001,KL descent,588,589,0.7899341583251953,0.024906296347743623,0.17418964950595472,False
ising,mixed,4,0,0.001,KL descent,589,590,0.7909343242645264,0.024903235862121866,0.17414077039480114,False
ising,mixed,4,0,0.001,KL descent,590,591,0.7919256687164307,0.024900183111364577,0.17409199364691885,False
ising,mixed,4,0,0.001,KL descent,591,592,0.7934339046478271,0.024897138059212183,0.17404331901677517,False
ising,mixed,4,0,0.001,KL descent,592,593,0.7944457530975342,0.024894100669579818,0.17399474625942757,False
ising,mixed,4,0,0.001,KL descent,593,594,0.7954585552215576,0.02489107090655656,0.17394627513052818,False
ising,mixed,4,0,0.001,KL descent,594,595,0.7964544296264648,0.02488804873440457,0.17389790538631544,False
ising,mixed,4,0,0.001,KL descent,595,596,0.7974555492401123,0.024885034117558578,0.17384963678361726,False
ising,mixed,4,0,0.001,KL descent,596,597,0.7984569072723389,0.024882027020624642,0.17380146907985577,False
ising,mixed,4,0,0.001,KL descent,597,598,0.7994544506072998,0.024879027408378728,0.17375340203302836,False
ising,mixed,4,0,0.001,KL descent,598,599,0.8004539012908936,0.024876035245767498,0.17370543540172562,False
ising,mixed,4,0,0.001,KL descent,599,600,0.8014569282531738,0.024873050497906547,0.17365756894511614,False
ising,mixed,4,0,0.001,KL descent,600,601,0.8014569282531738,0.02487007313007929,0.17360980242295265,False
ising,mixed,4,0,0.001,KL descent,601,602,0.8030283451080322,0.024867103107735294,0.17356213559556732,False
ising,mixed,4,0,0.001,KL descent,602,603,0.8040916919708252,0.0248641403964916,0.1735145682238715,False
ising,mixed,4,0,0.001,KL descent,603,604,0.8065521717071533,0.024861184962132223,0.1734671000693554,False
ising,mixed,4,0,0.001,KL descent,604,605,0.8075652122497559,0.024858236770602768,0.17341973089408602,False
ising,mixed,4,0,0.001,KL descent,605,606,0.8085634708404541,0.024855295788015278,0.17337246046070176,False
ising,mixed,4,0,0.001,KL descent,606,607,0.809565544128418,0.02485236198064467,0.17332528853241802,False
ising,mixed,4,0,0.001,KL descent,607,608,0.8105652332305908,0.024849435314926862,0.17327821487302142,False
ising,mixed,4,0,0.001,KL descent,608,609,0.8115642070770264,0.02484651575746143,0.17323123924686912,False
ising,mixed,4,0,0.001,KL descent,609,610,0.813077449798584,0.024843603275007207,0.173184361418888,False
ising,mixed,4,0,0.001,KL descent,610,611,0.8140900135040283,0.024840697834483467,0.1731375811545765,False
ising,mixed,4,0,0.001,KL descent,611,612,0.8150897026062012,0.024837799402968267,0.1730908982199913,False
ising,mixed,4,0,0.001,KL descent,612,613,0.8160984516143799,0.02483490794769868,0.173044312381763,False
ising,mixed,4,0,0.001,KL descent,613,614,0.8170986175537109,0.024832023436069377,0.1729978234070842,False
ising,mixed,4,0,0.001,KL descent,614,615,0.8180971145629883,0.024829145835631644,0.17295143106370747,False
ising,mixed,4,0,0.001,KL descent,615,616,0.8191075325012207,0.02482627511409256,0.17290513511995076,False
ising,mixed,4,0,0.001,KL descent,616,617,0.8200969696044922,0.02482341123931553,0.1728589353446891,False
ising,mixed,4,0,0.001,KL descent,617,618,0.8211097717285156,0.024820554179317136,0.1728128315073585,False
ising,mixed,4,0,0.001,KL descent,618,619,0.8236336708068848,0.024817703902268857,0.17276682337795135,False
ising,mixed,4,0,0.001,KL descent,619,620,0.8246302604675293,0.024814860376494673,0.17272091072701473,False
ising,mixed,4,0,0.001,KL descent,620,621,0.8256309032440186,0.024812023570471728,0.1726750933256574,False
ising,mixed,4,0,0.001,KL descent,621,622,0.8266470432281494,0.024809193452827113,0.17262937094552916,False
ising,mixed,4,0,0.001,KL descent,622,623,0.8276467323303223,0.024806369992339806,0.17258374335884652,False
ising,mixed,4,0,0.001,KL descent,623,624,0.8286468982696533,0.024803553157938626,0.17253821033836458,False
ising,mixed,4,0,0.001,KL descent,624,625,0.8296642303466797,0.024800742918701792,0.17249277165739707,False
ising,mixed,4,0,0.001,KL descent,625,626,0.8306572437286377,0.0247979392438562,0.1724474270898012,False
ising,mixed,4,0,0.001,KL descent,626,627,0.831648588180542,0.02479514210277582,0.17240217640998096,False
ising,mixed,4,0,0.001,KL descent,627,628,0.8331832885742188,0.024792351464982466,0.17235701939289005,False
ising,mixed,4,0,0.001,KL descent,628,629,0.8342022895812988,0.024789567300144887,0.17231195581402192,False
ising,mixed,4,0,0.001,KL descent,629,630,0.8351891040802002,0.02478678957807592,0.1722669854494161,False
ising,mixed,4,0,0.001,KL descent,630,631,0.8361859321594238,0.02478401826873488,0.17222210807565086,False
ising,mixed,4,0,0.001,KL descent,631,632,0.8372154235839844,0.024781253342223936,0.17217732346985049,False
ising,mixed,4,0,0.001,KL descent,632,633,0.8381955623626709,0.024778494768790408,0.1721326314096724,False
ising,mixed,4,0,0.001,KL descent,633,634,0.8401889801025391,0.024775742518822984,0.172088031673316,False
ising,mixed,4,0,0.001,KL descent,634,635,0.841191291809082,0.02477299656285354,0.17204352403951806,False
ising,mixed,4,0,0.001,KL descent,635,636,0.8427035808563232,0.024770256871554628,0.17199910828754572,False
ising,mixed,4,0,0.001,KL descent,636,637,0.8437347412109375,0.024767523415739758,0.17195478419720434,False
ising,mixed,4,0,0.001,KL descent,637,638,0.8447360992431641,0.02476479616636276,0.17191055154883167,False
ising,mixed,4,0,0.001,KL descent,638,639,0.8457307815551758,0.02476207509451661,0.1718664101232954,False
ising,mixed,4,0,0.001,KL descent,639,640,0.8467299938201904,0.024759360171433042,0.1718223597019976,False
ising,mixed,4,0,0.001,KL descent,640,641,0.8477296829223633,0.024756651368481004,0.1717784000668633,False
ising,mixed,4,0,0.001,KL descent,641,642,0.8487300872802734,0.024753948657168203,0.17173453100034863,False
ising,mixed,4,0,0.001,KL descent,642,643,0.8497297763824463,0.024751252009137793,0.17169075228543684,False
ising,mixed,4,0,0.001,KL descent,643,644,0.8507325649261475,0.024748561396169415,0.17164706370563865,False
ising,mixed,4,0,0.001,KL descent,644,645,0.8517310619354248,0.024745876790177722,0.17160346504498325,False
ising,mixed,4,0,0.001,KL descent,645,646,0.8527319431304932,0.02474319816321237,0.17155995608802344,False
ising,mixed,4,0,0.001,KL descent,646,647,0.854607343673706,0.024740525487457008,0.17151653661983912,False
ising,mixed,4,0,0.001,KL descent,647,648,0.8556177616119385,0.024737858735227995,0.17147320642602415,False
ising,mixed,4,0,0.001,KL descent,648,649,0.8566234111785889,0.024735197878974054,0.17142996529269577,False
ising,mixed,4,0,0.001,KL descent,649,650,0.8586218357086182,0.024732542891277465,0.17138681300648662,False
ising,mixed,4,0,0.001,KL descent,650,651,0.8596184253692627,0.02472989374485066,0.17134374935454516,False
ising,mixed,4,0,0.001,KL descent,651,652,0.8606183528900146,0.024727250412537146,0.1713007741245408,False
ising,mixed,4,0,0.001,KL descent,652,653,0.8616280555725098,0.024724612867310116,0.1712578871046475,False
ising,mixed,4,0,0.001,KL descent,653,654,0.8626232147216797,0.024721981082272537,0.17121508808356223,False
ising,mixed,4,0,0.001,KL descent,654,655,0.8631386756896973,0.024719355030656087,0.17117237685048464,False
ising,mixed,4,0,0.001,KL descent,655,656,0.864142894744873,0.024716734685820547,0.1711297531951344,False
ising,mixed,4,0,0.001,KL descent,656,657,0.8651425838470459,0.024714120021253855,0.1710872169077321,False
ising,mixed,4,0,0.001,KL descent,657,658,0.8671445846557617,0.024711511010568923,0.17104476777900662,False
ising,mixed,4,0,0.001,KL descent,658,659,0.8681414127349854,0.02470890762750769,0.17100240560020058,False
ising,mixed,4,0,0.001,KL descent,659,660,0.8691396713256836,0.024706309845934946,0.17096013016305506,False
ising,mixed,4,0,0.001,KL descent,660,661,0.8701488971710205,0.02470371763984324,0.17091794125982257,False
ising,mixed,4,0,0.001,KL descent,661,662,0.8711450099945068,0.02470113098334711,0.17087583868324885,False
ising,mixed,4,0,0.001,KL descent,662,663,0.8726541996002197,0.024698549850686674,0.17083382222659033,False
ising,mixed,4,0,0.001,KL descent,663,664,0.8737196922302246,0.02469597421622439,0.17079189168360354,False
ising,mixed,4,0,0.001,KL descent,664,665,0.874718427658081,0.024693404054444822,0.17075004684853484,False
ising,mixed,4,0,0.001,KL descent,665,666,0.875784158706665,0.024690839339956215,0.17070828751614275,False
ising,mixed,4,0,0.001,KL descent,666,667,0.8767836093902588,0.02468828004748647,0.17066661348167433,False
ising,mixed,4,0,0.001,KL descent,667,668,0.8778038024902344,0.0246857261518851,0.17062502454087675,False
ising,mixed,4,0,0.001,KL descent,668,669,0.878793478012085,0.024683177628122055,0.1705835204899862,False
ising,mixed,4,0,0.001,KL descent,669,670,0.8807930946350098,0.024680634451286453,0.17054210112573875,False
ising,mixed,4,0,0.001,KL descent,670,671,0.8818001747131348,0.02467809659658623,0.1705007662453591,False
ising,mixed,4,0,0.001,KL descent,671,672,0.8827848434448242,0.024675564039348057,0.17045951564656603,False
ising,mixed,4,0,0.001,KL descent,672,673,0.883415699005127,0.024673036755016975,0.17041834912756498,False
ising,mixed,4,0,0.001,KL descent,673,674,0.8844785690307617,0.024670514719154303,0.17037726648705515,False
ising,mixed,4,0,0.001,KL descent,674,675,0.8855545520782471,0.024667997907438698,0.17033626752421704,False
ising,mixed,4,0,0.001,KL descent,675,676,0.8865506649017334,0.024665486295664833,0.17029535203872065,False
ising,mixed,4,0,0.001,KL descent,676,677,0.8875458240509033,0.024662979859743007,0.17025451983072343,False
ising,mixed,4,0,0.001,KL descent,677,678,0.8894169330596924,0.02466047857569877,0.17021377070086763,False
ising,mixed,4,0,0.001,KL descent,678,679,0.8905525207519531,0.024657982419671008,0.17017310445027334,False
ising,mixed,4,0,0.001,KL descent,679,680,0.8915109634399414,0.024655491367913625,0.17013252088054603,False
ising,mixed,4,0,0.001,KL descent,680,681,0.8915109634399414,0.024653005396793694,0.1700920197937693,False
ising,mixed,4,0,0.001,KL descent,681,682,0.8931379318237305,0.024650524482790526,0.17005160099251293,False
ising,mixed,4,0,0.001,KL descent,682,683,0.8942399024963379,0.024648048602495764,0.1700112642798185,False
ising,mixed,4,0,0.001,KL descent,683,684,0.8962347507476807,0.02464557773261274,0.1699710094592049,False
ising,mixed,4,0,0.001,KL descent,684,685,0.8972499370574951,0.024643111849956233,0.16993083633466988,False
ising,mixed,4,0,0.001,KL descent,685,686,0.8982343673706055,0.024640650931451447,0.1698907447106882,False
ising,mixed,4,0,0.001,KL descent,686,687,0.8992440700531006,0.024638194954133403,0.16985073439220477,False
ising,mixed,4,0,0.001,KL descent,687,688,0.900202751159668,0.024635743895146164,0.16981080518463765,False
ising,mixed,4,0,0.001,KL descent,688,689,0.9012405872344971,0.02463329773174388,0.16977095689387633,False
ising,mixed,4,0,0.001,KL descent,689,690,0.9028449058532715,0.024630856441288252,0.1697311893262834,False
ising,mixed,4,0,0.001,KL descent,690,691,0.9039497375488281,0.02462842000124866,0.16969150228868524,False
ising,mixed,4,0,0.001,KL descent,691,692,0.9049482345581055,0.024625988389203105,0.16965189558838356,False
ising,mixed,4,0,0.001,KL descent,692,693,0.9058628082275391,0.0246235615828341,0.1696123690331437,False
ising,mixed,4,0,0.001,KL descent,693,694,0.9068882465362549,0.024621139559933187,0.16957292243119382,False
ising,mixed,4,0,0.001,KL descent,694,695,0.9089138507843018,0.02461872229839544,0.1695335555912328,False
ising,mixed,4,0,0.001,KL descent,695,696,0.9099037647247314,0.024616309776222714,0.16949426832241787,False
ising,mixed,4,0,0.001,KL descent,696,697,0.9109077453613281,0.024613901971520604,0.1694550604343728,False
ising,mixed,4,0,0.001,KL descent,697,698,0.9119033813476562,0.02461149886249917,0.1694159317371821,False
ising,mixed,4,0,0.001,KL descent,698,699,0.9129080772399902,0.024609100427472635,0.16937688204138823,False
ising,mixed,4,0,0.001,KL descent,699,700,0.9134759902954102,0.0246067066448578,0.16933791115799374,False
ising,mixed,4,0,0.001,KL descent,700,701,0.9145290851593018,0.024604317493174665,0.1692990188984645,False
ising,mixed,4,0,0.001,KL descent,701,702,0.9164948463439941,0.02460193295104475,0.1692602050747123,False
ising,mixed,4,0,0.001,KL descent,702,703,0.917494535446167,0.024599552997192287,0.16922146949911826,False
ising,mixed,4,0,0.001,KL descent,703,704,0.918494701385498,0.024597177610441622,0.16918281198450774,False
ising,mixed,4,0,0.001,KL descent,704,705,0.91949462890625,0.024594806769718206,0.1691442323441652,False
ising,mixed,4,0,0.001,KL descent,705,706,0.9204916954040527,0.02459244045404834,0.16910573039182564,False
ising,mixed,4,0,0.001,KL descent,706,707,0.9214925765991211,0.024590078642556586,0.16906730594167607,False
ising,mixed,4,0,0.001,KL descent,707,708,0.9230031967163086,0.0245877213144684,0.16902895880835556,False
ising,mixed,4,0,0.001,KL descent,708,709,0.9240176677703857,0.0245853684491067,0.16899068880695162,False
ising,mixed,4,0,0.001,KL descent,709,710,0.9250154495239258,0.02458302002589347,0.16895249575299764,False
ising,mixed,4,0,0.001,KL descent,710,711,0.9260268211364746,0.02458067602434745,0.16891437946247828,False
ising,mixed,4,0,0.001,KL descent,711,712,0.9270272254943848,0.024578336424085783,0.16887633975182115,False
ising,mixed,4,0,0.001,KL descent,712,713,0.928025484085083,0.024576001204822152,0.16883837643790034,False
ising,mixed,4,0,0.001,KL descent,713,714,0.9290287494659424,0.02457367034636616,0.168800489338035,False
ising,mixed,4,0,0.001,KL descent,714,715,0.9311559200286865,0.024571343828623183,0.16876267826998503,False
ising,mixed,4,0,0.001,KL descent,715,716,0.9327945709228516,0.02456902163159439,0.16872494305195196,False
ising,mixed,4,0,0.001,KL descent,716,717,0.9349305629730225,0.02456670373537631,0.16868728350258205,False
ising,mixed,4,0,0.001,KL descent,717,718,0.9369258880615234,0.02456439012015872,0.1686496994409561,False
ising,mixed,4,0,0.001,KL descent,718,719,0.9388082027435303,0.024562080766226575,0.168612190686598,False
ising,mixed,4,0,0.001,KL descent,719,720,0.9408681392669678,0.024559775653957717,0.1685747570594659,False
ising,mixed,4,0,0.001,KL descent,720,721,0.942925214767456,0.02455747476382327,0.16853739837995685,False
ising,mixed,4,0,0.001,KL descent,721,722,0.9445772171020508,0.024555178076386415,0.16850011446890162,False
ising,mixed,4,0,0.001,KL descent,722,723,0.9466292858123779,0.024552885572303996,0.16846290514756768,False
ising,mixed,4,0,0.001,KL descent,723,724,0.9486219882965088,0.024550597232322773,0.16842577023765415,False
ising,mixed,4,0,0.001,KL descent,724,725,0.9506239891052246,0.0245483130372823,0.16838870956129004,False
ising,mixed,4,0,0.001,KL descent,725,726,0.9531826972961426,0.024546032968111683,0.16835172294104372,False
ising,mixed,4,0,0.001,KL descent,726,727,0.9551832675933838,0.024543757005830887,0.16831481019990452,False
ising,mixed,4,0,0.001,KL descent,727,728,0.9572608470916748,0.02454148513155055,0.16827797116129573,False
ising,mixed,4,0,0.001,KL descent,728,729,0.9592428207397461,0.024539217326469458,0.1682412056490712,False
ising,mixed,4,0,0.001,KL descent,729,730,0.9612267017364502,0.024536953571876696,0.16820451348750542,False
ising,mixed,4,0,0.001,KL descent,730,731,0.9638421535491943,0.024534693849149306,0.1681678945013052,False
ising,mixed,4,0,0.001,KL descent,731,732,0.9648478031158447,0.024532438139752477,0.1681313485155972,False
ising,mixed,4,0,0.001,KL descent,732,733,0.965864896774292,0.024530186425239384,0.16809487535593615,False
ising,mixed,4,0,0.001,KL descent,733,734,0.9678337574005127,0.024527938687250467,0.1680584748483004,False
ising,mixed,4,0,0.001,KL descent,734,735,0.9688012599945068,0.024525694907513385,0.16802214681908623,False
ising,mixed,4,0,0.001,KL descent,735,736,0.9708504676818848,0.02452345506784117,0.16798589109511247,False
ising,mixed,4,0,0.001,KL descent,736,737,0.9728012084960938,0.02452121915013391,0.16794970750361898,False
ising,mixed,4,0,0.001,KL descent,737,738,0.9743587970733643,0.024518987136378113,0.16791359587226584,False
ising,mixed,4,0,0.001,KL descent,738,739,0.9753565788269043,0.024516759008642752,0.16787755602912774,False
ising,mixed,4,0,0.001,KL descent,739,740,0.976365327835083,0.024514534749084937,0.16784158780269987,False
ising,mixed,4,0,0.001,KL descent,740,741,0.9773528575897217,0.02451231433994305,0.1678056910218887,False
ising,mixed,4,0,0.001,KL descent,741,742,0.9783544540405273,0.024510097763541922,0.16776986551602102,False
ising,mixed,4,0,0.001,KL descent,742,743,0.9803652763366699,0.024507885002288763,0.16773411111483383,False
ising,mixed,4,0,0.001,KL descent,743,744,0.9813656806945801,0.024505676038673745,0.16769842764847942,False
ising,mixed,4,0,0.001,KL descent,744,745,0.9813656806945801,0.024503470855270725,0.16766281494751856,False
ising,mixed,4,0,0.001,KL descent,745,746,0.9829370975494385,0.02450126943473431,0.1676272728429249,False
ising,mixed,4,0,0.001,KL descent,746,747,0.9840021133422852,0.024499071759803207,0.16759180116608563,False
ising,mixed,4,0,0.001,KL descent,747,748,0.9850013256072998,0.024496877813294914,0.16755639974879016,False
ising,mixed,4,0,0.001,KL descent,748,749,0.9860060214996338,0.024494687578111584,0.1675210684232426,False
ising,mixed,4,0,0.001,KL descent,749,750,0.9879591464996338,0.024492501037232533,0.1674858070220468,False
ising,mixed,4,0,0.001,KL descent,750,751,0.989952802658081,0.024490318173719407,0.16745061537822026,False
ising,mixed,4,0,0.001,KL descent,751,752,0.9934637546539307,0.02448813897071383,0.1674154933251798,False
ising,mixed,4,0,0.001,KL descent,752,753,0.9954900741577148,0.02448596341143624,0.1673804406967484,False
ising,mixed,4,0,0.001,KL descent,753,754,0.997495174407959,0.024483791479186466,0.167345457327152,False
ising,mixed,4,0,0.001,KL descent,754,755,0.9994893074035645,0.024481623157343327,0.1673105430510166,False
ising,mixed,4,0,0.001,KL descent,755,756,1.0014867782592773,0.024479458429364154,0.16727569770337403,False
ising,mixed,4,0,0.001,KL descent,756,757,1.0029973983764648,0.024477297278783557,0.16724092111965178,False
ising,mixed,4,0,0.001,KL descent,757,758,1.0050089359283447,0.02447513968921485,0.1672062131356783,False
ising,mixed,4,0,0.001,KL descent,758,759,1.0075554847717285,0.024472985644347703,0.16717157358768164,False
ising,mixed,4,0,0.001,KL descent,759,760,1.008857011795044,0.024470835127948558,0.16713700231228007,False
ising,mixed,4,0,0.001,KL descent,760,761,1.0099177360534668,0.02446868812386134,0.16710249914649944,False
ising,mixed,4,0,0.001,KL descent,761,762,1.0109155178070068,0.024466544616005573,0.16706806392775364,False
ising,mixed,4,0,0.001,KL descent,762,763,1.0128750801086426,0.024464404588376145,0.16703369649384903,False
ising,mixed,4,0,0.001,KL descent,763,764,1.0139436721801758,0.02446226802504369,0.16699939668299119,False
ising,mixed,4,0,0.001,KL descent,764,765,1.0149974822998047,0.0244601349101544,0.16696516433377423,False
ising,mixed,4,0,0.001,KL descent,765,766,1.0159955024719238,0.024458005227927793,0.16693099928518523,False
ising,mixed,4,0,0.001,KL descent,766,767,1.0169978141784668,0.024455878962658432,0.16689690137659996,False
ising,mixed,4,0,0.001,KL descent,767,768,1.018979549407959,0.024453756098715924,0.16686287044779136,False
ising,mixed,4,0,0.001,KL descent,768,769,1.0199832916259766,0.024451636620540815,0.16682890633890657,False
ising,mixed,4,0,0.001,KL descent,769,770,1.0209953784942627,0.02444952051264936,0.16679500889049148,False
ising,mixed,4,0,0.001,KL descent,770,771,1.021949052810669,0.024447407759628993,0.16676117794347844,False
ising,mixed,4,0,0.001,KL descent,771,772,1.0239603519439697,0.024445298346140995,0.16672741333918306,False
ising,mixed,4,0,0.001,KL descent,772,773,1.0250930786132812,0.024443192256916928,0.16669371491930135,False
ising,mixed,4,0,0.001,KL descent,773,774,1.026097297668457,0.02444108947676256,0.16666008252592124,False
ising,mixed,4,0,0.001,KL descent,774,775,1.0270934104919434,0.024438989990553286,0.16662651600151257,False
ising,mixed,4,0,0.001,KL descent,775,776,1.0280930995941162,0.02443689378323602,0.1665930151889201,False
ising,mixed,4,0,0.001,KL descent,776,777,1.0290944576263428,0.024434800839828335,0.1665595799313736,False
ising,mixed,4,0,0.001,KL descent,777,778,1.0310943126678467,0.024432711145418614,0.16652621007249113,False
ising,mixed,4,0,0.001,KL descent,778,779,1.0320961475372314,0.024430624685165048,0.1664929054562569,False
ising,mixed,4,0,0.001,KL descent,779,780,1.0336077213287354,0.024428541444294946,0.16645966592704098,False
ising,mixed,4,0,0.001,KL descent,780,781,1.034618854522705,0.024426461408106545,0.16642649132958975,False
ising,mixed,4,0,0.001,KL descent,781,782,1.0356299877166748,0.024424384561965152,0.1663933815090261,False
ising,mixed,4,0,0.001,KL descent,782,783,1.0366287231445312,0.024422310891306188,0.16636033631084657,False
ising,mixed,4,0,0.001,KL descent,783,784,1.0376296043395996,0.02442024038163286,0.16632735558092515,False
ising,mixed,4,0,0.001,KL descent,784,785,1.0406391620635986,0.024418173018516266,0.16629443916551168,False
ising,mixed,4,0,0.001,KL descent,785,786,1.0426294803619385,0.024416108787595904,0.16626158691121923,False
ising,mixed,4,0,0.001,KL descent,786,787,1.0441510677337646,0.024414047674577777,0.16622879866504503,False
ising,mixed,4,0,0.001,KL descent,787,788,1.0461621284484863,0.02441198966523545,0.1661960742743479,False
ising,mixed,4,0,0.001,KL descent,788,789,1.047168493270874,0.024409934745408687,0.1661634135868626,False
ising,mixed,4,0,0.001,KL descent,789,790,1.0481688976287842,0.024407882901004624,0.16613081645069105,False
ising,mixed,4,0,0.001,KL descent,790,791,1.0491642951965332,0.024405834117994907,0.16609828271430283,False
ising,mixed,4,0,0.001,KL descent,791,792,1.051164150238037,0.024403788382418242,0.16606581222654038,False
ising,mixed,4,0,0.001,KL descent,792,793,1.051164150238037,0.02440174568037868,0.16603340483660045,False
ising,mixed,4,0,0.001,KL descent,793,794,1.0526788234710693,0.02439970599804452,0.16600106039405865,False
ising,mixed,4,0,0.001,KL descent,794,795,1.0536954402923584,0.024397669321649378,0.16596877874884763,False
ising,mixed,4,0,0.001,KL descent,795,796,1.0577473640441895,0.0243956356374912,0.1659365597512697,False
ising,mixed,4,0,0.001,KL descent,796,797,1.0587091445922852,0.024393604931932468,0.16590440325198408,False
ising,mixed,4,0,0.001,KL descent,797,798,1.0607080459594727,0.024391577191398683,0.16587230910201645,False
ising,mixed,4,0,0.001,KL descent,798,799,1.0617082118988037,0.024389552402379836,0.16584027715275118,False
ising,mixed,4,0,0.001,KL descent,799,800,1.0627601146697998,0.02438753055142838,0.16580830725593215,False
ising,mixed,4,0,0.001,KL descent,800,801,1.0638952255249023,0.02438551162516001,0.16577639926367016,False
ising,mixed,4,0,0.001,KL descent,801,802,1.0659527778625488,0.024383495610252968,0.16574455302842395,False
ising,mixed,4,0,0.001,KL descent,802,803,1.0669386386871338,0.024381482493447258,0.16571276840301918,False
ising,mixed,4,0,0.001,KL descent,803,804,1.0679404735565186,0.024379472261546728,0.16568104524063176,False
ising,mixed,4,0,0.001,KL descent,804,805,1.0689473152160645,0.02437746490141395,0.16564938339479696,False
ising,mixed,4,0,0.001,KL descent,805,806,1.0698966979980469,0.024375460399975454,0.16561778271940536,False
ising,mixed,4,0,0.001,KL descent,806,807,1.0728950500488281,0.02437345874421828,0.16558624306870307,False
ising,mixed,4,0,0.001,KL descent,807,808,1.075483798980713,0.024371459921188825,0.16555476429728355,False
ising,mixed,4,0,0.001,KL descent,808,809,1.078498125076294,0.024369463917995236,0.16552334626009763,False
ising,mixed,4,0,0.001,KL descent,809,810,1.0814540386199951,0.024367470721806825,0.16549198881245009,False
ising,mixed,4,0,0.001,KL descent,810,811,1.085005283355713,0.024365480319850384,0.16546069180999268,False
ising,mixed,4,0,0.001,KL descent,811,812,1.0890159606933594,0.02436349269941399,0.16542945510872786,False
ising,mixed,4,0,0.001,KL descent,812,813,1.0920147895812988,0.024361507847844736,0.16539827856500683,False
ising,mixed,4,0,0.001,KL descent,813,814,1.093015432357788,0.024359525752549367,0.1653671620355298,False
ising,mixed,4,0,0.001,KL descent,814,815,1.0945408344268799,0.024357546400991543,0.16533610537734433,False
ising,mixed,4,0,0.001,KL descent,815,816,1.0955498218536377,0.024355569780695252,0.16530510844784907,False
ising,mixed,4,0,0.001,KL descent,816,817,1.0965485572814941,0.02435359587924147,0.16527417110477483,False
ising,mixed,4,0,0.001,KL descent,817,818,1.0975477695465088,0.024351624684269792,0.16524329320621667,False
ising,mixed,4,0,0.001,KL descent,818,819,1.0985584259033203,0.02434965618347736,0.16521247461059713,False
ising,mixed,4,0,0.001,KL descent,819,820,1.0995500087738037,0.024347690364618497,0.1651817151766894,False
ising,mixed,4,0,0.001,KL descent,820,821,1.1005487442016602,0.024345727215503682,0.16515101476361038,False
ising,mixed,4,0,0.001,KL descent,821,822,1.101548671722412,0.02434376672400226,0.16512037323081685,False
ising,mixed,4,0,0.001,KL descent,822,823,1.1030604839324951,0.024341808878038634,0.1650897904381009,False
ising,mixed,4,0,0.001,KL descent,823,824,1.1040706634521484,0.024339853665592912,0.16505926624560324,False
ising,mixed,4,0,0.001,KL descent,824,825,1.1055479049682617,0.024337901074702652,0.16502880051379926,False
ising,mixed,4,0,0.001,KL descent,825,826,1.106560230255127,0.024335951093460467,0.16499839310350228,False
ising,mixed,4,0,0.001,KL descent,826,827,1.1075596809387207,0.024334003710013527,0.1649680438758676,False
ising,mixed,4,0,0.001,KL descent,827,828,1.1085638999938965,0.024332058912565555,0.16493775269237998,False
ising,mixed,4,0,0.001,KL descent,828,829,1.1105577945709229,0.0243301166893742,0.1649075194148637,False
ising,mixed,4,0,0.001,KL descent,829,830,1.1115660667419434,0.024328177028752146,0.16487734390547726,False
ising,mixed,4,0,0.001,KL descent,830,831,1.1115660667419434,0.02432623991906645,0.16484722602671564,False
ising,mixed,4,0,0.001,KL descent,831,832,1.1130788326263428,0.02432430534873742,0.16481716564140486,False
ising,mixed,4,0,0.001,KL descent,832,833,1.1140978336334229,0.024322373306240912,0.1647871626127017,False
ising,mixed,4,0,0.001,KL descent,833,834,1.1160945892333984,0.0243204437801046,0.16475721680409944,False
ising,mixed,4,0,0.001,KL descent,834,835,1.1170954704284668,0.024318516758910138,0.16472732807941787,False
ising,mixed,4,0,0.001,KL descent,835,836,1.1190953254699707,0.02431659223129241,0.16469749630281255,False
ising,mixed,4,0,0.001,KL descent,836,837,1.121103286743164,0.024314670185938716,0.16466772133876018,False
ising,mixed,4,0,0.001,KL descent,837,838,1.1230120658874512,0.024312750611589055,0.16463800305207066,False
ising,mixed,4,0,0.001,KL descent,838,839,1.1250572204589844,0.02431083349703618,0.16460834130788377,False
ising,mixed,4,0,0.001,KL descent,839,840,1.1260488033294678,0.024308918831123513,0.16457873597165934,False
ising,mixed,4,0,0.001,KL descent,840,841,1.1270372867584229,0.024307006602747813,0.16454918690919235,False
ising,mixed,4,0,0.001,KL descent,841,842,1.1280221939086914,0.02430509680085619,0.16451969398659372,False
ising,mixed,4,0,0.001,KL descent,842,843,1.1300358772277832,0.024303189414447438,0.16449025707030795,False
ising,mixed,4,0,0.001,KL descent,843,844,1.131035327911377,0.02430128443257193,0.16446087602709442,False
ising,mixed,4,0,0.001,KL descent,844,845,1.132035493850708,0.024299381844329875,0.16443155072404292,False
ising,mixed,4,0,0.001,KL descent,845,846,1.1330351829528809,0.024297481638871906,0.16440228102855836,False
ising,mixed,4,0,0.001,KL descent,846,847,1.13358736038208,0.02429558380540048,0.16437306680837316,False
ising,mixed,4,0,0.001,KL descent,847,848,1.1346259117126465,0.024293688333166013,0.16434390793153764,False
ising,mixed,4,0,0.001,KL descent,848,849,1.1365888118743896,0.024291795211470398,0.1643148042664211,False
ising,mixed,4,0,0.001,KL descent,849,850,1.1376051902770996,0.02428990442966372,0.16428575568171588,False
ising,mixed,4,0,0.001,KL descent,850,851,1.1385927200317383,0.024288015977146728,0.16425676204642498,False
ising,mixed,4,0,0.001,KL descent,851,852,1.1395926475524902,0.024286129843367917,0.16422782322987617,False
ising,mixed,4,0,0.001,KL descent,852,853,1.1405932903289795,0.024284246017825473,0.16419893910170752,False
ising,mixed,4,0,0.001,KL descent,853,854,1.141592264175415,0.024282364490066113,0.16417010953188255,False
ising,mixed,4,0,0.001,KL descent,854,855,1.143101692199707,0.024280485249684222,0.16414133439067063,False
ising,mixed,4,0,0.001,KL descent,855,856,1.1441750526428223,0.024278608286323555,0.16411261354865592,False
ising,mixed,4,0,0.001,KL descent,856,857,1.1451706886291504,0.024276733589674446,0.16408394687674144,False
ising,mixed,4,0,0.001,KL descent,857,858,1.1462044715881348,0.024274861149475784,0.16405533424614138,False
ising,mixed,4,0,0.001,KL descent,858,859,1.1472015380859375,0.024272990955513316,0.16402677552837924,False
ising,mixed,4,0,0.001,KL descent,859,860,1.1491155624389648,0.024271122997619864,0.1639982705952932,False
ising,mixed,4,0,0.001,KL descent,860,861,1.1501543521881104,0.024269257265676723,0.16396981931902838,False
ising,mixed,4,0,0.001,KL descent,861,862,1.1511588096618652,0.024267393749609352,0.1639414215720425,False
ising,mixed,4,0,0.001,KL descent,862,863,1.152768611907959,0.02426553243939216,0.16391307722710158,False
ising,mixed,4,0,0.001,KL descent,863,864,1.1538293361663818,0.024263673325044387,0.16388478615727925,False
ising,mixed,4,0,0.001,KL descent,864,865,1.1548430919647217,0.024261816396631934,0.16385654823595935,False
ising,mixed,4,0,0.001,KL descent,865,866,1.155787706375122,0.024259961644266307,0.16382836333682604,False
ising,mixed,4,0,0.001,KL descent,866,867,1.156794786453247,0.024258109058105225,0.16380023133387706,False
ising,mixed,4,0,0.001,KL descent,867,868,1.1587860584259033,0.024256258628350236,0.16377215210140894,False
ising,mixed,4,0,0.001,KL descent,868,869,1.1597840785980225,0.02425441034524987,0.16374412551402912,False
ising,mixed,4,0,0.001,KL descent,869,870,1.1607820987701416,0.024252564199097052,0.16371615144664398,False
ising,mixed,4,0,0.001,KL descent,870,871,1.1617817878723145,0.024250720180228856,0.1636882297744643,False
ising,mixed,4,0,0.001,KL descent,871,872,1.1632897853851318,0.02424887827902728,0.1636603603730019,False
ising,mixed,4,0,0.001,KL descent,872,873,1.1643037796020508,0.02424703848591892,0.16363254311807274,False
ising,mixed,4,0,0.001,KL descent,873,874,1.1653156280517578,0.024245200791374034,0.16360477788579425,False
ising,mixed,4,0,0.001,KL descent,874,875,1.1663172245025635,0.02424336518590701,0.1635770645525788,False
ising,mixed,4,0,0.001,KL descent,875,876,1.1673154830932617,0.024241531660075796,0.1635494029951403,False
ising,mixed,4,0,0.001,KL descent,876,877,1.1683106422424316,0.0242397002044817,0.16352179309049508,False
ising,mixed,4,0,0.001,KL descent,877,878,1.169311761856079,0.0242378708097694,0.1634942347159533,False
ising,mixed,4,0,0.001,KL descent,878,879,1.1703166961669922,0.02423604346662719,0.16346672774912296,False
ising,mixed,4,0,0.001,KL descent,879,880,1.1713159084320068,0.02423421816578479,0.1634392720679092,False
ising,mixed,4,0,0.001,KL descent,880,881,1.1728286743164062,0.02423239489801587,0.16341186755051063,False
ising,mixed,4,0,0.001,KL descent,881,882,1.1738409996032715,0.024230573654135994,0.1633845140754263,False
ising,mixed,4,0,0.001,KL descent,882,883,1.1748390197753906,0.024228754425002857,0.16335721152144367,False
ising,mixed,4,0,0.001,KL descent,883,884,1.1758475303649902,0.02422693720151662,0.16332995976764486,False
ising,mixed,4,0,0.001,KL descent,884,885,1.176847219467163,0.024225121974618343,0.1633027586934075,False
ising,mixed,4,0,0.001,KL descent,885,886,1.1778481006622314,0.024223308735291573,0.16327560817840026,False
ising,mixed,4,0,0.001,KL descent,886,887,1.1798527240753174,0.024221497474561197,0.1632485081025793,False
ising,mixed,4,0,0.001,KL descent,887,888,1.1808528900146484,0.024219688183492724,0.1632214583461996,False
ising,mixed,4,0,0.001,KL descent,888,889,1.181849718093872,0.024217880853193034,0.16319445878979688,False
ising,mixed,4,0,0.001,KL descent,889,890,1.1828489303588867,0.024216075474809758,0.16316750931420115,False
ising,mixed,4,0,0.001,KL descent,890,891,1.184370994567871,0.02421427203953156,0.16314060980053247,False
ising,mixed,4,0,0.001,KL descent,891,892,1.185380458831787,0.02421247053858693,0.16311376013019152,False
ising,mixed,4,0,0.001,KL descent,892,893,1.1863796710968018,0.024210670963244398,0.16308696018487628,False
ising,mixed,4,0,0.001,KL descent,893,894,1.1873817443847656,0.02420887330481358,0.1630602098465634,False
ising,mixed,4,0,0.001,KL descent,894,895,1.1884002685546875,0.024207077554642374,0.16303350899751723,False
ising,mixed,4,0,0.001,KL descent,895,896,1.1894211769104004,0.024205283704119965,0.16300685752029076,False
ising,mixed,4,0,0.001,KL descent,896,897,1.1904375553131104,0.024203491744674045,0.16298025529771393,False
ising,mixed,4,0,0.001,KL descent,897,898,1.1914379596710205,0.02420170166777167,0.16295370221290706,False
ising,mixed,4,0,0.001,KL descent,898,899,1.1930084228515625,0.02419991346491865,0.16292719814926704,False
ising,mixed,4,0,0.001,KL descent,899,900,1.1940715312957764,0.024198127127660483,0.16290074299048007,False
ising,mixed,4,0,0.001,KL descent,900,901,1.1955375671386719,0.024196342647580648,0.16287433662051232,False
ising,mixed,4,0,0.001,KL descent,901,902,1.197559118270874,0.024194560016301637,0.16284797892360414,False
ising,mixed,4,0,0.001,KL descent,902,903,1.1995596885681152,0.02419277922548403,0.16282166978428597,False
ising,mixed,4,0,0.001,KL descent,903,904,1.2015573978424072,0.02419100026682644,0.16279540908735896,False
ising,mixed,4,0,0.001,KL descent,904,905,1.2040996551513672,0.024189223132065278,0.16276919671790557,False
ising,mixed,4,0,0.001,KL descent,905,906,1.2061786651611328,0.024187447812975466,0.16274303256129363,False
ising,mixed,4,0,0.001,KL descent,906,907,1.2081630229949951,0.02418567430136882,0.16271691650315512,False
ising,mixed,4,0,0.001,KL descent,907,908,1.2101655006408691,0.024183902589094454,0.16269084842941128,False
ising,mixed,4,0,0.001,KL descent,908,909,1.2111546993255615,0.024182132668039872,0.16266482822625306,False
ising,mixed,4,0,0.001,KL descent,909,910,1.2137863636016846,0.02418036453012754,0.16263885578014708,False
ising,mixed,4,0,0.001,KL descent,910,911,1.215775728225708,0.024178598167319217,0.16261293097783458,False
ising,mixed,4,0,0.001,KL descent,911,912,1.2177734375,0.024176833571611645,0.16258705370633164,False
ising,mixed,4,0,0.001,KL descent,912,913,1.2197723388671875,0.02417507073503869,0.16256122385292915,False
ising,mixed,4,0,0.001,KL descent,913,914,1.2217252254486084,0.024173309649670034,0.16253544130519004,False
ising,mixed,4,0,0.001,KL descent,914,915,1.2234368324279785,0.02417155030761247,0.162509705950946,False
ising,mixed,4,0,0.001,KL descent,915,916,1.226447343826294,0.024169792701008278,0.16248401767830245,False
ising,mixed,4,0,0.001,KL descent,916,917,1.2284409999847412,0.0241680368220354,0.16245837637564053,False
ising,mixed,4,0,0.001,KL descent,917,918,1.2304396629333496,0.02416628266290735,0.16243278193160138,False
ising,mixed,4,0,0.001,KL descent,918,919,1.2314386367797852,0.02416453021587369,0.16240723423510095,False
ising,mixed,4,0,0.001,KL descent,919,920,1.2340643405914307,0.02416277947321837,0.1623817331753279,False
ising,mixed,4,0,0.001,KL descent,920,921,1.2361080646514893,0.02416103042726162,0.16235627864173013,False
ising,mixed,4,0,0.001,KL descent,921,922,1.2380945682525635,0.02415928307035777,0.16233087052402895,False
ising,mixed,4,0,0.001,KL descent,922,923,1.240020751953125,0.02415753739489631,0.16230550871221405,False
ising,mixed,4,0,0.001,KL descent,923,924,1.2430202960968018,0.024155793393301,0.1622801930965344,False
ising,mixed,4,0,0.001,KL descent,924,925,1.2445476055145264,0.024154051058030673,0.1622549235675083,False
ising,mixed,4,0,0.001,KL descent,925,926,1.247018814086914,0.024152310381577606,0.16222970001592052,False
ising,mixed,4,0,0.001,KL descent,926,927,1.2490432262420654,0.024150571356469374,0.16220452233281613,False
ising,mixed,4,0,0.001,KL descent,927,928,1.2510855197906494,0.024148833975266095,0.16217939040951013,False
ising,mixed,4,0,0.001,KL descent,928,929,1.2530887126922607,0.024147098230563054,0.16215430413757026,False
ising,mixed,4,0,0.001,KL descent,929,930,1.254694938659668,0.02414536411498838,0.16212926340883427,False
ising,mixed,4,0,0.001,KL descent,930,931,1.2567129135131836,0.024143631621203306,0.16210426811539974,False
ising,mixed,4,0,0.001,KL descent,931,932,1.2587063312530518,0.024141900741903925,0.16207931814962573,False
ising,mixed,4,0,0.001,KL descent,932,933,1.26070237159729,0.0241401714698177,0.16205441340412918,False
ising,mixed,4,0,0.001,KL descent,933,934,1.2632520198822021,0.02413844379770588,0.16202955377178763,False
ising,mixed,4,0,0.001,KL descent,934,935,1.2653112411499023,0.02413671771836316,0.16200473914573993,False
ising,mixed,4,0,0.001,KL descent,935,936,1.2673254013061523,0.024134993224616017,0.16197996941937987,False
ising,mixed,4,0,0.001,KL descent,936,937,1.269258975982666,0.024133270309323596,0.16195524448636012,False
ising,mixed,4,0,0.001,KL descent,937,938,1.2713501453399658,0.02413154896537794,0.16193056424059227,False
ising,mixed,4,0,0.001,KL descent,938,939,1.2739253044128418,0.024129829185702372,0.16190592857624375,False
ising,mixed,4,0,0.001,KL descent,939,940,1.2749121189117432,0.02412811096325298,0.1618813373877317,False
ising,mixed,4,0,0.001,KL descent,940,941,1.276914358139038,0.0241263942910181,0.16185679056974295,False
ising,mixed,4,0,0.001,KL descent,941,942,1.2789123058319092,0.02412467916201688,0.16183228801720267,False
ising,mixed,4,0,0.001,KL descent,942,943,1.2809107303619385,0.024122965569300332,0.1618078296252976,False
ising,mixed,4,0,0.001,KL descent,943,944,1.283452033996582,0.02412125350595191,0.16178341528947238,False
ising,mixed,4,0,0.001,KL descent,944,945,1.2855050563812256,0.02411954296508521,0.1617590449054137,False
ising,mixed,4,0,0.001,KL descent,945,946,1.2875056266784668,0.02411783393984477,0.1617347183690684,False
ising,mixed,4,0,0.001,KL descent,946,947,1.2894532680511475,0.024116126423407165,0.16171043557663073,False
ising,mixed,4,0,0.001,KL descent,947,948,1.291503667831421,0.024114420408979324,0.16168619642455206,False
ising,mixed,4,0,0.001,KL descent,948,949,1.2930660247802734,0.02411271588979864,0.1616620008095242,False
ising,mixed,4,0,0.001,KL descent,949,950,1.2951326370239258,0.024111012859133654,0.1616378486284964,False
ising,mixed,4,0,0.001,KL descent,950,951,1.2971301078796387,0.024109311310282957,0.16161373977866356,False
ising,mixed,4,0,0.001,KL descent,951,952,1.299116611480713,0.024107611236575278,0.16158967415746928,False
ising,mixed,4,0,0.001,KL descent,952,953,1.301124095916748,0.024105912631369037,0.1615656516626065,False
ising,mixed,4,0,0.001,KL descent,953,954,1.3033676147460938,0.024104215488054106,0.16154167219201576,False
ising,mixed,4,0,0.001,KL descent,954,955,1.3053843975067139,0.024102519800048957,0.16151773564387784,False
ising,mixed,4,0,0.001,KL descent,955,956,1.3074743747711182,0.024100825560801304,0.16149384191662702,False
ising,mixed,4,0,0.001,KL descent,956,957,1.3093807697296143,0.024099132763790908,0.16146999090894332,False
ising,mixed,4,0,0.001,KL descent,957,958,1.3114166259765625,0.024097441402523408,0.1614461825197458,False
ising,mixed,4,0,0.001,KL descent,958,959,1.3139317035675049,0.02409575147053616,0.16142241664819862,False
ising,mixed,4,0,0.001,KL descent,959,960,1.3159315586090088,0.024094062961395556,0.16139869319371236,False
ising,mixed,4,0,0.001,KL descent,960,961,1.3179330825805664,0.024092375868695424,0.16137501205594112,False
ising,mixed,4,0,0.001,KL descent,961,962,1.3189315795898438,0.02409069018605957,0.16135137313477954,False
ising,mixed,4,0,0.001,KL descent,962,963,1.3209342956542969,0.02408900590714075,0.16132777633036272,False
ising,mixed,4,0,0.001,KL descent,963,964,1.3229355812072754,0.02408732302561987,0.16130422154306912,False
ising,mixed,4,0,0.001,KL descent,964,965,1.323965072631836,0.024085641535206006,0.16128070867351907,False
ising,mixed,4,0,0.001,KL descent,965,966,1.3250024318695068,0.024083961429636255,0.16125723762256883,False
ising,mixed,4,0,0.001,KL descent,966,967,1.3259832859039307,0.024082282702677586,0.16123380829131578,False
ising,mixed,4,0,0.001,KL descent,967,968,1.327979564666748,0.024080605348123,0.1612104205810997,False
ising,mixed,4,0,0.001,KL descent,968,969,1.3289620876312256,0.024078929359794533,0.1611870743934904,False
ising,mixed,4,0,0.001,KL descent,969,970,1.3299620151519775,0.02407725473154103,0.16116376963030699,False
ising,mixed,4,0,0.001,KL descent,970,971,1.3310012817382812,0.024075581457240317,0.16114050619359538,False
ising,mixed,4,0,0.001,KL descent,971,972,1.3319685459136963,0.02407390953079657,0.16111728398563963,False
ising,mixed,4,0,0.001,KL descent,972,973,1.3329832553863525,0.024072238946141914,0.1610941029089668,False
ising,mixed,4,0,0.001,KL descent,973,974,1.333526372909546,0.024070569697235655,0.16107096286632921,False
ising,mixed,4,0,0.001,KL descent,974,975,1.3355319499969482,0.024068901778063798,0.16104786376072605,False
ising,mixed,4,0,0.001,KL descent,975,976,1.3365421295166016,0.02406723518264,0.1610248054953768,False
ising,mixed,4,0,0.001,KL descent,976,977,1.3375322818756104,0.02406556990500353,0.16100178797374487,False
ising,mixed,4,0,0.001,KL descent,977,978,1.3385279178619385,0.024063905939221742,0.1609788110995225,False
ising,mixed,4,0,0.001,KL descent,978,979,1.3395304679870605,0.0240622432793886,0.16095587477663398,False
ising,mixed,4,0,0.001,KL descent,979,980,1.3415260314941406,0.024060581919622778,0.16093297890923797,False
ising,mixed,4,0,0.001,KL descent,980,981,1.3415260314941406,0.024058921854071446,0.16091012340172428,False
ising,mixed,4,0,0.001,KL descent,981,982,1.3430404663085938,0.024057263076906265,0.160887308158713,False
ising,mixed,4,0,0.001,KL descent,982,983,1.3440582752227783,0.024055605582326087,0.16086453308504933,False
ising,mixed,4,0,0.001,KL descent,983,984,1.345057725906372,0.02405394936455551,0.16084179808581545,False
ising,mixed,4,0,0.001,KL descent,984,985,1.3460566997528076,0.024052294417844625,0.16081910306631958,False
ising,mixed,4,0,0.001,KL descent,985,986,1.3470509052276611,0.024050640736469394,0.1607964479320978,False
ising,mixed,4,0,0.001,KL descent,986,987,1.3480541706085205,0.02404898831473143,0.16077383258891487,False
ising,mixed,4,0,0.001,KL descent,987,988,1.349057674407959,0.024047337146957663,0.1607512569427661,False
ising,mixed,4,0,0.001,KL descent,988,989,1.3510634899139404,0.024045687227501132,0.1607287208998659,False
ising,mixed,4,0,0.001,KL descent,989,990,1.3520567417144775,0.024044038550738434,0.1607062243666607,False
ising,mixed,4,0,0.001,KL descent,990,991,1.3530542850494385,0.024042391111072946,0.16068376724982125,False
ising,mixed,4,0,0.001,KL descent,991,992,1.3535692691802979,0.024040744902931895,0.16066134945624566,False
ising,mixed,4,0,0.001,KL descent,992,993,1.3555738925933838,0.024039099920768414,0.16063897089305157,False
ising,mixed,4,0,0.001,KL descent,993,994,1.3565757274627686,0.024037456159059556,0.16061663146758604,False
ising,mixed,4,0,0.001,KL descent,994,995,1.3575727939605713,0.02403581361230764,0.1605943310874171,False
ising,mixed,4,0,0.001,KL descent,995,996,1.3585875034332275,0.024034172275038422,0.160572069660334,False
ising,mixed,4,0,0.001,KL descent,996,997,1.3595871925354004,0.024032532141802978,0.16054984709435227,False
ising,mixed,4,0,0.001,KL descent,997,998,1.3605859279632568,0.024030893207176954,0.16052766329770468,False
ising,mixed,4,0,0.001,KL descent,998,999,1.361586570739746,0.024029255465759555,0.16050551817885006,False
ising,mixed,4,0,0.001,KL descent,999,1000,1.3631134033203125,0.024027618912173507,0.16048341164646723,False
ising,mixed,4,0,0.001,KL descent,1000,1001,1.3641517162322998,0.024025983541066852,0.16046134360944997,False
ising,mixed,4,0,0.001,KL descent,1001,1002,1.3651642799377441,0.024024349347110077,0.1604393139769167,False
ising,mixed,4,0,0.001,KL descent,1002,1003,1.3661601543426514,0.0240227163249985,0.16041732265820569,False
ising,mixed,4,0,0.001,KL descent,1003,1004,1.3671913146972656,0.02402108446945021,0.1603953695628716,False
ising,mixed,4,0,0.001,KL descent,1004,1005,1.368170976638794,0.02401945377520709,0.1603734546006852,False
ising,mixed,4,0,0.001,KL descent,1005,1006,1.370182752609253,0.02401782423703484,0.1603515776816391,False
ising,mixed,4,0,0.001,KL descent,1006,1007,1.371180534362793,0.024016195849721776,0.1603297387159407,False
ising,mixed,4,0,0.001,KL descent,1007,1008,1.371180534362793,0.024014568608079045,0.16030793761401468,False
ising,mixed,4,0,0.001,KL descent,1008,1009,1.3726935386657715,0.024012942506942213,0.1602861742864995,False
ising,mixed,4,0,0.001,KL descent,1009,1010,1.3747358322143555,0.024011317541168156,0.16026444864425127,False
ising,mixed,4,0,0.001,KL descent,1010,1011,1.3757457733154297,0.024009693705638085,0.1602427605983398,False
ising,mixed,4,0,0.001,KL descent,1011,1012,1.3767602443695068,0.024008070995254538,0.1602211100600512,False
ising,mixed,4,0,0.001,KL descent,1012,1013,1.3777668476104736,0.02400644940494356,0.16019949694088198,False
ising,mixed,4,0,0.001,KL descent,1013,1014,1.378755807876587,0.024004828929653693,0.16017792115254514,False
ising,mixed,4,0,0.001,KL descent,1014,1015,1.3797645568847656,0.02400320956435545,0.16015638260696696,False
ising,mixed,4,0,0.001,KL descent,1015,1016,1.3807637691497803,0.02400159130404161,0.16013488121627728,False
ising,mixed,4,0,0.001,KL descent,1016,1017,1.3817617893218994,0.0239999741437276,0.16011341689283298,False
ising,mixed,4,0,0.001,KL descent,1017,1018,1.3827710151672363,0.023998358078450063,0.1600919895491864,False
ising,mixed,4,0,0.001,KL descent,1018,1019,1.383345603942871,0.023996743103268776,0.16007059909811644,False
ising,mixed,4,0,0.001,KL descent,1019,1020,1.3853464126586914,0.023995129213264778,0.16004924545259513,False
ising,mixed,4,0,0.001,KL descent,1020,1021,1.3864169120788574,0.023993516403540065,0.1600279285258177,False
ising,mixed,4,0,0.001,KL descent,1021,1022,1.3874247074127197,0.023991904669220458,0.16000664823117977,False
ising,mixed,4,0,0.001,KL descent,1022,1023,1.3883562088012695,0.02399029400545119,0.15998540448229048,False
ising,mixed,4,0,0.001,KL descent,1023,1024,1.3904087543487549,0.02398868440739915,0.15996419719296867,False
ising,mixed,4,0,0.001,KL descent,1024,1025,1.3913578987121582,0.02398707587025402,0.15994302627723433,False
ising,mixed,4,0,0.001,KL descent,1025,1026,1.3929228782653809,0.023985468389226057,0.1599218916493209,False
ising,mixed,4,0,0.001,KL descent,1026,1027,1.393989086151123,0.023983861959545747,0.1599007932236628,False
ising,mixed,4,0,0.001,KL descent,1027,1028,1.3949944972991943,0.023982256576465532,0.1598797309149017,False
ising,mixed,4,0,0.001,KL descent,1028,1029,1.395988941192627,0.02398065223525869,0.15985870463789364,False
ising,mixed,4,0,0.001,KL descent,1029,1030,1.3969905376434326,0.023979048931219587,0.15983771430768717,False
ising,mixed,4,0,0.001,KL descent,1030,1031,1.3979849815368652,0.023977446659662498,0.15981675983953947,False
ising,mixed,4,0,0.001,KL descent,1031,1032,1.3989875316619873,0.023975845415923534,0.15979584114891787,False
ising,mixed,4,0,0.001,KL descent,1032,1033,1.399949550628662,0.023974245195358217,0.15977495815148285,False
ising,mixed,4,0,0.001,KL descent,1033,1034,1.400989294052124,0.02397264599334335,0.1597541107631109,False
ising,mixed,4,0,0.001,KL descent,1034,1035,1.4019854068756104,0.02397104780527544,0.1597332988998662,False
ising,mixed,4,0,0.001,KL descent,1035,1036,1.4035670757293701,0.023969450626571936,0.15971252247802525,False
ising,mixed,4,0,0.001,KL descent,1036,1037,1.4046363830566406,0.02396785445266983,0.15969178141406448,False
ising,mixed,4,0,0.001,KL descent,1037,1038,1.4055814743041992,0.023966259279026132,0.15967107562466026,False
ising,mixed,4,0,0.001,KL descent,1038,1039,1.4066283702850342,0.0239646651011196,0.15965040502668548,False
ising,mixed,4,0,0.001,KL descent,1039,1040,1.4086418151855469,0.023963071914445546,0.15962976953721913,False
ising,mixed,4,0,0.001,KL descent,1040,1041,1.4096384048461914,0.023961479714522466,0.1596091690735425,False
ising,mixed,4,0,0.001,KL descent,1041,1042,1.410635232925415,0.02395988849688614,0.15958860355312415,False
ising,mixed,4,0,0.001,KL descent,1042,1043,1.4116358757019043,0.023958298257093398,0.15956807289364117,False
ising,mixed,4,0,0.001,KL descent,1043,1044,1.4126336574554443,0.0239567089907199,0.1595475770129659,False
ising,mixed,4,0,0.001,KL descent,1044,1045,1.4131934642791748,0.023955120693360362,0.15952711582916884,False
ising,mixed,4,0,0.001,KL descent,1045,1046,1.4142425060272217,0.02395353336063042,0.15950668926051648,False
ising,mixed,4,0,0.001,KL descent,1046,1047,1.4152352809906006,0.023951946988162706,0.15948629722547236,False
ising,mixed,4,0,0.001,KL descent,1047,1048,1.4162354469299316,0.023950361571610634,0.159465939642695,False
ising,mixed,4,0,0.001,KL descent,1048,1049,1.4172427654266357,0.023948777106646623,0.15944561643104188,False
ising,mixed,4,0,0.001,KL descent,1049,1050,1.4182438850402832,0.02394719358896105,0.15942532750956412,False
ising,mixed,4,0,0.001,KL descent,1050,1051,1.4192354679107666,0.023945611014263946,0.15940507279750538,False
ising,mixed,4,0,0.001,KL descent,1051,1052,1.4202361106872559,0.023944029378284076,0.15938485221430598,False
ising,mixed,4,0,0.001,KL descent,1052,1053,1.422104835510254,0.023942448676768376,0.15936466567959884,False
ising,mixed,4,0,0.001,KL descent,1053,1054,1.4226114749908447,0.02394086890548293,0.15934451311321407,False
ising,mixed,4,0,0.001,KL descent,1054,1055,1.4246199131011963,0.023939290060212098,0.1593243944351666,False
ising,mixed,4,0,0.001,KL descent,1055,1056,1.425628423690796,0.023937712136758882,0.1593043095656701,False
ising,mixed,4,0,0.001,KL descent,1056,1057,1.4266281127929688,0.023936135130944537,0.1592842584251295,False
ising,mixed,4,0,0.001,KL descent,1057,1058,1.427628517150879,0.023934559038608694,0.15926424093414016,False
ising,mixed,4,0,0.001,KL descent,1058,1059,1.4286274909973145,0.023932983855608547,0.15924425701348655,False
ising,mixed,4,0,0.001,KL descent,1059,1060,1.4296810626983643,0.023931409577819765,0.1592243065841455,False
ising,mixed,4,0,0.001,KL descent,1060,1061,1.430677890777588,0.023929836201136832,0.15920438956728544,False
ising,mixed,4,0,0.001,KL descent,1061,1062,1.4316811561584473,0.023928263721470652,0.15918450588425975,False
ising,mixed,4,0,0.001,KL descent,1062,1063,1.4326770305633545,0.023926692134750654,0.15916465545661457,False
ising,mixed,4,0,0.001,KL descent,1063,1064,1.4332480430603027,0.02392512143692465,0.1591448382060861,False
ising,mixed,4,0,0.001,KL descent,1064,1065,1.4342982769012451,0.023923551623957515,0.15912505405459254,False
ising,mixed,4,0,0.001,KL descent,1065,1066,1.4352915287017822,0.023921982691831333,0.15910530292424618,False
ising,mixed,4,0,0.001,KL descent,1066,1067,1.43629789352417,0.023920414636546594,0.15908558473734208,False
ising,mixed,4,0,0.001,KL descent,1067,1068,1.4372906684875488,0.023918847454120182,0.15906589941636506,False
ising,mixed,4,0,0.001,KL descent,1068,1069,1.4392502307891846,0.02391728114058712,0.1590462468839821,False
ising,mixed,4,0,0.001,KL descent,1069,1070,1.4402499198913574,0.023915715691999205,0.15902662706305382,False
ising,mixed,4,0,0.001,KL descent,1070,1071,1.4412508010864258,0.023914151104425678,0.15900703987661585,False
ising,mixed,4,0,0.001,KL descent,1071,1072,1.4412508010864258,0.023912587373952784,0.15898748524789907,False
ising,mixed,4,0,0.001,KL descent,1072,1073,1.442760705947876,0.02391102449668397,0.15896796310030897,False
ising,mixed,4,0,0.001,KL descent,1073,1074,1.4448258876800537,0.023909462468739564,0.1589484733574424,False
ising,mixed,4,0,0.001,KL descent,1074,1075,1.4458270072937012,0.023907901286256087,0.15892901594307945,False
ising,mixed,4,0,0.001,KL descent,1075,1076,1.4468369483947754,0.023906340945387676,0.1589095907811769,False
ising,mixed,4,0,0.001,KL descent,1076,1077,1.4478235244750977,0.0239047814423051,0.15889019779588032,False
ising,mixed,4,0,0.001,KL descent,1077,1078,1.4488298892974854,0.023903222773195128,0.15887083691151782,False
ising,mixed,4,0,0.001,KL descent,1078,1079,1.449828863143921,0.023901664934261296,0.15885150805259185,False
ising,mixed,4,0,0.001,KL descent,1079,1080,1.4508213996887207,0.02390010792172441,0.1588322111437958,False
ising,mixed,4,0,0.001,KL descent,1080,1081,1.451819896697998,0.023898551731820053,0.1588129461099977,False
ising,mixed,4,0,0.001,KL descent,1081,1082,1.4533851146697998,0.023896996360802288,0.15879371287624822,False
ising,mixed,4,0,0.001,KL descent,1082,1083,1.4544367790222168,0.02389544180493871,0.15877451136777837,False
ising,mixed,4,0,0.001,KL descent,1083,1084,1.4564359188079834,0.023893888060515976,0.15875534150999576,False
ising,mixed,4,0,0.001,KL descent,1084,1085,1.4574384689331055,0.023892335123834207,0.15873620322849158,False
ising,mixed,4,0,0.001,KL descent,1085,1086,1.4584355354309082,0.02389078299121133,0.15871709644903342,False
ising,mixed,4,0,0.001,KL descent,1086,1087,1.4594480991363525,0.023889231658980298,0.15869802109756237,False
ising,mixed,4,0,0.001,KL descent,1087,1088,1.4604380130767822,0.02388768112349052,0.15867897710020923,False
ising,mixed,4,0,0.001,KL descent,1088,1089,1.461442470550537,0.02388613138110588,0.15865996438326668,False
ising,mixed,4,0,0.001,KL descent,1089,1090,1.463012456893921,0.023884582428208293,0.1586409828732192,False
ising,mixed,4,0,0.001,KL descent,1090,1091,1.464083194732666,0.023883034261193325,0.15862203249671836,False
ising,mixed,4,0,0.001,KL descent,1091,1092,1.4650850296020508,0.023881486876472055,0.15860311318059367,False
ising,mixed,4,0,0.001,KL descent,1092,1093,1.466078758239746,0.02387994027047306,0.15858422485185242,False
ising,mixed,4,0,0.001,KL descent,1093,1094,1.4680817127227783,0.02387839443963757,0.15856536743767402,False
ising,mixed,4,0,0.001,KL descent,1094,1095,1.4690847396850586,0.023876849380424288,0.15854654086541348,False
ising,mixed,4,0,0.001,KL descent,1095,1096,1.4700851440429688,0.02387530508930671,0.15852774506260514,False
ising,mixed,4,0,0.001,KL descent,1096,1097,1.4710757732391357,0.02387376156277255,0.15850897995694757,False
ising,mixed,4,0,0.001,KL descent,1097,1098,1.4730720520019531,0.023872218797325914,0.15849024547632173,False
ising,mixed,4,0,0.001,KL descent,1098,1099,1.4736440181732178,0.02387067678948514,0.15847154154877663,False
ising,mixed,4,0,0.001,KL descent,1099,1100,1.4757020473480225,0.02386913553578425,0.15845286810253645,False
ising,mixed,4,0,0.001,KL descent,1100,1101,1.477696180343628,0.023867595032770878,0.1584342250659943,False
ising,mixed,4,0,0.001,KL descent,1101,1102,1.4796929359436035,0.023866055277009537,0.15841561236771795,False
ising,mixed,4,0,0.001,KL descent,1102,1103,1.4816927909851074,0.02386451626507716,0.1583970299364449,False
ising,mixed,4,0,0.001,KL descent,1103,1104,1.482701063156128,0.0238629779935674,0.15837847770108515,False
ising,mixed,4,0,0.001,KL descent,1104,1105,1.4832789897918701,0.02386144045908752,0.15835995559072025,False
ising,mixed,4,0,0.001,KL descent,1105,1106,1.484323501586914,0.023859903658259414,0.1583414635345965,False
ising,mixed,4,0,0.001,KL descent,1106,1107,1.4853291511535645,0.023858367587719854,0.15832300146213485,False
ising,mixed,4,0,0.001,KL descent,1107,1108,1.4873378276824951,0.023856832244119525,0.15830456930292208,False
ising,mixed,4,0,0.001,KL descent,1108,1109,1.4882805347442627,0.023855297624124156,0.15828616698671877,False
ising,mixed,4,0,0.001,KL descent,1109,1110,1.4893369674682617,0.023853763724413043,0.1582677944434488,False
ising,mixed,4,0,0.001,KL descent,1110,1111,1.4903473854064941,0.023852230541680074,0.15824945160320358,False
ising,mixed,4,0,0.001,KL descent,1111,1112,1.491337776184082,0.02385069807263344,0.15823113839625136,False
ising,mixed,4,0,0.001,KL descent,1112,1113,1.49289870262146,0.023849166313995303,0.1582128547530141,False
ising,mixed,4,0,0.001,KL descent,1113,1114,1.4939634799957275,0.023847635262501582,0.15819460060408846,False
ising,mixed,4,0,0.001,KL descent,1114,1115,1.4949629306793213,0.0238461049149023,0.15817637588023742,False
ising,mixed,4,0,0.001,KL descent,1115,1116,1.4959638118743896,0.023844575267962312,0.1581581805123875,False
ising,mixed,4,0,0.001,KL descent,1116,1117,1.4969658851623535,0.023843046318458298,0.15814001443163145,False
ising,mixed,4,0,0.001,KL descent,1117,1118,1.4979557991027832,0.023841518063182743,0.1581218775692304,False
ising,mixed,4,0,0.001,KL descent,1118,1119,1.4989564418792725,0.02383999049894096,0.1581037698566039,False
ising,mixed,4,0,0.001,KL descent,1119,1120,1.499962568283081,0.023838463622551525,0.15808569122533722,False
ising,mixed,4,0,0.001,KL descent,1120,1121,1.5009565353393555,0.02383693743084722,0.15806764160718795,False
ising,mixed,4,0,0.001,KL descent,1121,1122,1.501969575881958,0.023835411920674107,0.1580496209340671,False
ising,mixed,4,0,0.001,KL descent,1122,1123,1.5035207271575928,0.023833887088891254,0.15803162913805108,False
ising,mixed,4,0,0.001,KL descent,1123,1124,1.504582166671753,0.023832362932373067,0.1580136661513798,False
ising,mixed,4,0,0.001,KL descent,1124,1125,1.5055339336395264,0.02383083944800421,0.15799573190645966,False
ising,mixed,4,0,0.001,KL descent,1125,1126,1.5075769424438477,0.02382931663268523,0.1579778263358539,False
ising,mixed,4,0,0.001,KL descent,1126,1127,1.508589506149292,0.02382779448332836,0.15795994937228575,False
ising,mixed,4,0,0.001,KL descent,1127,1128,1.509577989578247,0.02382627299685945,0.15794210094864725,False
ising,mixed,4,0,0.001,KL descent,1128,1129,1.5105903148651123,0.02382475217021792,0.157924280997979,False
ising,mixed,4,0,0.001,KL descent,1129,1130,1.5115857124328613,0.023823232000355337,0.15790648945349883,False
ising,mixed,4,0,0.001,KL descent,1130,1131,1.5131497383117676,0.023821712484236836,0.1578887262485677,False
ising,mixed,4,0,0.001,KL descent,1131,1132,1.5142154693603516,0.023820193618840056,0.15787099131671467,False
ising,mixed,4,0,0.001,KL descent,1132,1133,1.5152099132537842,0.02381867540115605,0.15785328459162973,False
ising,mixed,4,0,0.001,KL descent,1133,1134,1.5162124633789062,0.023817157828188034,0.15783560600715285,False
ising,mixed,4,0,0.001,KL descent,1134,1135,1.5172090530395508,0.02381564089695233,0.15781795549729138,False
ising,mixed,4,0,0.001,KL descent,1135,1136,1.5181999206542969,0.023814124604477564,0.15780033299620772,False
ising,mixed,4,0,0.001,KL descent,1136,1137,1.5192017555236816,0.02381260894780603,0.15778273843822,False
ising,mixed,4,0,0.001,KL descent,1137,1138,1.520205020904541,0.02381109392399058,0.1577651717578042,False
ising,mixed,4,0,0.001,KL descent,1138,1139,1.5212161540985107,0.023809579530098376,0.15774763288959442,False
ising,mixed,4,0,0.001,KL descent,1139,1140,1.5237445831298828,0.023808065763208534,0.15773012176838103,False
ising,mixed,4,0,0.001,KL descent,1140,1141,1.5247430801391602,0.02380655262041156,0.15771263832910754,False
ising,mixed,4,0,0.001,KL descent,1141,1142,1.5257515907287598,0.02380504009881184,0.15769518250688175,False
ising,mixed,4,0,0.001,KL descent,1142,1143,1.526810646057129,0.023803528195524924,0.1576777542369523,False
ising,mixed,4,0,0.001,KL descent,1143,1144,1.527801752090454,0.023802016907679177,0.157660353454734,False
ising,mixed,4,0,0.001,KL descent,1144,1145,1.5288078784942627,0.023800506232414507,0.1576429800957927,False
ising,mixed,4,0,0.001,KL descent,1145,1146,1.530754804611206,0.0237989961668832,0.15762563409585195,False
ising,mixed,4,0,0.001,KL descent,1146,1147,1.5317542552947998,0.02379748670824999,0.15760831539078135,False
ising,mixed,4,0,0.001,KL descent,1147,1148,1.5327520370483398,0.02379597785369051,0.15759102391660879,False
ising,mixed,4,0,0.001,KL descent,1148,1149,1.5332660675048828,0.023794469600393442,0.15757375960951991,False
ising,mixed,4,0,0.001,KL descent,1149,1150,1.534268856048584,0.023792961945559316,0.15755652240583984,False
ising,mixed,4,0,0.001,KL descent,1150,1151,1.5352773666381836,0.02379145488639903,0.1575393122420583,False
ising,mixed,4,0,0.001,KL descent,1151,1152,1.5363168716430664,0.023789948420136927,0.15752212905480945,False
ising,mixed,4,0,0.001,KL descent,1152,1153,1.5382726192474365,0.023788442544008505,0.1575049727808855,False
ising,mixed,4,0,0.001,KL descent,1153,1154,1.5392682552337646,0.02378693725526048,0.15748784335722293,False
ising,mixed,4,0,0.001,KL descent,1154,1155,1.5402681827545166,0.023785432551151554,0.15747074072091427,False
ising,mixed,4,0,0.001,KL descent,1155,1156,1.5412676334381104,0.02378392842895134,0.15745366480919937,False
ising,mixed,4,0,0.001,KL descent,1156,1157,1.5427744388580322,0.02378242488594263,0.15743661555946858,False
ising,mixed,4,0,0.001,KL descent,1157,1158,1.5437836647033691,0.023780921919417598,0.15741959290926205,False
ising,mixed,4,0,0.001,KL descent,1158,1159,1.544783592224121,0.02377941952668067,0.15740259679627006,False
ising,mixed,4,0,0.001,KL descent,1159,1160,1.5457899570465088,0.02377791770504821,0.15738562715833287,False
ising,mixed,4,0,0.001,KL descent,1160,1161,1.5467898845672607,0.023776416451846995,0.15736868393343423,False
ising,mixed,4,0,0.001,KL descent,1161,1162,1.5477898120880127,0.023774915764414897,0.1573517670597121,False
ising,mixed,4,0,0.001,KL descent,1162,1163,1.5487899780273438,0.0237734156401017,0.1573348764754487,False
ising,mixed,4,0,0.001,KL descent,1163,1164,1.5497899055480957,0.02377191607626822,0.15731801211907248,False
ising,mixed,4,0,0.001,KL descent,1164,1165,1.5507898330688477,0.023770417070286074,0.15730117392916476,False
ising,mixed,4,0,0.001,KL descent,1165,1166,1.5517902374267578,0.023768918619537588,0.15728436184444827,False
ising,mixed,4,0,0.001,KL descent,1166,1167,1.5532965660095215,0.02376742072141599,0.15726757580379225,False
ising,mixed,4,0,0.001,KL descent,1167,1168,1.5543043613433838,0.023765923373326614,0.15725081574621336,False
ising,mixed,4,0,0.001,KL descent,1168,1169,1.5563132762908936,0.023764426572684672,0.1572340816108796,False
ising,mixed,4,0,0.001,KL descent,1169,1170,1.5573124885559082,0.023762930316916033,0.15721737333708896,False
ising,mixed,4,0,0.001,KL descent,1170,1171,1.5583117008209229,0.023761434603457955,0.15720069086430127,False
ising,mixed,4,0,0.001,KL descent,1171,1172,1.5593116283416748,0.02375993942975796,0.15718403413211024,False
ising,mixed,4,0,0.001,KL descent,1172,1173,1.5603115558624268,0.023758444793274894,0.15716740308025823,False
ising,mixed,4,0,0.001,KL descent,1173,1174,1.5613124370574951,0.02375695069147699,0.15715079764863105,False
ising,mixed,4,0,0.001,KL descent,1174,1175,1.5628185272216797,0.023755457121844365,0.15713421777725822,False
ising,mixed,4,0,0.001,KL descent,1175,1176,1.5638267993927002,0.023753964081866707,0.15711766340630817,False
ising,mixed,4,0,0.001,KL descent,1176,1177,1.564826488494873,0.023752471569045062,0.15710113447609542,False
ising,mixed,4,0,0.001,KL descent,1177,1178,1.5658330917358398,0.02375097958088944,0.15708463092708036,False
ising,mixed,4,0,0.001,KL descent,1178,1179,1.5668330192565918,0.023749488114922106,0.15706815269986252,False
ising,mixed,4,0,0.001,KL descent,1179,1180,1.5678331851959229,0.023747997168674526,0.15705169973517796,False
ising,mixed,4,0,0.001,KL descent,1180,1181,1.569871425628662,0.02374650673968804,0.15703527197391387,False
ising,mixed,4,0,0.001,KL descent,1181,1182,1.5718357563018799,0.023745016825515528,0.1570188693570903,False
ising,mixed,4,0,0.001,KL descent,1182,1183,1.5743646621704102,0.023743527423718994,0.15700249182587367,False
ising,mixed,4,0,0.001,KL descent,1183,1184,1.5763685703277588,0.023742038531871616,0.15698613932156735,False
ising,mixed,4,0,0.001,KL descent,1184,1185,1.5773687362670898,0.023740550147554763,0.15696981178561586,False
ising,mixed,4,0,0.001,KL descent,1185,1186,1.5793685913085938,0.02373906226836195,0.1569535091596021,False
ising,mixed,4,0,0.001,KL descent,1186,1187,1.5803682804107666,0.023737574891895336,0.15693723138525173,False
ising,mixed,4,0,0.001,KL descent,1187,1188,1.581369161605835,0.02373608801576793,0.15692097840442693,False
ising,mixed,4,0,0.001,KL descent,1188,1189,1.5828747749328613,0.023734601637601833,0.1569047501591263,False
ising,mixed,4,0,0.001,KL descent,1189,1190,1.58388352394104,0.023733115755029892,0.1568885465914936,False
ising,mixed,4,0,0.001,KL descent,1190,1191,1.5848901271820068,0.02373163036569366,0.15687236764379964,False
ising,mixed,4,0,0.001,KL descent,1191,1192,1.5858986377716064,0.023730145467245646,0.15685621325846627,False
ising,mixed,4,0,0.001,KL descent,1192,1193,1.5868971347808838,0.02372866105734677,0.1568400833780414,False
ising,mixed,4,0,0.001,KL descent,1193,1194,1.5888986587524414,0.023727177133669296,0.15682397794521452,False
ising,mixed,4,0,0.001,KL descent,1194,1195,1.5898969173431396,0.023725693693893775,0.15680789690281516,False
ising,mixed,4,0,0.001,KL descent,1195,1196,1.5908968448638916,0.02372421073571044,0.15679184019380082,False
ising,mixed,4,0,0.001,KL descent,1196,1197,1.5918970108032227,0.02372272825681994,0.1567758077612727,False
ising,mixed,4,0,0.001,KL descent,1197,1198,1.5928966999053955,0.02372124625493163,0.15675979954846359,False
ising,mixed,4,0,0.001,KL descent,1198,1199,1.5934028625488281,0.023719764727764818,0.15674381549873861,False
ising,mixed,4,0,0.001,KL descent,1199,1200,1.5944106578826904,0.02371828367304815,0.15672785555561014,False
ising,mixed,4,0,0.001,KL descent,1200,1201,1.5954108238220215,0.023716803088518923,0.15671191966270748,False
ising,mixed,4,0,0.001,KL descent,1201,1202,1.5964171886444092,0.023715322971925083,0.156696007763809,False
ising,mixed,4,0,0.001,KL descent,1202,1203,1.5984172821044922,0.0237138433210224,0.15668011980282248,False
ising,mixed,4,0,0.001,KL descent,1203,1204,1.5994172096252441,0.023712364133577125,0.15666425572378084,False
ising,mixed,4,0,0.001,KL descent,1204,1205,1.6004703044891357,0.023710885407363814,0.15664841547086722,False
ising,mixed,4,0,0.001,KL descent,1205,1206,1.6014714241027832,0.023709407140167508,0.15663259898837978,False
ising,mixed,4,0,0.001,KL descent,1206,1207,1.6014714241027832,0.023707929329780063,0.15661680622076202,False
ising,mixed,4,0,0.001,KL descent,1207,1208,1.603025197982788,0.023706451974005394,0.15660103711258688,False
ising,mixed,4,0,0.001,KL descent,1208,1209,1.6038098335266113,0.02370497507065345,0.1565852916085564,False
ising,mixed,4,0,0.001,KL descent,1209,1210,1.6052606105804443,0.023703498617545542,0.15656956965350555,False
ising,mixed,4,0,0.001,KL descent,1210,1211,1.6063239574432373,0.02370202261251045,0.15655387119240083,False
ising,mixed,4,0,0.001,KL descent,1211,1212,1.6073274612426758,0.023700547053386558,0.1565381961703387,False
ising,mixed,4,0,0.001,KL descent,1212,1213,1.6083216667175293,0.023699071938021257,0.15652254453254966,False
ising,mixed,4,0,0.001,KL descent,1213,1214,1.6093201637268066,0.02369759726427007,0.15650691622439078,False
ising,mixed,4,0,0.001,KL descent,1214,1215,1.6103193759918213,0.023696123029997507,0.15649131119135107,False
ising,mixed,4,0,0.001,KL descent,1215,1216,1.6113207340240479,0.023694649233078444,0.15647572937905052,False
ising,mixed,4,0,0.001,KL descent,1216,1217,1.6128764152526855,0.023693175871393038,0.15646017073323515,False
ising,mixed,4,0,0.001,KL descent,1217,1218,1.6128764152526855,0.023691702942833646,0.1564446351997828,False
ising,mixed,4,0,0.001,KL descent,1218,1219,1.6149327754974365,0.023690230445299335,0.15642912272469833,False
ising,mixed,4,0,0.001,KL descent,1219,1220,1.615933895111084,0.023688758376698156,0.15641363325411506,False
ising,mixed,4,0,0.001,KL descent,1220,1221,1.6169319152832031,0.023687286734946987,0.15639816673430107,False
ising,mixed,4,0,0.001,KL descent,1221,1222,1.6179444789886475,0.023685815517970325,0.1563827231116382,False
ising,mixed,4,0,0.001,KL descent,1222,1223,1.618931531906128,0.023684344723702518,0.15636730233265228,False
ising,mixed,4,0,0.001,KL descent,1223,1224,1.619941234588623,0.023682874350085373,0.15635190434398194,False
ising,mixed,4,0,0.001,KL descent,1224,1225,1.6209352016448975,0.023681404395069595,0.1563365290923996,False
ising,mixed,4,0,0.001,KL descent,1225,1226,1.6218924522399902,0.023679934856613506,0.15632117652480948,False
ising,mixed,4,0,0.001,KL descent,1226,1227,1.6229352951049805,0.023678465732684943,0.15630584658823166,False
ising,mixed,4,0,0.001,KL descent,1227,1228,1.6234989166259766,0.02367699702125912,0.15629053922981767,False
ising,mixed,4,0,0.001,KL descent,1228,1229,1.6245591640472412,0.02367552872031916,0.15627525439684065,False
ising,mixed,4,0,0.001,KL descent,1229,1230,1.6255528926849365,0.023674060827857973,0.1562599920367077,False
ising,mixed,4,0,0.001,KL descent,1230,1231,1.6265521049499512,0.023672593341874774,0.15624475209694255,False
ising,mixed,4,0,0.001,KL descent,1231,1232,1.6275489330291748,0.02367112626037839,0.15622953452519844,False
ising,mixed,4,0,0.001,KL descent,1232,1233,1.6285552978515625,0.023669659581384672,0.15621433926924777,False
ising,mixed,4,0,0.001,KL descent,1233,1234,1.6295466423034668,0.02366819330291811,0.15619916627699637,False
ising,mixed,4,0,0.001,KL descent,1234,1235,1.6315007209777832,0.0236667274230117,0.15618401549646194,False
ising,mixed,4,0,0.001,KL descent,1235,1236,1.6320104598999023,0.02366526193970486,0.15616888687579505,False
ising,mixed,4,0,0.001,KL descent,1236,1237,1.6340289115905762,0.023663796851046685,0.15615378036326588,False
ising,mixed,4,0,0.001,KL descent,1237,1238,1.6350352764129639,0.023662332155092957,0.1561386959072668,False
ising,mixed,4,0,0.001,KL descent,1238,1239,1.6360352039337158,0.023660867849908118,0.15612363345631586,False
ising,mixed,4,0,0.001,KL descent,1239,1240,1.6370351314544678,0.02365940393356438,0.1561085929590476,False
ising,mixed,4,0,0.001,KL descent,1240,1241,1.6380338668823242,0.023657940404141056,0.1560935743642275,False
ising,mixed,4,0,0.001,KL descent,1241,1242,1.6390376091003418,0.023656477259725868,0.15607857762073357,False
ising,mixed,4,0,0.001,KL descent,1242,1243,1.6400353908538818,0.02365501449841431,0.15606360267757186,False
ising,mixed,4,0,0.001,KL descent,1243,1244,1.641035795211792,0.023653552118309117,0.156048649483865,False
ising,mixed,4,0,0.001,KL descent,1244,1245,1.6420354843139648,0.023652090117520837,0.15603371798886023,False
ising,mixed,4,0,0.001,KL descent,1245,1246,1.6435418128967285,0.02365062849416842,0.1560188081419206,False
ising,mixed,4,0,0.001,KL descent,1246,1247,1.644550085067749,0.023649167246377133,0.15600391989253565,False
ising,mixed,4,0,0.001,KL descent,1247,1248,1.6455562114715576,0.023647706372281318,0.15598905319030998,False
ising,mixed,4,0,0.001,KL descent,1248,1249,1.6465561389923096,0.023646245870020864,0.15597420798496914,False
ising,mixed,4,0,0.001,KL descent,1249,1250,1.647684097290039,0.023644785737744898,0.15595938422635758,False
ising,mixed,4,0,0.001,KL descent,1250,1251,1.6496882438659668,0.023643325973609568,0.15594458186444105,False
ising,mixed,4,0,0.001,KL descent,1251,1252,1.6516845226287842,0.023641866575778003,0.15592980084929886,False
ising,mixed,4,0,0.001,KL descent,1252,1253,1.6533260345458984,0.02364040754242081,0.15591504113113508,False
ising,mixed,4,0,0.001,KL descent,1253,1254,1.6563706398010254,0.023638948871716248,0.15590030266026905,False
ising,mixed,4,0,0.001,KL descent,1254,1255,1.657430648803711,0.023637490561850296,0.15588558538713748,False
ising,mixed,4,0,0.001,KL descent,1255,1256,1.659421682357788,0.023636032611014927,0.1558708892622973,False
ising,mixed,4,0,0.001,KL descent,1256,1257,1.6614079475402832,0.02363457501741101,0.15585621423641477,False
ising,mixed,4,0,0.001,KL descent,1257,1258,1.6641099452972412,0.023633117779245087,0.1558415602602864,False
ising,mixed,4,0,0.001,KL descent,1258,1259,1.6661055088043213,0.02363166089473228,0.15582692728481284,False
ising,mixed,4,0,0.001,KL descent,1259,1260,1.667107105255127,0.023630204362093482,0.15581231526102018,False
ising,mixed,4,0,0.001,KL descent,1260,1261,1.6690974235534668,0.023628748179558047,0.15579772414004467,False
ising,mixed,4,0,0.001,KL descent,1261,1262,1.671097993850708,0.023627292345361282,0.155783153873139,False
ising,mixed,4,0,0.001,KL descent,1262,1263,1.6737277507781982,0.023625836857746902,0.15576860441167772,False
ising,mixed,4,0,0.001,KL descent,1263,1264,1.6758220195770264,0.02362438171496413,0.15575407570714334,False
ising,mixed,4,0,0.001,KL descent,1264,1265,1.6768226623535156,0.02362292691527063,0.1557395677111354,False
ising,mixed,4,0,0.001,KL descent,1265,1266,1.678828239440918,0.02362147245692934,0.1557250803753697,False
ising,mixed,4,0,0.001,KL descent,1266,1267,1.6807308197021484,0.023620018338212295,0.1557106136516767,False
ising,mixed,4,0,0.001,KL descent,1267,1268,1.6832351684570312,0.023618564557396658,0.1556961674919996,False
ising,mixed,4,0,0.001,KL descent,1268,1269,1.6852436065673828,0.023617111112767125,0.15568174184839545,False
ising,mixed,4,0,0.001,KL descent,1269,1270,1.6872496604919434,0.02361565800261508,0.1556673366730355,False
ising,mixed,4,0,0.001,KL descent,1270,1271,1.6892502307891846,0.02361420522523956,0.15565295191820383,False
ising,mixed,4,0,0.001,KL descent,1271,1272,1.6912503242492676,0.0236127527789449,0.15563858753629822,False
ising,mixed,4,0,0.001,KL descent,1272,1273,1.6927564144134521,0.023611300662043328,0.15562424347982806,False
ising,mixed,4,0,0.001,KL descent,1273,1274,1.6947648525238037,0.02360984887285296,0.1556099197014203,False
ising,mixed,4,0,0.001,KL descent,1274,1275,1.6968512535095215,0.02360839740970034,0.15559561615380557,False
ising,mixed,4,0,0.001,KL descent,1275,1276,1.6988930702209473,0.023606946270916078,0.155581332789831,False
ising,mixed,4,0,0.001,KL descent,1276,1277,1.7008979320526123,0.023605495454839698,0.15556706956246014,False
ising,mixed,4,0,0.001,KL descent,1277,1278,1.7028958797454834,0.02360404495981521,0.1555528264247546,False
ising,mixed,4,0,0.001,KL descent,1278,1279,1.7041664123535156,0.023602594784195897,0.15553860332990233,False
ising,mixed,4,0,0.001,KL descent,1279,1280,1.7063052654266357,0.023601144926338972,0.15552440023119285,False
ising,mixed,4,0,0.001,KL descent,1280,1281,1.7083079814910889,0.023599695384610184,0.1555102170820316,False
ising,mixed,4,0,0.001,KL descent,1281,1282,1.7103023529052734,0.023598246157379908,0.15549605383592457,False
ising,mixed,4,0,0.001,KL descent,1282,1283,1.711230754852295,0.02359679724302663,0.15548191044650345,False
ising,mixed,4,0,0.001,KL descent,1283,1284,1.7139906883239746,0.023595348639933636,0.15546778686749546,False
ising,mixed,4,0,0.001,KL descent,1284,1285,1.7159972190856934,0.02359390034649299,0.1554536830527466,False
ising,mixed,4,0,0.001,KL descent,1285,1286,1.717993974685669,0.023592452361100386,0.15543959895620346,False
ising,mixed,4,0,0.001,KL descent,1286,1287,1.719994306564331,0.02359100468215987,0.15542553453192898,False
ising,mixed,4,0,0.001,KL descent,1287,1288,1.7219126224517822,0.023589557308081047,0.1554114897340929,False
ising,mixed,4,0,0.001,KL descent,1288,1289,1.7234992980957031,0.023588110237279473,0.155397464516974,False
ising,mixed,4,0,0.001,KL descent,1289,1290,1.7255463600158691,0.023586663468177137,0.15538345883495702,False
ising,mixed,4,0,0.001,KL descent,1290,1291,1.7275516986846924,0.023585216999203573,0.15536947264253242,False
ising,mixed,4,0,0.001,KL descent,1291,1292,1.7295525074005127,0.023583770828791893,0.15535550589430458,False
ising,mixed,4,0,0.001,KL descent,1292,1293,1.731544017791748,0.023582324955384423,0.15534155854498233,False
ising,mixed,4,0,0.001,KL descent,1293,1294,1.7330946922302246,0.023580879377426894,0.1553276305493817,False
ising,mixed,4,0,0.001,KL descent,1294,1295,1.73514986038208,0.023579434093372893,0.15531372186242537,False
ising,mixed,4,0,0.001,KL descent,1295,1296,1.7371509075164795,0.023577989101681296,0.15529983243913953,False
ising,mixed,4,0,0.001,KL descent,1296,1297,1.7391643524169922,0.023576544400817714,0.1552859622346639,False
ising,mixed,4,0,0.001,KL descent,1297,1298,1.7411532402038574,0.023575099989253216,0.1552721112042365,False
ising,mixed,4,0,0.001,KL descent,1298,1299,1.7429871559143066,0.023573655865464806,0.15525827930320518,False
ising,mixed,4,0,0.001,KL descent,1299,1300,1.7450473308563232,0.023572212027936065,0.15524446648702805,False
ising,mixed,4,0,0.001,KL descent,1300,1301,1.747037649154663,0.02357076847515616,0.15523067271125834,False
ising,mixed,4,0,0.001,KL descent,1301,1302,1.7490463256835938,0.023569325205619576,0.15521689793155696,False
ising,mixed,4,0,0.001,KL descent,1302,1303,1.7510452270507812,0.023567882217828615,0.1552031421036983,False
ising,mixed,4,0,0.001,KL descent,1303,1304,1.7530438899993896,0.023566439510289198,0.15518940518355162,False
ising,mixed,4,0,0.001,KL descent,1304,1305,1.7545974254608154,0.02356499708151451,0.1551756871270934,False
ising,mixed,4,0,0.001,KL descent,1305,1306,1.756641149520874,0.02356355493002234,0.15516198789040758,False
ising,mixed,4,0,0.001,KL descent,1306,1307,1.7586450576782227,0.023562113054338623,0.15514830742967345,False
ising,mixed,4,0,0.001,KL descent,1307,1308,1.760645866394043,0.023560671452991972,0.15513464570118224,False
ising,mixed,4,0,0.001,KL descent,1308,1309,1.7626433372497559,0.02355923012451937,0.15512100266132567,False
ising,mixed,4,0,0.001,KL descent,1309,1310,1.764242172241211,0.023557789067461646,0.15510737826659837,False
ising,mixed,4,0,0.001,KL descent,1310,1311,1.7662489414215088,0.023556348280366724,0.15509377247359557,False
ising,mixed,4,0,0.001,KL descent,1311,1312,1.768249273300171,0.023554907761787123,0.15508018523901695,False
ising,mixed,4,0,0.001,KL descent,1312,1313,1.7702481746673584,0.02355346751028207,0.15506661651966674,False
ising,mixed,4,0,0.001,KL descent,1313,1314,1.7728137969970703,0.023552027524415244,0.15505306627244386,False
ising,mixed,4,0,0.001,KL descent,1314,1315,1.7738873958587646,0.023550587802757025,0.15503953445435636,False
ising,mixed,4,0,0.001,KL descent,1315,1316,1.7748773097991943,0.02354914834388236,0.15502602102251445,False
ising,mixed,4,0,0.001,KL descent,1316,1317,1.7758703231811523,0.0235477091463723,0.1550125259341218,False
ising,mixed,4,0,0.001,KL descent,1317,1318,1.776872158050537,0.023546270208813353,0.15499904914648877,False
ising,mixed,4,0,0.001,KL descent,1318,1319,1.7778751850128174,0.023544831529797926,0.15498559061702522,False
ising,mixed,4,0,0.001,KL descent,1319,1320,1.7788748741149902,0.0235433931079231,0.15497215030324263,False
ising,mixed,4,0,0.001,KL descent,1320,1321,1.779869794845581,0.023541954941791836,0.15495872816274997,False
ising,mixed,4,0,0.001,KL descent,1321,1322,1.7808756828308105,0.02354051703001217,0.1549453241532594,False
ising,mixed,4,0,0.001,KL descent,1322,1323,1.7818691730499268,0.023539079371198677,0.1549319382325789,False
ising,mixed,4,0,0.001,KL descent,1323,1324,1.7828702926635742,0.02353764196396942,0.15491857035862072,False
ising,mixed,4,0,0.001,KL descent,1324,1325,1.783435583114624,0.023536204806949908,0.15490522048939415,False
ising,mixed,4,0,0.001,KL descent,1325,1326,1.784482479095459,0.023534767898769137,0.154891888583005,False
ising,mixed,4,0,0.001,KL descent,1326,1327,1.7854838371276855,0.0235333312380623,0.1548785745976608,False
ising,mixed,4,0,0.001,KL descent,1327,1328,1.7864859104156494,0.023531894823470137,0.1548652784916696,False
ising,mixed,4,0,0.001,KL descent,1328,1329,1.7884376049041748,0.02353045865363806,0.15485200022343393,False
ising,mixed,4,0,0.001,KL descent,1329,1330,1.7895324230194092,0.023529022727216877,0.15483873975145324,False
ising,mixed,4,0,0.001,KL descent,1330,1331,1.7904815673828125,0.023527587042862542,0.15482549703432885,False
ising,mixed,4,0,0.001,KL descent,1331,1332,1.7914817333221436,0.02352615159923701,0.15481227203076003,False
ising,mixed,4,0,0.001,KL descent,1332,1333,1.7914817333221436,0.023524716395006008,0.15479906469953958,False
ising,mixed,4,0,0.001,KL descent,1333,1334,1.7930357456207275,0.02352328142884099,0.15478587499955704,False
ising,mixed,4,0,0.001,KL descent,1334,1335,1.794100284576416,0.02352184669941961,0.15477270288980394,False
ising,mixed,4,0,0.001,KL descent,1335,1336,1.7950971126556396,0.0235204122054222,0.15475954832936423,False
ising,mixed,4,0,0.001,KL descent,1336,1337,1.7960927486419678,0.02351897794553694,0.1547464112774195,False
ising,mixed,4,0,0.001,KL descent,1337,1338,1.7970914840698242,0.0235175439184551,0.15473329169324834,False
ising,mixed,4,0,0.001,KL descent,1338,1339,1.7981326580047607,0.023516110122873808,0.15472018953622313,False
ising,mixed,4,0,0.001,KL descent,1339,1340,1.8001670837402344,0.02351467655749493,0.15470710476581184,False
ising,mixed,4,0,0.001,KL descent,1340,1341,1.80116605758667,0.023513243221025302,0.15469403734158288,False
ising,mixed,4,0,0.001,KL descent,1341,1342,1.80116605758667,0.02351181011217724,0.15468098722319418,False
ising,mixed,4,0,0.001,KL descent,1342,1343,1.802807331085205,0.02351037722966725,0.15466795437039893,False
ising,mixed,4,0,0.001,KL descent,1343,1344,1.802807331085205,0.023508944572217222,0.15465493874304947,False
ising,mixed,4,0,0.001,KL descent,1344,1345,1.80556321144104,0.02350751213855313,0.15464194030109085,False
ising,mixed,4,0,0.001,KL descent,1345,1346,1.8075721263885498,0.02350607992740752,0.1546289590045567,False
ising,mixed,4,0,0.001,KL descent,1346,1347,1.809575080871582,0.02350464793751661,0.15461599481358423,False
ising,mixed,4,0,0.001,KL descent,1347,1348,1.8115692138671875,0.02350321616762081,0.1546030476883965,False
ising,mixed,4,0,0.001,KL descent,1348,1349,1.8131239414215088,0.02350178461646686,0.15459011758931768,False
ising,mixed,4,0,0.001,KL descent,1349,1350,1.8151814937591553,0.02350035328280569,0.15457720447675577,False
ising,mixed,4,0,0.001,KL descent,1350,1351,1.8171863555908203,0.023498922165392393,0.1545643083112216,False
ising,mixed,4,0,0.001,KL descent,1351,1352,1.819183111190796,0.023497491262987575,0.15455142905331032,False
ising,mixed,4,0,0.001,KL descent,1352,1353,1.821136236190796,0.02349606057435585,0.15453856666371713,False
ising,mixed,4,0,0.001,KL descent,1353,1354,1.8226943016052246,0.023494630098268247,0.15452572110322815,False
ising,mixed,4,0,0.001,KL descent,1354,1355,1.8247578144073486,0.02349319983349762,0.15451289233271565,False
ising,mixed,4,0,0.001,KL descent,1355,1356,1.8267450332641602,0.0234917697788241,0.15450008031315055,False
ising,mixed,4,0,0.001,KL descent,1356,1357,1.8287551403045654,0.02349033993303115,0.15448728500559256,False
ising,mixed,4,0,0.001,KL descent,1357,1358,1.8307669162750244,0.023488910294907395,0.15447450637119375,False
ising,mixed,4,0,0.001,KL descent,1358,1359,1.8327622413635254,0.02348748086324547,0.1544617443711993,False
ising,mixed,4,0,0.001,KL descent,1359,1360,1.8342399597167969,0.023486051636842982,0.1544489989669396,False
ising,mixed,4,0,0.001,KL descent,1360,1361,1.83622145652771,0.023484622614502508,0.1544362701198458,False
ising,mixed,4,0,0.001,KL descent,1361,1362,1.8372225761413574,0.0234831937950302,0.15442355779143002,False
ising,mixed,4,0,0.001,KL descent,1362,1363,1.8382058143615723,0.023481765177237584,0.15441086194329862,False
ising,mixed,4,0,0.001,KL descent,1363,1364,1.839247226715088,0.023480336759940185,0.15439818253714815,False
ising,mixed,4,0,0.001,KL descent,1364,1365,1.8402881622314453,0.023478908541958558,0.15438551953476765,False
ising,mixed,4,0,0.001,KL descent,1365,1366,1.8412961959838867,0.023477480522116952,0.15437287289803214,False
ising,mixed,4,0,0.001,KL descent,1366,1367,1.8429226875305176,0.023476052699244857,0.1543602425889059,False
ising,mixed,4,0,0.001,KL descent,1367,1368,1.8440568447113037,0.023474625072175334,0.15434762856944695,False
ising,mixed,4,0,0.001,KL descent,1368,1369,1.8450596332550049,0.023473197639746823,0.15433503080179878,False
ising,mixed,4,0,0.001,KL descent,1369,1370,1.8460566997528076,0.02347177040080111,0.15432244924819588,False
ising,mixed,4,0,0.001,KL descent,1370,1371,1.8470604419708252,0.02347034335418561,0.154309883870957,False
ising,mixed,4,0,0.001,KL descent,1371,1372,1.8480567932128906,0.023468916498750877,0.15429733463249362,False
ising,mixed,4,0,0.001,KL descent,1372,1373,1.8490581512451172,0.023467489833351833,0.154284801495306,False
ising,mixed,4,0,0.001,KL descent,1373,1374,1.8500611782073975,0.023466063356849202,0.15427228442198088,False
ising,mixed,4,0,0.001,KL descent,1374,1375,1.8510632514953613,0.023464637068106715,0.15425978337519086,False
ising,mixed,4,0,0.001,KL descent,1375,1376,1.852055549621582,0.023463210965991715,0.1542472983177008,False
ising,mixed,4,0,0.001,KL descent,1376,1377,1.8537070751190186,0.02346178504937741,0.15423482921235898,False
ising,mixed,4,0,0.001,KL descent,1377,1378,1.8547136783599854,0.023460359317140682,0.1542223760220987,False
ising,mixed,4,0,0.001,KL descent,1378,1379,1.855726957321167,0.023458933768162323,0.1542099387099507,False
ising,mixed,4,0,0.001,KL descent,1379,1380,1.8568551540374756,0.023457508401327418,0.15419751723901953,False
ising,mixed,4,0,0.001,KL descent,1380,1381,1.8578555583953857,0.023456083215525076,0.15418511157250592,False
ising,mixed,4,0,0.001,KL descent,1381,1382,1.8588390350341797,0.023454658209649308,0.15417272167369112,False
ising,mixed,4,0,0.001,KL descent,1382,1383,1.8598437309265137,0.02345323338259736,0.15416034750594587,False
ising,mixed,4,0,0.001,KL descent,1383,1384,1.8608543872833252,0.023451808733270855,0.15414798903272298,False
ising,mixed,4,0,0.001,KL descent,1384,1385,1.8618459701538086,0.02345038426057606,0.15413564621756337,False
ising,mixed,4,0,0.001,KL descent,1385,1386,1.8634741306304932,0.02344895996342309,0.15412331902410065,False
ising,mixed,4,0,0.001,KL descent,1386,1387,1.864511251449585,0.023447535840725394,0.15411100741603823,False
ising,mixed,4,0,0.001,KL descent,1387,1388,1.8655738830566406,0.023446111891401274,0.15409871135717612,False
ising,mixed,4,0,0.001,KL descent,1388,1389,1.8665695190429688,0.023444688114372923,0.15408643081139506,False
ising,mixed,4,0,0.001,KL descent,1389,1390,1.8675718307495117,0.023443264508566656,0.15407416574266508,False
ising,mixed,4,0,0.001,KL descent,1390,1391,1.8685405254364014,0.023441841072912334,0.15406191611503267,False
ising,mixed,4,0,0.001,KL descent,1391,1392,1.8695273399353027,0.023440417806344368,0.15404968189263424,False
ising,mixed,4,0,0.001,KL descent,1392,1393,1.87056565284729,0.023438994707800313,0.15403746303968724,False
ising,mixed,4,0,0.001,KL descent,1393,1394,1.8714830875396729,0.023437571776222896,0.15402525952049784,False
ising,mixed,4,0,0.001,KL descent,1394,1395,1.8728272914886475,0.02343614901055781,0.1540130712994527,False
ising,mixed,4,0,0.001,KL descent,1395,1396,1.873931646347046,0.023434726409754844,0.15400089834101915,False
ising,mixed,4,0,0.001,KL descent,1396,1397,1.8748741149902344,0.023433303972767775,0.15398874060974982,False
ising,mixed,4,0,0.001,KL descent,1397,1398,1.8759291172027588,0.02343188169855499,0.15397659807028352,False
ising,mixed,4,0,0.001,KL descent,1398,1399,1.876934289932251,0.023430459586077076,0.1539644706873381,False
ising,mixed,4,0,0.001,KL descent,1399,1400,1.8779337406158447,0.02342903763429939,0.15395235842571398,False
ising,mixed,4,0,0.001,KL descent,1400,1401,1.8789317607879639,0.023427615842191666,0.15394026125029986,False
ising,mixed,4,0,0.001,KL descent,1401,1402,1.8799350261688232,0.023426194208727144,0.15392817912605428,False
ising,mixed,4,0,0.001,KL descent,1402,1403,1.8809278011322021,0.023424772732882175,0.15391611201803213,False
ising,mixed,4,0,0.001,KL descent,1403,1404,1.8819327354431152,0.023423351413637362,0.15390405989136025,False
ising,mixed,4,0,0.001,KL descent,1404,1405,1.883547067642212,0.023421930249977213,0.1538920227112477,False
ising,mixed,4,0,0.001,KL descent,1405,1406,1.8846402168273926,0.023420509240890175,0.1538800004429931,False
ising,mixed,4,0,0.001,KL descent,1406,1407,1.8856453895568848,0.023419088385367725,0.15386799305197008,False
ising,mixed,4,0,0.001,KL descent,1407,1408,1.8866336345672607,0.023417667682405344,0.1538560005036282,False
ising,mixed,4,0,0.001,KL descent,1408,1409,1.8876514434814453,0.02341624713100257,0.15384402276350978,False
ising,mixed,4,0,0.001,KL descent,1409,1410,1.8885483741760254,0.02341482673016188,0.15383205979722742,False
ising,mixed,4,0,0.001,KL descent,1410,1411,1.8896605968475342,0.023413406478890886,0.1538201115704798,False
ising,mixed,4,0,0.001,KL descent,1411,1412,1.8906409740447998,0.023411986376199255,0.15380817804904334,False
ising,mixed,4,0,0.001,KL descent,1412,1413,1.8916382789611816,0.023410566421100718,0.15379625919877554,False
ising,mixed,4,0,0.001,KL descent,1413,1414,1.89323091506958,0.0234091466126131,0.15378435498561638,False
ising,mixed,4,0,0.001,KL descent,1414,1415,1.8943347930908203,0.023407726949757665,0.15377246537557843,False
ising,mixed,4,0,0.001,KL descent,1415,1416,1.895329475402832,0.023406307431558707,0.15376059033475936,False
ising,mixed,4,0,0.001,KL descent,1416,1417,1.8963282108306885,0.02340488805704488,0.15374872982933374,False
ising,mixed,4,0,0.001,KL descent,1417,1418,1.8973314762115479,0.023403468825248044,0.15373688382555806,False
ising,mixed,4,0,0.001,KL descent,1418,1419,1.8983323574066162,0.023402049735203503,0.1537250522897634,False
ising,mixed,4,0,0.001,KL descent,1419,1420,1.8993275165557861,0.023400630785950092,0.15371323518836288,False
ising,mixed,4,0,0.001,KL descent,1420,1421,1.9003307819366455,0.023399211976530505,0.1537014324878484,False
ising,mixed,4,0,0.001,KL descent,1421,1422,1.9013254642486572,0.023397793305990552,0.15368964415478747,False
ising,mixed,4,0,0.001,KL descent,1422,1423,1.9029204845428467,0.023396374773379917,0.153677870155826,False
ising,mixed,4,0,0.001,KL descent,1423,1424,1.904566764831543,0.023394956377750856,0.15366611045768674,False
ising,mixed,4,0,0.001,KL descent,1424,1425,1.9056305885314941,0.02339353811816086,0.1536543650271761,False
ising,mixed,4,0,0.001,KL descent,1425,1426,1.9066376686096191,0.023392119993668442,0.15364263383117405,False
ising,mixed,4,0,0.001,KL descent,1426,1427,1.9076323509216309,0.02339070200333763,0.15363091683663443,False
ising,mixed,4,0,0.001,KL descent,1427,1428,1.9086189270019531,0.023389284146234448,0.15361921401059386,False
ising,mixed,4,0,0.001,KL descent,1428,1429,1.9096310138702393,0.023387866421429683,0.15360752532016386,False
ising,mixed,4,0,0.001,KL descent,1429,1430,1.9106254577636719,0.023386448827996544,0.1535958507325328,False
ising,mixed,4,0,0.001,KL descent,1430,1431,1.911623239517212,0.023385031365011445,0.1535841902149616,False
ising,mixed,4,0,0.001,KL descent,1431,1432,1.9131793975830078,0.023383614031554555,0.153572543734798,False
ising,mixed,4,0,0.001,KL descent,1432,1433,1.9142420291900635,0.023382196826709195,0.15356091125945387,False
ising,mixed,4,0,0.001,KL descent,1433,1434,1.915238857269287,0.023380779749562843,0.15354929275642426,False
ising,mixed,4,0,0.001,KL descent,1434,1435,1.9162418842315674,0.023379362799204807,0.15353768819327834,False
ising,mixed,4,0,0.001,KL descent,1435,1436,1.9172496795654297,0.023377945974728843,0.15352609753765933,False
ising,mixed,4,0,0.001,KL descent,1436,1437,1.9182407855987549,0.02337652927523161,0.1535145207572901,False
ising,mixed,4,0,0.001,KL descent,1437,1438,1.9192402362823486,0.02337511269981273,0.1535029578199676,False
ising,mixed,4,0,0.001,KL descent,1438,1439,1.9211950302124023,0.02337369624757574,0.15349140869355438,False
ising,mixed,4,0,0.001,KL descent,1439,1440,1.9211950302124023,0.02337227991762704,0.15347987334600544,False
ising,mixed,4,0,0.001,KL descent,1440,1441,1.9227607250213623,0.023370863709075953,0.15346835174533557,False
ising,mixed,4,0,0.001,KL descent,1441,1442,1.923779010772705,0.023369447621035423,0.15345684385964153,False
ising,mixed,4,0,0.001,KL descent,1442,1443,1.9247760772705078,0.02336803165262162,0.15344534965709078,False
ising,mixed,4,0,0.001,KL descent,1443,1444,1.9257879257202148,0.023366615802953374,0.15343386910592982,False
ising,mixed,4,0,0.001,KL descent,1444,1445,1.926800012588501,0.02336520007115379,0.15342240217447245,False
ising,mixed,4,0,0.001,KL descent,1445,1446,1.9278345108032227,0.02336378445634785,0.15341094883111073,False
ising,mixed,4,0,0.001,KL descent,1446,1447,1.928837776184082,0.023362368957664345,0.15339950904431116,False
ising,mixed,4,0,0.001,KL descent,1447,1448,1.9307935237884521,0.02336095357423512,0.1533880827826113,False
ising,mixed,4,0,0.001,KL descent,1448,1449,1.9317896366119385,0.023359538305194986,0.15337667001462202,False
ising,mixed,4,0,0.001,KL descent,1449,1450,1.932790994644165,0.023358123149682365,0.15336527070902628,False
ising,mixed,4,0,0.001,KL descent,1450,1451,1.9333012104034424,0.023356708106837855,0.15335388483458295,False
ising,mixed,4,0,0.001,KL descent,1451,1452,1.9343128204345703,0.02335529317580584,0.1533425123601309,False
ising,mixed,4,0,0.001,KL descent,1452,1453,1.9353125095367432,0.023353878355734152,0.15333115325455865,False
ising,mixed,4,0,0.001,KL descent,1453,1454,1.9363222122192383,0.023352463645772217,0.15331980748684815,False
ising,mixed,4,0,0.001,KL descent,1454,1455,1.9373209476470947,0.023351049045073177,0.15330847502604744,False
ising,mixed,4,0,0.001,KL descent,1455,1456,1.939375400543213,0.023349634552794613,0.15329715584127518,False
ising,mixed,4,0,0.001,KL descent,1456,1457,1.9403719902038574,0.023348220168095218,0.15328584990172306,False
ising,mixed,4,0,0.001,KL descent,1457,1458,1.9413776397705078,0.02334680589013697,0.1532745571766545,False
ising,mixed,4,0,0.001,KL descent,1458,1459,1.9413776397705078,0.02334539171808573,0.15326327763540215,False
ising,mixed,4,0,0.001,KL descent,1459,1460,1.9429347515106201,0.023343977651109675,0.15325201124737703,False
ising,mixed,4,0,0.001,KL descent,1460,1461,1.9439995288848877,0.023342563688380374,0.15324075798205128,False
ising,mixed,4,0,0.001,KL descent,1461,1462,1.944998025894165,0.023341149829071657,0.15322951780897143,False
ising,mixed,4,0,0.001,KL descent,1462,1463,1.9460008144378662,0.023339736072360787,0.15321829069776272,False
ising,mixed,4,0,0.001,KL descent,1463,1464,1.9469966888427734,0.023338322417427712,0.15320707661811123,False
ising,mixed,4,0,0.001,KL descent,1464,1465,1.9479961395263672,0.023336908863455887,0.15319587553977476,False
ising,mixed,4,0,0.001,KL descent,1465,1466,1.9489974975585938,0.02333549540963056,0.15318468743258995,False
ising,mixed,4,0,0.001,KL descent,1466,1467,1.9499945640563965,0.023334082055141214,0.1531735122664496,False
ising,mixed,4,0,0.001,KL descent,1467,1468,1.9509949684143066,0.023332668799179005,0.15316235001133055,False
ising,mixed,4,0,0.001,KL descent,1468,1469,1.951995849609375,0.02333125564093843,0.153151200637271,False
ising,mixed,4,0,0.001,KL descent,1469,1470,1.9535796642303467,0.023329842579617267,0.15314006411437864,False
ising,mixed,4,0,0.001,KL descent,1470,1471,1.9545886516571045,0.02332842961441507,0.1531289404128347,False
ising,mixed,4,0,0.001,KL descent,1471,1472,1.9556162357330322,0.023327016744535415,0.15311782950288927,False
ising,mixed,4,0,0.001,KL descent,1472,1473,1.9566302299499512,0.023325603969184178,0.15310673135485792,False
ising,mixed,4,0,0.001,KL descent,1473,1474,1.9576261043548584,0.023324191287569646,0.15309564593912678,False
ising,mixed,4,0,0.001,KL descent,1474,1475,1.9586241245269775,0.023322778698903195,0.15308457322615143,False
ising,mixed,4,0,0.001,KL descent,1475,1476,1.9596290588378906,0.023321366202399055,0.1530735131864598,False
ising,mixed,4,0,0.001,KL descent,1476,1477,1.9616353511810303,0.023319953797274473,0.15306246579063904,False
ising,mixed,4,0,0.001,KL descent,1477,1478,1.9642438888549805,0.023318541482748825,0.15305143100935237,False
ising,mixed,4,0,0.001,KL descent,1478,1479,1.966249704360962,0.0233171292580448,0.15304040881333014,False
ising,mixed,4,0,0.001,KL descent,1479,1480,1.968247652053833,0.0233157171223877,0.15302939917336567,False
ising,mixed,4,0,0.001,KL descent,1480,1481,1.970243215560913,0.023314305075004486,0.15301840206032802,False
ising,mixed,4,0,0.001,KL descent,1481,1482,1.971243143081665,0.023312893115127308,0.15300741744514668,False
ising,mixed,4,0,0.001,KL descent,1482,1483,1.9738714694976807,0.023311481241988164,0.15299644529881884,False
ising,mixed,4,0,0.001,KL descent,1483,1484,1.975874423980713,0.023310069454823546,0.1529854855924152,False
ising,mixed,4,0,0.001,KL descent,1484,1485,1.977829933166504,0.023308657752872105,0.15297453829707108,False
ising,mixed,4,0,0.001,KL descent,1485,1486,1.979827642440796,0.023307246135375336,0.15296360338398363,False
ising,mixed,4,0,0.001,KL descent,1486,1487,1.9818272590637207,0.02330583460157711,0.15295268082442226,False
ising,mixed,4,0,0.001,KL descent,1487,1488,1.9833321571350098,0.023304423150723765,0.15294177058972103,False
ising,mixed,4,0,0.001,KL descent,1488,1489,1.9853405952453613,0.023303011782064547,0.15293087265128158,False
ising,mixed,4,0,0.001,KL descent,1489,1490,1.9873473644256592,0.023301600494851794,0.15291998698057185,False
ising,mixed,4,0,0.001,KL descent,1490,1491,1.9893484115600586,0.02330018928833953,0.15290911354912307,False
ising,mixed,4,0,0.001,KL descent,1491,1492,1.9913477897644043,0.023298778161784727,0.15289825232853382,False
ising,mixed,4,0,0.001,KL descent,1492,1493,1.992905616760254,0.023297367114447385,0.15288740329047512,False
ising,mixed,4,0,0.001,KL descent,1493,1494,1.9949243068695068,0.023295956145589283,0.15287656640667002,False
ising,mixed,4,0,0.001,KL descent,1494,1495,1.996922492980957,0.023294545254475614,0.15286574164892147,False
ising,mixed,4,0,0.001,KL descent,1495,1496,1.9989230632781982,0.023293134440373873,0.15285492898908837,False
ising,mixed,4,0,0.001,KL descent,1496,1497,2.000919818878174,0.023291723702553394,0.1528441283990959,False
ising,mixed,4,0,0.001,KL descent,1497,1498,2.003427028656006,0.023290313040286368,0.15283333985093928,False
ising,mixed,4,0,0.001,KL descent,1498,1499,2.0049455165863037,0.023288902452848672,0.15282256331667332,False
ising,mixed,4,0,0.001,KL descent,1499,1500,2.007007360458374,0.023287491939516878,0.15281179876841983,False
ising,mixed,4,0,0.001,KL descent,1500,1501,2.0089616775512695,0.023286081499571457,0.15280104617836526,False
ising,mixed,4,0,0.001,KL descent,1501,1502,2.0109593868255615,0.02328467113229442,0.15279030551876088,False
ising,mixed,4,0,0.001,KL descent,1502,1503,2.013469696044922,0.023283260836970642,0.15277957676191983,False
ising,mixed,4,0,0.001,KL descent,1503,1504,2.0154929161071777,0.02328185061288795,0.1527688598802186,False
ising,mixed,4,0,0.001,KL descent,1504,1505,2.0174925327301025,0.02328044045933575,0.1527581548461061,False
ising,mixed,4,0,0.001,KL descent,1505,1506,2.019491195678711,0.02327903037560622,0.15274746163208386,False
ising,mixed,4,0,0.001,KL descent,1506,1507,2.0214929580688477,0.023277620360994337,0.152736780210724,False
ising,mixed,4,0,0.001,KL descent,1507,1508,2.0230066776275635,0.023276210414797244,0.15272611055465835,False
ising,mixed,4,0,0.001,KL descent,1508,1509,2.024024724960327,0.02327480053631398,0.15271545263658692,False
ising,mixed,4,0,0.001,KL descent,1509,1510,2.0250210762023926,0.023273390724846993,0.15270480642926665,False
ising,mixed,4,0,0.001,KL descent,1510,1511,2.027031421661377,0.02327198097970062,0.15269417190552148,False
ising,mixed,4,0,0.001,KL descent,1511,1512,2.0280308723449707,0.023270571300181498,0.15268354903823922,False
ising,mixed,4,0,0.001,KL descent,1512,1513,2.0290300846099854,0.023269161685598505,0.15267293780036528,False
ising,mixed,4,0,0.001,KL descent,1513,1514,2.030029058456421,0.02326775213526308,0.15266233816491115,False
ising,mixed,4,0,0.001,KL descent,1514,1515,2.0310285091400146,0.023266342648489684,0.1526517501049523,False
ising,mixed,4,0,0.001,KL descent,1515,1516,2.0320286750793457,0.02326493322459364,0.152641173593624,False
ising,mixed,4,0,0.001,KL descent,1516,1517,2.033029317855835,0.023263523862894063,0.15263060860412353,False
ising,mixed,4,0,0.001,KL descent,1517,1518,2.033535957336426,0.023262114562711732,0.15262005510971033,False
ising,mixed,4,0,0.001,KL descent,1518,1519,2.0345442295074463,0.023260705323369116,0.15260951308370652,False
ising,mixed,4,0,0.001,KL descent,1519,1520,2.035550594329834,0.02325929614419261,0.15259898249949566,False
ising,mixed,4,0,0.001,KL descent,1520,1521,2.036550283432007,0.023257887024509358,0.15258846333052106,False
ising,mixed,4,0,0.001,KL descent,1521,1522,2.037550449371338,0.023256477963649453,0.1525779555502893,False
ising,mixed,4,0,0.001,KL descent,1522,1523,2.039802312850952,0.023255068960945507,0.15256745913236952,False
ising,mixed,4,0,0.001,KL descent,1523,1524,2.0408594608306885,0.023253660015732213,0.15255697405038904,False
ising,mixed,4,0,0.001,KL descent,1524,1525,2.0418596267700195,0.023252251127345615,0.15254650027803307,False
ising,mixed,4,0,0.001,KL descent,1525,1526,2.0428595542907715,0.023250842295125584,0.15253603778905633,False
ising,mixed,4,0,0.001,KL descent,1526,1527,2.0434203147888184,0.02324943351841311,0.15252558655726772,False
ising,mixed,4,0,0.001,KL descent,1527,1528,2.0444753170013428,0.023248024796552268,0.15251514655653586,False
ising,mixed,4,0,0.001,KL descent,1528,1529,2.045471429824829,0.023246616128887822,0.152504717760795,False
ising,mixed,4,0,0.001,KL descent,1529,1530,2.0464651584625244,0.02324520751476883,0.1524943001440382,False
ising,mixed,4,0,0.001,KL descent,1530,1531,2.0474653244018555,0.023243798953544816,0.15248389368030973,False
ising,mixed,4,0,0.001,KL descent,1531,1532,2.048470973968506,0.02324239044456846,0.1524734983437286,False
ising,mixed,4,0,0.001,KL descent,1532,1533,2.0504674911499023,0.023240981987194733,0.15246311410846153,False
ising,mixed,4,0,0.001,KL descent,1533,1534,2.051468849182129,0.02323957358077954,0.15245274094873995,False
ising,mixed,4,0,0.001,KL descent,1534,1535,2.051468849182129,0.02323816522468266,0.1524423788388542,False
ising,mixed,4,0,0.001,KL descent,1535,1536,2.0530200004577637,0.02323675691826441,0.15243202775315223,False
ising,mixed,4,0,0.001,KL descent,1536,1537,2.05552339553833,0.02323534866088882,0.15242168766604408,False
ising,mixed,4,0,0.001,KL descent,1537,1538,2.0566060543060303,0.023233940451920506,0.15241135855199395,False
ising,mixed,4,0,0.001,KL descent,1538,1539,2.058584690093994,0.023232532290727723,0.1524010403855358,False
ising,mixed,4,0,0.001,KL descent,1539,1540,2.0595810413360596,0.02323112417667962,0.15239073314124474,False
ising,mixed,4,0,0.001,KL descent,1540,1541,2.0605850219726562,0.023229716109148285,0.152380436793769,False
ising,mixed,4,0,0.001,KL descent,1541,1542,2.061584234237671,0.02322830808750722,0.1523701513178134,False
ising,mixed,4,0,0.001,KL descent,1542,1543,2.061584234237671,0.02322690011113242,0.15235987668813145,False
ising,mixed,4,0,0.001,KL descent,1543,1544,2.063138961791992,0.02322549217940216,0.15234961287954757,False
ising,mixed,4,0,0.001,KL descent,1544,1545,2.064192533493042,0.023224084291696024,0.15233935986693364,False
ising,mixed,4,0,0.001,KL descent,1545,1546,2.0651979446411133,0.023222676447397252,0.1523291176252255,False
ising,mixed,4,0,0.001,KL descent,1546,1547,2.0661940574645996,0.02322126864588922,0.15231888612941802,False
ising,mixed,4,0,0.001,KL descent,1547,1548,2.0671987533569336,0.023219860886558665,0.15230866535455684,False
ising,mixed,4,0,0.001,KL descent,1548,1549,2.068206310272217,0.02321845316879392,0.15229845527574992,False
ising,mixed,4,0,0.001,KL descent,1549,1550,2.070197820663452,0.023217045491984462,0.15228825586816042,False
ising,mixed,4,0,0.001,KL descent,1550,1551,2.0711913108825684,0.023215637855524024,0.15227806710701214,False
ising,mixed,4,0,0.001,KL descent,1551,1552,2.0727744102478027,0.023214230258806878,0.1522678889675837,False
ising,mixed,4,0,0.001,KL descent,1552,1553,2.0738348960876465,0.023212822701228937,0.15225772142520666,False
ising,mixed,4,0,0.001,KL descent,1553,1554,2.0748353004455566,0.02321141518218837,0.15224756445527626,False
ising,mixed,4,0,0.001,KL descent,1554,1555,2.0758345127105713,0.023210007701086457,0.15223741803323915,False
ising,mixed,4,0,0.001,KL descent,1555,1556,2.076831340789795,0.02320860025732557,0.15222728213460324,False
ising,mixed,4,0,0.001,KL descent,1556,1557,2.077836751937866,0.023207192850309505,0.15221715673492836,False
ising,mixed,4,0,0.001,KL descent,1557,1558,2.0788352489471436,0.02320578547944534,0.1522070418098338,False
ising,mixed,4,0,0.001,KL descent,1558,1559,2.079832077026367,0.023204378144141086,0.1521969373349869,False
ising,mixed,4,0,0.001,KL descent,1559,1560,2.0808310508728027,0.023202970843806802,0.15218684328612575,False
ising,mixed,4,0,0.001,KL descent,1560,1561,2.0818328857421875,0.023201563577855407,0.15217675963902988,False
ising,mixed,4,0,0.001,KL descent,1561,1562,2.0828335285186768,0.02320015634570049,0.15216668636954533,False
ising,mixed,4,0,0.001,KL descent,1562,1563,2.0833919048309326,0.023198749146758332,0.15215662345356507,False
ising,mixed,4,0,0.001,KL descent,1563,1564,2.0844457149505615,0.023197341980447254,0.15214657086703942,False
ising,mixed,4,0,0.001,KL descent,1564,1565,2.0854361057281494,0.023195934846186726,0.1521365285859808,False
ising,mixed,4,0,0.001,KL descent,1565,1566,2.086444616317749,0.023194527743399272,0.1521264965864486,False
ising,mixed,4,0,0.001,KL descent,1566,1567,2.088421106338501,0.02319312067150854,0.15211647484456198,False
ising,mixed,4,0,0.001,KL descent,1567,1568,2.089395046234131,0.023191713629939537,0.15210646333648958,False
ising,mixed,4,0,0.001,KL descent,1568,1569,2.0904359817504883,0.02319030661812036,0.15209646203845922,False
ising,mixed,4,0,0.001,KL descent,1569,1570,2.091439723968506,0.02318889963548035,0.15208647092675404,False
ising,mixed,4,0,0.001,KL descent,1570,1571,2.091439723968506,0.02318749268145094,0.15207648997771112,False
ising,mixed,4,0,0.001,KL descent,1571,1572,2.0929956436157227,0.02318608575546514,0.15206651916771818,False
ising,mixed,4,0,0.001,KL descent,1572,1573,2.0940518379211426,0.023184678856958126,0.15205655847321886,False
ising,mixed,4,0,0.001,KL descent,1573,1574,2.095053195953369,0.023183271985366547,0.15204660787071556,False
ising,mixed,4,0,0.001,KL descent,1574,1575,2.096050977706909,0.023181865140128984,0.1520366673367563,False
ising,mixed,4,0,0.001,KL descent,1575,1576,2.097053050994873,0.023180458320685864,0.1520267368479502,False
ising,mixed,4,0,0.001,KL descent,1576,1577,2.098055601119995,0.023179051526480456,0.1520168163809572,False
ising,mixed,4,0,0.001,KL descent,1577,1578,2.0990514755249023,0.02317764475695578,0.15200690591248822,False
ising,mixed,4,0,0.001,KL descent,1578,1579,2.1010570526123047,0.02317623801155865,0.15199700541931238,False
ising,mixed,4,0,0.001,KL descent,1579,1580,2.102051019668579,0.023174831289736325,0.15198711487824734,False
ising,mixed,4,0,0.001,KL descent,1580,1581,2.103050708770752,0.02317342459093855,0.15197723426617066,False
ising,mixed,4,0,0.001,KL descent,1581,1582,2.103609323501587,0.02317201791461694,0.15196736356000407,False
ising,mixed,4,0,0.001,KL descent,1582,1583,2.105173110961914,0.02317061126022381,0.15195750273672798,False
ising,mixed,4,0,0.001,KL descent,1583,1584,2.1072371006011963,0.023169204627215386,0.151947651773375,False
ising,mixed,4,0,0.001,KL descent,1584,1585,2.1082441806793213,0.023167798015047113,0.15193781064703016,False
ising,mixed,4,0,0.001,KL descent,1585,1586,2.10923433303833,0.023166391423178237,0.1519279793348315,False
ising,mixed,4,0,0.001,KL descent,1586,1587,2.1102302074432373,0.0231649848510682,0.15191815781396345,False
ising,mixed,4,0,0.001,KL descent,1587,1588,2.111232042312622,0.02316357829817969,0.15190834606167408,False
ising,mixed,4,0,0.001,KL descent,1588,1589,2.111232042312622,0.023162171763975777,0.15189854405524994,False
ising,mixed,4,0,0.001,KL descent,1589,1590,2.1127851009368896,0.023160765247922512,0.1518887517720427,False
ising,mixed,4,0,0.001,KL descent,1590,1591,2.113842725753784,0.02315935874948622,0.15187896918944765,False
ising,mixed,4,0,0.001,KL descent,1591,1592,2.1148457527160645,0.023157952268136103,0.15186919628491563,False
ising,mixed,4,0,0.001,KL descent,1592,1593,2.1168417930603027,0.023156545803342716,0.1518594330359454,False
ising,mixed,4,0,0.001,KL descent,1593,1594,2.117840528488159,0.023155139354578236,0.15184967942009076,False
ising,mixed,4,0,0.001,KL descent,1594,1595,2.1188409328460693,0.023153732921317033,0.15183993541495805,False
ising,mixed,4,0,0.001,KL descent,1595,1596,2.1198465824127197,0.023152326503034094,0.15183020099819522,False
ising,mixed,4,0,0.001,KL descent,1596,1597,2.120845079421997,0.02315092009920688,0.15182047614751526,False
ising,mixed,4,0,0.001,KL descent,1597,1598,2.1218338012695312,0.023149513709314753,0.15181076084067446,False
ising,mixed,4,0,0.001,KL descent,1598,1599,2.1235785484313965,0.023148107332837755,0.15180105505547759,False
ising,mixed,4,0,0.001,KL descent,1599,1600,2.1245813369750977,0.023146700969258825,0.15179135876978844,False
ising,mixed,4,0,0.001,KL descent,1600,1601,2.1257336139678955,0.02314529461806151,0.15178167196151215,False
ising,mixed,4,0,0.001,KL descent,1601,1602,2.1266276836395264,0.023143888278731345,0.15177199460860846,False
ising,mixed,4,0,0.001,KL descent,1602,1603,2.1276865005493164,0.023142481950755862,0.15176232668909123,False
ising,mixed,4,0,0.001,KL descent,1603,1604,2.1286141872406006,0.023141075633624025,0.15175266818102084,False
ising,mixed,4,0,0.001,KL descent,1604,1605,2.1296701431274414,0.02313966932682605,0.15174301906250476,False
ising,mixed,4,0,0.001,KL descent,1605,1606,2.1306753158569336,0.02313826302985417,0.15173337931170544,False
ising,mixed,4,0,0.001,KL descent,1606,1607,2.131680965423584,0.023136856742201943,0.15172374890683582,False
ising,mixed,4,0,0.001,KL descent,1607,1608,2.1331942081451416,0.02313545046336498,0.15171412782614913,False
ising,mixed,4,0,0.001,KL descent,1608,1609,2.134260892868042,0.023134044192840302,0.15170451604796503,False
ising,mixed,4,0,0.001,KL descent,1609,1610,2.1352436542510986,0.02313263793012638,0.1516949135506377,False
ising,mixed,4,0,0.001,KL descent,1610,1611,2.13625168800354,0.023131231674723033,0.1516853203125803,False
ising,mixed,4,0,0.001,KL descent,1611,1612,2.1372644901275635,0.023129825426132195,0.15167573631224696,False
ising,mixed,4,0,0.001,KL descent,1612,1613,2.138216733932495,0.023128419183857458,0.15166616152814605,False
ising,mixed,4,0,0.001,KL descent,1613,1614,2.139266014099121,0.023127012947403738,0.15165659593883557,False
ising,mixed,4,0,0.001,KL descent,1614,1615,2.140277624130249,0.02312560671627656,0.15164703952291797,False
ising,mixed,4,0,0.001,KL descent,1615,1616,2.141270637512207,0.023124200489984936,0.15163749225905226,False
ising,mixed,4,0,0.001,KL descent,1616,1617,2.1428263187408447,0.023122794268037993,0.15162795412593888,False
ising,mixed,4,0,0.001,KL descent,1617,1618,2.143890142440796,0.02312138804994683,0.1516184251023288,False
ising,mixed,4,0,0.001,KL descent,1618,1619,2.144887924194336,0.02311998183522377,0.1516089051670243,False
ising,mixed,4,0,0.001,KL descent,1619,1620,2.145890474319458,0.023118575623383566,0.15159939429887037,False
ising,mixed,4,0,0.001,KL descent,1620,1621,2.146890640258789,0.0231171694139413,0.1515898924767713,False
ising,mixed,4,0,0.001,KL descent,1621,1622,2.147886037826538,0.023115763206414588,0.15158039967966314,False
ising,mixed,4,0,0.001,KL descent,1622,1623,2.1488866806030273,0.02311435700032219,0.15157091588654342,False
ising,mixed,4,0,0.001,KL descent,1623,1624,2.1498875617980957,0.023112950795183863,0.15156144107645209,False
ising,mixed,4,0,0.001,KL descent,1624,1625,2.150892972946167,0.023111544590521525,0.15155197522847702,False
ising,mixed,4,0,0.001,KL descent,1625,1626,2.152885913848877,0.02311013838585882,0.15154251832175536,False
ising,mixed,4,0,0.001,KL descent,1626,1627,2.1540839672088623,0.023108732180719873,0.15153307033546937,False
ising,mixed,4,0,0.001,KL descent,1627,1628,2.156095027923584,0.023107325974631065,0.15152363124885254,False
ising,mixed,4,0,0.001,KL descent,1628,1629,2.157144546508789,0.023105919767120352,0.15151420104118074,False
ising,mixed,4,0,0.001,KL descent,1629,1630,2.1581552028656006,0.0231045135577165,0.15150477969177945,False
ising,mixed,4,0,0.001,KL descent,1630,1631,2.159146785736084,0.023103107345950096,0.15149536718002704,False
ising,mixed,4,0,0.001,KL descent,1631,1632,2.1601405143737793,0.023101701131353545,0.15148596348533705,False
ising,mixed,4,0,0.001,KL descent,1632,1633,2.1611416339874268,0.02310029491346041,0.15147656858717634,False
ising,mixed,4,0,0.001,KL descent,1633,1634,2.1630935668945312,0.023098888691804886,0.15146718246505952,False
ising,mixed,4,0,0.001,KL descent,1634,1635,2.163748025894165,0.023097482465924506,0.1514578050985489,False
ising,mixed,4,0,0.001,KL descent,1635,1636,2.164874315261841,0.023096076235356023,0.1514484364672486,False
ising,mixed,4,0,0.001,KL descent,1636,1637,2.165876626968384,0.02309466999963981,0.15143907655080907,False
ising,mixed,4,0,0.001,KL descent,1637,1638,2.1668787002563477,0.023093263758315788,0.15142972532893312,False
ising,mixed,4,0,0.001,KL descent,1638,1639,2.1678712368011475,0.02309185751092612,0.15142038278136394,False
ising,mixed,4,0,0.001,KL descent,1639,1640,2.168872356414795,0.02309045125701457,0.15141104888789586,False
ising,mixed,4,0,0.001,KL descent,1640,1641,2.1698358058929443,0.023089044996126188,0.1514017236283633,False
ising,mixed,4,0,0.001,KL descent,1641,1642,2.1727869510650635,0.023087638727807388,0.15139240698264955,False
ising,mixed,4,0,0.001,KL descent,1642,1643,2.1744930744171143,0.023086232451605307,0.15138309893068363,False
ising,mixed,4,0,0.001,KL descent,1643,1644,2.176485300064087,0.023084826167069444,0.15137379945244317,False
ising,mixed,4,0,0.001,KL descent,1644,1645,2.178398847579956,0.02308341987375108,0.1513645085279443,False
ising,mixed,4,0,0.001,KL descent,1645,1646,2.180393934249878,0.02308201357120082,0.15135522613725305,False
ising,mixed,4,0,0.001,KL descent,1646,1647,2.1813931465148926,0.02308060725897283,0.1513459522604823,False
ising,mixed,4,0,0.001,KL descent,1647,1648,2.1839187145233154,0.023079200936621466,0.15133668687778634,False
ising,mixed,4,0,0.001,KL descent,1648,1649,2.185927152633667,0.02307779460370288,0.15132742996936588,False
ising,mixed,4,0,0.001,KL descent,1649,1650,2.187924385070801,0.023076388259774264,0.151318181515468,False
ising,mixed,4,0,0.001,KL descent,1650,1651,2.1900546550750732,0.023074981904394363,0.1513089414963818,False
ising,mixed,4,0,0.001,KL descent,1651,1652,2.192046880722046,0.023073575537123487,0.15129970989244695,False
ising,mixed,4,0,0.001,KL descent,1652,1653,2.1936960220336914,0.023072169157523054,0.1512904866840401,False
ising,mixed,4,0,0.001,KL descent,1653,1654,2.1958165168762207,0.023070762765155545,0.1512812718515859,False
ising,mixed,4,0,0.001,KL descent,1654,1655,2.197817087173462,0.023069356359585586,0.1512720653755555,False
ising,mixed,4,0,0.001,KL descent,1655,1656,2.1998236179351807,0.02306794994037777,0.151262867236459,False
ising,mixed,4,0,0.001,KL descent,1656,1657,2.200740337371826,0.02306654350709934,0.15125367741485718,False
ising,mixed,4,0,0.001,KL descent,1657,1658,2.2017385959625244,0.02306513705931831,0.15124449589135108,False
ising,mixed,4,0,0.001,KL descent,1658,1659,2.2027313709259033,0.023063730596604465,0.15123532264658845,False
ising,mixed,4,0,0.001,KL descent,1659,1660,2.2043306827545166,0.023062324118527808,0.1512261576612558,False
ising,mixed,4,0,0.001,KL descent,1660,1661,2.2053937911987305,0.023060917624660476,0.15121700091608736,False
ising,mixed,4,0,0.001,KL descent,1661,1662,2.2060019969940186,0.02305951111457621,0.15120785239186163,False
ising,mixed,4,0,0.001,KL descent,1662,1663,2.207092761993408,0.0230581045878492,0.15119871206939983,False
ising,mixed,4,0,0.001,KL descent,1663,1664,2.2090530395507812,0.02305669804405541,0.1511895799295656,False
ising,mixed,4,0,0.001,KL descent,1664,1665,2.2100956439971924,0.023055291482771547,0.15118045595326468,False
ising,mixed,4,0,0.001,KL descent,1665,1666,2.2111053466796875,0.023053884903576755,0.1511713401214489,False
ising,mixed,4,0,0.001,KL descent,1666,1667,2.212097644805908,0.02305247830605048,0.15116223241511173,False
ising,mixed,4,0,0.001,KL descent,1667,1668,2.213097095489502,0.02305107168977348,0.15115313281529397,False
ising,mixed,4,0,0.001,KL descent,1668,1669,2.2137081623077393,0.023049665054328056,0.15114404130307302,False
ising,mixed,4,0,0.001,KL descent,1669,1670,2.2147469520568848,0.023048258399297597,0.15113495785956832,False
ising,mixed,4,0,0.001,KL descent,1670,1671,2.216806411743164,0.023046851724266945,0.1511258824659517,False
ising,mixed,4,0,0.001,KL descent,1671,1672,2.217827558517456,0.023045445028821825,0.15111681510342623,False
ising,mixed,4,0,0.001,KL descent,1672,1673,2.218751907348633,0.02304403831254995,0.15110775575324648,False
ising,mixed,4,0,0.001,KL descent,1673,1674,2.2198028564453125,0.023042631575039114,0.15109870439670559,False
ising,mixed,4,0,0.001,KL descent,1674,1675,2.220798969268799,0.02304122481587954,0.15108966101513605,False
ising,mixed,4,0,0.001,KL descent,1675,1676,2.2227108478546143,0.023039818034662065,0.15108062558991886,False
ising,mixed,4,0,0.001,KL descent,1676,1677,2.223217725753784,0.023038411230978724,0.15107159810247256,False
ising,mixed,4,0,0.001,KL descent,1677,1678,2.2252323627471924,0.023037004404422533,0.15106257853425836,False
ising,mixed,4,0,0.001,KL descent,1678,1679,2.2262325286865234,0.02303559755458879,0.15105356686678062,False
ising,mixed,4,0,0.001,KL descent,1679,1680,2.2272322177886963,0.023034190681072507,0.15104456308158443,False
ising,mixed,4,0,0.001,KL descent,1680,1681,2.228231906890869,0.02303278378347086,0.15103556716026167,False
ising,mixed,4,0,0.001,KL descent,1681,1682,2.229231357574463,0.02303137686138201,0.15102657908443584,False
ising,mixed,4,0,0.001,KL descent,1682,1683,2.2302324771881104,0.023029969914405833,0.1510175988357793,False
ising,mixed,4,0,0.001,KL descent,1683,1684,2.231231927871704,0.02302856294214193,0.1510086263960051,False
ising,mixed,4,0,0.001,KL descent,1684,1685,2.232738971710205,0.02302715594419299,0.1509996617468662,False
ising,mixed,4,0,0.001,KL descent,1685,1686,2.2337493896484375,0.02302574892016131,0.1509907048701561,False
ising,mixed,4,0,0.001,KL descent,1686,1687,2.2347490787506104,0.02302434186965116,0.15098175574770994,False
ising,mixed,4,0,0.001,KL descent,1687,1688,2.2357559204101562,0.023022934792267632,0.15097281436140864,False
ising,mixed,4,0,0.001,KL descent,1688,1689,2.2367613315582275,0.023021527687617446,0.15096388069316602,False
ising,mixed,4,0,0.001,KL descent,1689,1690,2.237757682800293,0.023020120555308277,0.15095495472494058,False
ising,mixed,4,0,0.001,KL descent,1690,1691,2.2387585639953613,0.02301871339494806,0.15094603643873372,False
ising,mixed,4,0,0.001,KL descent,1691,1692,2.2407610416412354,0.02301730620614771,0.15093712581658508,False
ising,mixed,4,0,0.001,KL descent,1692,1693,2.2418124675750732,0.023015898988517487,0.15092822284057061,False
ising,mixed,4,0,0.001,KL descent,1693,1694,2.2433745861053467,0.023014491741670404,0.15091932749281667,False
ising,mixed,4,0,0.001,KL descent,1694,1695,2.244427442550659,0.023013084465219064,0.15091043975548274,False
ising,mixed,4,0,0.001,KL descent,1695,1696,2.2454233169555664,0.023011677158778287,0.15090155961076845,False
ising,mixed,4,0,0.001,KL descent,1696,1697,2.2464258670806885,0.023010269821963043,0.15089268704091707,False
ising,mixed,4,0,0.001,KL descent,1697,1698,2.2474241256713867,0.023008862454391227,0.15088382202820927,False
ising,mixed,4,0,0.001,KL descent,1698,1699,2.2484257221221924,0.02300745505567939,0.1508749645549684,False
ising,mixed,4,0,0.001,KL descent,1699,1700,2.2494378089904785,0.023006047625447612,0.15086611460355515,False
ising,mixed,4,0,0.001,KL descent,1700,1701,2.2514171600341797,0.02300464016331491,0.15085727215636735,False
ising,mixed,4,0,0.001,KL descent,1701,1702,2.2514171600341797,0.023003232668903167,0.1508484371958484,False
ising,mixed,4,0,0.001,KL descent,1702,1703,2.252971649169922,0.02300182514183468,0.15083960970448074,False
ising,mixed,4,0,0.001,KL descent,1703,1704,2.25502872467041,0.023000417581732647,0.15083078966478225,False
ising,mixed,4,0,0.001,KL descent,1704,1705,2.2560300827026367,0.02299900998822093,0.15082197705931194,False
ising,mixed,4,0,0.001,KL descent,1705,1706,2.258108139038086,0.022997602360926357,0.150813171870668,False
ising,mixed,4,0,0.001,KL descent,1706,1707,2.2591049671173096,0.022996194699474844,0.15080437408149028,False
ising,mixed,4,0,0.001,KL descent,1707,1708,2.2600362300872803,0.02299478700349394,0.150795583674455,False
ising,mixed,4,0,0.001,KL descent,1708,1709,2.261103630065918,0.022993379272612843,0.15078680063227612,False
ising,mixed,4,0,0.001,KL descent,1709,1710,2.262105703353882,0.022991971506461376,0.1507780249377088,False
ising,mixed,4,0,0.001,KL descent,1710,1711,2.263763904571533,0.02299056370467035,0.150769256573548,False
ising,mixed,4,0,0.001,KL descent,1711,1712,2.2649343013763428,0.0229891558668718,0.15076049552262483,False
ising,mixed,4,0,0.001,KL descent,1712,1713,2.2659106254577637,0.022987747992699106,0.15075174176781014,False
ising,mixed,4,0,0.001,KL descent,1713,1714,2.266890287399292,0.022986340081785888,0.1507429952920159,False
ising,mixed,4,0,0.001,KL descent,1714,1715,2.267897844314575,0.022984932133768312,0.15073425607818736,False
ising,mixed,4,0,0.001,KL descent,1715,1716,2.2688870429992676,0.022983524148281524,0.15072552410930934,False
ising,mixed,4,0,0.001,KL descent,1716,1717,2.269890308380127,0.022982116124963394,0.15071679936840982,False
ising,mixed,4,0,0.001,KL descent,1717,1718,2.272279739379883,0.022980708063452544,0.15070808183855022,False
ising,mixed,4,0,0.001,KL descent,1718,1719,2.27278995513916,0.022979299963387784,0.15069937150283097,False
ising,mixed,4,0,0.001,KL descent,1719,1720,2.2748022079467773,0.022977891824409468,0.15069066834439082,False
ising,mixed,4,0,0.001,KL descent,1720,1721,2.2758123874664307,0.022976483646159493,0.15068197234640673,False
ising,mixed,4,0,0.001,KL descent,1721,1722,2.276811122894287,0.02297507542828016,0.15067328349209008,False
ising,mixed,4,0,0.001,KL descent,1722,1723,2.277813196182251,0.022973667170414887,0.15066460176470114,False
ising,mixed,4,0,0.001,KL descent,1723,1724,2.278810739517212,0.022972258872208027,0.15065592714751957,False
ising,mixed,4,0,0.001,KL descent,1724,1725,2.2798118591308594,0.022970850533305744,0.1506472596238807,False
ising,mixed,4,0,0.001,KL descent,1725,1726,2.2808098793029785,0.022969442153353954,0.15063859917714462,False
ising,mixed,4,0,0.001,KL descent,1726,1727,2.2818117141723633,0.022968033732000445,0.15062994579071465,False
ising,mixed,4,0,0.001,KL descent,1727,1728,2.283323287963867,0.02296662526889391,0.1506212994480295,False
ising,mixed,4,0,0.001,KL descent,1728,1729,2.284337043762207,0.022965216763683495,0.15061266013256447,False
ising,mixed,4,0,0.001,KL descent,1729,1730,2.285336971282959,0.02296380821601983,0.15060402782783844,False
ising,mixed,4,0,0.001,KL descent,1730,1731,2.287349224090576,0.02296239962555455,0.15059540251739767,False
ising,mixed,4,0,0.001,KL descent,1731,1732,2.289346933364868,0.02296099099194036,0.1505867841848283,False
ising,mixed,4,0,0.001,KL descent,1732,1733,2.2903456687927246,0.02295958231483046,0.15057817281375718,False
ising,mixed,4,0,0.001,KL descent,1733,1734,2.2913479804992676,0.022958173593879725,0.15056956838784707,False
ising,mixed,4,0,0.001,KL descent,1734,1735,2.292861223220825,0.02295676482874307,0.1505609708907928,False
ising,mixed,4,0,0.001,KL descent,1735,1736,2.2938735485076904,0.02295535601907729,0.15055238030632645,False
ising,mixed,4,0,0.001,KL descent,1736,1737,2.294872522354126,0.022953947164539894,0.1505437966182247,False
ising,mixed,4,0,0.001,KL descent,1737,1738,2.295884847640991,0.02295253826478872,0.1505352198102899,False
ising,mixed,4,0,0.001,KL descent,1738,1739,2.2968850135803223,0.022951129319483378,0.15052664986636732,False
ising,mixed,4,0,0.001,KL descent,1739,1740,2.297881841659546,0.02294972032828439,0.15051808677033646,False
ising,mixed,4,0,0.001,KL descent,1740,1741,2.2998805046081543,0.022948311290853243,0.15050953050610966,False
ising,mixed,4,0,0.001,KL descent,1741,1742,2.3008811473846436,0.022946902206850944,0.15050098105764348,False
ising,mixed,4,0,0.001,KL descent,1742,1743,2.3018813133239746,0.022945493075941688,0.15049243840892307,False
ising,mixed,4,0,0.001,KL descent,1743,1744,2.303004741668701,0.022944083897789427,0.1504839025439726,False
ising,mixed,4,0,0.001,KL descent,1744,1745,2.303654909133911,0.022942674672059304,0.15047537344684903,False
ising,mixed,4,0,0.001,KL descent,1745,1746,2.305548667907715,0.022941265398416105,0.15046685110165114,False
ising,mixed,4,0,0.001,KL descent,1746,1747,2.306558132171631,0.022939856076528233,0.15045833549250504,False
ising,mixed,4,0,0.001,KL descent,1747,1748,2.307558536529541,0.02293844670606253,0.15044982660357986,False
ising,mixed,4,0,0.001,KL descent,1748,1749,2.3085577487945557,0.022937037286688652,0.15044132441907798,False
ising,mixed,4,0,0.001,KL descent,1749,1750,2.3095571994781494,0.02293562781807504,0.15043282892323323,False
ising,mixed,4,0,0.001,KL descent,1750,1751,2.311558961868286,0.02293421829989315,0.15042434010031946,False
ising,mixed,4,0,0.001,KL descent,1751,1752,2.311558961868286,0.022932808731814094,0.15041585793464363,False
ising,mixed,4,0,0.001,KL descent,1752,1753,2.3130671977996826,0.02293139911351083,0.15040738241054552,False
ising,mixed,4,0,0.001,KL descent,1753,1754,2.3140811920166016,0.022929989444656036,0.15039891351240697,False
ising,mixed,4,0,0.001,KL descent,1754,1755,2.3150811195373535,0.022928579724923917,0.15039045122463562,False
ising,mixed,4,0,0.001,KL descent,1755,1756,2.317091703414917,0.022927169953990082,0.15038199553168058,False
ising,mixed,4,0,0.001,KL descent,1756,1757,2.3181354999542236,0.02292576013153067,0.15037354641802564,False
ising,mixed,4,0,0.001,KL descent,1757,1758,2.3191466331481934,0.02292435025722182,0.15036510386818575,False
ising,mixed,4,0,0.001,KL descent,1758,1759,2.320139169692993,0.022922940330742225,0.15035666786670893,False
ising,mixed,4,0,0.001,KL descent,1759,1760,2.323136806488037,0.022921530351769838,0.15034823839818612,False
ising,mixed,4,0,0.001,KL descent,1760,1761,2.3247594833374023,0.022920120319984867,0.1503398154472328,False
ising,mixed,4,0,0.001,KL descent,1761,1762,2.326706647872925,0.022918710235067186,0.1503313989985045,False
ising,mixed,4,0,0.001,KL descent,1762,1763,2.3277628421783447,0.022917300096698325,0.15032298903669172,False
ising,mixed,4,0,0.001,KL descent,1763,1764,2.3297531604766846,0.022915889904560553,0.1503145855465171,False
ising,mixed,4,0,0.001,KL descent,1764,1765,2.3307714462280273,0.02291447965833767,0.1503061885127338,False
ising,mixed,4,0,0.001,KL descent,1765,1766,2.331761121749878,0.022913069357712264,0.15029779792013764,False
ising,mixed,4,0,0.001,KL descent,1766,1767,2.334066152572632,0.022911659002369692,0.15028941375354893,False
ising,mixed,4,0,0.001,KL descent,1767,1768,2.335087776184082,0.0229102485919961,0.15028103599782794,False
ising,mixed,4,0,0.001,KL descent,1768,1769,2.336047887802124,0.02290883812627816,0.15027266463786726,False
ising,mixed,4,0,0.001,KL descent,1769,1770,2.33804988861084,0.022907427604901966,0.15026429965859484,False
ising,mixed,4,0,0.001,KL descent,1770,1771,2.339097261428833,0.022906017027557228,0.15025594104496554,False
ising,mixed,4,0,0.001,KL descent,1771,1772,2.341042995452881,0.02290460639393201,0.1502475887819783,False
ising,mixed,4,0,0.001,KL descent,1772,1773,2.3430471420288086,0.022903195703716624,0.150239242854658,False
ising,mixed,4,0,0.001,KL descent,1773,1774,2.3445827960968018,0.022901784956602198,0.15023090324805977,False
ising,mixed,4,0,0.001,KL descent,1774,1775,2.3465986251831055,0.022900374152280037,0.1502225699472835,False
ising,mixed,4,0,0.001,KL descent,1775,1776,2.347598075866699,0.022898963290442612,0.15021424293745128,False
ising,mixed,4,0,0.001,KL descent,1776,1777,2.3495962619781494,0.022897552370783166,0.15020592220372542,False
ising,mixed,4,0,0.001,KL descent,1777,1778,2.3505966663360596,0.022896141392995728,0.1501976077312963,False
ising,mixed,4,0,0.001,KL descent,1778,1779,2.351595640182495,0.022894730356775386,0.15018929950539406,False
ising,mixed,4,0,0.001,KL descent,1779,1780,2.3531086444854736,0.022893319261817972,0.15018099751127106,False
ising,mixed,4,0,0.001,KL descent,1780,1781,2.3541224002838135,0.022891908107819728,0.15017270173422304,False
ising,mixed,4,0,0.001,KL descent,1781,1782,2.3571271896362305,0.022890496894478703,0.15016441215957121,False
ising,mixed,4,0,0.001,KL descent,1782,1783,2.3591787815093994,0.022889085621492403,0.1501561287726747,False
ising,mixed,4,0,0.001,KL descent,1783,1784,2.3601725101470947,0.022887674288560204,0.15014785155892213,False
ising,mixed,4,0,0.001,KL descent,1784,1785,2.3621609210968018,0.022886262895382294,0.15013958050373344,False
ising,mixed,4,0,0.001,KL descent,1785,1786,2.3637685775756836,0.02288485144165841,0.1501313155925646,False
ising,mixed,4,0,0.001,KL descent,1786,1787,2.3647713661193848,0.022883439927091003,0.15012305681090143,False
ising,mixed,4,0,0.001,KL descent,1787,1788,2.3658254146575928,0.022882028351381804,0.1501148041442656,False
ising,mixed,4,0,0.001,KL descent,1788,1789,2.36677622795105,0.02288061671423345,0.15010655757820346,False
ising,mixed,4,0,0.001,KL descent,1789,1790,2.3677713871002197,0.022879205015351015,0.1500983170983009,False
ising,mixed,4,0,0.001,KL descent,1790,1791,2.369840621948242,0.022877793254437923,0.150090082690173,False
ising,mixed,4,0,0.001,KL descent,1791,1792,2.3716254234313965,0.022876381431199976,0.15008185433946503,False
ising,mixed,4,0,0.001,KL descent,1792,1793,2.373138189315796,0.0228749695453434,0.1500736320318568,False
ising,mixed,4,0,0.001,KL descent,1793,1794,2.375157117843628,0.022873557596575132,0.1500654157530607,False
ising,mixed,4,0,0.001,KL descent,1794,1795,2.3771584033966064,0.02287214558460322,0.15005720548881685,False
ising,mixed,4,0,0.001,KL descent,1795,1796,2.3791558742523193,0.02287073350913573,0.15004900122489978,False
ising,mixed,4,0,0.001,KL descent,1796,1797,2.3806614875793457,0.022869321369882376,0.15004080294711608,False
ising,mixed,4,0,0.001,KL descent,1797,1798,2.383190155029297,0.02286790916655299,0.15003261064130358,False
ising,mixed,4,0,0.001,KL descent,1798,1799,2.385258674621582,0.02286649689885852,0.15002442429333063,False
ising,mixed,4,0,0.001,KL descent,1799,1800,2.387204647064209,0.02286508456651026,0.15001624388909562,False
ising,mixed,4,0,0.001,KL descent,1800,1801,2.389211416244507,0.022863672169221087,0.1500080694145301,False
ising,mixed,4,0,0.001,KL descent,1801,1802,2.391204357147217,0.022862259706704177,0.14999990085560022,False
ising,mixed,4,0,0.001,KL descent,1802,1803,2.391204357147217,0.022860847178672532,0.1499917381982947,False
ising,mixed,4,0,0.001,KL descent,1803,1804,2.3937230110168457,0.022859434584841673,0.14998358142863982,False
ising,mixed,4,0,0.001,KL descent,1804,1805,2.39574933052063,0.022858021924926433,0.14997543053269213,False
ising,mixed,4,0,0.001,KL descent,1805,1806,2.397812843322754,0.022856609198643518,0.14996728549653682,False
ising,mixed,4,0,0.001,KL descent,1806,1807,2.399786949157715,0.02285519640570962,0.14995914630629403,False
ising,mixed,4,0,0.001,KL descent,1807,1808,2.4017930030822754,0.022853783545842256,0.14995101294810775,False
ising,mixed,4,0,0.001,KL descent,1808,1809,2.4042305946350098,0.0228523706187595,0.14994288540815992,False
ising,mixed,4,0,0.001,KL descent,1809,1810,2.4068753719329834,0.0228509576241806,0.149934763672656,False
ising,mixed,4,0,0.001,KL descent,1810,1811,2.4088661670684814,0.022849544561825773,0.14992664772784148,False
ising,mixed,4,0,0.001,KL descent,1811,1812,2.4118266105651855,0.022848131431415255,0.14991853755998275,False
ising,mixed,4,0,0.001,KL descent,1812,1813,2.4133388996124268,0.022846718232670413,0.14991043315538144,False
ising,mixed,4,0,0.001,KL descent,1813,1814,2.4153664112091064,0.02284530496531329,0.14990233450037038,False
ising,mixed,4,0,0.001,KL descent,1814,1815,2.417365312576294,0.022843891629066027,0.14989424158130982,False
ising,mixed,4,0,0.001,KL descent,1815,1816,2.418363094329834,0.022842478223653293,0.14988615438458863,False
ising,mixed,4,0,0.001,KL descent,1816,1817,2.419830799102783,0.02284106474879839,0.14987807289663202,False
ising,mixed,4,0,0.001,KL descent,1817,1818,2.421848773956299,0.022839651204226256,0.14986999710389148,False
ising,mixed,4,0,0.001,KL descent,1818,1819,2.4233572483062744,0.022838237589662747,0.14986192699284523,False
ising,mixed,4,0,0.001,KL descent,1819,1820,2.4243907928466797,0.022836823904834356,0.1498538625500095,False
ising,mixed,4,0,0.001,KL descent,1820,1821,2.426368236541748,0.022835410149467876,0.14984580376192203,False
ising,mixed,4,0,0.001,KL descent,1821,1822,2.427396774291992,0.02283399632329069,0.14983775061515414,False
ising,mixed,4,0,0.001,KL descent,1822,1823,2.4288313388824463,0.022832582426031724,0.14982970309630772,False
ising,mixed,4,0,0.001,KL descent,1823,1824,2.429882287979126,0.022831168457419854,0.14982166119201173,False
ising,mixed,4,0,0.001,KL descent,1824,1825,2.4308454990386963,0.02282975441718442,0.14981362488892774,False
ising,mixed,4,0,0.001,KL descent,1825,1826,2.4318430423736572,0.022828340305057267,0.14980559417374473,False
ising,mixed,4,0,0.001,KL descent,1826,1827,2.433349847793579,0.022826926120768243,0.1497975690331821,False
ising,mixed,4,0,0.001,KL descent,1827,1828,2.434361457824707,0.022825511864050546,0.14978954945398437,False
ising,mixed,4,0,0.001,KL descent,1828,1829,2.435370922088623,0.022824097534635268,0.14978153542293388,False
ising,mixed,4,0,0.001,KL descent,1829,1830,2.437371253967285,0.022822683132256664,0.14977352692683277,False
ising,mixed,4,0,0.001,KL descent,1830,1831,2.43941068649292,0.022821268656648862,0.14976552395251685,False
ising,mixed,4,0,0.001,KL descent,1831,1832,2.4403719902038574,0.022819854107545768,0.1497575264868537,False
ising,mixed,4,0,0.001,KL descent,1832,1833,2.442887783050537,0.022818439484682995,0.14974953451673534,False
ising,mixed,4,0,0.001,KL descent,1833,1834,2.4439027309417725,0.02281702478779671,0.1497415480290829,False
ising,mixed,4,0,0.001,KL descent,1834,1835,2.4459142684936523,0.02281561001662353,0.1497335670108494,False
ising,mixed,4,0,0.001,KL descent,1835,1836,2.446964740753174,0.022814195170900244,0.14972559144901254,False
ising,mixed,4,0,0.001,KL descent,1836,1837,2.447955369949341,0.022812780250365778,0.14971762133058564,False
ising,mixed,4,0,0.001,KL descent,1837,1838,2.4489593505859375,0.0228113652547578,0.1497096566426035,False
ising,mixed,4,0,0.001,KL descent,1838,1839,2.4499564170837402,0.02280995018381623,0.14970169737213085,False
ising,mixed,4,0,0.001,KL descent,1839,1840,2.4519147872924805,0.022808535037281228,0.1496937435062624,False
ising,mixed,4,0,0.001,KL descent,1840,1841,2.452911138534546,0.022807119814892935,0.14968579503212476,False
ising,mixed,4,0,0.001,KL descent,1841,1842,2.4534261226654053,0.022805704516392737,0.14967785193686378,False
ising,mixed,4,0,0.001,KL descent,1842,1843,2.4564285278320312,0.022804289141523066,0.1496699142076633,False
ising,mixed,4,0,0.001,KL descent,1843,1844,2.4594297409057617,0.02280287369002542,0.1496619818317274,False
ising,mixed,4,0,0.001,KL descent,1844,1845,2.4614341259002686,0.022801458161644035,0.14965405479629545,False
ising,mixed,4,0,0.001,KL descent,1845,1846,2.4638729095458984,0.022800042556122863,0.14964613308862817,False
ising,mixed,4,0,0.001,KL descent,1846,1847,2.464871406555176,0.022798626873205493,0.14963821669601884,False
ising,mixed,4,0,0.001,KL descent,1847,1848,2.465880870819092,0.022797211112637796,0.14963030560578883,False
ising,mixed,4,0,0.001,KL descent,1848,1849,2.4678707122802734,0.02279579527416583,0.14962239980528558,False
ising,mixed,4,0,0.001,KL descent,1849,1850,2.4688720703125,0.022794379357535425,0.14961449928188458,False
ising,mixed,4,0,0.001,KL descent,1850,1851,2.469872236251831,0.022792963362493555,0.14960660402298476,False
ising,mixed,4,0,0.001,KL descent,1851,1852,2.4718708992004395,0.022791547288788513,0.14959871401602437,False
ising,mixed,4,0,0.001,KL descent,1852,1853,2.4742488861083984,0.022790131136168495,0.14959082924845846,False
ising,mixed,4,0,0.001,KL descent,1853,1854,2.475255250930786,0.02278871490438207,0.14958294970777297,False
ising,mixed,4,0,0.001,KL descent,1854,1855,2.476250171661377,0.02278729859317956,0.1495750753814855,False
ising,mixed,4,0,0.001,KL descent,1855,1856,2.4772493839263916,0.02278588220231038,0.14956720625712983,False
ising,mixed,4,0,0.001,KL descent,1856,1857,2.4782471656799316,0.022784465731526097,0.1495593423222813,False
ising,mixed,4,0,0.001,KL descent,1857,1858,2.4792473316192627,0.022783049180577303,0.14955148356453374,False
ising,mixed,4,0,0.001,KL descent,1858,1859,2.4812469482421875,0.022781632549217,0.14954362997150827,False
ising,mixed,4,0,0.001,KL descent,1859,1860,2.4812469482421875,0.022780215837197172,0.1495357815308579,False
ising,mixed,4,0,0.001,KL descent,1860,1861,2.4837725162506104,0.02277879904427177,0.14952793823025962,False
ising,mixed,4,0,0.001,KL descent,1861,1862,2.484773635864258,0.02277738217019398,0.149520100057415,False
ising,mixed,4,0,0.001,KL descent,1862,1863,2.4857726097106934,0.022775965214718186,0.14951226700005948,False
ising,mixed,4,0,0.001,KL descent,1863,1864,2.4867725372314453,0.0227745481776005,0.1495044390459469,False
ising,mixed,4,0,0.001,KL descent,1864,1865,2.4877731800079346,0.02277313105859573,0.14949661618286658,False
ising,mixed,4,0,0.001,KL descent,1865,1866,2.4897735118865967,0.022771713857460754,0.14948879839862844,False
ising,mixed,4,0,0.001,KL descent,1866,1867,2.4907805919647217,0.02277029657395242,0.1494809856810701,False
ising,mixed,4,0,0.001,KL descent,1867,1868,2.491774082183838,0.022768879207827556,0.1494731780180596,False
ising,mixed,4,0,0.001,KL descent,1868,1869,2.492772340774536,0.022767461758845513,0.1494653753974865,False
ising,mixed,4,0,0.001,KL descent,1869,1870,2.4932875633239746,0.022766044226763725,0.14945757780726854,False
ising,mixed,4,0,0.001,KL descent,1870,1871,2.495290756225586,0.022764626611342046,0.14944978523535135,False
ising,mixed,4,0,0.001,KL descent,1871,1872,2.4962916374206543,0.022763208912340467,0.14944199766970917,False
ising,mixed,4,0,0.001,KL descent,1872,1873,2.4972903728485107,0.022761791129519118,0.14943421509833565,False
ising,mixed,4,0,0.001,KL descent,1873,1874,2.498291254043579,0.022760373262639425,0.1494264375092571,False
ising,mixed,4,0,0.001,KL descent,1874,1875,2.4992916584014893,0.022758955311463044,0.14941866489052125,False
ising,mixed,4,0,0.001,KL descent,1875,1876,2.5002918243408203,0.02275753727575132,0.1494108972302055,False
ising,mixed,4,0,0.001,KL descent,1876,1877,2.501291275024414,0.022756119155268005,0.1494031345164133,False
ising,mixed,4,0,0.001,KL descent,1877,1878,2.5028016567230225,0.02275470094977611,0.149395376737271,False
ising,mixed,4,0,0.001,KL descent,1878,1879,2.504836320877075,0.022753282659039628,0.14938762388093363,False
ising,mixed,4,0,0.001,KL descent,1879,1880,2.5068602561950684,0.02275186428282299,0.1493798759355811,False
ising,mixed,4,0,0.001,KL descent,1880,1881,2.5089001655578613,0.022750445820891165,0.1493744831518224,False
ising,mixed,4,0,0.001,KL descent,1881,1882,2.5108604431152344,0.022749027273009995,0.14937298311604896,False
ising,mixed,4,0,0.001,KL descent,1882,1883,2.512887954711914,0.022747608638945514,0.14937147718781263,False
ising,mixed,4,0,0.001,KL descent,1883,1884,2.5144994258880615,0.022746189918464624,0.14936996537778435,False
ising,mixed,4,0,0.001,KL descent,1884,1885,2.515502452850342,0.02274477111133446,0.1493684476965994,False
ising,mixed,4,0,0.001,KL descent,1885,1886,2.5175015926361084,0.022743352217323425,0.14936692415488007,False
ising,mixed,4,0,0.001,KL descent,1886,1887,2.518500804901123,0.022741933236199004,0.1493653947632192,False
ising,mixed,4,0,0.001,KL descent,1887,1888,2.519500970840454,0.02274051416773104,0.1493638595321839,False
ising,mixed,4,0,0.001,KL descent,1888,1889,2.5205013751983643,0.022739095011689036,0.14936231847231785,False
ising,mixed,4,0,0.001,KL descent,1889,1890,2.5215044021606445,0.022737675767842438,0.14936077159414468,False
ising,mixed,4,0,0.001,KL descent,1890,1891,2.5230143070220947,0.022736256435962377,0.14935921890816,False
ising,mixed,4,0,0.001,KL descent,1891,1892,2.525026321411133,0.022734837015820124,0.14935766042483162,False
ising,mixed,4,0,0.001,KL descent,1892,1893,2.5260326862335205,0.02273341750718686,0.14935609615461282,False
ising,mixed,4,0,0.001,KL descent,1893,1894,2.527034044265747,0.022731997909835693,0.14935452610792477,False
ising,mixed,4,0,0.001,KL descent,1894,1895,2.5280356407165527,0.02273057822353907,0.14935295029516737,False
ising,mixed,4,0,0.001,KL descent,1895,1896,2.5290348529815674,0.022729158448070174,0.14935136872671906,False
ising,mixed,4,0,0.001,KL descent,1896,1897,2.531032085418701,0.02272773858320273,0.14934978141293148,False
ising,mixed,4,0,0.001,KL descent,1897,1898,2.532033681869507,0.022726318628711942,0.149348188364132,False
ising,mixed,4,0,0.001,KL descent,1898,1899,2.533031463623047,0.022724898584372346,0.14934658959063052,False
ising,mixed,4,0,0.001,KL descent,1899,1900,2.5335381031036377,0.02272347844995929,0.1493449851027029,False
ising,mixed,4,0,0.001,KL descent,1900,1901,2.5365540981292725,0.022722058225249118,0.149343374910609,False
ising,mixed,4,0,0.001,KL descent,1901,1902,2.5375545024871826,0.02272063791001794,0.1493417590245848,False
ising,mixed,4,0,0.001,KL descent,1902,1903,2.53961181640625,0.022719217504043328,0.14934013745483843,False
ising,mixed,4,0,0.001,KL descent,1903,1904,2.5405938625335693,0.022717797007102733,0.14933851021156064,False
ising,mixed,4,0,0.001,KL descent,1904,1905,2.5416131019592285,0.02271637641897419,0.14933687730491085,False
ising,mixed,4,0,0.001,KL descent,1905,1906,2.54318904876709,0.022714955739436292,0.14933523874503563,False
ising,mixed,4,0,0.001,KL descent,1906,1907,2.5442073345184326,0.022713534968268615,0.14933359454204925,False
ising,mixed,4,0,0.001,KL descent,1907,1908,2.546255350112915,0.022712114105250494,0.1493319447060466,False
ising,mixed,4,0,0.001,KL descent,1908,1909,2.547255754470825,0.022710693150161894,0.14933028924710035,False
ising,mixed,4,0,0.001,KL descent,1909,1910,2.548258066177368,0.02270927210278402,0.14932862817525872,False
ising,mixed,4,0,0.001,KL descent,1910,1911,2.549206495285034,0.022707850962898138,0.14932696150054375,False
ising,mixed,4,0,0.001,KL descent,1911,1912,2.5512521266937256,0.02270642973028578,0.14932528923296184,False
ising,mixed,4,0,0.001,KL descent,1912,1913,2.5512521266937256,0.022705008404728888,0.1493236113824875,False
ising,mixed,4,0,0.001,KL descent,1913,1914,2.552769184112549,0.02270358698601112,0.14932192795908428,False
ising,mixed,4,0,0.001,KL descent,1914,1915,2.5558674335479736,0.022702165473914494,0.1493202389726812,False
ising,mixed,4,0,0.001,KL descent,1915,1916,2.5568602085113525,0.022700743868223877,0.1493185444331896,False
ising,mixed,4,0,0.001,KL descent,1916,1917,2.557847023010254,0.022699322168722665,0.14931684435049675,False
ising,mixed,4,0,0.001,KL descent,1917,1918,2.5588510036468506,0.02269790037519636,0.14931513873447166,False
ising,mixed,4,0,0.001,KL descent,1918,1919,2.5598504543304443,0.022696478487429634,0.14931342759495442,False
ising,mixed,4,0,0.001,KL descent,1919,1920,2.5608537197113037,0.02269505650520899,0.14931171094176476,False
ising,mixed,4,0,0.001,KL descent,1920,1921,2.561840534210205,0.022693634428319766,0.14930998878470503,False
ising,mixed,4,0,0.001,KL descent,1921,1922,2.563420057296753,0.022692212256549216,0.14930826113354628,False
ising,mixed,4,0,0.001,KL descent,1922,1923,2.5644795894622803,0.02269078998968465,0.14930652799804656,False
ising,mixed,4,0,0.001,KL descent,1923,1924,2.565472364425659,0.022689367627513456,0.14930478938793335,False
ising,mixed,4,0,0.001,KL descent,1924,1925,2.5664751529693604,0.02268794516982419,0.14930304531291383,False
ising,mixed,4,0,0.001,KL descent,1925,1926,2.568467617034912,0.02268652261640482,0.14930129578267792,False
ising,mixed,4,0,0.001,KL descent,1926,1927,2.5694751739501953,0.022685099967045763,0.14929954080688856,False
ising,mixed,4,0,0.001,KL descent,1927,1928,2.5704896450042725,0.022683677221535296,0.14929778039518588,False
ising,mixed,4,0,0.001,KL descent,1928,1929,2.5714221000671387,0.02268225437966472,0.14929601455719116,False
ising,mixed,4,0,0.001,KL descent,1929,1930,2.572986364364624,0.0226808314412242,0.14929424330250596,False
ising,mixed,4,0,0.001,KL descent,1930,1931,2.5740458965301514,0.022679408406004613,0.14929246664070195,False
ising,mixed,4,0,0.001,KL descent,1931,1932,2.5750463008880615,0.0226779852737977,0.14929068458133476,False
ising,mixed,4,0,0.001,KL descent,1932,1933,2.5760457515716553,0.022676562044395714,0.1492888971339364,False
ising,mixed,4,0,0.001,KL descent,1933,1934,2.577045440673828,0.02267513871759078,0.14928710430801995,False
ising,mixed,4,0,0.001,KL descent,1934,1935,2.578052043914795,0.0226737152931759,0.14928530611306967,False
ising,mixed,4,0,0.001,KL descent,1935,1936,2.5790457725524902,0.02267229177094531,0.14928350255855727,False
ising,mixed,4,0,0.001,KL descent,1936,1937,2.5800459384918213,0.022670868150691626,0.1492816936539232,False
ising,mixed,4,0,0.001,KL descent,1937,1938,2.581045150756836,0.022669444432210157,0.14927987940859505,False
ising,mixed,4,0,0.001,KL descent,1938,1939,2.582051992416382,0.022668020615295804,0.1492780598319749,False
ising,mixed,4,0,0.001,KL descent,1939,1940,2.58359694480896,0.02266659669974346,0.14927623493344178,False
ising,mixed,4,0,0.001,KL descent,1940,1941,2.5846545696258545,0.0226651726853489,0.14927440472235692,False
ising,mixed,4,0,0.001,KL descent,1941,1942,2.585649013519287,0.02266374857190855,0.14927256920805687,False
ising,mixed,4,0,0.001,KL descent,1942,1943,2.5866715908050537,0.022662324359219138,0.1492707283998591,False
ising,mixed,4,0,0.001,KL descent,1943,1944,2.588608503341675,0.02266090004707749,0.1492688823070596,False
ising,mixed,4,0,0.001,KL descent,1944,1945,2.5896480083465576,0.022659475635281392,0.1492670309389295,False
ising,mixed,4,0,0.001,KL descent,1945,1946,2.590646505355835,0.022658051123629362,0.1492651743047244,False
ising,mixed,4,0,0.001,KL descent,1946,1947,2.5916519165039062,0.02265662651191893,0.1492633124136763,False
ising,mixed,4,0,0.001,KL descent,1947,1948,2.5932116508483887,0.022655201799950255,0.14926144527499308,False
ising,mixed,4,0,0.001,KL descent,1948,1949,2.594266414642334,0.022653776987521444,0.14925957289786707,False
ising,mixed,4,0,0.001,KL descent,1949,1950,2.595249891281128,0.022652352074433568,0.1492576952914655,False
ising,mixed,4,0,0.001,KL descent,1950,1951,2.596259117126465,0.02265092706048601,0.1492558124649379,False
ising,mixed,4,0,0.001,KL descent,1951,1952,2.5972628593444824,0.02264950194547934,0.14925392442740965,False
ising,mixed,4,0,0.001,KL descent,1952,1953,2.598264694213867,0.022648076729215625,0.14925203118798513,False
ising,mixed,4,0,0.001,KL descent,1953,1954,2.59926700592041,0.02264665141149625,0.1492501327557515,False
ising,mixed,4,0,0.001,KL descent,1954,1955,2.60125470161438,0.022645225992122937,0.14924822913977343,False
ising,mixed,4,0,0.001,KL descent,1955,1956,2.60125470161438,0.022643800470898357,0.14924632034909324,False
ising,mixed,4,0,0.001,KL descent,1956,1957,2.6028120517730713,0.022642374847625244,0.14924440639273356,False
ising,mixed,4,0,0.001,KL descent,1957,1958,2.603872060775757,0.02264094912210731,0.14924248727969835,False
ising,mixed,4,0,0.001,KL descent,1958,1959,2.604827404022217,0.022639523294148298,0.14924056301897037,False
ising,mixed,4,0,0.001,KL descent,1959,1960,2.6064236164093018,0.0226380973635522,0.14923863361950862,False
ising,mixed,4,0,0.001,KL descent,1960,1961,2.607638120651245,0.02263667133012335,0.14923669909025328,False
ising,mixed,4,0,0.001,KL descent,1961,1962,2.6087074279785156,0.02263524519366792,0.14923475944012998,False
ising,mixed,4,0,0.001,KL descent,1962,1963,2.6097042560577393,0.022633818953990314,0.14923281467803357,False
ising,mixed,4,0,0.001,KL descent,1963,1964,2.61069917678833,0.022632392610896994,0.14923086481284503,False
ising,mixed,4,0,0.001,KL descent,1964,1965,2.6117031574249268,0.022630966164194542,0.14922890985342496,False
ising,mixed,4,0,0.001,KL descent,1965,1966,2.6132566928863525,0.02262953961368899,0.14922694980861373,False
ising,mixed,4,0,0.001,KL descent,1966,1967,2.6143205165863037,0.022628112959188148,0.1492249846872274,False
ising,mixed,4,0,0.001,KL descent,1967,1968,2.6153180599212646,0.022626686200500006,0.14922301449806796,False
ising,mixed,4,0,0.001,KL descent,1968,1969,2.616313934326172,0.022625259337431584,0.14922103924991337,False
ising,mixed,4,0,0.001,KL descent,1969,1970,2.617314338684082,0.022623832369792127,0.14921905895152188,False
ising,mixed,4,0,0.001,KL descent,1970,1971,2.6183202266693115,0.02262240529738983,0.14921707361163367,False
ising,mixed,4,0,0.001,KL descent,1971,1972,2.6193275451660156,0.022620978120034718,0.1492150832389657,False
ising,mixed,4,0,0.001,KL descent,1972,1973,2.620345115661621,0.02261955083753629,0.14921308784222131,False
ising,mixed,4,0,0.001,KL descent,1973,1974,2.6213173866271973,0.02261812344970442,0.14921108743007627,False
ising,mixed,4,0,0.001,KL descent,1974,1975,2.622870922088623,0.022616695956349502,0.1492090820111901,False
ising,mixed,4,0,0.001,KL descent,1975,1976,2.6239240169525146,0.022615268357283034,0.1492070715942021,False
ising,mixed,4,0,0.001,KL descent,1976,1977,2.624934434890747,0.02261384065231589,0.14920505618773516,False
ising,mixed,4,0,0.001,KL descent,1977,1978,2.6259303092956543,0.022612412841259994,0.14920303580038768,False
ising,mixed,4,0,0.001,KL descent,1978,1979,2.6269302368164062,0.022610984923927487,0.14920101044074152,False
ising,mixed,4,0,0.001,KL descent,1979,1980,2.6278860569000244,0.02260955690013093,0.149198980117357,False
ising,mixed,4,0,0.001,KL descent,1980,1981,2.6289310455322266,0.022608128769683204,0.14919694483877644,False
ising,mixed,4,0,0.001,KL descent,1981,1982,2.629938840866089,0.022606700532397526,0.14919490461352092,False
ising,mixed,4,0,0.001,KL descent,1982,1983,2.6309332847595215,0.022605272188088027,0.14919285945009575,False
ising,mixed,4,0,0.001,KL descent,1983,1984,2.631929636001587,0.0226038437365687,0.14919080935698137,False
ising,mixed,4,0,0.001,KL descent,1984,1985,2.6334917545318604,0.022602415177653757,0.149188754342643,False
ising,mixed,4,0,0.001,KL descent,1985,1986,2.6345412731170654,0.022600986511158633,0.1491866944155289,False
ising,mixed,4,0,0.001,KL descent,1986,1987,2.6355414390563965,0.02259955773689832,0.14918462958405776,False
ising,mixed,4,0,0.001,KL descent,1987,1988,2.6364943981170654,0.02259812885468833,0.14918255985664147,False
ising,mixed,4,0,0.001,KL descent,1988,1989,2.6374964714050293,0.022596699864345964,0.14918048524166644,False
ising,mixed,4,0,0.001,KL descent,1989,1990,2.6394968032836914,0.022595270765686307,0.14917840574750119,False
ising,mixed,4,0,0.001,KL descent,1990,1991,2.640491247177124,0.02259384155852673,0.14917632138248982,False
ising,mixed,4,0,0.001,KL descent,1991,1992,2.6414918899536133,0.022592412242684896,0.1491742321549686,False
ising,mixed,4,0,0.001,KL descent,1992,1993,2.6430001258850098,0.022590982817977903,0.1491721380732447,False
ising,mixed,4,0,0.001,KL descent,1993,1994,2.645054817199707,0.022589553284224226,0.14917003914561333,False
ising,mixed,4,0,0.001,KL descent,1994,1995,2.647057294845581,0.022588123641242158,0.14916793538034595,False
ising,mixed,4,0,0.001,KL descent,1995,1996,2.6480600833892822,0.022586693888850626,0.14916582678569612,False
ising,mixed,4,0,0.001,KL descent,1996,1997,2.6500637531280518,0.022585264026868605,0.14916371336990153,False
ising,mixed,4,0,0.001,KL descent,1997,1998,2.651059865951538,0.022583834055115402,0.1491615951411756,False
ising,mixed,4,0,0.001,KL descent,1998,1999,2.652076482772827,0.02258240397341177,0.14915947210772096,False
ising,mixed,4,0,0.001,KL descent,1999,2000,2.653602361679077,0.02258097378157713,0.14915734427771532,False
ising,mixed,4,0,0.001,KL descent,2000,2001,2.6557765007019043,0.022579543479433115,0.14915521165931955,False
ising,mixed,4,0,0.001,KL descent,2001,2002,2.6577768325805664,0.022578113066799948,0.14915307426067492,False
ising,mixed,4,0,0.001,KL descent,2002,2003,2.658773422241211,0.022576682543499402,0.14915093208990565,False
ising,mixed,4,0,0.001,KL descent,2003,2004,2.659780979156494,0.022575251909353958,0.14914878515511698,False
ising,mixed,4,0,0.001,KL descent,2004,2005,2.6607816219329834,0.02257382116418474,0.1491466334643971,False
ising,mixed,4,0,0.001,KL descent,2005,2006,2.6627724170684814,0.022572390307814594,0.14914447702581346,False
ising,mixed,4,0,0.001,KL descent,2006,2007,2.663287878036499,0.022570959340066837,0.149142315847416,False
ising,mixed,4,0,0.001,KL descent,2007,2008,2.664292097091675,0.022569528260764322,0.1491401499372353,False
ising,mixed,4,0,0.001,KL descent,2008,2009,2.665292263031006,0.02256809706973118,0.14913797930328787,False
ising,mixed,4,0,0.001,KL descent,2009,2010,2.6663434505462646,0.02256666576679061,0.14913580395356668,False
ising,mixed,4,0,0.001,KL descent,2010,2011,2.6673364639282227,0.022565234351768514,0.1491336238960499,False
ising,mixed,4,0,0.001,KL descent,2011,2012,2.668339967727661,0.022563802824487892,0.1491314391386932,False
ising,mixed,4,0,0.001,KL descent,2012,2013,2.669337272644043,0.02256237118477494,0.14912924968944008,False
ising,mixed,4,0,0.001,KL descent,2013,2014,2.6712939739227295,0.02256093943245465,0.14912705555621508,False
ising,mixed,4,0,0.001,KL descent,2014,2015,2.6712939739227295,0.0225595075673533,0.14912485674692355,False
ising,mixed,4,0,0.001,KL descent,2015,2016,2.672856092453003,0.022558075589296466,0.14912265326944468,False
ising,mixed,4,0,0.001,KL descent,2016,2017,2.6749188899993896,0.022556643498111272,0.14912044513165368,False
ising,mixed,4,0,0.001,KL descent,2017,2018,2.6759214401245117,0.022555211293624103,0.1491182323414021,False
ising,mixed,4,0,0.001,KL descent,2018,2019,2.676879644393921,0.022553778975662516,0.1491160149065207,False
ising,mixed,4,0,0.001,KL descent,2019,2020,2.6779279708862305,0.022552346544053813,0.1491137928348225,False
ising,mixed,4,0,0.001,KL descent,2020,2021,2.6789145469665527,0.02255091399862614,0.14911156613410986,False
ising,mixed,4,0,0.001,KL descent,2021,2022,2.6809141635894775,0.02254948133920838,0.14910933481215816,False
ising,mixed,4,0,0.001,KL descent,2022,2023,2.6819117069244385,0.022548048565627754,0.1491070988767323,False
ising,mixed,4,0,0.001,KL descent,2023,2024,2.6829121112823486,0.022546615677714873,0.14910485833557652,False
ising,mixed,4,0,0.001,KL descent,2024,2025,2.683471918106079,0.022545182675297853,0.14910261319641638,False
ising,mixed,4,0,0.001,KL descent,2025,2026,2.68454647064209,0.022543749558206976,0.1491003634669632,False
ising,mixed,4,0,0.001,KL descent,2026,2027,2.686527967453003,0.02254231632627171,0.14909810915490518,False
ising,mixed,4,0,0.001,KL descent,2027,2028,2.6875107288360596,0.022540882979323242,0.14909585026792072,False
ising,mixed,4,0,0.001,KL descent,2028,2029,2.6885194778442383,0.022539449517191498,0.14909358681366208,False
ising,mixed,4,0,0.001,KL descent,2029,2030,2.690478563308716,0.02253801593970855,0.14909131879977444,False
ising,mixed,4,0,0.001,KL descent,2030,2031,2.6914827823638916,0.022536582246704347,0.1490890462338746,False
ising,mixed,4,0,0.001,KL descent,2031,2032,2.6914827823638916,0.02253514843801202,0.14908676912356866,False
ising,mixed,4,0,0.001,KL descent,2032,2033,2.6930415630340576,0.022533714513462495,0.14908448747644643,False
ising,mixed,4,0,0.001,KL descent,2033,2034,2.6941070556640625,0.022532280472888532,0.1490822013000762,False
ising,mixed,4,0,0.001,KL descent,2034,2035,2.695124387741089,0.02253084631612342,0.14907991060201142,False
ising,mixed,4,0,0.001,KL descent,2035,2036,2.6961100101470947,0.022529412042999696,0.1490776153897873,False
ising,mixed,4,0,0.001,KL descent,2036,2037,2.6971094608306885,0.02252797765335097,0.1490753156709222,False
ising,mixed,4,0,0.001,KL descent,2037,2038,2.6981072425842285,0.02252654314701105,0.1490730114529203,False
ising,mixed,4,0,0.001,KL descent,2038,2039,2.6991004943847656,0.022525108523813706,0.14907070274326562,False
ising,mixed,4,0,0.001,KL descent,2039,2040,2.701070785522461,0.02252367378359346,0.14906838954942414,False
ising,mixed,4,0,0.001,KL descent,2040,2041,2.702099084854126,0.022522238926185257,0.14906607187884668,False
ising,mixed,4,0,0.001,KL descent,2041,2042,2.7031049728393555,0.022520803951423418,0.1490637497389694,False
ising,mixed,4,0,0.001,KL descent,2042,2043,2.703667640686035,0.02251936885914405,0.14906142313720805,False
ising,mixed,4,0,0.001,KL descent,2043,2044,2.705671548843384,0.022517933649182847,0.14905909208096024,False
ising,mixed,4,0,0.001,KL descent,2044,2045,2.706184148788452,0.022516498321375485,0.14905675657761253,False
ising,mixed,4,0,0.001,KL descent,2045,2046,2.707200288772583,0.02251506287555831,0.14905441663452967,False
ising,mixed,4,0,0.001,KL descent,2046,2047,2.7091987133026123,0.0225136273115684,0.1490520722590627,False
ising,mixed,4,0,0.001,KL descent,2047,2048,2.7102010250091553,0.022512191629242343,0.1490497234585424,False
ising,mixed,4,0,0.001,KL descent,2048,2049,2.7111992835998535,0.022510755828417408,0.14904737024028902,False
ising,mixed,4,0,0.001,KL descent,2049,2050,2.712197780609131,0.02250931990893122,0.14904501261160003,False
ising,mixed,4,0,0.001,KL descent,2050,2051,2.7131989002227783,0.022507883870622573,0.1490426505797584,False
ising,mixed,4,0,0.001,KL descent,2051,2052,2.713707685470581,0.022506447713328246,0.1490402841520323,False
ising,mixed,4,0,0.001,KL descent,2052,2053,2.7147181034088135,0.022505011436888135,0.14903791333567007,False
ising,mixed,4,0,0.001,KL descent,2053,2054,2.715726375579834,0.022503575041140794,0.1490355381379076,False
ising,mixed,4,0,0.001,KL descent,2054,2055,2.717726230621338,0.02250213852592472,0.14903315856596144,False
ising,mixed,4,0,0.001,KL descent,2055,2056,2.71872615814209,0.022500701891079892,0.14903077462703374,False
ising,mixed,4,0,0.001,KL descent,2056,2057,2.7197256088256836,0.022499265136446702,0.14902838632830673,False
ising,mixed,4,0,0.001,KL descent,2057,2058,2.721782684326172,0.022497828261864524,0.14902599367695102,False
ising,mixed,4,0,0.001,KL descent,2058,2059,2.7227742671966553,0.02249639126717415,0.14902359668011833,False
ising,mixed,4,0,0.001,KL descent,2059,2060,2.7233400344848633,0.022494954152216164,0.14902119534494418,False
ising,mixed,4,0,0.001,KL descent,2060,2061,2.7243897914886475,0.02249351691683177,0.14901878967854942,False
ising,mixed,4,0,0.001,KL descent,2061,2062,2.7253992557525635,0.022492079560862483,0.14901637968803638,False
ising,mixed,4,0,0.001,KL descent,2062,2063,2.7273926734924316,0.022490642084149543,0.14901396538049372,False
ising,mixed,4,0,0.001,KL descent,2063,2064,2.728395700454712,0.02248920448653521,0.14901154676299128,False
ising,mixed,4,0,0.001,KL descent,2064,2065,2.7294085025787354,0.022487766767861923,0.1490091238425868,False
ising,mixed,4,0,0.001,KL descent,2065,2066,2.7303929328918457,0.022486328927971796,0.14900669662631616,False
ising,mixed,4,0,0.001,KL descent,2066,2067,2.7313897609710693,0.022484890966708068,0.14900426512120646,False
ising,mixed,4,0,0.001,KL descent,2067,2068,2.7313897609710693,0.022483452883913888,0.1490018293342633,False
ising,mixed,4,0,0.001,KL descent,2068,2069,2.7340195178985596,0.022482014679432945,0.14899938927248002,False
ising,mixed,4,0,0.001,KL descent,2069,2070,2.7350168228149414,0.022480576353108666,0.1489969449428306,False
ising,mixed,4,0,0.001,KL descent,2070,2071,2.7360336780548096,0.022479137904785524,0.14899449635227513,False
ising,mixed,4,0,0.001,KL descent,2071,2072,2.736999750137329,0.022477699334307245,0.14899204350776007,False
ising,mixed,4,0,0.001,KL descent,2072,2073,2.737969398498535,0.02247626064151874,0.14898958641621196,False
ising,mixed,4,0,0.001,KL descent,2073,2074,2.7390103340148926,0.0224748218262655,0.14898712508454315,False
ising,mixed,4,0,0.001,KL descent,2074,2075,2.7400357723236084,0.02247338288839251,0.1489846595196529,False
ising,mixed,4,0,0.001,KL descent,2075,2076,2.7420225143432617,0.02247194382774498,0.1489821897284196,False
ising,mixed,4,0,0.001,KL descent,2076,2077,2.7430202960968018,0.022470504644169036,0.1489797157177125,False
ising,mixed,4,0,0.001,KL descent,2077,2078,2.743579864501953,0.022469065337510835,0.14897723749437974,False
ising,mixed,4,0,0.001,KL descent,2078,2079,2.7446506023406982,0.02246762590761684,0.14897475506525848,False
ising,mixed,4,0,0.001,KL descent,2079,2080,2.7456414699554443,0.022466186354333655,0.1489722684371656,False
ising,mixed,4,0,0.001,KL descent,2080,2081,2.746628999710083,0.022464746677508536,0.14896977761690672,False
ising,mixed,4,0,0.001,KL descent,2081,2082,2.7476353645324707,0.022463306876988384,0.14896728261126702,False
ising,mixed,4,0,0.001,KL descent,2082,2083,2.748629570007324,0.022461866952620722,0.14896478342702402,False
ising,mixed,4,0,0.001,KL descent,2083,2084,2.749633312225342,0.022460426904253948,0.14896228007093432,False
ising,mixed,4,0,0.001,KL descent,2084,2085,2.7506282329559326,0.022458986731735978,0.14895977254973858,False
ising,mixed,4,0,0.001,KL descent,2085,2086,2.752580165863037,0.022457546434915234,0.14895726087016659,False
ising,mixed,4,0,0.001,KL descent,2086,2087,2.7531399726867676,0.0224561060136402,0.1489547450389268,False
ising,mixed,4,0,0.001,KL descent,2087,2088,2.755167007446289,0.022454665467760246,0.14895222506271966,False
ising,mixed,4,0,0.001,KL descent,2088,2089,2.7561628818511963,0.02245322479712421,0.14894970094822546,False
ising,mixed,4,0,0.001,KL descent,2089,2090,2.7571628093719482,0.02245178400158182,0.1489471727021111,False
ising,mixed,4,0,0.001,KL descent,2090,2091,2.758162498474121,0.022450343080983533,0.14894464033102695,False
ising,mixed,4,0,0.001,KL descent,2091,2092,2.759164333343506,0.022448902035178745,0.14894210384161033,False
ising,mixed,4,0,0.001,KL descent,2092,2093,2.7601640224456787,0.02244746086401759,0.1489395632404829,False
ising,mixed,4,0,0.001,KL descent,2093,2094,2.7611632347106934,0.02244601956735172,0.1489370185342499,False
ising,mixed,4,0,0.001,KL descent,2094,2095,2.7626726627349854,0.02244457814503114,0.14893446972950214,False
ising,mixed,4,0,0.001,KL descent,2095,2096,2.7636830806732178,0.02244313659690808,0.1489319168328176,False
ising,mixed,4,0,0.001,KL descent,2096,2097,2.7646830081939697,0.02244169492283244,0.14892935985075872,False
ising,mixed,4,0,0.001,KL descent,2097,2098,2.7656917572021484,0.02244025312265747,0.14892679878986936,False
ising,mixed,4,0,0.001,KL descent,2098,2099,2.766692638397217,0.022438811196234615,0.1489242336566841,False
ising,mixed,4,0,0.001,KL descent,2099,2100,2.768693208694458,0.022437369143416375,0.14892166445772015,False
ising,mixed,4,0,0.001,KL descent,2100,2101,2.7706916332244873,0.022435926964055334,0.14891909119947905,False
ising,mixed,4,0,0.001,KL descent,2101,2102,2.771693468093872,0.02243448465800409,0.1489165138884445,False
ising,mixed,4,0,0.001,KL descent,2102,2103,2.7731974124908447,0.022433042225115548,0.1489139325310977,False
ising,mixed,4,0,0.001,KL descent,2103,2104,2.774205207824707,0.022431599665243652,0.14891134713389276,False
ising,mixed,4,0,0.001,KL descent,2104,2105,2.775207996368408,0.02243015697824179,0.14890875770327106,False
ising,mixed,4,0,0.001,KL descent,2105,2106,2.776218891143799,0.022428714163963866,0.14890616424566522,False
ising,mixed,4,0,0.001,KL descent,2106,2107,2.777219533920288,0.022427271222264098,0.14890356676749006,False
ising,mixed,4,0,0.001,KL descent,2107,2108,2.7792177200317383,0.02242582815299684,0.14890096527514385,False
ising,mixed,4,0,0.001,KL descent,2108,2109,2.780219078063965,0.022424384956016584,0.14889835977501253,False
ising,mixed,4,0,0.001,KL descent,2109,2110,2.7812182903289795,0.022422941631179086,0.14889575027347068,False
ising,mixed,4,0,0.001,KL descent,2110,2111,2.7812182903289795,0.022421498178338717,0.14889313677686833,False
ising,mixed,4,0,0.001,KL descent,2111,2112,2.7827260494232178,0.022420054597351507,0.14889051929155406,False
ising,mixed,4,0,0.001,KL descent,2112,2113,2.784789800643921,0.02241861088807307,0.14888789782385392,False
ising,mixed,4,0,0.001,KL descent,2113,2114,2.7857868671417236,0.022417167050359288,0.14888527238008264,False
ising,mixed,4,0,0.001,KL descent,2114,2115,2.7867910861968994,0.02241572308406673,0.14888264296653864,False
ising,mixed,4,0,0.001,KL descent,2115,2116,2.7887866497039795,0.02241427898905108,0.14888000958950698,False
ising,mixed,4,0,0.001,KL descent,2116,2117,2.7897439002990723,0.022412834765170038,0.14887737225526,False
ising,mixed,4,0,0.001,KL descent,2117,2118,2.790786027908325,0.022411390412280543,0.1488747309700552,False
ising,mixed,4,0,0.001,KL descent,2118,2119,2.79179310798645,0.022409945930239965,0.148872085740132,False
ising,mixed,4,0,0.001,KL descent,2119,2120,2.7933566570281982,0.022408501318904792,0.14886943657172186,False
ising,mixed,4,0,0.001,KL descent,2120,2121,2.794408082962036,0.022407056578133834,0.1488667834710401,False
ising,mixed,4,0,0.001,KL descent,2121,2122,2.7954154014587402,0.022405611707785333,0.14886412644428293,False
ising,mixed,4,0,0.001,KL descent,2122,2123,2.7964060306549072,0.0224041667077167,0.14886146549764762,False
ising,mixed,4,0,0.001,KL descent,2123,2124,2.797407388687134,0.02240272157778693,0.14885880063728907,False
ising,mixed,4,0,0.001,KL descent,2124,2125,2.7984163761138916,0.022401276317854775,0.14885613186938318,False
ising,mixed,4,0,0.001,KL descent,2125,2126,2.7994070053100586,0.022399830927779807,0.1488534592000645,False
ising,mixed,4,0,0.001,KL descent,2126,2127,2.8004109859466553,0.022398385407420444,0.14885078263546975,False
ising,mixed,4,0,0.001,KL descent,2127,2128,2.801417827606201,0.022396939756637074,0.14884810218170758,False
ising,mixed,4,0,0.001,KL descent,2128,2129,2.8029770851135254,0.022395493975288856,0.14884541784489003,False
ising,mixed,4,0,0.001,KL descent,2129,2130,2.804044723510742,0.022394048063236468,0.14884272963110368,False
ising,mixed,4,0,0.001,KL descent,2130,2131,2.8049938678741455,0.022392602020339228,0.14884003754642394,False
ising,mixed,4,0,0.001,KL descent,2131,2132,2.8065032958984375,0.022391155846458635,0.14883734159690998,False
ising,mixed,4,0,0.001,KL descent,2132,2133,2.80751371383667,0.022389709541455128,0.14883464178861394,False
ising,mixed,4,0,0.001,KL descent,2133,2134,2.8095128536224365,0.022388263105189314,0.14883193812756995,False
ising,mixed,4,0,0.001,KL descent,2134,2135,2.8105132579803467,0.02238681653752291,0.14882923061979564,False
ising,mixed,4,0,0.001,KL descent,2135,2136,2.811513662338257,0.022385369838317425,0.1488265192713023,False
ising,mixed,4,0,0.001,KL descent,2136,2137,2.811513662338257,0.022383923007434504,0.14882380408808116,False
ising,mixed,4,0,0.001,KL descent,2137,2138,2.8130226135253906,0.02238247604473608,0.1488210850761123,False
ising,mixed,4,0,0.001,KL descent,2138,2139,2.8150317668914795,0.022381028950084328,0.14881836224136552,False
ising,mixed,4,0,0.001,KL descent,2139,2140,2.8160400390625,0.022379581723342507,0.14881563558979005,False
ising,mixed,4,0,0.001,KL descent,2140,2141,2.8170409202575684,0.02237813436437197,0.14881290512732892,False
ising,mixed,4,0,0.001,KL descent,2141,2142,2.8180387020111084,0.022376686873036455,0.14881017085990778,False
ising,mixed,4,0,0.001,KL descent,2142,2143,2.819040536880493,0.02237523924919912,0.1488074327934379,False
ising,mixed,4,0,0.001,KL descent,2143,2144,2.8200390338897705,0.022373791492723297,0.1488046909338181,False
ising,mixed,4,0,0.001,KL descent,2144,2145,2.8210792541503906,0.02237234360347266,0.14880194528694402,False
ising,mixed,4,0,0.001,KL descent,2145,2146,2.823091983795166,0.022370895581310574,0.14879919585867674,False
ising,mixed,4,0,0.001,KL descent,2146,2147,2.8236606121063232,0.022369447426101655,0.14879644265488146,False
ising,mixed,4,0,0.001,KL descent,2147,2148,2.8247199058532715,0.022367999137710967,0.14879368568140539,False
ising,mixed,4,0,0.001,KL descent,2148,2149,2.8257079124450684,0.022366550716001476,0.14879092494408092,False
ising,mixed,4,0,0.001,KL descent,2149,2150,2.826688289642334,0.022365102160839086,0.14878816044872673,False
ising,mixed,4,0,0.001,KL descent,2150,2151,2.8277103900909424,0.0223636534720887,0.148785392201152,False
ising,mixed,4,0,0.001,KL descent,2151,2152,2.829709768295288,0.022362204649615507,0.14878262020715183,False
ising,mixed,4,0,0.001,KL descent,2152,2153,2.8307149410247803,0.022360755693285154,0.14877984447250547,False
ising,mixed,4,0,0.001,KL descent,2153,2154,2.8316614627838135,0.022359306602962925,0.1487770650029827,False
ising,mixed,4,0,0.001,KL descent,2154,2155,2.83316969871521,0.022357857378514912,0.14877428180433344,False
ising,mixed,4,0,0.001,KL descent,2155,2156,2.8341805934906006,0.022356408019807733,0.14877149488230468,False
ising,mixed,4,0,0.001,KL descent,2156,2157,2.8351798057556152,0.022354958526707294,0.14876870424262434,False
ising,mixed,4,0,0.001,KL descent,2157,2158,2.8361871242523193,0.022353508899080585,0.14876590989100658,False
ising,mixed,4,0,0.001,KL descent,2158,2159,2.8382389545440674,0.022352059136794323,0.14876311183315494,False
ising,mixed,4,0,0.001,KL descent,2159,2160,2.83923602104187,0.02235060923971534,0.1487603100747641,False
ising,mixed,4,0,0.001,KL descent,2160,2161,2.8402397632598877,0.022349159207711324,0.14875750462150544,False
ising,mixed,4,0,0.001,KL descent,2161,2162,2.841242790222168,0.02234770904064938,0.1487546954790463,False
ising,mixed,4,0,0.001,KL descent,2162,2163,2.842806816101074,0.022346258738398107,0.14875188265303907,False
ising,mixed,4,0,0.001,KL descent,2163,2164,2.8438663482666016,0.022344808300824585,0.14874906614912187,False
ising,mixed,4,0,0.001,KL descent,2164,2165,2.844864845275879,0.022343357727797546,0.14874624597292213,False
ising,mixed,4,0,0.001,KL descent,2165,2166,2.8458633422851562,0.022341907019184887,0.14874342213005298,False
ising,mixed,4,0,0.001,KL descent,2166,2167,2.8468756675720215,0.022340456174856006,0.148740594626116,False
ising,mixed,4,0,0.001,KL descent,2167,2168,2.847872734069824,0.022339005194678633,0.1487377634666972,False
ising,mixed,4,0,0.001,KL descent,2168,2169,2.849867820739746,0.022337554078522868,0.14873492865737525,False
ising,mixed,4,0,0.001,KL descent,2169,2170,2.8508732318878174,0.022336102826257843,0.14873209020371259,False
ising,mixed,4,0,0.001,KL descent,2170,2171,2.8518729209899902,0.022334651437752453,0.14872924811125976,False
ising,mixed,4,0,0.001,KL descent,2171,2172,2.8534317016601562,0.02233319991287724,0.14872640238555523,False
ising,mixed,4,0,0.001,KL descent,2172,2173,2.854435682296753,0.022331748251501294,0.14872355303212786,False
ising,mixed,4,0,0.001,KL descent,2173,2174,2.855448007583618,0.022330296453495574,0.14872070005648463,False
ising,mixed,4,0,0.001,KL descent,2174,2175,2.8564438819885254,0.02232884451872966,0.14871784346412997,False
ising,mixed,4,0,0.001,KL descent,2175,2176,2.858441114425659,0.022327392447074903,0.1487149832605532,False
ising,mixed,4,0,0.001,KL descent,2176,2177,2.8594436645507812,0.02232594023840149,0.14871211945122914,False
ising,mixed,4,0,0.001,KL descent,2177,2178,2.860443353652954,0.022324487892580586,0.148709252041617,False
ising,mixed,4,0,0.001,KL descent,2178,2179,2.861445188522339,0.022323035409483702,0.14870638103718004,False
ising,mixed,4,0,0.001,KL descent,2179,2180,2.863008975982666,0.022321582788982004,0.14870350644334662,False
ising,mixed,4,0,0.001,KL descent,2180,2181,2.8650729656219482,0.022320130030947398,0.14870062826554697,False
ising,mixed,4,0,0.001,KL descent,2181,2182,2.867030143737793,0.02231867713525072,0.14869774650919726,False
ising,mixed,4,0,0.001,KL descent,2182,2183,2.8680286407470703,0.022317224101765655,0.14869486117969843,False
ising,mixed,4,0,0.001,KL descent,2183,2184,2.8690245151519775,0.022315770930362914,0.1486919722824424,False
ising,mixed,4,0,0.001,KL descent,2184,2185,2.871030330657959,0.022314317620915902,0.14868907982280483,False
ising,mixed,4,0,0.001,KL descent,2185,2186,2.873072385787964,0.02231286417329725,0.14868618380615184,False
ising,mixed,4,0,0.001,KL descent,2186,2187,2.874119758605957,0.022311410587379375,0.14868328423784083,False
ising,mixed,4,0,0.001,KL descent,2187,2188,2.8761205673217773,0.022309956863035735,0.14868038112321208,False
ising,mixed,4,0,0.001,KL descent,2188,2189,2.877150535583496,0.02230850300013975,0.14867747446759444,False
ising,mixed,4,0,0.001,KL descent,2189,2190,2.8781750202178955,0.022307048998564238,0.1486745642763051,False
ising,mixed,4,0,0.001,KL descent,2190,2191,2.8802125453948975,0.02230559485818369,0.14867165055465315,False
ising,mixed,4,0,0.001,KL descent,2191,2192,2.881166458129883,0.02230414057887144,0.14866873330792751,False
ising,mixed,4,0,0.001,KL descent,2192,2193,2.882772922515869,0.022302686160501854,0.14866581254141742,False
ising,mixed,4,0,0.001,KL descent,2193,2194,2.8838632106781006,0.02230123160294929,0.14866288826038476,False
ising,mixed,4,0,0.001,KL descent,2194,2195,2.8848376274108887,0.022299776906088066,0.1486599604700954,False
ising,mixed,4,0,0.001,KL descent,2195,2196,2.885845899581909,0.022298322069792986,0.14865702917579016,False
ising,mixed,4,0,0.001,KL descent,2196,2197,2.8878674507141113,0.02229686709393925,0.1486540943827055,False
ising,mixed,4,0,0.001,KL descent,2197,2198,2.888786792755127,0.022295411978401344,0.14865115609606638,False
ising,mixed,4,0,0.001,KL descent,2198,2199,2.8898730278015137,0.022293956723055237,0.1486482143210811,False
ising,mixed,4,0,0.001,KL descent,2199,2200,2.891793727874756,0.02229250132777581,0.148645269062951,False
ising,mixed,4,0,0.001,KL descent,2200,2201,2.893312931060791,0.022291045792439342,0.14864232032686164,False
ising,mixed,4,0,0.001,KL descent,2201,2202,2.894317626953125,0.022289590116921488,0.14863936811798872,False
ising,mixed,4,0,0.001,KL descent,2202,2203,2.895317554473877,0.02228813430109818,0.1486364124414994,False
ising,mixed,4,0,0.001,KL descent,2203,2204,2.89635968208313,0.022286678344845746,0.14863345330254674,False
ising,mixed,4,0,0.001,KL descent,2204,2205,2.897360324859619,0.02228522224804099,0.14863049070626605,False
ising,mixed,4,0,0.001,KL descent,2205,2206,2.89836049079895,0.02228376601056049,0.148627524657793,False
ising,mixed,4,0,0.001,KL descent,2206,2207,2.900320291519165,0.022282309632281137,0.14862455516224382,False
ising,mixed,4,0,0.001,KL descent,2207,2208,2.9013657569885254,0.02228085311307934,0.14862158222472333,False
ising,mixed,4,0,0.001,KL descent,2208,2209,2.9028778076171875,0.022279396452833115,0.14861860585032594,False
ising,mixed,4,0,0.001,KL descent,2209,2210,2.9038925170898438,0.022277939651420334,0.14861562604414064,False
ising,mixed,4,0,0.001,KL descent,2210,2211,2.9058918952941895,0.02227648270871749,0.14861264281123215,False
ising,mixed,4,0,0.001,KL descent,2211,2212,2.9068922996520996,0.022275025624602752,0.14860965615666577,False
ising,mixed,4,0,0.001,KL descent,2212,2213,2.9084572792053223,0.02227356839895479,0.14860666608549056,False
ising,mixed,4,0,0.001,KL descent,2213,2214,2.910419225692749,0.02227211103165146,0.14860367260274254,False
ising,mixed,4,0,0.001,KL descent,2214,2215,2.9114699363708496,0.022270653522570967,0.14860067571345054,False
ising,mixed,4,0,0.001,KL descent,2215,2216,2.914047956466675,0.022269195871592023,0.14859767542262653,False
ising,mixed,4,0,0.001,KL descent,2216,2217,2.9150469303131104,0.022267738078593467,0.14859467173527774,False
ising,mixed,4,0,0.001,KL descent,2217,2218,2.9160947799682617,0.022266280143454338,0.14859166465639378,False
ising,mixed,4,0,0.001,KL descent,2218,2219,2.9180893898010254,0.02226482206605351,0.14858865419096196,False
ising,mixed,4,0,0.001,KL descent,2219,2220,2.91908860206604,0.022263363846271207,0.14858564034394406,False
ising,mixed,4,0,0.001,KL descent,2220,2221,2.9200849533081055,0.022261905483985888,0.1485826231203049,False
ising,mixed,4,0,0.001,KL descent,2221,2222,2.9210453033447266,0.022260446979077753,0.1485796025249928,False
ising,mixed,4,0,0.001,KL descent,2222,2223,2.9230868816375732,0.022258988331426376,0.1485765785629396,False
ising,mixed,4,0,0.001,KL descent,2223,2224,2.9247207641601562,0.02225752954091208,0.14857355123907723,False
ising,mixed,4,0,0.001,KL descent,2224,2225,2.9267170429229736,0.02225607060741533,0.14857052055831532,False
ising,mixed,4,0,0.001,KL descent,2225,2226,2.9287192821502686,0.022254611530816752,0.14856748652556107,False
ising,mixed,4,0,0.001,KL descent,2226,2227,2.9307150840759277,0.022253152310996446,0.14856444914570444,False
ising,mixed,4,0,0.001,KL descent,2227,2228,2.93267560005188,0.02225169294783535,0.14856140842362964,False
ising,mixed,4,0,0.001,KL descent,2228,2229,2.934288740158081,0.022250233441214958,0.14855836436420322,False
ising,mixed,4,0,0.001,KL descent,2229,2230,2.935241460800171,0.02224877379101563,0.1485553169722879,False
ising,mixed,4,0,0.001,KL descent,2230,2231,2.9369189739227295,0.022247313997119274,0.14855226625273266,False
ising,mixed,4,0,0.001,KL descent,2231,2232,2.9389333724975586,0.022245854059407336,0.1485492122103756,False
ising,mixed,4,0,0.001,KL descent,2232,2233,2.9399373531341553,0.022244393977761782,0.14854615485003986,False
ising,mixed,4,0,0.001,KL descent,2233,2234,2.9409339427948,0.022242933752064126,0.14854309417654532,False
ising,mixed,4,0,0.001,KL descent,2234,2235,2.941934585571289,0.022241473382196335,0.14854003019469492,False
ising,mixed,4,0,0.001,KL descent,2235,2236,2.9434444904327393,0.022240012868041198,0.14853696290928425,False
ising,mixed,4,0,0.001,KL descent,2236,2237,2.944465160369873,0.022238552209480997,0.1485338923250965,False
ising,mixed,4,0,0.001,KL descent,2237,2238,2.9454593658447266,0.022237091406398207,0.1485308184469054,False
ising,mixed,4,0,0.001,KL descent,2238,2239,2.946470260620117,0.02223563045867541,0.148527741279473,False
ising,mixed,4,0,0.001,KL descent,2239,2240,2.948474645614624,0.022234169366196193,0.14852466082754945,False
ising,mixed,4,0,0.001,KL descent,2240,2241,2.9494686126708984,0.022232708128842725,0.14852157709587688,False
ising,mixed,4,0,0.001,KL descent,2241,2242,2.9504690170288086,0.02223124674649933,0.14851849008918339,False
ising,mixed,4,0,0.001,KL descent,2242,2243,2.951469898223877,0.022229785219049267,0.14851539981219042,False
ising,mixed,4,0,0.001,KL descent,2243,2244,2.952984094619751,0.022228323546375627,0.14851230626960688,False
ising,mixed,4,0,0.001,KL descent,2244,2245,2.9550013542175293,0.022226861728363162,0.14850920946613,False
ising,mixed,4,0,0.001,KL descent,2245,2246,2.9560089111328125,0.02222539976489479,0.1485061094064497,False
ising,mixed,4,0,0.001,KL descent,2246,2247,2.957008123397827,0.02222393765585575,0.14850300609524014,False
ising,mixed,4,0,0.001,KL descent,2247,2248,2.9580087661743164,0.02222247540112952,0.14849989953717113,False
ising,mixed,4,0,0.001,KL descent,2248,2249,2.960007667541504,0.02222101300060114,0.148496789736895,False
ising,mixed,4,0,0.001,KL descent,2249,2250,2.9610087871551514,0.022219550454155315,0.14849367669905977,False
ising,mixed,4,0,0.001,KL descent,2250,2251,2.9620070457458496,0.02221808776167652,0.1484905604283025,False
ising,mixed,4,0,0.001,KL descent,2251,2252,2.9635162353515625,0.022216624923050515,0.14848744092924526,False
ising,mixed,4,0,0.001,KL descent,2252,2253,2.9645259380340576,0.02221516193816178,0.14848431820650265,False
ising,mixed,4,0,0.001,KL descent,2253,2254,2.9655239582061768,0.022213698806896005,0.1484811922646787,False
ising,mixed,4,0,0.001,KL descent,2254,2255,2.96653151512146,0.022212235529138903,0.14847806310837197,False
ising,mixed,4,0,0.001,KL descent,2255,2256,2.967531681060791,0.022210772104775567,0.14847493074215973,False
ising,mixed,4,0,0.001,KL descent,2256,2257,2.9695348739624023,0.022209308533692764,0.14847179517061676,False
ising,mixed,4,0,0.001,KL descent,2257,2258,2.9716098308563232,0.022207844815775746,0.14846865639830775,False
ising,mixed,4,0,0.001,KL descent,2258,2259,2.9731709957122803,0.022206380950910945,0.14846551442978506,False
ising,mixed,4,0,0.001,KL descent,2259,2260,2.975245952606201,0.0222049169389851,0.14846236926958922,False
ising,mixed,4,0,0.001,KL descent,2260,2261,2.9771981239318848,0.022203452779884388,0.1484592209222544,False
ising,mixed,4,0,0.001,KL descent,2261,2262,2.979271173477173,0.022201988473495523,0.14845606939230283,False
ising,mixed,4,0,0.001,KL descent,2262,2263,2.9812371730804443,0.022200524019705386,0.14845291468424265,False
ising,mixed,4,0,0.001,KL descent,2263,2264,2.982792377471924,0.022199059418401303,0.1484497568025801,False
ising,mixed,4,0,0.001,KL descent,2264,2265,2.984844923019409,0.022197594669470265,0.14844659575180363,False
ising,mixed,4,0,0.001,KL descent,2265,2266,2.9878616333007812,0.022196129772799424,0.14844343153639683,False
ising,mixed,4,0,0.001,KL descent,2266,2267,2.989854097366333,0.022194664728276768,0.14844026416083245,False
ising,mixed,4,0,0.001,KL descent,2267,2268,2.990856885910034,0.022193199535789472,0.14843709362956747,False
ising,mixed,4,0,0.001,KL descent,2268,2269,2.9918644428253174,0.022191734195225857,0.14843391994705663,False
ising,mixed,4,0,0.001,KL descent,2269,2270,2.9933278560638428,0.022190268706473754,0.1484307431177413,False
ising,mixed,4,0,0.001,KL descent,2270,2271,2.9943385124206543,0.022188803069421156,0.14842756314605055,False
ising,mixed,4,0,0.001,KL descent,2271,2272,2.9953811168670654,0.022187337283956377,0.148424380036407,False
ising,mixed,4,0,0.001,KL descent,2272,2273,2.99637770652771,0.02218587134996788,0.14842119379322416,False
ising,mixed,4,0,0.001,KL descent,2273,2274,2.9973795413970947,0.02218440526734497,0.1484180044209027,False
ising,mixed,4,0,0.001,KL descent,2274,2275,2.9983835220336914,0.0221829390359758,0.14841481192383166,False
ising,mixed,4,0,0.001,KL descent,2275,2276,2.999380111694336,0.02218147265574926,0.14841161630639566,False
ising,mixed,4,0,0.001,KL descent,2276,2277,3.000370740890503,0.022180006126555216,0.1484084175729672,False
ising,mixed,4,0,0.001,KL descent,2277,2278,3.0037574768066406,0.022178539448282117,0.14840521572790666,False
ising,mixed,4,0,0.001,KL descent,2278,2279,3.0047576427459717,0.022177072620819714,0.14840201077556764,False
ising,mixed,4,0,0.001,KL descent,2279,2280,3.0057520866394043,0.0221756056440576,0.14839880272029193,False
ising,mixed,4,0,0.001,KL descent,2280,2281,3.007274627685547,0.022174138517885494,0.14839559156641402,False
ising,mixed,4,0,0.001,KL descent,2281,2282,3.0083189010620117,0.022172671242193336,0.14839237731825689,False
ising,mixed,4,0,0.001,KL descent,2282,2283,3.0093343257904053,0.022171203816871085,0.14838915998013247,False
ising,mixed,4,0,0.001,KL descent,2283,2284,3.0103795528411865,0.022169736241809436,0.14838593955634533,False
ising,mixed,4,0,0.001,KL descent,2284,2285,3.0113823413848877,0.022168268516898182,0.14838271605118725,False
ising,mixed,4,0,0.001,KL descent,2285,2286,3.0129384994506836,0.02216680064202789,0.14837948946894752,False
ising,mixed,4,0,0.001,KL descent,2286,2287,3.013951539993286,0.022165332617089698,0.14837625981389824,False
ising,mixed,4,0,0.001,KL descent,2287,2288,3.0149929523468018,0.022163864441973744,0.14837302709030875,False
ising,mixed,4,0,0.001,KL descent,2288,2289,3.0159971714019775,0.022162396116571153,0.14836979130242567,False
ising,mixed,4,0,0.001,KL descent,2289,2290,3.0179975032806396,0.022160927640773657,0.14836655245450214,False
ising,mixed,4,0,0.001,KL descent,2290,2291,3.0200130939483643,0.022159459014472235,0.14836331055077373,False
ising,mixed,4,0,0.001,KL descent,2291,2292,3.022045850753784,0.02215799023755784,0.14836006559546655,False
ising,mixed,4,0,0.001,KL descent,2292,2293,3.0236012935638428,0.022156521309923134,0.14835681759279917,False
ising,mixed,4,0,0.001,KL descent,2293,2294,3.02563738822937,0.022155052231458926,0.1483535665469815,False
ising,mixed,4,0,0.001,KL descent,2294,2295,3.027702808380127,0.022153583002057036,0.1483503124622081,False
ising,mixed,4,0,0.001,KL descent,2295,2296,3.0286054611206055,0.022152113621609692,0.14834705534266895,False
ising,mixed,4,0,0.001,KL descent,2296,2297,3.0306403636932373,0.022150644090009667,0.14834379519254726,False
ising,mixed,4,0,0.001,KL descent,2297,2298,3.031642436981201,0.022149174407148413,0.14834053201601266,False
ising,mixed,4,0,0.001,KL descent,2298,2299,3.0326502323150635,0.022147704572918942,0.14833726581722273,False
ising,mixed,4,0,0.001,KL descent,2299,2300,3.0339934825897217,0.02214623458721375,0.14833399660033286,False
ising,mixed,4,0,0.001,KL descent,2300,2301,3.035003423690796,0.022144764449925677,0.1483307243694839,False
ising,mixed,4,0,0.001,KL descent,2301,2302,3.036015033721924,0.022143294160947555,0.14832744912881174,False
ising,mixed,4,0,0.001,KL descent,2302,2303,3.038013458251953,0.022141823720172846,0.14832417088243632,False
ising,mixed,4,0,0.001,KL descent,2303,2304,3.039008140563965,0.02214035312749377,0.14832088963447432,False
ising,mixed,4,0,0.001,KL descent,2304,2305,3.0400171279907227,0.02213888238280445,0.14831760538903038,False
ising,mixed,4,0,0.001,KL descent,2305,2306,3.0410079956054688,0.022137411485998276,0.1483143181502028,False
ising,mixed,4,0,0.001,KL descent,2306,2307,3.042020797729492,0.02213594043696907,0.14831102792207518,False
ising,mixed,4,0,0.001,KL descent,2307,2308,3.0435702800750732,0.02213446923561001,0.14830773470872705,False
ising,mixed,4,0,0.001,KL descent,2308,2309,3.044635772705078,0.02213299788181549,0.14830443851423075,False
ising,mixed,4,0,0.001,KL descent,2309,2310,3.045620918273926,0.022131526375479965,0.14830113934264078,False
ising,mixed,4,0,0.001,KL descent,2310,2311,3.0466387271881104,0.022130054716496785,0.1482978371980085,False
ising,mixed,4,0,0.001,KL descent,2311,2312,3.0476162433624268,0.022128582904760847,0.14829453208437637,False
ising,mixed,4,0,0.001,KL descent,2312,2313,3.0486230850219727,0.02212711094016683,0.14829122400577732,False
ising,mixed,4,0,0.001,KL descent,2313,2314,3.0495734214782715,0.022125638822608675,0.14828791296623367,False
ising,mixed,4,0,0.001,KL descent,2314,2315,3.0505781173706055,0.02212416655198183,0.14828459896975954,False
ising,mixed,4,0,0.001,KL descent,2315,2316,3.051574945449829,0.02212269412818099,0.14828128202036095,False
ising,mixed,4,0,0.001,KL descent,2316,2317,3.051574945449829,0.02212122155110121,0.14827796212203337,False
ising,mixed,4,0,0.001,KL descent,2317,2318,3.053145408630371,0.02211974882063763,0.14827463927876466,False
ising,mixed,4,0,0.001,KL descent,2318,2319,3.0554471015930176,0.022118275936685992,0.14827131349453182,False
ising,mixed,4,0,0.001,KL descent,2319,2320,3.05653715133667,0.02211680289914135,0.14826798477330683,False
ising,mixed,4,0,0.001,KL descent,2320,2321,3.057537078857422,0.022115329707899336,0.14826465311904563,False
ising,mixed,4,0,0.001,KL descent,2321,2322,3.0584909915924072,0.02211385636285619,0.14826131853570512,False
ising,mixed,4,0,0.001,KL descent,2322,2323,3.0594894886016846,0.0221123828639068,0.14825798102722498,False
ising,mixed,4,0,0.001,KL descent,2323,2324,3.0605063438415527,0.022110909210948614,0.14825464059754212,False
ising,mixed,4,0,0.001,KL descent,2324,2325,3.0614843368530273,0.022109435403876703,0.14825129725057734,False
ising,mixed,4,0,0.001,KL descent,2325,2326,3.063042402267456,0.022107961442588097,0.1482479509902479,False
ising,mixed,4,0,0.001,KL descent,2326,2327,3.0640876293182373,0.02210648732697859,0.14824460182046312,False
ising,mixed,4,0,0.001,KL descent,2327,2328,3.0650722980499268,0.022105013056945424,0.14824124974512176,False
ising,mixed,4,0,0.001,KL descent,2328,2329,3.066096305847168,0.022103538632384893,0.14823789476811156,False
ising,mixed,4,0,0.001,KL descent,2329,2330,3.067096710205078,0.022102064053193777,0.14823453689331878,False
ising,mixed,4,0,0.001,KL descent,2330,2331,3.06809401512146,0.022100589319269722,0.14823117612460796,False
ising,mixed,4,0,0.001,KL descent,2331,2332,3.0690953731536865,0.022099114430508975,0.14822781246584904,False
ising,mixed,4,0,0.001,KL descent,2332,2333,3.0700576305389404,0.022097639386809396,0.14822444592089656,False
ising,mixed,4,0,0.001,KL descent,2333,2334,3.0711119174957275,0.02209616418806833,0.14822107649359595,False
ising,mixed,4,0,0.001,KL descent,2334,2335,3.0721025466918945,0.022094688834183206,0.14821770418778368,False
ising,mixed,4,0,0.001,KL descent,2335,2336,3.07367205619812,0.022093213325051504,0.14821432900729264,False
ising,mixed,4,0,0.001,KL descent,2336,2337,3.0747194290161133,0.022091737660571438,0.14821095095593895,False
ising,mixed,4,0,0.001,KL descent,2337,2338,3.075718879699707,0.022090261840640734,0.14820757003753926,False
ising,mixed,4,0,0.001,KL descent,2338,2339,3.07671856880188,0.02208878586515754,0.14820418625589316,False
ising,mixed,4,0,0.001,KL descent,2339,2340,3.0777177810668945,0.02208730973401973,0.14820079961479943,False
ising,mixed,4,0,0.001,KL descent,2340,2341,3.0787136554718018,0.02208583344712611,0.14819741011804288,False
ising,mixed,4,0,0.001,KL descent,2341,2342,3.079766035079956,0.022084357004374937,0.14819401776940255,False
ising,mixed,4,0,0.001,KL descent,2342,2343,3.080728769302368,0.02208288040566441,0.14819062257264604,False
ising,mixed,4,0,0.001,KL descent,2343,2344,3.0817623138427734,0.022081403650894196,0.1481872245315361,False
ising,mixed,4,0,0.001,KL descent,2344,2345,3.08337140083313,0.022079926739961776,0.1481838236498233,False
ising,mixed,4,0,0.001,KL descent,2345,2346,3.084414005279541,0.0220784496727674,0.14818041993125364,False
ising,mixed,4,0,0.001,KL descent,2346,2347,3.0854649543762207,0.022076972449209833,0.14817701337956735,False
ising,mixed,4,0,0.001,KL descent,2347,2348,3.0864646434783936,0.022075495069187847,0.14817360399848145,False
ising,mixed,4,0,0.001,KL descent,2348,2349,3.087373971939087,0.02207401753260152,0.1481701917917253,False
ising,mixed,4,0,0.001,KL descent,2349,2350,3.088411569595337,0.0220725398393494,0.148166776763002,False
ising,mixed,4,0,0.001,KL descent,2350,2351,3.0894618034362793,0.022071061989331904,0.14816335891601995,False
ising,mixed,4,0,0.001,KL descent,2351,2352,3.0904619693756104,0.022069583982449,0.14815993825446871,False
ising,mixed,4,0,0.001,KL descent,2352,2353,3.0914666652679443,0.02206810581859968,0.14815651478203962,False
ising,mixed,4,0,0.001,KL descent,2353,2354,3.09306263923645,0.022066627497683972,0.14815308850240327,False
ising,mixed,4,0,0.001,KL descent,2354,2355,3.0941667556762695,0.022065149019602763,0.14814965941923558,False
ising,mixed,4,0,0.001,KL descent,2355,2356,3.096177339553833,0.02206367038425639,0.1481462275361935,False
ising,mixed,4,0,0.001,KL descent,2356,2357,3.0981595516204834,0.022062191591544517,0.14814279285693133,False
ising,mixed,4,0,0.001,KL descent,2357,2358,3.1001694202423096,0.022060712641368007,0.14813935538509315,False
ising,mixed,4,0,0.001,KL descent,2358,2359,3.1011648178100586,0.022059233533627435,0.14813591512431734,False
ising,mixed,4,0,0.001,KL descent,2359,2360,3.1037707328796387,0.02205775426822352,0.14813247207822977,False
ising,mixed,4,0,0.001,KL descent,2360,2361,3.1058409214019775,0.022056274845056838,0.14812902625045432,False
ising,mixed,4,0,0.001,KL descent,2361,2362,3.108551502227783,0.022054795264029203,0.1481255776445991,False
ising,mixed,4,0,0.001,KL descent,2362,2363,3.1104962825775146,0.022053315525040973,0.14812212626426968,False
ising,mixed,4,0,0.001,KL descent,2363,2364,3.1114561557769775,0.022051835627993562,0.14811867211306418,False
ising,mixed,4,0,0.001,KL descent,2364,2365,3.113997459411621,0.02205035557278905,0.14811521519456516,False
ising,mixed,4,0,0.001,KL descent,2365,2366,3.114995002746582,0.022048875359328094,0.14811175551236022,False
ising,mixed,4,0,0.001,KL descent,2366,2367,3.1159942150115967,0.022047394987512667,0.14810829307001516,False
ising,mixed,4,0,0.001,KL descent,2367,2368,3.118025064468384,0.022045914457244173,0.14810482787109247,False
ising,mixed,4,0,0.001,KL descent,2368,2369,3.1189939975738525,0.022044433768424743,0.14810135991915263,False
ising,mixed,4,0,0.001,KL descent,2369,2370,3.1209981441497803,0.02204295292095677,0.14809788921774347,False
ising,mixed,4,0,0.001,KL descent,2370,2371,3.1230130195617676,0.022041471914741744,0.14809441577040255,False
ising,mixed,4,0,0.001,KL descent,2371,2372,3.123561143875122,0.022039990749682176,0.14809093958066177,False
ising,mixed,4,0,0.001,KL descent,2372,2373,3.1255619525909424,0.022038509425680117,0.14808746065204675,False
ising,mixed,4,0,0.001,KL descent,2373,2374,3.127556324005127,0.022037027942638357,0.1480839789880718,False
ising,mixed,4,0,0.001,KL descent,2374,2375,3.1285574436187744,0.022035546300459695,0.14808049459224687,False
ising,mixed,4,0,0.001,KL descent,2375,2376,3.1295595169067383,0.022034064499046227,0.14807700746806995,False
ising,mixed,4,0,0.001,KL descent,2376,2377,3.1315581798553467,0.02203258253830087,0.14807351761903714,False
ising,mixed,4,0,0.001,KL descent,2377,2378,3.1315581798553467,0.022031100418127048,0.14807002504862987,False
ising,mixed,4,0,0.001,KL descent,2378,2379,3.133080005645752,0.02202961813842752,0.14806652976032564,False
ising,mixed,4,0,0.001,KL descent,2379,2380,3.135096311569214,0.022028135699105268,0.14806303175759605,False
ising,mixed,4,0,0.001,KL descent,2380,2381,3.136152744293213,0.022026653100063825,0.1480595310438989,False
ising,mixed,4,0,0.001,KL descent,2381,2382,3.137096881866455,0.02202517034120685,0.14805602762269093,False
ising,mixed,4,0,0.001,KL descent,2382,2383,3.1381402015686035,0.022023687422437502,0.14805252149741532,False
ising,mixed,4,0,0.001,KL descent,2383,2384,3.1400980949401855,0.02202220434365951,0.14804901267151055,False
ising,mixed,4,0,0.001,KL descent,2384,2385,3.141094923019409,0.022020721104776708,0.14804550114840753,False
ising,mixed,4,0,0.001,KL descent,2385,2386,3.1420955657958984,0.02201923770569319,0.1480419869315301,False
ising,mixed,4,0,0.001,KL descent,2386,2387,3.144038438796997,0.02201775414631241,0.148038470024291,False
ising,mixed,4,0,0.001,KL descent,2387,2388,3.1461212635040283,0.022016270426538722,0.14803495043009696,False
ising,mixed,4,0,0.001,KL descent,2388,2389,3.147132635116577,0.022014786546276775,0.14803142815235226,False
ising,mixed,4,0,0.001,KL descent,2389,2390,3.149137020111084,0.022013302505430023,0.14802790319444392,False
ising,mixed,4,0,0.001,KL descent,2390,2391,3.1511385440826416,0.022011818303904036,0.14802437555975878,False
ising,mixed,4,0,0.001,KL descent,2391,2392,3.153719425201416,0.022010333941602313,0.14802084525167175,False
ising,mixed,4,0,0.001,KL descent,2392,2393,3.1557135581970215,0.022008849418429975,0.1480173122735554,False
ising,mixed,4,0,0.001,KL descent,2393,2394,3.1577250957489014,0.022007364734292233,0.1480137766287682,False
ising,mixed,4,0,0.001,KL descent,2394,2395,3.1598477363586426,0.022005879889093638,0.14801023832066917,False
ising,mixed,4,0,0.001,KL descent,2395,2396,3.16086483001709,0.022004394882739135,0.14800669735259642,False
ising,mixed,4,0,0.001,KL descent,2396,2397,3.1618545055389404,0.022002909715133856,0.14800315372789685,False
ising,mixed,4,0,0.001,KL descent,2397,2398,3.162822961807251,0.022001424386183195,0.14799960744990104,False
ising,mixed,4,0,0.001,KL descent,2398,2399,3.1641223430633545,0.021999938895792617,0.14799605852192732,False
ising,mixed,4,0,0.001,KL descent,2399,2400,3.1651992797851562,0.021998453243867025,0.14799250694729904,False
ising,mixed,4,0,0.001,KL descent,2400,2401,3.1661758422851562,0.021996967430312542,0.14798895272932394,False
ising,mixed,4,0,0.001,KL descent,2401,2402,3.1676511764526367,0.02199548145503472,0.14798539587130344,False
ising,mixed,4,0,0.001,KL descent,2402,2403,3.168714761734009,0.021993995317939996,0.1479818363765304,False
ising,mixed,4,0,0.001,KL descent,2403,2404,3.1706643104553223,0.0219925090189329,0.14797827424829135,False
ising,mixed,4,0,0.001,KL descent,2404,2405,3.1727042198181152,0.021991022557920323,0.14797470948986946,False
ising,mixed,4,0,0.001,KL descent,2405,2406,3.17423939704895,0.021989535934808818,0.14797114210453488,False
ising,mixed,4,0,0.001,KL descent,2406,2407,3.175259590148926,0.021988049149503624,0.14796757209555245,False
ising,mixed,4,0,0.001,KL descent,2407,2408,3.1774215698242188,0.02198656220191209,0.14796399946617922,False
ising,mixed,4,0,0.001,KL descent,2408,2409,3.1784956455230713,0.02198507509193955,0.14796042421966993,False
ising,mixed,4,0,0.001,KL descent,2409,2410,3.1794326305389404,0.021983587819494117,0.14795684635926332,False
ising,mixed,4,0,0.001,KL descent,2410,2411,3.1814756393432617,0.021982100384480754,0.14795326588819502,False
ising,mixed,4,0,0.001,KL descent,2411,2412,3.1814756393432617,0.021980612786807206,0.14794968280969584,False
ising,mixed,4,0,0.001,KL descent,2412,2413,3.1841089725494385,0.021979125026380587,0.14794609712698437,False
ising,mixed,4,0,0.001,KL descent,2413,2414,3.1851091384887695,0.02197763710310756,0.14794250884327842,False
ising,mixed,4,0,0.001,KL descent,2414,2415,3.187046527862549,0.021976149016895034,0.14793891796178094,False
ising,mixed,4,0,0.001,KL descent,2415,2416,3.1890482902526855,0.021974660767650537,0.14793532448569335,False
ising,mixed,4,0,0.001,KL descent,2416,2417,3.1921026706695557,0.021973172355281102,0.14793172841820834,False
ising,mixed,4,0,0.001,KL descent,2417,2418,3.19368052482605,0.02197168377969472,0.14792812976251113,False
ising,mixed,4,0,0.001,KL descent,2418,2419,3.1957221031188965,0.021970195040798703,0.14792452852178162,False
ising,mixed,4,0,0.001,KL descent,2419,2420,3.1967172622680664,0.02196870613850038,0.14792092469918772,False
ising,mixed,4,0,0.001,KL descent,2420,2421,3.1987364292144775,0.021967217072707833,0.14791731829789123,False
ising,mixed,4,0,0.001,KL descent,2421,2422,3.1996798515319824,0.021965727843328415,0.1479137093210553,False
ising,mixed,4,0,0.001,KL descent,2422,2423,3.2006773948669434,0.021964238450270648,0.1479100977718254,False
ising,mixed,4,0,0.001,KL descent,2423,2424,3.201678514480591,0.021962748893442383,0.14790648365334608,False
ising,mixed,4,0,0.001,KL descent,2424,2425,3.2057201862335205,0.02196125917275192,0.14790286696875266,False
ising,mixed,4,0,0.001,KL descent,2425,2426,3.2082407474517822,0.021959769288107698,0.14789924772117335,False
ising,mixed,4,0,0.001,KL descent,2426,2427,3.2092463970184326,0.021958279239417552,0.14789562591372996,False
ising,mixed,4,0,0.001,KL descent,2427,2428,3.210245132446289,0.021956789026590717,0.14789200154953408,False
ising,mixed,4,0,0.001,KL descent,2428,2429,3.211244821548462,0.02195529864953514,0.14788837463169813,False
ising,mixed,4,0,0.001,KL descent,2429,2430,3.2127585411071777,0.021953808108159327,0.14788474516332012,False
ising,mixed,4,0,0.001,KL descent,2430,2431,3.2147743701934814,0.021952317402372773,0.1478811131474933,False
ising,mixed,4,0,0.001,KL descent,2431,2432,3.2157692909240723,0.021950826532084168,0.1478774785873056,False
ising,mixed,4,0,0.001,KL descent,2432,2433,3.216775894165039,0.02194933549720215,0.1478738414858357,False
ising,mixed,4,0,0.001,KL descent,2433,2434,3.2177813053131104,0.021947844297636326,0.1478702018461585,False
ising,mixed,4,0,0.001,KL descent,2434,2435,3.220773220062256,0.02194635293329571,0.147866559671337,False
ising,mixed,4,0,0.001,KL descent,2435,2436,3.2227721214294434,0.021944861404089414,0.14786291496443282,False
ising,mixed,4,0,0.001,KL descent,2436,2437,3.2243008613586426,0.021943369709926823,0.14785926772849517,False
ising,mixed,4,0,0.001,KL descent,2437,2438,3.2262983322143555,0.021941877850717946,0.14785561796657176,False
ising,mixed,4,0,0.001,KL descent,2438,2439,3.2273030281066895,0.02194038582637205,0.14785196568170234,False
ising,mixed,4,0,0.001,KL descent,2439,2440,3.2282965183258057,0.021938893636798518,0.14784831087691402,False
ising,mixed,4,0,0.001,KL descent,2440,2441,3.230297088623047,0.02193740128190764,0.1478446535552359,False
ising,mixed,4,0,0.001,KL descent,2441,2442,3.231297731399536,0.02193590876160942,0.1478409937196833,False
ising,mixed,4,0,0.001,KL descent,2442,2443,3.2338180541992188,0.021934416075813548,0.14783733137327226,False
ising,mixed,4,0,0.001,KL descent,2443,2444,3.2358169555664062,0.021932923224430047,0.14783366651900032,False
ising,mixed,4,0,0.001,KL descent,2444,2445,3.238332986831665,0.021931430207369686,0.14782999915987127,False
ising,mixed,4,0,0.001,KL descent,2445,2446,3.2393431663513184,0.021929937024541678,0.14782632929887207,False
ising,mixed,4,0,0.001,KL descent,2446,2447,3.2413439750671387,0.021928443675858115,0.14782265693898727,False
ising,mixed,4,0,0.001,KL descent,2447,2448,3.2413439750671387,0.021926950161227834,0.14781898208320088,False
ising,mixed,4,0,0.001,KL descent,2448,2449,3.2438671588897705,0.021925456480562384,0.14781530473447363,False
ising,mixed,4,0,0.001,KL descent,2449,2450,3.244865894317627,0.021923962633772016,0.14781162489577798,False
ising,mixed,4,0,0.001,KL descent,2450,2451,3.245868444442749,0.02192246862076822,0.14780794257007063,False
ising,mixed,4,0,0.001,KL descent,2451,2452,3.2468793392181396,0.02192097444146083,0.14780425776029638,False
ising,mixed,4,0,0.001,KL descent,2452,2453,3.247877359390259,0.021919480095761827,0.14780057046940642,False
ising,mixed,4,0,0.001,KL descent,2453,2454,3.2498769760131836,0.02191798558358165,0.1477968807003358,False
ising,mixed,4,0,0.001,KL descent,2454,2455,3.2508790493011475,0.021916490904832112,0.14779318845601708,False
ising,mixed,4,0,0.001,KL descent,2455,2456,3.2519218921661377,0.021914996059423614,0.14778949373937345,False
ising,mixed,4,0,0.001,KL descent,2456,2457,3.2534282207489014,0.021913501047268073,0.1477857965533219,False
ising,mixed,4,0,0.001,KL descent,2457,2458,3.2554919719696045,0.02191200586827748,0.14778209690077876,False
ising,mixed,4,0,0.001,KL descent,2458,2459,3.2580924034118652,0.02191051052236226,0.1477783947846399,False
ising,mixed,4,0,0.001,KL descent,2459,2460,3.261085033416748,0.02190901500943512,0.14777469020781248,False
ising,mixed,4,0,0.001,KL descent,2460,2461,3.264558792114258,0.021907519329407186,0.14777098317318493,False
ising,mixed,4,0,0.001,KL descent,2461,2462,3.2665586471557617,0.02190602348219065,0.14776727368364062,False
ising,mixed,4,0,0.001,KL descent,2462,2463,3.2685539722442627,0.02190452746769698,0.1477635617420633,False
ising,mixed,4,0,0.001,KL descent,2463,2464,3.2707765102386475,0.021903031285838977,0.14775984735132047,False
ising,mixed,4,0,0.001,KL descent,2464,2465,3.272796392440796,0.021901534936528376,0.1477561305142825,False
ising,mixed,4,0,0.001,KL descent,2465,2466,3.274320363998413,0.021900038419677158,0.14775241123380634,False
ising,mixed,4,0,0.001,KL descent,2466,2467,3.2753307819366455,0.021898541735197903,0.14774868951274478,False
ising,mixed,4,0,0.001,KL descent,2467,2468,3.2763259410858154,0.021897044883003463,0.14774496535394555,False
ising,mixed,4,0,0.001,KL descent,2468,2469,3.278327226638794,0.021895547863005637,0.14774123876024847,False
ising,mixed,4,0,0.001,KL descent,2469,2470,3.279330253601074,0.021894050675117335,0.14773750973448907,False
ising,mixed,4,0,0.001,KL descent,2470,2471,3.2803285121917725,0.021892553319251246,0.14773377827949258,False
ising,mixed,4,0,0.001,KL descent,2471,2472,3.2813291549682617,0.021891055795320285,0.14773004439808118,False
ising,mixed,4,0,0.001,KL descent,2472,2473,3.2813291549682617,0.021889558103236985,0.14772630809307252,False
ising,mixed,4,0,0.001,KL descent,2473,2474,3.283846139907837,0.021888060242915227,0.14772256936726813,False
ising,mixed,4,0,0.001,KL descent,2474,2475,3.2848474979400635,0.02188656221426681,0.14771882822347693,False
ising,mixed,4,0,0.001,KL descent,2475,2476,3.2858450412750244,0.021885064017205552,0.1477150846644929,False
ising,mixed,4,0,0.001,KL descent,2476,2477,3.287844657897949,0.021883565651644735,0.14771133869310377,False
ising,mixed,4,0,0.001,KL descent,2477,2478,3.2888472080230713,0.021882067117497978,0.14770759031209668,False
ising,mixed,4,0,0.001,KL descent,2478,2479,3.2908449172973633,0.021880568414678305,0.14770383952424315,False
ising,mixed,4,0,0.001,KL descent,2479,2480,3.29184627532959,0.02187906954309912,0.14770008633232123,False
ising,mixed,4,0,0.001,KL descent,2480,2481,3.292846202850342,0.021877570502674252,0.14769633073908772,False
ising,mixed,4,0,0.001,KL descent,2481,2482,3.2933907508850098,0.02187607129331725,0.14769257274730763,False
ising,mixed,4,0,0.001,KL descent,2482,2483,3.294402837753296,0.021874571914942447,0.14768881235972964,False
ising,mixed,4,0,0.001,KL descent,2483,2484,3.2963922023773193,0.02187307236746297,0.1476850495791019,False
ising,mixed,4,0,0.001,KL descent,2484,2485,3.2973923683166504,0.021871572650793404,0.14768128440816203,False
ising,mixed,4,0,0.001,KL descent,2485,2486,3.298417568206787,0.021870072764847388,0.14767751684964675,False
ising,mixed,4,0,0.001,KL descent,2486,2487,3.2993969917297363,0.02186857270953997,0.14767374690628055,False
ising,mixed,4,0,0.001,KL descent,2487,2488,3.3004276752471924,0.021867072484783947,0.14766997458078618,False
ising,mixed,4,0,0.001,KL descent,2488,2489,3.3014285564422607,0.021865572090494792,0.1476661998758782,False
ising,mixed,4,0,0.001,KL descent,2489,2490,3.3029372692108154,0.021864071526586454,0.1476624227942691,False
ising,mixed,4,0,0.001,KL descent,2490,2491,3.303948163986206,0.021862570792973497,0.1476586433386552,False
ising,mixed,4,0,0.001,KL descent,2491,2492,3.3049559593200684,0.021861069889570546,0.14765486151174112,False
ising,mixed,4,0,0.001,KL descent,2492,2493,3.307950973510742,0.021859568816292398,0.14765107731621302,False
ising,mixed,4,0,0.001,KL descent,2493,2494,3.3112781047821045,0.021858067573053603,0.14764729075475774,False
ising,mixed,4,0,0.001,KL descent,2494,2495,3.3127927780151367,0.021856566159769636,0.14764350183005392,False
ising,mixed,4,0,0.001,KL descent,2495,2496,3.314814567565918,0.02185506457635442,0.14763971054477348,False
ising,mixed,4,0,0.001,KL descent,2496,2497,3.317811965942383,0.021853562822723646,0.14763591690158573,False
ising,mixed,4,0,0.001,KL descent,2497,2498,3.318809747695923,0.021852060898792373,0.1476321209031493,False
ising,mixed,4,0,0.001,KL descent,2498,2499,3.3208117485046387,0.021850558804475936,0.14762832255211733,False
ising,mixed,4,0,0.001,KL descent,2499,2500,3.3233368396759033,0.021849056539689344,0.14762452185114133,False
ising,mixed,4,0,0.001,KL descent,2500,2501,3.325352907180786,0.02184755410434802,0.14762071880286354,False
ising,mixed,4,0,0.001,KL descent,2501,2502,3.327343225479126,0.021846051498367453,0.14761691340992233,False
ising,mixed,4,0,0.001,KL descent,2502,2503,3.329347610473633,0.02184454872166331,0.147613105674948,False
ising,mixed,4,0,0.001,KL descent,2503,2504,3.33134388923645,0.02184304577415122,0.14760929560056268,False
ising,mixed,4,0,0.001,KL descent,2504,2505,3.3328857421875,0.02184154265574701,0.14760548318939004,False
ising,mixed,4,0,0.001,KL descent,2505,2506,3.334946870803833,0.02184003936636608,0.14760166844404288,False
ising,mixed,4,0,0.001,KL descent,2506,2507,3.335972547531128,0.021838535905924928,0.14759785136712367,False
ising,mixed,4,0,0.001,KL descent,2507,2508,3.337900161743164,0.021837032274338884,0.1475940319612391,False
ising,mixed,4,0,0.001,KL descent,2508,2509,3.338897466659546,0.021835528471524337,0.1475902102289839,False
ising,mixed,4,0,0.001,KL descent,2509,2510,3.3398990631103516,0.02183402449739767,0.14758638617294584,False
ising,mixed,4,0,0.001,KL descent,2510,2511,3.3408961296081543,0.02183252035187449,0.14758255979571533,False
ising,mixed,4,0,0.001,KL descent,2511,2512,3.3418948650360107,0.021831016034871826,0.14757873109985886,False
ising,mixed,4,0,0.001,KL descent,2512,2513,3.343413829803467,0.02182951154630538,0.1475749000879596,False
ising,mixed,4,0,0.001,KL descent,2513,2514,3.344428539276123,0.02182800688609224,0.14757106676257792,False
ising,mixed,4,0,0.001,KL descent,2514,2515,3.3465001583099365,0.021826502054148503,0.14756723112627823,False
ising,mixed,4,0,0.001,KL descent,2515,2516,3.3485076427459717,0.021824997050391096,0.1475633931816147,False
ising,mixed,4,0,0.001,KL descent,2516,2517,3.350451707839966,0.021823491874736964,0.14755955293113548,False
ising,mixed,4,0,0.001,KL descent,2517,2518,3.353004217147827,0.02182198652710239,0.14755571037738446,False
ising,mixed,4,0,0.001,KL descent,2518,2519,3.3540642261505127,0.021820481007404597,0.14755186552290211,False
ising,mixed,4,0,0.001,KL descent,2519,2520,3.356074094772339,0.021818975315560277,0.1475480183702157,False
ising,mixed,4,0,0.001,KL descent,2520,2521,3.3580729961395264,0.021817469451487062,0.1475441689218554,False
ising,mixed,4,0,0.001,KL descent,2521,2522,3.3600645065307617,0.021815963415101634,0.14754031718034327,False
ising,mixed,4,0,0.001,KL descent,2522,2523,3.362072229385376,0.021814457206321,0.14753646314819024,False
ising,mixed,4,0,0.001,KL descent,2523,2524,3.3646364212036133,0.02181295082506315,0.1475326068279067,False
ising,mixed,4,0,0.001,KL descent,2524,2525,3.3666892051696777,0.02181144427124475,0.14752874822199674,False
ising,mixed,4,0,0.001,KL descent,2525,2526,3.368682861328125,0.02180993754478409,0.14752488733296099,False
ising,mixed,4,0,0.001,KL descent,2526,2527,3.3706648349761963,0.021808430645597912,0.14752102416328733,False
ising,mixed,4,0,0.001,KL descent,2527,2528,3.3726890087127686,0.021806923573604392,0.1475171587154671,False
ising,mixed,4,0,0.001,KL descent,2528,2529,3.3743181228637695,0.02180541632872082,0.14751329099197852,False
ising,mixed,4,0,0.001,KL descent,2529,2530,3.3762991428375244,0.02180390891086519,0.1475094209952993,False
ising,mixed,4,0,0.001,KL descent,2530,2531,3.378303050994873,0.021802401319955565,0.14750554872789706,False
ising,mixed,4,0,0.001,KL descent,2531,2532,3.380256175994873,0.021800893555909702,0.14750167419223698,False
ising,mixed,4,0,0.001,KL descent,2532,2533,3.381312131881714,0.021799385618644942,0.14749779739078106,False
ising,mixed,4,0,0.001,KL descent,2533,2534,3.3839709758758545,0.021797877508080987,0.1474939183259798,False
ising,mixed,4,0,0.001,KL descent,2534,2535,3.385953903198242,0.021796369224134606,0.14749003700028063,False
ising,mixed,4,0,0.001,KL descent,2535,2536,3.387897253036499,0.021794860766724537,0.1474861534161266,False
ising,mixed,4,0,0.001,KL descent,2536,2537,3.389894723892212,0.02179335213576967,0.14748226757595667,False
ising,mixed,4,0,0.001,KL descent,2537,2538,3.390896797180176,0.021791843331187773,0.14747837948219922,False
ising,mixed,4,0,0.001,KL descent,2538,2539,3.3918986320495605,0.021790334352897355,0.14747448913727967,False
ising,mixed,4,0,0.001,KL descent,2539,2540,3.3934144973754883,0.021788825200816965,0.14747059654362193,False
ising,mixed,4,0,0.001,KL descent,2540,2541,3.3944199085235596,0.02178731587486553,0.14746670170363885,False
ising,mixed,4,0,0.001,KL descent,2541,2542,3.396481990814209,0.0217858063749616,0.14746280461973915,False
ising,mixed,4,0,0.001,KL descent,2542,2543,3.3974769115448,0.02178429670102422,0.1474589052943288,False
ising,mixed,4,0,0.001,KL descent,2543,2544,3.3984644412994385,0.02178278685297256,0.1474550037298048,False
ising,mixed,4,0,0.001,KL descent,2544,2545,3.399487257003784,0.02178127683072459,0.14745109992856026,False
ising,mixed,4,0,0.001,KL descent,2545,2546,3.4014718532562256,0.02177976663420018,0.1474471938929855,False
ising,mixed,4,0,0.001,KL descent,2546,2547,3.4014718532562256,0.02177825626331828,0.14744328562546083,False
ising,mixed,4,0,0.001,KL descent,2547,2548,3.4040849208831787,0.0217767457179977,0.14743937512836225,False
ising,mixed,4,0,0.001,KL descent,2548,2549,3.405097007751465,0.02177523499815828,0.1474354624040654,False
ising,mixed,4,0,0.001,KL descent,2549,2550,3.4061081409454346,0.02177372410371883,0.14743154745493042,False
ising,mixed,4,0,0.001,KL descent,2550,2551,3.408104419708252,0.021772213034599586,0.14742763028332395,False
ising,mixed,4,0,0.001,KL descent,2551,2552,3.409588098526001,0.02177070179071903,0.14742371089160122,False
ising,mixed,4,0,0.001,KL descent,2552,2553,3.4105913639068604,0.02176919037199761,0.14741978928210725,False
ising,mixed,4,0,0.001,KL descent,2553,2554,3.411576509475708,0.021767678778354654,0.1474158654571931,False
ising,mixed,4,0,0.001,KL descent,2554,2555,3.4130992889404297,0.021766167009710014,0.14741193941919684,False
ising,mixed,4,0,0.001,KL descent,2555,2556,3.4141595363616943,0.021764655065982675,0.14740801117045033,False
ising,mixed,4,0,0.001,KL descent,2556,2557,3.4161605834960938,0.021763142947093608,0.1474040807132842,False
ising,mixed,4,0,0.001,KL descent,2557,2558,3.417165994644165,0.021761630652962598,0.1474001480500246,False
ising,mixed,4,0,0.001,KL descent,2558,2559,3.4181602001190186,0.02176011818350903,0.14739621318298834,False
ising,mixed,4,0,0.001,KL descent,2559,2560,3.4191548824310303,0.021758605538653844,0.14739227611448835,False
ising,mixed,4,0,0.001,KL descent,2560,2561,3.4211180210113525,0.02175709271831659,0.14738833684683444,False
ising,mixed,4,0,0.001,KL descent,2561,2562,3.4211180210113525,0.021755579722417824,0.14738439538232484,False
ising,mixed,4,0,0.001,KL descent,2562,2563,3.423703670501709,0.02175406655087765,0.14738045172326703,False
ising,mixed,4,0,0.001,KL descent,2563,2564,3.4247093200683594,0.021752553203616652,0.14737650587194484,False
ising,mixed,4,0,0.001,KL descent,2564,2565,3.4257073402404785,0.02175103968055524,0.1473725578306495,False
ising,mixed,4,0,0.001,KL descent,2565,2566,3.426706075668335,0.02174952598161393,0.14736860760165987,False
ising,mixed,4,0,0.001,KL descent,2566,2567,3.4277031421661377,0.021748012106713642,0.14736465518725855,False
ising,mixed,4,0,0.001,KL descent,2567,2568,3.4297032356262207,0.021746498055774808,0.14736070058971273,False
ising,mixed,4,0,0.001,KL descent,2568,2569,3.430697202682495,0.021744983828718256,0.14735674381129082,False
ising,mixed,4,0,0.001,KL descent,2569,2570,3.4316985607147217,0.021743469425465022,0.14735278485425551,False
ising,mixed,4,0,0.001,KL descent,2570,2571,3.433258295059204,0.021741954845935163,0.14734882372086344,False
ising,mixed,4,0,0.001,KL descent,2571,2572,3.434312582015991,0.021740440090051025,0.14734486041336492,False
ising,mixed,4,0,0.001,KL descent,2572,2573,3.4353127479553223,0.021738925157732417,0.14734089493400293,False
ising,mixed,4,0,0.001,KL descent,2573,2574,3.4363112449645996,0.021737410048901225,0.14733692728502568,False
ising,mixed,4,0,0.001,KL descent,2574,2575,3.438305377960205,0.021735894763478432,0.14733295746866487,False
ising,mixed,4,0,0.001,KL descent,2575,2576,3.43933367729187,0.02173437930138569,0.14732898548715223,False
ising,mixed,4,0,0.001,KL descent,2576,2577,3.440340757369995,0.02173286366254386,0.14732501134271647,False
ising,mixed,4,0,0.001,KL descent,2577,2578,3.441310405731201,0.021731347846874253,0.147321035037576,False
ising,mixed,4,0,0.001,KL descent,2578,2579,3.4428305625915527,0.021729831854298404,0.14731705657394756,False
ising,mixed,4,0,0.001,KL descent,2579,2580,3.44490647315979,0.021728315684738684,0.14731307595404097,False
ising,mixed,4,0,0.001,KL descent,2580,2581,3.445858955383301,0.021726799338115645,0.14730909318006336,False
ising,mixed,4,0,0.001,KL descent,2581,2582,3.446920871734619,0.02172528281435194,0.14730510825421894,False
ising,mixed,4,0,0.001,KL descent,2582,2583,3.447920799255371,0.02172376611336859,0.14730112117869815,False
ising,mixed,4,0,0.001,KL descent,2583,2584,3.4499080181121826,0.02172224923508788,0.14729713195569616,False
ising,mixed,4,0,0.001,KL descent,2584,2585,3.4509034156799316,0.021720732179431372,0.1472931405873975,False
ising,mixed,4,0,0.001,KL descent,2585,2586,3.4519011974334717,0.021719214946321386,0.14728914707598223,False
ising,mixed,4,0,0.001,KL descent,2586,2587,3.454202651977539,0.02171769753568018,0.14728515142362947,False
ising,mixed,4,0,0.001,KL descent,2587,2588,3.4564807415008545,0.021716179947428887,0.1472811536325086,False
ising,mixed,4,0,0.001,KL descent,2588,2589,3.45849347114563,0.02171466218149103,0.1472771537047849,False
ising,mixed,4,0,0.001,KL descent,2589,2590,3.459498405456543,0.021713144237787994,0.1472731516426226,False
ising,mixed,4,0,0.001,KL descent,2590,2591,3.461480140686035,0.02171162611624228,0.14726914744817687,False
ising,mixed,4,0,0.001,KL descent,2591,2592,3.4641072750091553,0.0217101078167764,0.147265141123599,False
ising,mixed,4,0,0.001,KL descent,2592,2593,3.466104030609131,0.02170858933931315,0.14726113267103658,False
ising,mixed,4,0,0.001,KL descent,2593,2594,3.4681267738342285,0.021707070683774237,0.14725712209263364,False
ising,mixed,4,0,0.001,KL descent,2594,2595,3.4690937995910645,0.021705551850083153,0.1472531093905216,False
ising,mixed,4,0,0.001,KL descent,2595,2596,3.4721028804779053,0.02170403283816216,0.14724909456683938,False
ising,mixed,4,0,0.001,KL descent,2596,2597,3.4736788272857666,0.021702513647934005,0.14724507762370953,False
ising,mixed,4,0,0.001,KL descent,2597,2598,3.474743604660034,0.021700994279321387,0.1472410585632577,False
ising,mixed,4,0,0.001,KL descent,2598,2599,3.4757235050201416,0.02169947473224731,0.14723703738759764,False
ising,mixed,4,0,0.001,KL descent,2599,2600,3.47772216796875,0.021697955006634927,0.14723301409884615,False
ising,mixed,4,0,0.001,KL descent,2600,2601,3.4787380695343018,0.02169643510240721,0.14722898869911227,False
ising,mixed,4,0,0.001,KL descent,2601,2602,3.4807286262512207,0.02169491501948724,0.1472249611904946,False
ising,mixed,4,0,0.001,KL descent,2602,2603,3.4817283153533936,0.021693394757797805,0.14722093157509608,False
ising,mixed,4,0,0.001,KL descent,2603,2604,3.483301877975464,0.02169187431726272,0.14721689985501046,False
ising,mixed,4,0,0.001,KL descent,2604,2605,3.4843485355377197,0.021690353697804626,0.14721286603232475,False
ising,mixed,4,0,0.001,KL descent,2605,2606,3.485914468765259,0.02168883289934736,0.14720883010912333,False
ising,mixed,4,0,0.001,KL descent,2606,2607,3.487995147705078,0.021687311921814428,0.14720479208748816,False
ising,mixed,4,0,0.001,KL descent,2607,2608,3.488985538482666,0.021685790765129193,0.14720075196949156,False
ising,mixed,4,0,0.001,KL descent,2608,2609,3.4909799098968506,0.021684269429214538,0.1471967097572066,False
ising,mixed,4,0,0.001,KL descent,2609,2610,3.4919700622558594,0.021682747913995118,0.1471926654526971,False
ising,mixed,4,0,0.001,KL descent,2610,2611,3.4929659366607666,0.021681226219394365,0.14718861905802388,False
ising,mixed,4,0,0.001,KL descent,2611,2612,3.4945313930511475,0.02167970434533574,0.1471845705752442,False
ising,mixed,4,0,0.001,KL descent,2612,2613,3.495532989501953,0.021678182291743515,0.14718052000640952,False
ising,mixed,4,0,0.001,KL descent,2613,2614,3.49653697013855,0.02167666005854072,0.14717646735356532,False
ising,mixed,4,0,0.001,KL descent,2614,2615,3.4975314140319824,0.021675137645652372,0.14717241261875386,False
ising,mixed,4,0,0.001,KL descent,2615,2616,3.498530626296997,0.0216736150530016,0.14716835580401366,False
ising,mixed,4,0,0.001,KL descent,2616,2617,3.4995317459106445,0.021672092280513207,0.14716429691137645,False
ising,mixed,4,0,0.001,KL descent,2617,2618,3.500532627105713,0.021670569328111018,0.1471602359428733,False
ising,mixed,4,0,0.001,KL descent,2618,2619,3.5015299320220947,0.02166904619571923,0.14715617290052596,False
ising,mixed,4,0,0.001,KL descent,2619,2620,3.504054307937622,0.02166752288326208,0.14715210778635052,False
ising,mixed,4,0,0.001,KL descent,2620,2621,3.505053997039795,0.021665999390664274,0.14714804060236747,False
ising,mixed,4,0,0.001,KL descent,2621,2622,3.506065607070923,0.02166447571784966,0.147143971350584,False
ising,mixed,4,0,0.001,KL descent,2622,2623,3.507063627243042,0.021662951864743384,0.14713990003300492,False
ising,mixed,4,0,0.001,KL descent,2623,2624,3.508578300476074,0.021661427831269443,0.14713582665163205,False
ising,mixed,4,0,0.001,KL descent,2624,2625,3.509591579437256,0.021659903617352583,0.14713175120846012,False
ising,mixed,4,0,0.001,KL descent,2625,2626,3.510591506958008,0.02165837922291789,0.14712767370548296,False
ising,mixed,4,0,0.001,KL descent,2626,2627,3.5115926265716553,0.021656854647889138,0.14712359414468695,False
ising,mixed,4,0,0.001,KL descent,2627,2628,3.5131092071533203,0.02165532989219238,0.147119512528054,False
ising,mixed,4,0,0.001,KL descent,2628,2629,3.5141263008117676,0.021653804955751567,0.14711542885756396,False
ising,mixed,4,0,0.001,KL descent,2629,2630,3.5151259899139404,0.02165227983849185,0.14711134313518814,False
ising,mixed,4,0,0.001,KL descent,2630,2631,3.516139030456543,0.021650754540338178,0.14710725536290037,False
ising,mixed,4,0,0.001,KL descent,2631,2632,3.5181901454925537,0.021649229061216097,0.14710316554265818,False
ising,mixed,4,0,0.001,KL descent,2632,2633,3.5191779136657715,0.021647703401050173,0.14709907367642766,False
ising,mixed,4,0,0.001,KL descent,2633,2634,3.520139217376709,0.021646177559765736,0.1470949797661597,False
ising,mixed,4,0,0.001,KL descent,2634,2635,3.5211987495422363,0.02164465153728801,0.14709088381381147,False
ising,mixed,4,0,0.001,KL descent,2635,2636,3.5227503776550293,0.021643125333542384,0.14708678582132684,False
ising,mixed,4,0,0.001,KL descent,2636,2637,3.5238218307495117,0.02164159894845403,0.14708268579064698,False
ising,mixed,4,0,0.001,KL descent,2637,2638,3.524812936782837,0.021640072381948934,0.1470785837237104,False
ising,mixed,4,0,0.001,KL descent,2638,2639,3.525822401046753,0.021638545633952004,0.1470744796224554,False
ising,mixed,4,0,0.001,KL descent,2639,2640,3.5268070697784424,0.021637018704388937,0.14707037348880314,False
ising,mixed,4,0,0.001,KL descent,2640,2641,3.5278098583221436,0.02163549159318581,0.14706626532468475,False
ising,mixed,4,0,0.001,KL descent,2641,2642,3.528805732727051,0.021633964300267455,0.1470621551320186,False
ising,mixed,4,0,0.001,KL descent,2642,2643,3.5298142433166504,0.021632436825560167,0.14705804291272107,False
ising,mixed,4,0,0.001,KL descent,2643,2644,3.531806707382202,0.021630909168989746,0.14705392866870176,False
ising,mixed,4,0,0.001,KL descent,2644,2645,3.5333774089813232,0.02162938133048204,0.14704981240187032,False
ising,mixed,4,0,0.001,KL descent,2645,2646,3.534433126449585,0.02162785330996297,0.14704569411413027,False
ising,mixed,4,0,0.001,KL descent,2646,2647,3.5354347229003906,0.021626325107358083,0.1470415738073767,False
ising,mixed,4,0,0.001,KL descent,2647,2648,3.5364222526550293,0.02162479672259406,0.147037451483507,False
ising,mixed,4,0,0.001,KL descent,2648,2649,3.537814140319824,0.021623268155597012,0.14703332714441253,False
ising,mixed,4,0,0.001,KL descent,2649,2650,3.5388290882110596,0.02162173940629257,0.14702920079197557,False
ising,mixed,4,0,0.001,KL descent,2650,2651,3.5398287773132324,0.021620210474607274,0.14702507242807794,False
ising,mixed,4,0,0.001,KL descent,2651,2652,3.5408332347869873,0.021618681360467705,0.14702094205459681,False
ising,mixed,4,0,0.001,KL descent,2652,2653,3.5418307781219482,0.021617152063799945,0.14701680967340786,False
ising,mixed,4,0,0.001,KL descent,2653,2654,3.5433387756347656,0.021615622584530203,0.14701267528637751,False
ising,mixed,4,0,0.001,KL descent,2654,2655,3.544353723526001,0.02161409292258522,0.1470085388953698,False
ising,mixed,4,0,0.001,KL descent,2655,2656,3.54536509513855,0.021612563077891906,0.14700440050224306,False
ising,mixed,4,0,0.001,KL descent,2656,2657,3.546370029449463,0.021611033050375816,0.1470002601088562,False
ising,mixed,4,0,0.001,KL descent,2657,2658,3.5473685264587402,0.02160950283996443,0.1469961177170604,False
ising,mixed,4,0,0.001,KL descent,2658,2659,3.5493698120117188,0.021607972446584446,0.1469919733287004,False
ising,mixed,4,0,0.001,KL descent,2659,2660,3.550370216369629,0.021606441870162387,0.1469878269456215,False
ising,mixed,4,0,0.001,KL descent,2660,2661,3.55137038230896,0.021604911110625322,0.146983678569661,False
ising,mixed,4,0,0.001,KL descent,2661,2662,3.55137038230896,0.02160338016789957,0.14697952820265547,False
ising,mixed,4,0,0.001,KL descent,2662,2663,3.5528905391693115,0.021601849041912927,0.1469753758464334,False
ising,mixed,4,0,0.001,KL descent,2663,2664,3.5549044609069824,0.021600317732591873,0.14697122150282427,False
ising,mixed,4,0,0.001,KL descent,2664,2665,3.5559170246124268,0.021598786239863485,0.14696706517364655,False
ising,mixed,4,0,0.001,KL descent,2665,2666,3.5569193363189697,0.021597254563655018,0.14696290686071933,False
ising,mixed,4,0,0.001,KL descent,2666,2667,3.557955503463745,0.0215957227038935,0.14695874656585667,False
ising,mixed,4,0,0.001,KL descent,2667,2668,3.5589609146118164,0.021594190660506888,0.1469545842908681,False
ising,mixed,4,0,0.001,KL descent,2668,2669,3.5599706172943115,0.021592658433421424,0.14695042003755932,False
ising,mixed,4,0,0.001,KL descent,2669,2670,3.5609543323516846,0.021591126022565264,0.14694625380773274,False
ising,mixed,4,0,0.001,KL descent,2670,2671,3.5619640350341797,0.02158959342786565,0.14694208560318256,False
ising,mixed,4,0,0.001,KL descent,2671,2672,3.562976121902466,0.021588060649249764,0.14693791542570522,False
ising,mixed,4,0,0.001,KL descent,2672,2673,3.564364433288574,0.021586527686645707,0.1469337432770884,False
ising,mixed,4,0,0.001,KL descent,2673,2674,3.565380096435547,0.021584994539980563,0.14692956915911703,False
ising,mixed,4,0,0.001,KL descent,2674,2675,3.5663750171661377,0.02158346120918225,0.14692539307357078,False
ising,mixed,4,0,0.001,KL descent,2675,2676,3.567378044128418,0.02158192769417834,0.1469212150222281,False
ising,mixed,4,0,0.001,KL descent,2676,2677,3.5693788528442383,0.021580393994896745,0.14691703500686026,False
ising,mixed,4,0,0.001,KL descent,2677,2678,3.5703773498535156,0.021578860111265048,0.146912853029239,False
ising,mixed,4,0,0.001,KL descent,2678,2679,3.5726993083953857,0.021577326043211803,0.1469086690911261,False
ising,mixed,4,0,0.001,KL descent,2679,2680,3.5737152099609375,0.021575791790664094,0.14690448319428284,False
ising,mixed,4,0,0.001,KL descent,2680,2681,3.5747270584106445,0.021574257353550317,0.14690029534046656,False
ising,mixed,4,0,0.001,KL descent,2681,2682,3.575716018676758,0.02157272273179869,0.14689610553142612,False
ising,mixed,4,0,0.001,KL descent,2682,2683,3.576716423034668,0.021571187925337083,0.1468919137689142,False
ising,mixed,4,0,0.001,KL descent,2683,2684,3.577831983566284,0.02156965293409377,0.146887720054674,False
ising,mixed,4,0,0.001,KL descent,2684,2685,3.5798511505126953,0.021568117757996944,0.1468835243904446,False
ising,mixed,4,0,0.001,KL descent,2685,2686,3.5828499794006348,0.02156658239697515,0.14687932677796423,False
ising,mixed,4,0,0.001,KL descent,2686,2687,3.584380626678467,0.021565046850956504,0.14687512721896434,False
ising,mixed,4,0,0.001,KL descent,2687,2688,3.586397171020508,0.02156351111986904,0.1468709257151743,False
ising,mixed,4,0,0.001,KL descent,2688,2689,3.5884547233581543,0.021561975203641878,0.14686672226832032,False
ising,mixed,4,0,0.001,KL descent,2689,2690,3.5904335975646973,0.02156043910220313,0.14686251688011853,False
ising,mixed,4,0,0.001,KL descent,2690,2691,3.5914430618286133,0.021558902815481493,0.14685830955228885,False
ising,mixed,4,0,0.001,KL descent,2691,2692,3.5914430618286133,0.021557366343405656,0.14685410028654244,False
ising,mixed,4,0,0.001,KL descent,2692,2693,3.5929574966430664,0.021555829685903957,0.14684988908458962,False
ising,mixed,4,0,0.001,KL descent,2693,2694,3.594982385635376,0.021554292842905793,0.14684567594813436,False
ising,mixed,4,0,0.001,KL descent,2694,2695,3.595996618270874,0.021552755814339134,0.14684146087887673,False
ising,mixed,4,0,0.001,KL descent,2695,2696,3.5979955196380615,0.02155121860013362,0.14683724387851427,False
ising,mixed,4,0,0.001,KL descent,2696,2697,3.5989983081817627,0.02154968120021767,0.1468330249487413,False
ising,mixed,4,0,0.001,KL descent,2697,2698,3.5999956130981445,0.021548143614520305,0.14682880409124693,False
ising,mixed,4,0,0.001,KL descent,2698,2699,3.600996255874634,0.021546605842971085,0.14682458130771442,False
ising,mixed,4,0,0.001,KL descent,2699,2700,3.6019957065582275,0.021545067885497943,0.14682035659982845,False
ising,mixed,4,0,0.001,KL descent,2700,2701,3.6035006046295166,0.021543529742031064,0.14681612996926163,False
ising,mixed,4,0,0.001,KL descent,2701,2702,3.6045081615448,0.021541991412498893,0.14681190141769396,False
ising,mixed,4,0,0.001,KL descent,2702,2703,3.605518341064453,0.021540452896831017,0.1468076709467917,False
ising,mixed,4,0,0.001,KL descent,2703,2704,3.606522560119629,0.02153891419495698,0.14680343855822198,False
ising,mixed,4,0,0.001,KL descent,2704,2705,3.608039140701294,0.02153737530680579,0.14679920425364457,False
ising,mixed,4,0,0.001,KL descent,2705,2706,3.609058380126953,0.021535836232306718,0.14679496803472292,False
ising,mixed,4,0,0.001,KL descent,2706,2707,3.6100597381591797,0.021534296971389612,0.1467907299031066,False
ising,mixed,4,0,0.001,KL descent,2707,2708,3.611063003540039,0.021532757523983686,0.14678648986044762,False
ising,mixed,4,0,0.001,KL descent,2708,2709,3.612104892730713,0.021531217890018512,0.14678224790839595,False
ising,mixed,4,0,0.001,KL descent,2709,2710,3.6135735511779785,0.021529678069423883,0.1467780040485911,False
ising,mixed,4,0,0.001,KL descent,2710,2711,3.6146411895751953,0.021528138062129026,0.14677375828267447,False
ising,mixed,4,0,0.001,KL descent,2711,2712,3.615647077560425,0.021526597868064237,0.14676951061228088,False
ising,mixed,4,0,0.001,KL descent,2712,2713,3.616641044616699,0.021525057487159,0.14676526103904253,False
ising,mixed,4,0,0.001,KL descent,2713,2714,3.6175925731658936,0.021523516919343285,0.14676100956458699,False
ising,mixed,4,0,0.001,KL descent,2714,2715,3.61858868598938,0.02152197616454659,0.14675675619054096,False
ising,mixed,4,0,0.001,KL descent,2715,2716,3.619593858718872,0.02152043522269946,0.14675250091852132,False
ising,mixed,4,0,0.001,KL descent,2716,2717,3.621103525161743,0.021518894093731422,0.14674824375014778,False
ising,mixed,4,0,0.001,KL descent,2717,2718,3.621103525161743,0.021517352777572482,0.14674398468703131,False
ising,mixed,4,0,0.001,KL descent,2718,2719,3.622614860534668,0.021515811274153158,0.14673972373078525,False
ising,mixed,4,0,0.001,KL descent,2719,2720,3.6236302852630615,0.021514269583403235,0.1467354608830111,False
ising,mixed,4,0,0.001,KL descent,2720,2721,3.6246273517608643,0.021512727705253108,0.14673119614531055,False
ising,mixed,4,0,0.001,KL descent,2721,2722,3.626640796661377,0.021511185639632707,0.1467269295192855,False
ising,mixed,4,0,0.001,KL descent,2722,2723,3.627640962600708,0.02150964338647291,0.14672266100652887,False
ising,mixed,4,0,0.001,KL descent,2723,2724,3.6286425590515137,0.021508100945703424,0.14671839060863162,False
ising,mixed,4,0,0.001,KL descent,2724,2725,3.629640817642212,0.02150655831725504,0.1467141183271805,False
ising,mixed,4,0,0.001,KL descent,2725,2726,3.6306395530700684,0.021505015501058638,0.14670984416375843,False
ising,mixed,4,0,0.001,KL descent,2726,2727,3.6316473484039307,0.021503472497043586,0.14670556811994712,False
ising,mixed,4,0,0.001,KL descent,2727,2728,3.633151054382324,0.021501929305141373,0.14670129019732248,False
ising,mixed,4,0,0.001,KL descent,2728,2729,3.634166717529297,0.02150038592528233,0.14669701039745797,False
ising,mixed,4,0,0.001,KL descent,2729,2730,3.635180950164795,0.02149884235739716,0.14669272872191919,False
ising,mixed,4,0,0.001,KL descent,2730,2731,3.636183023452759,0.021497298601416675,0.14668844517227425,False
ising,mixed,4,0,0.001,KL descent,2731,2732,3.6371824741363525,0.021495754657271392,0.1466841597500848,False
ising,mixed,4,0,0.001,KL descent,2732,2733,3.638178825378418,0.021494210524892414,0.1466798724569095,False
ising,mixed,4,0,0.001,KL descent,2733,2734,3.639324903488159,0.02149266620421047,0.14667558329430175,False
ising,mixed,4,0,0.001,KL descent,2734,2735,3.6403403282165527,0.021491121695156636,0.14667129226381392,False
ising,mixed,4,0,0.001,KL descent,2735,2736,3.6413748264312744,0.02148957699766176,0.14666699936698968,False
ising,mixed,4,0,0.001,KL descent,2736,2737,3.643173933029175,0.021488032111656792,0.14666270460537678,False
ising,mixed,4,0,0.001,KL descent,2737,2738,3.6442008018493652,0.021486487037072698,0.1466584079805121,False
ising,mixed,4,0,0.001,KL descent,2738,2739,3.6452414989471436,0.0214849417738412,0.1466541094939362,False
ising,mixed,4,0,0.001,KL descent,2739,2740,3.6462414264678955,0.02148339632189307,0.14664980914717973,False
ising,mixed,4,0,0.001,KL descent,2740,2741,3.6472363471984863,0.02148185068115962,0.14664550694177342,False
ising,mixed,4,0,0.001,KL descent,2741,2742,3.648240566253662,0.021480304851571777,0.14664120287924082,False
ising,mixed,4,0,0.001,KL descent,2742,2743,3.649237871170044,0.02147875883306128,0.1466368969611072,False
ising,mixed,4,0,0.001,KL descent,2743,2744,3.6502339839935303,0.021477212625559856,0.14663258918888994,False
ising,mixed,4,0,0.001,KL descent,2744,2745,3.6512322425842285,0.02147566622899858,0.1466282795641038,False
ising,mixed,4,0,0.001,KL descent,2745,2746,3.6512322425842285,0.02147411964330835,0.14662396808826372,False
ising,mixed,4,0,0.001,KL descent,2746,2747,3.652824878692627,0.021472572868421417,0.14661965476287364,False
ising,mixed,4,0,0.001,KL descent,2747,2748,3.653904914855957,0.021471025904269185,0.14661533958944223,False
ising,mixed,4,0,0.001,KL descent,2748,2749,3.655937433242798,0.021469478750783463,0.14661102256947306,False
ising,mixed,4,0,0.001,KL descent,2749,2750,3.656937599182129,0.021467931407895675,0.14660670370445222,False
ising,mixed,4,0,0.001,KL descent,2750,2751,3.6579415798187256,0.021466383875537506,0.14660238299588657,False
ising,mixed,4,0,0.001,KL descent,2751,2752,3.658942222595215,0.021464836153641337,0.1465980604452643,False
ising,mixed,4,0,0.001,KL descent,2752,2753,3.6599836349487305,0.021463288242138327,0.14659373605406972,False
ising,mixed,4,0,0.001,KL descent,2753,2754,3.660989761352539,0.021461740140960573,0.1465894098237886,False
ising,mixed,4,0,0.001,KL descent,2754,2755,3.6619796752929688,0.02146019185004016,0.14658508175590113,False
ising,mixed,4,0,0.001,KL descent,2755,2756,3.6635518074035645,0.021458643369309114,0.14658075185188668,False
ising,mixed,4,0,0.001,KL descent,2756,2757,3.664614677429199,0.021457094698698758,0.14657642011321514,False
ising,mixed,4,0,0.001,KL descent,2757,2758,3.6656105518341064,0.021455545838141934,0.146572086541361,False
ising,mixed,4,0,0.001,KL descent,2758,2759,3.666598320007324,0.02145399678757088,0.14656775113778653,False
ising,mixed,4,0,0.001,KL descent,2759,2760,3.6676056385040283,0.02145244754691697,0.146563413903957,False
ising,mixed,4,0,0.001,KL descent,2760,2761,3.6685996055603027,0.02145089811611325,0.1465590748413343,False
ising,mixed,4,0,0.001,KL descent,2761,2762,3.6695661544799805,0.02144934849509142,0.14655473395137364,False
ising,mixed,4,0,0.001,KL descent,2762,2763,3.6705703735351562,0.02144779868378488,0.1465503912355286,False
ising,mixed,4,0,0.001,KL descent,2763,2764,3.671604633331299,0.021446248682124452,0.14654604669524834,False
ising,mixed,4,0,0.001,KL descent,2764,2765,3.6726207733154297,0.021444698490043955,0.14654170033198044,False
ising,mixed,4,0,0.001,KL descent,2765,2766,3.673156976699829,0.02144314810747458,0.1465373521471679,False
ising,mixed,4,0,0.001,KL descent,2766,2767,3.674191474914551,0.021441597534350102,0.1465330021422495,False
ising,mixed,4,0,0.001,KL descent,2767,2768,3.675201416015625,0.02144004677060198,0.14652865031866347,False
ising,mixed,4,0,0.001,KL descent,2768,2769,3.6772067546844482,0.021438495816163576,0.14652429667784017,False
ising,mixed,4,0,0.001,KL descent,2769,2770,3.678208589553833,0.02143694467096711,0.14651994122120954,False
ising,mixed,4,0,0.001,KL descent,2770,2771,3.6792056560516357,0.021435393334945804,0.1465155839502018,False
ising,mixed,4,0,0.001,KL descent,2771,2772,3.6802048683166504,0.021433841808032397,0.14651122486623547,False
ising,mixed,4,0,0.001,KL descent,2772,2773,3.6812069416046143,0.021432290090159067,0.14650686397073254,False
ising,mixed,4,0,0.001,KL descent,2773,2774,3.6812069416046143,0.021430738181258867,0.14650250126511027,False
ising,mixed,4,0,0.001,KL descent,2774,2775,3.682765483856201,0.02142918608126576,0.14649813675078138,False
ising,mixed,4,0,0.001,KL descent,2775,2776,3.683809280395508,0.021427633790110916,0.14649377042915224,False
ising,mixed,4,0,0.001,KL descent,2776,2777,3.684823751449585,0.02142608130772909,0.14648940230163343,False
ising,mixed,4,0,0.001,KL descent,2777,2778,3.6858367919921875,0.021424528634051747,0.1464850323696274,False
ising,mixed,4,0,0.001,KL descent,2778,2779,3.6867828369140625,0.021422975769012646,0.14648066063453286,False
ising,mixed,4,0,0.001,KL descent,2779,2780,3.6888222694396973,0.02142142271254565,0.1464762870977468,False
ising,mixed,4,0,0.001,KL descent,2780,2781,3.6897857189178467,0.021419869464583487,0.1464719117606652,False
ising,mixed,4,0,0.001,KL descent,2781,2782,3.69084095954895,0.02141831602505876,0.1464675346246742,False
ising,mixed,4,0,0.001,KL descent,2782,2783,3.6918222904205322,0.021416762393905286,0.14646315569116408,False
ising,mixed,4,0,0.001,KL descent,2783,2784,3.692833662033081,0.021415208571056363,0.14645877496151682,False
ising,mixed,4,0,0.001,KL descent,2784,2785,3.6943070888519287,0.02141365455644551,0.14645439243711234,False
ising,mixed,4,0,0.001,KL descent,2785,2786,3.695250988006592,0.02141210035000594,0.14645000811932707,False
ising,mixed,4,0,0.001,KL descent,2786,2787,3.697295665740967,0.02141054595167154,0.14644562200954048,False
ising,mixed,4,0,0.001,KL descent,2787,2788,3.698249101638794,0.021408991361375005,0.14644123410911647,False
ising,mixed,4,0,0.001,KL descent,2788,2789,3.699251890182495,0.021407436579050768,0.14643684441942784,False
ising,mixed,4,0,0.001,KL descent,2789,2790,3.7002930641174316,0.021405881604631853,0.14643245294183432,False
ising,mixed,4,0,0.001,KL descent,2790,2791,3.7012996673583984,0.021404326438052245,0.14642805967770112,False
ising,mixed,4,0,0.001,KL descent,2791,2792,3.7012996673583984,0.021402771079245448,0.1464236646283843,False
ising,mixed,4,0,0.001,KL descent,2792,2793,3.7048239707946777,0.021401215528145664,0.14641926779523917,False
ising,mixed,4,0,0.001,KL descent,2793,2794,3.705824136734009,0.021399659784685908,0.14641486917961744,False
ising,mixed,4,0,0.001,KL descent,2794,2795,3.7068803310394287,0.02139810384880075,0.14641046878286668,False
ising,mixed,4,0,0.001,KL descent,2795,2796,3.708449125289917,0.02139654772042349,0.1464060666063307,False
ising,mixed,4,0,0.001,KL descent,2796,2797,3.7094969749450684,0.021394991399488666,0.14640166265135557,False
ising,mixed,4,0,0.001,KL descent,2797,2798,3.710500717163086,0.021393434885929655,0.14639725691927785,False
ising,mixed,4,0,0.001,KL descent,2798,2799,3.7114994525909424,0.021391878179681235,0.1463928494114335,False
ising,mixed,4,0,0.001,KL descent,2799,2800,3.7114994525909424,0.021390321280676913,0.14638844012915575,False
ising,mixed,4,0,0.001,KL descent,2800,2801,3.7130138874053955,0.021388764188850863,0.14638402907377335,False
ising,mixed,4,0,0.001,KL descent,2801,2802,3.715036153793335,0.021387206904137215,0.1463796162466141,False
ising,mixed,4,0,0.001,KL descent,2802,2803,3.716052532196045,0.021385649426470782,0.14637520164899875,False
ising,mixed,4,0,0.001,KL descent,2803,2804,3.7170495986938477,0.021384091755784818,0.14637078528225078,False
ising,mixed,4,0,0.001,KL descent,2804,2805,3.718090772628784,0.021382533892014572,0.14636636714768547,False
ising,mixed,4,0,0.001,KL descent,2805,2806,3.7190539836883545,0.021380975835093654,0.14636194724661988,False
ising,mixed,4,0,0.001,KL descent,2806,2807,3.721055507659912,0.02137941758495704,0.14635752558035575,False
ising,mixed,4,0,0.001,KL descent,2807,2808,3.7220537662506104,0.02137785914153888,0.14635310215021236,False
ising,mixed,4,0,0.001,KL descent,2808,2809,3.7235825061798096,0.0213763005047736,0.14634867695748854,False
ising,mixed,4,0,0.001,KL descent,2809,2810,3.7245988845825195,0.021374741674595882,0.1463442500034861,False
ising,mixed,4,0,0.001,KL descent,2810,2811,3.7256200313568115,0.02137318265093999,0.14633982128950274,False
ising,mixed,4,0,0.001,KL descent,2811,2812,3.7266147136688232,0.02137162343374096,0.1463353908168361,False
ising,mixed,4,0,0.001,KL descent,2812,2813,3.7276155948638916,0.021370064022933635,0.14633095858678036,False
ising,mixed,4,0,0.001,KL descent,2813,2814,3.728614568710327,0.021368504418451985,0.14632652460062168,False
ising,mixed,4,0,0.001,KL descent,2814,2815,3.729614019393921,0.021366944620231414,0.14632208885964598,False
ising,mixed,4,0,0.001,KL descent,2815,2816,3.7306134700775146,0.02136538462820649,0.1463176513651394,False
ising,mixed,4,0,0.001,KL descent,2816,2817,3.731687545776367,0.021363824442311455,0.14631321211838033,False
ising,mixed,4,0,0.001,KL descent,2817,2818,3.733820915222168,0.0213622640624825,0.14630877112064722,False
ising,mixed,4,0,0.001,KL descent,2818,2819,3.7358875274658203,0.02136070348865339,0.14630432837321472,False
ising,mixed,4,0,0.001,KL descent,2819,2820,3.73785400390625,0.021359142720760064,0.14629988387735238,False
ising,mixed,4,0,0.001,KL descent,2820,2821,3.7389183044433594,0.021357581758736366,0.146295437634331,False
ising,mixed,4,0,0.001,KL descent,2821,2822,3.7398338317871094,0.02135602060251842,0.14629098964541232,False
ising,mixed,4,0,0.001,KL descent,2822,2823,3.741835832595825,0.021354459252040648,0.14628653991186102,False
ising,mixed,4,0,0.001,KL descent,2823,2824,3.74334979057312,0.021352897707238562,0.1462820884349358,False
ising,mixed,4,0,0.001,KL descent,2824,2825,3.744368314743042,0.02135133596804744,0.1462776352158932,False
ising,mixed,4,0,0.001,KL descent,2825,2826,3.745372772216797,0.02134977403440191,0.14627318025598846,False
ising,mixed,4,0,0.001,KL descent,2826,2827,3.746368646621704,0.021348211906238392,0.14626872355646858,False
ising,mixed,4,0,0.001,KL descent,2827,2828,3.747365951538086,0.021346649583491042,0.14626426511858326,False
ising,mixed,4,0,0.001,KL descent,2828,2829,3.748364210128784,0.021345087066095888,0.14625980494357416,False
ising,mixed,4,0,0.001,KL descent,2829,2830,3.749363899230957,0.021343524353988022,0.1462553430326876,False
ising,mixed,4,0,0.001,KL descent,2830,2831,3.7514259815216064,0.021341961447103073,0.14625087938715836,False
ising,mixed,4,0,0.001,KL descent,2831,2832,3.7514259815216064,0.021340398345376373,0.14624641400822336,False
ising,mixed,4,0,0.001,KL descent,2832,2833,3.7540035247802734,0.02133883504874368,0.14624194689711661,False
ising,mixed,4,0,0.001,KL descent,2833,2834,3.7560176849365234,0.02133727155714095,0.1462374780550637,False
ising,mixed,4,0,0.001,KL descent,2834,2835,3.7570154666900635,0.021335707870502867,0.1462330074832956,False
ising,mixed,4,0,0.001,KL descent,2835,2836,3.758014678955078,0.021334143988765757,0.1462285351830369,False
ising,mixed,4,0,0.001,KL descent,2836,2837,3.7600553035736084,0.021332579911864945,0.1462240611555029,False
ising,mixed,4,0,0.001,KL descent,2837,2838,3.7610585689544678,0.02133101563973688,0.14621958540191715,False
ising,mixed,4,0,0.001,KL descent,2838,2839,3.763540267944336,0.02132945117231657,0.1462151079234958,False
ising,mixed,4,0,0.001,KL descent,2839,2840,3.7655606269836426,0.02132788650954045,0.1462106287214484,False
ising,mixed,4,0,0.001,KL descent,2840,2841,3.7675588130950928,0.02132632165134411,0.1462061477969817,False
ising,mixed,4,0,0.001,KL descent,2841,2842,3.770562171936035,0.02132475659766317,0.14620166515130856,False
ising,mixed,4,0,0.001,KL descent,2842,2843,3.771556854248047,0.021323191348434575,0.14619718078562882,False
ising,mixed,4,0,0.001,KL descent,2843,2844,3.7740869522094727,0.021321625903593523,0.14619269470114515,False
ising,mixed,4,0,0.001,KL descent,2844,2845,3.77610182762146,0.021320060263076236,0.1461882068990541,False
ising,mixed,4,0,0.001,KL descent,2845,2846,3.779097557067871,0.021318494426818664,0.1461837173805524,False
ising,mixed,4,0,0.001,KL descent,2846,2847,3.7800965309143066,0.021316928394757326,0.14617922614683032,False
ising,mixed,4,0,0.001,KL descent,2847,2848,3.781100034713745,0.021315362166828056,0.14617473319908003,False
ising,mixed,4,0,0.001,KL descent,2848,2849,3.7826149463653564,0.021313795742967212,0.14617023853848604,False
ising,mixed,4,0,0.001,KL descent,2849,2850,3.783628463745117,0.0213122291231118,0.14616574216623412,False
ising,mixed,4,0,0.001,KL descent,2850,2851,3.7846310138702393,0.021310662307196544,0.1461612440835024,False
ising,mixed,4,0,0.001,KL descent,2851,2852,3.7866458892822266,0.02130909529515928,0.1461567442914724,False
ising,mixed,4,0,0.001,KL descent,2852,2853,3.787644624710083,0.02130752808693548,0.14615224279131744,False
ising,mixed,4,0,0.001,KL descent,2853,2854,3.788644790649414,0.021305960682462155,0.14614773958421212,False
ising,mixed,4,0,0.001,KL descent,2854,2855,3.789642810821533,0.021304393081675435,0.14614323467132168,False
ising,mixed,4,0,0.001,KL descent,2855,2856,3.791639804840088,0.021302825284511932,0.14613872805382033,False
ising,mixed,4,0,0.001,KL descent,2856,2857,3.7926442623138428,0.02130125729090801,0.14613421973286378,False
ising,mixed,4,0,0.001,KL descent,2857,2858,3.7941670417785645,0.021299689100801107,0.14612970970961953,False
ising,mixed,4,0,0.001,KL descent,2858,2859,3.795164108276367,0.02129812071412689,0.1461251979852458,False
ising,mixed,4,0,0.001,KL descent,2859,2860,3.7972147464752197,0.02129655213082258,0.1461206845608961,False
ising,mixed,4,0,0.001,KL descent,2860,2861,3.7992160320281982,0.021294983350824633,0.14611616943772598,False
ising,mixed,4,0,0.001,KL descent,2861,2862,3.8012149333953857,0.021293414374069584,0.1461116526168854,False
ising,mixed,4,0,0.001,KL descent,2862,2863,3.802725315093994,0.021291845200494906,0.14610713409952086,False
ising,mixed,4,0,0.001,KL descent,2863,2864,3.804741382598877,0.021290275830037265,0.1461026138867747,False
ising,mixed,4,0,0.001,KL descent,2864,2865,3.806757688522339,0.02128870626263335,0.14609809197979684,False
ising,mixed,4,0,0.001,KL descent,2865,2866,3.807758092880249,0.02128713649821985,0.14609356837971849,False
ising,mixed,4,0,0.001,KL descent,2866,2867,3.8082711696624756,0.021285566536734517,0.14608904308767923,False
ising,mixed,4,0,0.001,KL descent,2867,2868,3.810281276702881,0.021283996378113682,0.1460845161048132,False
ising,mixed,4,0,0.001,KL descent,2868,2869,3.812835216522217,0.021282426022294736,0.1460799874322563,False
ising,mixed,4,0,0.001,KL descent,2869,2870,3.8139004707336426,0.021280855469214655,0.1460754570711279,False
ising,mixed,4,0,0.001,KL descent,2870,2871,3.814875364303589,0.02127928471881056,0.14607092502255947,False
ising,mixed,4,0,0.001,KL descent,2871,2872,3.8158581256866455,0.021277713771019925,0.1460663912876739,False
ising,mixed,4,0,0.001,KL descent,2872,2873,3.8168537616729736,0.021276142625779662,0.14606185586759035,False
ising,mixed,4,0,0.001,KL descent,2873,2874,3.817852020263672,0.02127457128302703,0.1460573187634266,False
ising,mixed,4,0,0.001,KL descent,2874,2875,3.8203089237213135,0.02127299974269924,0.14605277997629978,False
ising,mixed,4,0,0.001,KL descent,2875,2876,3.8213701248168945,0.021271428004734052,0.1460482395073197,False
ising,mixed,4,0,0.001,KL descent,2876,2877,3.8228812217712402,0.0212698560690683,0.14604369735759526,False
ising,mixed,4,0,0.001,KL descent,2877,2878,3.823953151702881,0.02126828393564019,0.14603915352823582,False
ising,mixed,4,0,0.001,KL descent,2878,2879,3.8249521255493164,0.021266711604386434,0.14603460802034363,False
ising,mixed,4,0,0.001,KL descent,2879,2880,3.8259012699127197,0.021265139075244632,0.14603006083502573,False
ising,mixed,4,0,0.001,KL descent,2880,2881,3.826897621154785,0.02126356634815267,0.14602551197337343,False
ising,mixed,4,0,0.001,KL descent,2881,2882,3.827897548675537,0.02126199342304817,0.14602096143648785,False
ising,mixed,4,0,0.001,KL descent,2882,2883,3.8299059867858887,0.021260420299868542,0.14601640922546144,False
ising,mixed,4,0,0.001,KL descent,2883,2884,3.830900192260742,0.02125884697855135,0.1460118553413874,False
ising,mixed,4,0,0.001,KL descent,2884,2885,3.831944465637207,0.021257273459034304,0.14600729978535076,False
ising,mixed,4,0,0.001,KL descent,2885,2886,3.833482503890991,0.02125569974125548,0.1460027425584398,False
ising,mixed,4,0,0.001,KL descent,2886,2887,3.834552049636841,0.021254125825152438,0.14599818366173628,False
ising,mixed,4,0,0.001,KL descent,2887,2888,3.8355777263641357,0.021252551710662725,0.14599362309631891,False
ising,mixed,4,0,0.001,KL descent,2888,2889,3.836498498916626,0.021250977397724597,0.1459890608632709,False
ising,mixed,4,0,0.001,KL descent,2889,2890,3.837509870529175,0.021249402886276126,0.1459844969636659,False
ising,mixed,4,0,0.001,KL descent,2890,2891,3.838505744934082,0.02124782817625517,0.14597993139857457,False
ising,mixed,4,0,0.001,KL descent,2891,2892,3.840507745742798,0.021246253267599102,0.1459753641690683,False
ising,mixed,4,0,0.001,KL descent,2892,2893,3.841506004333496,0.02124467816024653,0.14597079527621498,False
ising,mixed,4,0,0.001,KL descent,2893,2894,3.841506004333496,0.02124310285413552,0.14596622472107862,False
ising,mixed,4,0,0.001,KL descent,2894,2895,3.8440375328063965,0.02124152734920402,0.14596165250472437,False
ising,mixed,4,0,0.001,KL descent,2895,2896,3.8450429439544678,0.021239951645390054,0.14595707862820806,False
ising,mixed,4,0,0.001,KL descent,2896,2897,3.8460419178009033,0.02123837574263221,0.14595250309259022,False
ising,mixed,4,0,0.001,KL descent,2897,2898,3.8470423221588135,0.02123679964086788,0.14594792589892408,False
ising,mixed,4,0,0.001,KL descent,2898,2899,3.848039150238037,0.02123522334003689,0.1459433470482625,False
ising,mixed,4,0,0.001,KL descent,2899,2900,3.8500397205352783,0.02123364684007559,0.1459387665416551,False
ising,mixed,4,0,0.001,KL descent,2900,2901,3.8510451316833496,0.021232070140923594,0.145934184380149,False
ising,mixed,4,0,0.001,KL descent,2901,2902,3.852039098739624,0.021230493242518807,0.14592960056478776,False
ising,mixed,4,0,0.001,KL descent,2902,2903,3.8535497188568115,0.021228916144800537,0.1459250150966147,False
ising,mixed,4,0,0.001,KL descent,2903,2904,3.8556201457977295,0.02122733884770583,0.14592042797666893,False
ising,mixed,4,0,0.001,KL descent,2904,2905,3.8566179275512695,0.02122576135117419,0.14591583920598783,False
ising,mixed,4,0,0.001,KL descent,2905,2906,3.8576102256774902,0.02122418365514375,0.1459112487856049,False
ising,mixed,4,0,0.001,KL descent,2906,2907,3.859614610671997,0.02122260575955287,0.14590665671655279,False
ising,mixed,4,0,0.001,KL descent,2907,2908,3.860611915588379,0.021221027664340548,0.14590206299986108,False
ising,mixed,4,0,0.001,KL descent,2908,2909,3.8616182804107666,0.021219449369445614,0.1458974676365552,False
ising,mixed,4,0,0.001,KL descent,2909,2910,3.8631696701049805,0.021217870874806234,0.1458928706276601,False
ising,mixed,4,0,0.001,KL descent,2910,2911,3.8642396926879883,0.021216292180360998,0.1458882719741999,False
ising,mixed,4,0,0.001,KL descent,2911,2912,3.865217447280884,0.021214713286049614,0.14588367167719268,False
ising,mixed,4,0,0.001,KL descent,2912,2913,3.866204023361206,0.0212131341918102,0.14587906973765635,False
ising,mixed,4,0,0.001,KL descent,2913,2914,3.86721134185791,0.021211554897582155,0.1458744661566005,False
ising,mixed,4,0,0.001,KL descent,2914,2915,3.8682122230529785,0.021209975403303,0.14586986093504178,False
ising,mixed,4,0,0.001,KL descent,2915,2916,3.8692119121551514,0.021208395708913606,0.14586525407398976,False
ising,mixed,4,0,0.001,KL descent,2916,2917,3.871222496032715,0.021206815814351156,0.14586064557445172,False
ising,mixed,4,0,0.001,KL descent,2917,2918,3.871222496032715,0.02120523571955573,0.14585603543742764,False
ising,mixed,4,0,0.001,KL descent,2918,2919,3.872769594192505,0.021203655424466093,0.14585142366392578,False
ising,mixed,4,0,0.001,KL descent,2919,2920,3.8748183250427246,0.021202074929021115,0.1458468102549434,False
ising,mixed,4,0,0.001,KL descent,2920,2921,3.875819683074951,0.021200494233159933,0.14584219521147662,False
ising,mixed,4,0,0.001,KL descent,2921,2922,3.8768203258514404,0.021198913336822556,0.14583757853452184,False
ising,mixed,4,0,0.001,KL descent,2922,2923,3.8778207302093506,0.021197332239946815,0.14583296022506986,False
ising,mixed,4,0,0.001,KL descent,2923,2924,3.8788256645202637,0.02119575094247253,0.14582834028411362,False
ising,mixed,4,0,0.001,KL descent,2924,2925,3.8798282146453857,0.021194169444339255,0.1458237187126371,False
ising,mixed,4,0,0.001,KL descent,2925,2926,3.882822036743164,0.02119258774548615,0.1458190955116267,False
ising,mixed,4,0,0.001,KL descent,2926,2927,3.884991407394409,0.021191005845852217,0.1458144706820651,False
ising,mixed,4,0,0.001,KL descent,2927,2928,3.886009931564331,0.021189423745377314,0.14580984422493354,False
ising,mixed,4,0,0.001,KL descent,2928,2929,3.8870089054107666,0.02118784144400019,0.14580521614120934,False
ising,mixed,4,0,0.001,KL descent,2929,2930,3.888004779815674,0.02118625894166076,0.1458005864318671,False
ising,mixed,4,0,0.001,KL descent,2930,2931,3.889002561569214,0.021184676238298967,0.14579595509788146,False
ising,mixed,4,0,0.001,KL descent,2931,2932,3.8910443782806396,0.021183093333853518,0.14579132214022306,False
ising,mixed,4,0,0.001,KL descent,2932,2933,3.89204478263855,0.021181510228264103,0.14578668755985846,False
ising,mixed,4,0,0.001,KL descent,2933,2934,3.893049716949463,0.0211799269214707,0.1457820513577544,False
ising,mixed,4,0,0.001,KL descent,2934,2935,3.894076108932495,0.021178343413413094,0.14577741353487683,False
ising,mixed,4,0,0.001,KL descent,2935,2936,3.894660711288452,0.021176759704030667,0.14577277409218392,False
ising,mixed,4,0,0.001,KL descent,2936,2937,3.8962242603302,0.021175175793262658,0.14576813303063457,False
ising,mixed,4,0,0.001,KL descent,2937,2938,3.8972911834716797,0.021173591681049684,0.14576349035118685,False
ising,mixed,4,0,0.001,KL descent,2938,2939,3.898280382156372,0.021172007367330926,0.14575884605479283,False
ising,mixed,4,0,0.001,KL descent,2939,2940,3.899296998977661,0.021170422852046514,0.14575420014240836,False
ising,mixed,4,0,0.001,KL descent,2940,2941,3.900285482406616,0.02116883813513609,0.1457495526149789,False
ising,mixed,4,0,0.001,KL descent,2941,2942,3.9012839794158936,0.021167253216539613,0.14574490347345204,False
ising,mixed,4,0,0.001,KL descent,2942,2943,3.9027950763702393,0.021165668096197333,0.14574025271877233,False
ising,mixed,4,0,0.001,KL descent,2943,2944,3.9038736820220947,0.021164082774048666,0.14573560035188593,False
ising,mixed,4,0,0.001,KL descent,2944,2945,3.9048709869384766,0.021162497250034128,0.14573094637372724,False
ising,mixed,4,0,0.001,KL descent,2945,2946,3.906853675842285,0.021160911524093565,0.14572629078524013,False
ising,mixed,4,0,0.001,KL descent,2946,2947,3.907863140106201,0.02115932559616736,0.1457216335873528,False
ising,mixed,4,0,0.001,KL descent,2947,2948,3.909508228302002,0.02115773946619503,0.1457169747810041,False
ising,mixed,4,0,0.001,KL descent,2948,2949,3.910482883453369,0.021156153134117058,0.14571231436712317,False
ising,mixed,4,0,0.001,KL descent,2949,2950,3.9114859104156494,0.021154566599873807,0.14570765234664018,False
ising,mixed,4,0,0.001,KL descent,2950,2951,3.9114859104156494,0.021152979863405127,0.14570298872047693,False
ising,mixed,4,0,0.001,KL descent,2951,2952,3.913038730621338,0.021151392924651787,0.14569832348956369,False
ising,mixed,4,0,0.001,KL descent,2952,2953,3.9140968322753906,0.021149805783553847,0.14569365665481326,False
ising,mixed,4,0,0.001,KL descent,2953,2954,3.9150924682617188,0.021148218440051093,0.14568898821715515,False
ising,mixed,4,0,0.001,KL descent,2954,2955,3.9171030521392822,0.02114663089408491,0.14568431817749744,False
ising,mixed,4,0,0.001,KL descent,2955,2956,3.9180917739868164,0.0211450431455955,0.14567964653676013,False
ising,mixed,4,0,0.001,KL descent,2956,2957,3.9190926551818848,0.021143455194522733,0.1456749732958562,False
ising,mixed,4,0,0.001,KL descent,2957,2958,3.9200940132141113,0.02114186704080723,0.14567029845569124,False
ising,mixed,4,0,0.001,KL descent,2958,2959,3.921097993850708,0.02114027868438989,0.14566562201717836,False
ising,mixed,4,0,0.001,KL descent,2959,2960,3.922651529312134,0.021138690125211523,0.14566094398122087,False
ising,mixed,4,0,0.001,KL descent,2960,2961,3.923736810684204,0.02113710136321148,0.14565626434872192,False
ising,mixed,4,0,0.001,KL descent,2961,2962,3.9247121810913086,0.02113551239833187,0.14565158312058268,False
ising,mixed,4,0,0.001,KL descent,2962,2963,3.9257102012634277,0.021133923230512414,0.14564690029770533,False
ising,mixed,4,0,0.001,KL descent,2963,2964,3.9267096519470215,0.021132333859694263,0.14564221588098086,False
ising,mixed,4,0,0.001,KL descent,2964,2965,3.9287025928497314,0.02113074428581795,0.14563752987131118,False
ising,mixed,4,0,0.001,KL descent,2965,2966,3.9296774864196777,0.021129154508824383,0.14563284226958023,False
ising,mixed,4,0,0.001,KL descent,2966,2967,3.9306626319885254,0.021127564528654507,0.14562815307668409,False
ising,mixed,4,0,0.001,KL descent,2967,2968,3.931725025177002,0.021125974345248433,0.1456234622935083,False
ising,mixed,4,0,0.001,KL descent,2968,2969,3.932661533355713,0.02112438395854803,0.14561876992093925,False
ising,mixed,4,0,0.001,KL descent,2969,2970,3.9338889122009277,0.021122793368493403,0.1456140759598591,False
ising,mixed,4,0,0.001,KL descent,2970,2971,3.9348933696746826,0.02112120257502658,0.145609380411152,False
ising,mixed,4,0,0.001,KL descent,2971,2972,3.9358906745910645,0.021119611578087366,0.14560468327569354,False
ising,mixed,4,0,0.001,KL descent,2972,2973,3.9368956089019775,0.021118020377617307,0.1455999845543619,False
ising,mixed,4,0,0.001,KL descent,2973,2974,3.9388909339904785,0.021116428973557533,0.14559528424803114,False
ising,mixed,4,0,0.001,KL descent,2974,2975,3.9398906230926514,0.02111483736584922,0.1455905823575755,False
ising,mixed,4,0,0.001,KL descent,2975,2976,3.9408912658691406,0.021113245554433165,0.14558587888386254,False
ising,mixed,4,0,0.001,KL descent,2976,2977,3.941890001296997,0.02111165353925099,0.14558117382776137,False
ising,mixed,4,0,0.001,KL descent,2977,2978,3.9428904056549072,0.02111006132024334,0.1455764671901399,False
ising,mixed,4,0,0.001,KL descent,2978,2979,3.9434003829956055,0.021108468897352475,0.1455717589718583,False
ising,mixed,4,0,0.001,KL descent,2979,2980,3.9444127082824707,0.021106876270518292,0.14556704917378005,False
ising,mixed,4,0,0.001,KL descent,2980,2981,3.946424722671509,0.021105283439682924,0.14556233779676409,False
ising,mixed,4,0,0.001,KL descent,2981,2982,3.9474246501922607,0.021103690404787837,0.14555762484166745,False
ising,mixed,4,0,0.001,KL descent,2982,2983,3.9484241008758545,0.021102097165773888,0.1455529103093477,False
ising,mixed,4,0,0.001,KL descent,2983,2984,3.9494237899780273,0.02110050372258301,0.14554819420065335,False
ising,mixed,4,0,0.001,KL descent,2984,2985,3.9504215717315674,0.02109891007515599,0.14554347651643995,False
ising,mixed,4,0,0.001,KL descent,2985,2986,3.951427698135376,0.0210973162234354,0.14553875725755128,False
ising,mixed,4,0,0.001,KL descent,2986,2987,3.952939033508301,0.021095722167361466,0.1455340364248376,False
ising,mixed,4,0,0.001,KL descent,2987,2988,3.9539809226989746,0.021094127906876727,0.145529314019141,False
ising,mixed,4,0,0.001,KL descent,2988,2989,3.955010175704956,0.021092533441922662,0.14552459004130353,False
ising,mixed,4,0,0.001,KL descent,2989,2990,3.9560141563415527,0.021090938772440778,0.1455198644921658,False
ising,mixed,4,0,0.001,KL descent,2990,2991,3.9570071697235107,0.021089343898372394,0.1455151373725675,False
ising,mixed,4,0,0.001,KL descent,2991,2992,3.9580025672912598,0.02108774881965983,0.14551040868334264,False
ising,mixed,4,0,0.001,KL descent,2992,2993,3.9590070247650146,0.021086153536244306,0.1455056784253257,False
ising,mixed,4,0,0.001,KL descent,2993,2994,3.960994005203247,0.021084558048067564,0.1455009465993481,False
ising,mixed,4,0,0.001,KL descent,2994,2995,3.9619929790496826,0.021082962355071923,0.1454962132062393,False
ising,mixed,4,0,0.001,KL descent,2995,2996,3.9635746479034424,0.021081366457198866,0.14549147824682485,False
ising,mixed,4,0,0.001,KL descent,2996,2997,3.9646315574645996,0.021079770354390383,0.14548674172193377,False
ising,mixed,4,0,0.001,KL descent,2997,2998,3.96561861038208,0.02107817404658805,0.14548200363238611,False
ising,mixed,4,0,0.001,KL descent,2998,2999,3.9676504135131836,0.021076577533734472,0.14547726397900412,False
ising,mixed,4,0,0.001,KL descent,2999,3000,3.9686200618743896,0.021074980815771305,0.14547252276260902,False
ising,mixed,4,0,0.001,KL descent,3000,3001,3.9698681831359863,0.02107338389264051,0.14546777998401472,False
