small_kind,small_case,N,seed,eps,method,iter,gibbs_calls,time_sec,F_marg,e_tr,converged_final
random,mixed,4,0,0.001,KL descent,0,1,0.0,0.43675954146354123,0.6036672927498137,False
random,mixed,4,0,0.001,KL descent,1,2,0.0,0.4360957526678306,0.6033661756858543,False
random,mixed,4,0,0.001,KL descent,2,3,0.0009932518005371094,0.4354324816627464,0.6030649753977224,False
random,mixed,4,0,0.001,KL descent,3,4,0.002996206283569336,0.43476972721245366,0.6027636912055577,False
random,mixed,4,0,0.001,KL descent,4,5,0.003991842269897461,0.4341074880713579,0.6024623224209591,False
random,mixed,4,0,0.001,KL descent,5,6,0.004504680633544922,0.43344576298405035,0.6021608683469095,False
random,mixed,4,0,0.001,KL descent,6,7,0.005756378173828125,0.43278455068529265,0.6018593282777169,False
random,mixed,4,0,0.001,KL descent,7,8,0.006769418716430664,0.4321238498999562,0.6015577014989402,False
random,mixed,4,0,0.001,KL descent,8,9,0.0077877044677734375,0.4314636593430041,0.6012559872873269,False
random,mixed,4,0,0.001,KL descent,9,10,0.008769989013671875,0.4308039777194328,0.6009541849107377,False
random,mixed,4,0,0.001,KL descent,10,11,0.00977635383605957,0.4301448037242524,0.6006522936280829,False
random,mixed,4,0,0.001,KL descent,11,12,0.010773420333862305,0.4294861360424378,0.6003503126892498,False
random,mixed,4,0,0.001,KL descent,12,13,0.011772871017456055,0.42882797334888356,0.6000482413350281,False
random,mixed,4,0,0.001,KL descent,13,14,0.012770652770996094,0.4281703143083745,0.5997460787970463,False
random,mixed,4,0,0.001,KL descent,14,15,0.013770580291748047,0.42751315757554065,0.5994438242976926,False
random,mixed,4,0,0.001,KL descent,15,16,0.014780998229980469,0.42685650179481516,0.5991414770500436,False
random,mixed,4,0,0.001,KL descent,16,17,0.015773534774780273,0.4262003456003943,0.5988390362577917,False
random,mixed,4,0,0.001,KL descent,17,18,0.01677560806274414,0.425544687616196,0.5985365011151695,False
random,mixed,4,0,0.001,KL descent,18,19,0.017770767211914062,0.4248895264558161,0.5982338708068735,False
random,mixed,4,0,0.001,KL descent,19,20,0.019770383834838867,0.4242348607224879,0.5979311445079921,False
random,mixed,4,0,0.001,KL descent,20,21,0.019770383834838867,0.42358068900903806,0.5976283213839239,False
random,mixed,4,0,0.001,KL descent,21,22,0.022247314453125,0.42292700989784227,0.5973254005903024,False
random,mixed,4,0,0.001,KL descent,22,23,0.023245811462402344,0.4222738219607846,0.5970223812729183,False
random,mixed,4,0,0.001,KL descent,23,24,0.02424788475036621,0.42162112375920996,0.596719262567641,False
random,mixed,4,0,0.001,KL descent,24,25,0.025244951248168945,0.42096891384387747,0.596416043600333,False
random,mixed,4,0,0.001,KL descent,25,26,0.02624368667602539,0.4203171907549247,0.5961127234867778,False
random,mixed,4,0,0.001,KL descent,26,27,0.027242422103881836,0.4196659530218091,0.5958093013325927,False
random,mixed,4,0,0.001,KL descent,27,28,0.0282440185546875,0.41901519916327407,0.5955057762331472,False
random,mixed,4,0,0.001,KL descent,28,29,0.02924370765686035,0.4183649276872925,0.5952021472734821,False
random,mixed,4,0,0.001,KL descent,29,30,0.0302431583404541,0.4177151370910288,0.5948984135282218,False
random,mixed,4,0,0.001,KL descent,30,31,0.031281232833862305,0.41706582586078217,0.5945945740614942,False
random,mixed,4,0,0.001,KL descent,31,32,0.03226113319396973,0.4164169924719483,0.5942906279268392,False
random,mixed,4,0,0.001,KL descent,32,33,0.03324389457702637,0.4157686353889616,0.5939865741671271,False
random,mixed,4,0,0.001,KL descent,33,34,0.03424525260925293,0.41512075306525764,0.5936824118144692,False
random,mixed,4,0,0.001,KL descent,34,35,0.036252498626708984,0.41447334394321006,0.5933781398901291,False
random,mixed,4,0,0.001,KL descent,35,36,0.03726696968078613,0.4138264064540925,0.5930737574044337,False
random,mixed,4,0,0.001,KL descent,36,37,0.03830838203430176,0.4131799390180244,0.592769263356683,False
random,mixed,4,0,0.001,KL descent,37,38,0.03931999206542969,0.41253394004391863,0.592464656735059,False
random,mixed,4,0,0.001,KL descent,38,39,0.04032015800476074,0.41188840792943204,0.5921599365165349,False
random,mixed,4,0,0.001,KL descent,39,40,0.04135298728942871,0.41124334106091326,0.5918551016667795,False
random,mixed,4,0,0.001,KL descent,40,41,0.04232001304626465,0.4105987378133511,0.5915501511400649,False
random,mixed,4,0,0.001,KL descent,41,42,0.04331851005554199,0.409954596550324,0.5912450838791738,False
random,mixed,4,0,0.001,KL descent,42,43,0.04433441162109375,0.4093109156239389,0.5909398988152963,False
random,mixed,4,0,0.001,KL descent,43,44,0.0453336238861084,0.4086676933747857,0.5906345948679439,False
random,mixed,4,0,0.001,KL descent,44,45,0.04635190963745117,0.4080249281318813,0.59032917094484,False
random,mixed,4,0,0.001,KL descent,45,46,0.04732012748718262,0.40738261821261723,0.5900236259418322,False
random,mixed,4,0,0.001,KL descent,46,47,0.04835796356201172,0.40674076192269304,0.5897179587427827,False
random,mixed,4,0,0.001,KL descent,47,48,0.049440860748291016,0.40609935755607646,0.5894121682194738,False
random,mixed,4,0,0.001,KL descent,48,49,0.05042409896850586,0.4054584033949369,0.5891062532315032,False
random,mixed,4,0,0.001,KL descent,49,50,0.05135750770568848,0.4048178977095895,0.5888002126261809,False
random,mixed,4,0,0.001,KL descent,50,51,0.05235648155212402,0.40417783875844077,0.5884940452384259,False
random,mixed,4,0,0.001,KL descent,51,52,0.05344510078430176,0.40353822478793244,0.5881877498906618,False
random,mixed,4,0,0.001,KL descent,52,53,0.05532431602478027,0.40289905403247533,0.5878813253927069,False
random,mixed,4,0,0.001,KL descent,53,54,0.056322574615478516,0.4022603247144029,0.5875747705416751,False
random,mixed,4,0,0.001,KL descent,54,55,0.05745053291320801,0.40162203504389526,0.5872680841218547,False
random,mixed,4,0,0.001,KL descent,55,56,0.05839991569519043,0.40098418321893337,0.5869612649046098,False
random,mixed,4,0,0.001,KL descent,56,57,0.059363603591918945,0.40034676742523323,0.5866543116482634,False
random,mixed,4,0,0.001,KL descent,57,58,0.06035327911376953,0.399709785836185,0.5863472230979905,False
random,mixed,4,0,0.001,KL descent,58,59,0.06132340431213379,0.3990732366127884,0.5860399979856982,False
random,mixed,4,0,0.001,KL descent,59,60,0.062424659729003906,0.3984371179035958,0.5857326350299168,False
random,mixed,4,0,0.001,KL descent,60,61,0.0633547306060791,0.3978014278446495,0.5854251329356847,False
random,mixed,4,0,0.001,KL descent,61,62,0.06435418128967285,0.39716616455940956,0.5851174903944251,False
random,mixed,4,0,0.001,KL descent,62,63,0.0654151439666748,0.396531326158699,0.5848097060838366,False
random,mixed,4,0,0.001,KL descent,63,64,0.06641006469726562,0.3958969107406375,0.5845017786677669,False
random,mixed,4,0,0.001,KL descent,64,65,0.06831812858581543,0.39526291639057387,0.584193706796097,False
random,mixed,4,0,0.001,KL descent,65,66,0.06931686401367188,0.3946293411810228,0.5838854891046183,False
random,mixed,4,0,0.001,KL descent,66,67,0.07235956192016602,0.39399618317159507,0.5835771242149073,False
random,mixed,4,0,0.001,KL descent,67,68,0.07531857490539551,0.3933634404089374,0.5832686107342041,False
random,mixed,4,0,0.001,KL descent,68,69,0.07636713981628418,0.3927311109266538,0.5829599472552855,False
random,mixed,4,0,0.001,KL descent,69,70,0.07735800743103027,0.39209919274525484,0.5826511323563399,False
random,mixed,4,0,0.001,KL descent,70,71,0.0783224105834961,0.391467683872066,0.5823421646008338,False
random,mixed,4,0,0.001,KL descent,71,72,0.07932186126708984,0.3908365823011792,0.5820330425373885,False
random,mixed,4,0,0.001,KL descent,72,73,0.08035993576049805,0.3902058860133757,0.5817237646996467,False
random,mixed,4,0,0.001,KL descent,73,74,0.08134198188781738,0.38957559297604843,0.5814143296061367,False
random,mixed,4,0,0.001,KL descent,74,75,0.08332014083862305,0.3889457011431436,0.5811047357601442,False
random,mixed,4,0,0.001,KL descent,75,76,0.08433699607849121,0.3883162084550753,0.5807949816495726,False
random,mixed,4,0,0.001,KL descent,76,77,0.08533501625061035,0.3876871128386706,0.5804850657468104,False
random,mixed,4,0,0.001,KL descent,77,78,0.0863182544708252,0.38705841220707915,0.5801749865085886,False
random,mixed,4,0,0.001,KL descent,78,79,0.08735108375549316,0.38643010445970655,0.5798647423758425,False
random,mixed,4,0,0.001,KL descent,79,80,0.08838200569152832,0.38580218748214434,0.5795543317735731,False
random,mixed,4,0,0.001,KL descent,80,81,0.0903928279876709,0.3851746591460887,0.5792437531107005,False
random,mixed,4,0,0.001,KL descent,81,82,0.09139370918273926,0.38454751730927317,0.5789330047799266,False
random,mixed,4,0,0.001,KL descent,82,83,0.0923919677734375,0.38392075981538254,0.5786220851575794,False
random,mixed,4,0,0.001,KL descent,83,84,0.09440326690673828,0.38329438449398057,0.5783109926034726,False
random,mixed,4,0,0.001,KL descent,84,85,0.09639525413513184,0.38266838916043305,0.5779997254607538,False
random,mixed,4,0,0.001,KL descent,85,86,0.09739971160888672,0.38204277161583544,0.5776882820557611,False
random,mixed,4,0,0.001,KL descent,86,87,0.09839606285095215,0.38141752964692127,0.5773766606978589,False
random,mixed,4,0,0.001,KL descent,87,88,0.0993962287902832,0.380792661025995,0.5770648596792944,False
random,mixed,4,0,0.001,KL descent,88,89,0.10039186477661133,0.38016816351084615,0.5767528772750377,False
random,mixed,4,0,0.001,KL descent,89,90,0.10139060020446777,0.3795440348446696,0.5764407117426255,False
random,mixed,4,0,0.001,KL descent,90,91,0.10339164733886719,0.3789202727559865,0.5761283613220052,False
random,mixed,4,0,0.001,KL descent,91,92,0.10439348220825195,0.3782968749585572,0.5758158242353677,False
random,mixed,4,0,0.001,KL descent,92,93,0.10584330558776855,0.3776738391513066,0.5755030986869949,False
random,mixed,4,0,0.001,KL descent,93,94,0.10684418678283691,0.3770511630182338,0.5751901828630872,False
random,mixed,4,0,0.001,KL descent,94,95,0.10784792900085449,0.3764288442283317,0.5748770749316029,False
random,mixed,4,0,0.001,KL descent,95,96,0.10884237289428711,0.37580688043550675,0.5745637730420905,False
random,mixed,4,0,0.001,KL descent,96,97,0.10984635353088379,0.37518526927848295,0.5742502753255172,False
random,mixed,4,0,0.001,KL descent,97,98,0.11084151268005371,0.3745640083807241,0.5739365798940994,False
random,mixed,4,0,0.001,KL descent,98,99,0.11184000968933105,0.3739430953503482,0.5736226848411308,False
random,mixed,4,0,0.001,KL descent,99,100,0.1128382682800293,0.37332252778003605,0.5733085882408051,False
random,mixed,4,0,0.001,KL descent,100,101,0.11383748054504395,0.37270230324694514,0.572994288148043,False
random,mixed,4,0,0.001,KL descent,101,102,0.11484646797180176,0.3720824193126224,0.5726797825983116,False
random,mixed,4,0,0.001,KL descent,102,103,0.11583971977233887,0.37146287352291435,0.5723650696074443,False
random,mixed,4,0,0.001,KL descent,103,104,0.11683821678161621,0.37084366340787583,0.5720501471714573,False
random,mixed,4,0,0.001,KL descent,104,105,0.11783695220947266,0.37022478648168256,0.5717350132663677,False
random,mixed,4,0,0.001,KL descent,105,106,0.11883854866027832,0.36960624024253785,0.5714196658480071,False
random,mixed,4,0,0.001,KL descent,106,107,0.11983537673950195,0.3689880221725849,0.5711041028518311,False
random,mixed,4,0,0.001,KL descent,107,108,0.12131714820861816,0.3683701297378071,0.5707883221927317,False
random,mixed,4,0,0.001,KL descent,108,109,0.1223306655883789,0.3677525603879392,0.5704723217648422,False
random,mixed,4,0,0.001,KL descent,109,110,0.12334156036376953,0.36713531155637713,0.5701560994413438,False
random,mixed,4,0,0.001,KL descent,110,111,0.12433385848999023,0.3665183806600789,0.5698396530742734,False
random,mixed,4,0,0.001,KL descent,111,112,0.12532663345336914,0.36590176509947336,0.5695229804943178,False
random,mixed,4,0,0.001,KL descent,112,113,0.12633013725280762,0.3652854622583561,0.5692060795106161,False
random,mixed,4,0,0.001,KL descent,113,114,0.12732839584350586,0.36466946950380597,0.5688889479105605,False
random,mixed,4,0,0.001,KL descent,114,115,0.12832880020141602,0.3640537841860797,0.5685715834595839,False
random,mixed,4,0,0.001,KL descent,115,116,0.12937498092651367,0.3634384036385164,0.5682539839009607,False
random,mixed,4,0,0.001,KL descent,116,117,0.13032984733581543,0.3628233251774366,0.5679361469555878,False
random,mixed,4,0,0.001,KL descent,117,118,0.1313784122467041,0.3622085461020504,0.567618070321783,False
random,mixed,4,0,0.001,KL descent,118,119,0.13237619400024414,0.3615940636943524,0.567299751675064,False
random,mixed,4,0,0.001,KL descent,119,120,0.13337302207946777,0.3609798752190235,0.5669811886679343,False
random,mixed,4,0,0.001,KL descent,120,121,0.13437557220458984,0.36036597792333197,0.5666623789296673,False
random,mixed,4,0,0.001,KL descent,121,122,0.1353747844696045,0.35975236903702473,0.5663433200660768,False
random,mixed,4,0,0.001,KL descent,122,123,0.13637375831604004,0.35913904577223604,0.5660240096593052,False
random,mixed,4,0,0.001,KL descent,123,124,0.1373288631439209,0.3585260053233776,0.5657044452675867,False
random,mixed,4,0,0.001,KL descent,124,125,0.13833904266357422,0.3579132448670373,0.5653846244250271,False
random,mixed,4,0,0.001,KL descent,125,126,0.13942432403564453,0.3573007615618774,0.56506454464137,False
random,mixed,4,0,0.001,KL descent,126,127,0.1403641700744629,0.3566885525485273,0.5647442034017637,False
random,mixed,4,0,0.001,KL descent,127,128,0.1413745880126953,0.3560766149494807,0.5644235981665247,False
random,mixed,4,0,0.001,KL descent,128,129,0.14241385459899902,0.35546494586898936,0.5641027263709018,False
random,mixed,4,0,0.001,KL descent,129,130,0.1434168815612793,0.3548535423929572,0.563781585424835,False
random,mixed,4,0,0.001,KL descent,130,131,0.144364595413208,0.35424240158883424,0.5634601727127089,False
random,mixed,4,0,0.001,KL descent,131,132,0.14537572860717773,0.3536315205055037,0.56313848559311,False
random,mixed,4,0,0.001,KL descent,132,133,0.14641714096069336,0.35302089617318555,0.5628165213985791,False
random,mixed,4,0,0.001,KL descent,133,134,0.1474320888519287,0.35241052560332037,0.5624942774353576,False
random,mixed,4,0,0.001,KL descent,134,135,0.148421049118042,0.35180040578846344,0.5621717509831353,False
random,mixed,4,0,0.001,KL descent,135,136,0.1494143009185791,0.3511905337021698,0.5618489392947923,False
random,mixed,4,0,0.001,KL descent,136,137,0.15041899681091309,0.3505809062988908,0.5615258395961411,False
random,mixed,4,0,0.001,KL descent,137,138,0.15141773223876953,0.3499715205138669,0.5612024490856646,False
random,mixed,4,0,0.001,KL descent,138,139,0.15241742134094238,0.3493623732629998,0.5608787649342488,False
random,mixed,4,0,0.001,KL descent,139,140,0.153428316116333,0.3487534614427662,0.5605547842849207,False
random,mixed,4,0,0.001,KL descent,140,141,0.15438175201416016,0.34814478193008064,0.56023050425257,False
random,mixed,4,0,0.001,KL descent,141,142,0.15537810325622559,0.34753633158220837,0.5599059219236847,False
random,mixed,4,0,0.001,KL descent,142,143,0.1563727855682373,0.3469281072366294,0.5595810343560674,False
random,mixed,4,0,0.001,KL descent,143,144,0.15832924842834473,0.34632010571093585,0.559255838578558,False
random,mixed,4,0,0.001,KL descent,144,145,0.1593456268310547,0.345712323802727,0.5589303315907557,False
random,mixed,4,0,0.001,KL descent,145,146,0.16034460067749023,0.34510475828947784,0.5586045103627293,False
random,mixed,4,0,0.001,KL descent,146,147,0.16134357452392578,0.34449740592843825,0.5582783718347311,False
random,mixed,4,0,0.001,KL descent,147,148,0.16235876083374023,0.3438902634565101,0.5579519129169039,False
random,mixed,4,0,0.001,KL descent,148,149,0.163421630859375,0.3432833275901387,0.5576251304889902,False
random,mixed,4,0,0.001,KL descent,149,150,0.16442203521728516,0.34267659502519376,0.5572980214000325,False
random,mixed,4,0,0.001,KL descent,150,151,0.16536998748779297,0.3420700624368513,0.5569705824680714,False
random,mixed,4,0,0.001,KL descent,151,152,0.16645407676696777,0.3414637264794873,0.5566428104798482,False
random,mixed,4,0,0.001,KL descent,152,153,0.1674175262451172,0.34085758378654796,0.5563147021904907,False
random,mixed,4,0,0.001,KL descent,153,154,0.16843223571777344,0.34025163097044636,0.5559862543232099,False
random,mixed,4,0,0.001,KL descent,154,155,0.169419527053833,0.33964586462243196,0.55565746356898,False
random,mixed,4,0,0.001,KL descent,155,156,0.17044734954833984,0.33904028131248953,0.5553283265862293,False
random,mixed,4,0,0.001,KL descent,156,157,0.17138123512268066,0.33843487758920593,0.5549988400005139,False
random,mixed,4,0,0.001,KL descent,157,158,0.17238140106201172,0.337829649979665,0.5546690004042008,False
random,mixed,4,0,0.001,KL descent,158,159,0.17337703704833984,0.337224594989325,0.5543388043561381,False
random,mixed,4,0,0.001,KL descent,159,160,0.1744246482849121,0.3366197091019011,0.5540082483813247,False
random,mixed,4,0,0.001,KL descent,160,161,0.17542648315429688,0.3360149887792461,0.5536773289705786,False
random,mixed,4,0,0.001,KL descent,161,162,0.1764216423034668,0.3354104304612388,0.553346042580203,False
random,mixed,4,0,0.001,KL descent,162,163,0.17741942405700684,0.33480603056565766,0.5530143856316396,False
random,mixed,4,0,0.001,KL descent,163,164,0.1783742904663086,0.33420178548807283,0.5526823545111345,False
random,mixed,4,0,0.001,KL descent,164,165,0.1794271469116211,0.33359769160171465,0.552349945569379,False
random,mixed,4,0,0.001,KL descent,165,166,0.18141889572143555,0.33299374525737513,0.5520171551211741,False
random,mixed,4,0,0.001,KL descent,166,167,0.18242096900939941,0.33238994278327016,0.5516839794450629,False
random,mixed,4,0,0.001,KL descent,167,168,0.18342065811157227,0.3317862804849324,0.5513504147829793,False
random,mixed,4,0,0.001,KL descent,168,169,0.18442249298095703,0.33118275464509794,0.5510164573398905,False
random,mixed,4,0,0.001,KL descent,169,170,0.18537449836730957,0.33057936152357814,0.5506821032834226,False
random,mixed,4,0,0.001,KL descent,170,171,0.18642473220825195,0.3299760973571561,0.5503473487435026,False
random,mixed,4,0,0.001,KL descent,171,172,0.18744707107543945,0.32937295835944896,0.5500121898119741,False
random,mixed,4,0,0.001,KL descent,172,173,0.18838071823120117,0.32876994072082283,0.549676622542236,False
random,mixed,4,0,0.001,KL descent,173,174,0.18936944007873535,0.3281670406082392,0.5493406429488483,False
random,mixed,4,0,0.001,KL descent,174,175,0.19042086601257324,0.3275642541651752,0.5490042470071613,False
random,mixed,4,0,0.001,KL descent,175,176,0.19147682189941406,0.3269615775114801,0.5486674306529173,False
random,mixed,4,0,0.001,KL descent,176,177,0.1924755573272705,0.3263590067432775,0.5483301897818669,False
random,mixed,4,0,0.001,KL descent,177,178,0.1934680938720703,0.3257565379328432,0.5479925202493712,False
random,mixed,4,0,0.001,KL descent,178,179,0.19446301460266113,0.3251541671284995,0.5476544178700062,False
random,mixed,4,0,0.001,KL descent,179,180,0.19546723365783691,0.32455189035448945,0.5473158784171538,False
random,mixed,4,0,0.001,KL descent,180,181,0.19646763801574707,0.3239497036108776,0.5469768976226016,False
random,mixed,4,0,0.001,KL descent,181,182,0.19746828079223633,0.32334760287342873,0.5466374711761302,False
random,mixed,4,0,0.001,KL descent,182,183,0.198472261428833,0.32274558409349485,0.5462975947250921,False
random,mixed,4,0,0.001,KL descent,183,184,0.19947552680969238,0.3221436431979209,0.5459572638740068,False
random,mixed,4,0,0.001,KL descent,184,185,0.2004683017730713,0.32154177608892043,0.5456164741841294,False
random,mixed,4,0,0.001,KL descent,185,186,0.20146822929382324,0.32093997864396906,0.5452752211730216,False
random,mixed,4,0,0.001,KL descent,186,187,0.20247554779052734,0.32033824671570316,0.5449335003141272,False
random,mixed,4,0,0.001,KL descent,187,188,0.20346736907958984,0.31973657613180656,0.5445913070363351,False
random,mixed,4,0,0.001,KL descent,188,189,0.20438146591186523,0.31913496269491226,0.5442486367235394,False
random,mixed,4,0,0.001,KL descent,189,190,0.20554184913635254,0.31853340218249376,0.5439054847142013,False
random,mixed,4,0,0.001,KL descent,190,191,0.20649123191833496,0.3179318903467614,0.543561846300893,False
random,mixed,4,0,0.001,KL descent,191,192,0.2084958553314209,0.3173304229145656,0.5432177167298555,False
random,mixed,4,0,0.001,KL descent,192,193,0.20949244499206543,0.3167289955872933,0.5428730912005411,False
random,mixed,4,0,0.001,KL descent,193,194,0.2105274200439453,0.31612760404077034,0.5425279648651488,False
random,mixed,4,0,0.001,KL descent,194,195,0.21154546737670898,0.3155262439251642,0.5421823328281671,False
random,mixed,4,0,0.001,KL descent,195,196,0.2125399112701416,0.31492491086488394,0.5418361901459023,False
random,mixed,4,0,0.001,KL descent,196,197,0.2135002613067627,0.3143236004584972,0.5414895318260082,False
random,mixed,4,0,0.001,KL descent,197,198,0.2145390510559082,0.31372230827862657,0.5411423528270068,False
random,mixed,4,0,0.001,KL descent,198,199,0.21554255485534668,0.31312102987187146,0.5407946480578154,False
random,mixed,4,0,0.001,KL descent,199,200,0.21654057502746582,0.31251976075870647,0.5404464123772521,False
random,mixed,4,0,0.001,KL descent,200,201,0.21754026412963867,0.31191849643340314,0.5400976405935498,False
random,mixed,4,0,0.001,KL descent,201,202,0.21849918365478516,0.31131723236394493,0.5397483274638666,False
random,mixed,4,0,0.001,KL descent,202,203,0.2195432186126709,0.31071596399195106,0.5393984676937872,False
random,mixed,4,0,0.001,KL descent,203,204,0.22053837776184082,0.31011468673257403,0.5390480559368122,False
random,mixed,4,0,0.001,KL descent,204,205,0.22149181365966797,0.3095133959744626,0.5386970867938687,False
random,mixed,4,0,0.001,KL descent,205,206,0.2225356101989746,0.3089120870796469,0.5383455548127843,False
random,mixed,4,0,0.001,KL descent,206,207,0.22353768348693848,0.3083107553834904,0.5379934544877794,False
random,mixed,4,0,0.001,KL descent,207,208,0.22549939155578613,0.3077093961946111,0.5376407802589452,False
random,mixed,4,0,0.001,KL descent,208,209,0.22649526596069336,0.30710800479481426,0.5372875265117214,False
random,mixed,4,0,0.001,KL descent,209,210,0.22749686241149902,0.30650657643904394,0.5369336875763757,False
random,mixed,4,0,0.001,KL descent,210,211,0.22849202156066895,0.30590510635530055,0.5365792577274582,False
random,mixed,4,0,0.001,KL descent,211,212,0.22949528694152832,0.3053035897445996,0.5362242311832741,False
random,mixed,4,0,0.001,KL descent,212,213,0.23049306869506836,0.3047020217809082,0.5358686021053424,False
random,mixed,4,0,0.001,KL descent,213,214,0.23149514198303223,0.3041003976111054,0.535512364597851,False
random,mixed,4,0,0.001,KL descent,214,215,0.23249268531799316,0.30349871235492193,0.5351555127071037,False
random,mixed,4,0,0.001,KL descent,215,216,0.23349595069885254,0.3028969611049035,0.534798040420972,False
random,mixed,4,0,0.001,KL descent,216,217,0.23449277877807617,0.30229513892638105,0.5344399416683381,False
random,mixed,4,0,0.001,KL descent,217,218,0.23549675941467285,0.3016932408574158,0.5340812103185273,False
random,mixed,4,0,0.001,KL descent,218,219,0.2364952564239502,0.30109126190878377,0.5337218401807479,False
random,mixed,4,0,0.001,KL descent,219,220,0.2374897003173828,0.30048919706394256,0.5333618250035205,False
random,mixed,4,0,0.001,KL descent,220,221,0.23849129676818848,0.29988704127900806,0.5330011584740995,False
random,mixed,4,0,0.001,KL descent,221,222,0.23948979377746582,0.2992847894827413,0.5326398342179042,False
random,mixed,4,0,0.001,KL descent,222,223,0.2415447235107422,0.298682436576526,0.5322778457979236,False
random,mixed,4,0,0.001,KL descent,223,224,0.24254965782165527,0.29807997743437037,0.5319151867141421,False
random,mixed,4,0,0.001,KL descent,224,225,0.2435445785522461,0.29747740690289903,0.5315518504029442,False
random,mixed,4,0,0.001,KL descent,225,226,0.24454092979431152,0.29687471980135216,0.5311878302365178,False
random,mixed,4,0,0.001,KL descent,226,227,0.24554085731506348,0.296271910921603,0.5308231195222637,False
random,mixed,4,0,0.001,KL descent,227,228,0.2465353012084961,0.29566897502815676,0.5304577115021845,False
random,mixed,4,0,0.001,KL descent,228,229,0.2475450038909912,0.2950659068581782,0.5300915993522861,False
random,mixed,4,0,0.001,KL descent,229,230,0.24854183197021484,0.2944627011215144,0.5297247761819631,False
random,mixed,4,0,0.001,KL descent,230,231,0.2495439052581787,0.293859352500726,0.5293572350333902,False
random,mixed,4,0,0.001,KL descent,231,232,0.25054001808166504,0.2932558556511216,0.5289889688808986,False
random,mixed,4,0,0.001,KL descent,232,233,0.251542329788208,0.29265220520080815,0.5286199706303675,False
random,mixed,4,0,0.001,KL descent,233,234,0.2525672912597656,0.2920483957507334,0.528250233118585,False
random,mixed,4,0,0.001,KL descent,234,235,0.2535426616668701,0.2914444218747462,0.5278797491126312,False
random,mixed,4,0,0.001,KL descent,235,236,0.2549729347229004,0.2908402781196606,0.5275085113092434,False
random,mixed,4,0,0.001,KL descent,236,237,0.2560441493988037,0.29023595900533666,0.5271365123341837,False
random,mixed,4,0,0.001,KL descent,237,238,0.25711941719055176,0.28963145902474247,0.5267637447416003,False
random,mixed,4,0,0.001,KL descent,238,239,0.2580549716949463,0.2890267726440574,0.5263902010133856,False
random,mixed,4,0,0.001,KL descent,239,240,0.25909900665283203,0.2884218943027585,0.526015873558536,False
random,mixed,4,0,0.001,KL descent,240,241,0.2610819339752197,0.287816818413735,0.525640754712507,False
random,mixed,4,0,0.001,KL descent,241,242,0.26207804679870605,0.28721153936338095,0.5252648367365504,False
random,mixed,4,0,0.001,KL descent,242,243,0.26308298110961914,0.2866060515117407,0.5248881118170826,False
random,mixed,4,0,0.001,KL descent,243,244,0.26407599449157715,0.2860003491926272,0.5245105720650171,False
random,mixed,4,0,0.001,KL descent,244,245,0.2650754451751709,0.28539442671376053,0.5241322095151071,False
random,mixed,4,0,0.001,KL descent,245,246,0.26607489585876465,0.2847882783569165,0.523753016125288,False
random,mixed,4,0,0.001,KL descent,246,247,0.2670743465423584,0.2841818983781018,0.5233729837760234,False
random,mixed,4,0,0.001,KL descent,247,248,0.2680375576019287,0.28357528100770063,0.5229921042696238,False
random,mixed,4,0,0.001,KL descent,248,249,0.26908183097839355,0.2829684204506749,0.5226103693295986,False
random,mixed,4,0,0.001,KL descent,249,250,0.27007412910461426,0.28236131088674243,0.5222277705999752,False
random,mixed,4,0,0.001,KL descent,250,251,0.27098917961120605,0.2817539464705854,0.5218442996446359,False
random,mixed,4,0,0.001,KL descent,251,252,0.2720491886138916,0.28114632133207007,0.5214599479466472,False
random,mixed,4,0,0.001,KL descent,252,253,0.27298521995544434,0.2805384295764502,0.521074706907579,False
random,mixed,4,0,0.001,KL descent,253,254,0.274031400680542,0.2799302652846408,0.5206885678468482,False
random,mixed,4,0,0.001,KL descent,254,255,0.2750411033630371,0.2793218225134295,0.5203015220010225,False
random,mixed,4,0,0.001,KL descent,255,256,0.2760341167449951,0.2787130952957704,0.5199135605231615,False
random,mixed,4,0,0.001,KL descent,256,257,0.27703046798706055,0.27810407764104295,0.5195246744821334,False
random,mixed,4,0,0.001,KL descent,257,258,0.2780330181121826,0.2774947635353444,0.5191348548619362,False
random,mixed,4,0,0.001,KL descent,258,259,0.27903199195861816,0.27688514694179966,0.5187440925610285,False
random,mixed,4,0,0.001,KL descent,259,260,0.2800331115722656,0.27627522180087816,0.5183523783916488,False
random,mixed,4,0,0.001,KL descent,260,261,0.28203415870666504,0.2756649820307137,0.5179597030791345,False
random,mixed,4,0,0.001,KL descent,261,262,0.28304505348205566,0.2750544215274699,0.5175660572612523,False
random,mixed,4,0,0.001,KL descent,262,263,0.2840404510498047,0.2744435341656911,0.5171714314875211,False
random,mixed,4,0,0.001,KL descent,263,264,0.2850322723388672,0.27383231379867834,0.5167758162185297,False
random,mixed,4,0,0.001,KL descent,264,265,0.286029577255249,0.2732207542589059,0.5163792018252821,False
random,mixed,4,0,0.001,KL descent,265,266,0.2869901657104492,0.27260884935840163,0.5159815785885034,False
random,mixed,4,0,0.001,KL descent,266,267,0.2883613109588623,0.2719965928891982,0.5155829366979843,False
random,mixed,4,0,0.001,KL descent,267,268,0.289426326751709,0.2713839786237716,0.5151832662519096,False
random,mixed,4,0,0.001,KL descent,268,269,0.2904701232910156,0.2707710003155067,0.5147825572561926,False
random,mixed,4,0,0.001,KL descent,269,270,0.29149293899536133,0.27015765169917133,0.5143807996238055,False
random,mixed,4,0,0.001,KL descent,270,271,0.29251623153686523,0.2695439264914405,0.5139779831741377,False
random,mixed,4,0,0.001,KL descent,271,272,0.29346632957458496,0.2689298183913848,0.5135740976323127,False
random,mixed,4,0,0.001,KL descent,272,273,0.294558048248291,0.26831532108104267,0.5131691326285635,False
random,mixed,4,0,0.001,KL descent,273,274,0.29551243782043457,0.26770042822595425,0.512763077697559,False
random,mixed,4,0,0.001,KL descent,274,275,0.296555757522583,0.2670851334757646,0.5123559222777765,False
random,mixed,4,0,0.001,KL descent,275,276,0.2975614070892334,0.266469430464813,0.5119476557108542,False
random,mixed,4,0,0.001,KL descent,276,277,0.2985556125640869,0.265853312812768,0.5115382672409614,False
random,mixed,4,0,0.001,KL descent,277,278,0.299558162689209,0.26523677412526186,0.5111277460141612,False
random,mixed,4,0,0.001,KL descent,278,279,0.3005669116973877,0.26461980799457946,0.5107160810778043,False
random,mixed,4,0,0.001,KL descent,279,280,0.3014957904815674,0.26400240800033015,0.5103032613798892,False
random,mixed,4,0,0.001,KL descent,280,281,0.30248594284057617,0.26338456771018787,0.5098892757684793,False
random,mixed,4,0,0.001,KL descent,281,282,0.30443644523620605,0.2627662806806181,0.5094741129910808,False
random,mixed,4,0,0.001,KL descent,282,283,0.3057868480682373,0.26214754045764505,0.5090577616940538,False
random,mixed,4,0,0.001,KL descent,283,284,0.306826114654541,0.26152834057766416,0.508640210422037,False
random,mixed,4,0,0.001,KL descent,284,285,0.30782604217529297,0.2609086745682383,0.5082214476173579,False
random,mixed,4,0,0.001,KL descent,285,286,0.3088979721069336,0.26028853594895635,0.5078014616194675,False
random,mixed,4,0,0.001,KL descent,286,287,0.3098948001861572,0.2596679182323145,0.507380240664398,False
random,mixed,4,0,0.001,KL descent,287,288,0.31090307235717773,0.259046814924603,0.5069577728841939,False
random,mixed,4,0,0.001,KL descent,288,289,0.31188392639160156,0.2584252195268503,0.5065340463063926,False
random,mixed,4,0,0.001,KL descent,289,290,0.31288623809814453,0.25780312553577983,0.506109048853495,False
random,mixed,4,0,0.001,KL descent,290,291,0.3138887882232666,0.2571805264448078,0.5056827683424573,False
random,mixed,4,0,0.001,KL descent,291,292,0.3148956298828125,0.25655741574504703,0.5052551924841819,False
random,mixed,4,0,0.001,KL descent,292,293,0.315899133682251,0.25593378692639335,0.5048263088830545,False
random,mixed,4,0,0.001,KL descent,293,294,0.31690454483032227,0.25530963347857333,0.5043961050364467,False
random,mixed,4,0,0.001,KL descent,294,295,0.31789374351501465,0.25468494889229554,0.5039645683342823,False
random,mixed,4,0,0.001,KL descent,295,296,0.3198533058166504,0.25405972666039256,0.503531686058593,False
random,mixed,4,0,0.001,KL descent,296,297,0.3207705020904541,0.2534339602789979,0.5030974453830818,False
random,mixed,4,0,0.001,KL descent,297,298,0.3218088150024414,0.25280764324878036,0.5026618333727362,False
random,mixed,4,0,0.001,KL descent,298,299,0.3228285312652588,0.2521807690762066,0.5022248369834288,False
random,mixed,4,0,0.001,KL descent,299,300,0.3238999843597412,0.2515533312748183,0.501786443061551,False
random,mixed,4,0,0.001,KL descent,300,301,0.32489633560180664,0.25092532336658346,0.5013466383436656,False
random,mixed,4,0,0.001,KL descent,301,302,0.32588982582092285,0.25029673888325094,0.5009054094561723,False
random,mixed,4,0,0.001,KL descent,302,303,0.3268930912017822,0.24966757136777684,0.5004627429150086,False
random,mixed,4,0,0.001,KL descent,303,304,0.3278956413269043,0.24903781437575118,0.500018625125354,False
random,mixed,4,0,0.001,KL descent,304,305,0.32889533042907715,0.24840746147691206,0.49957304238137923,False
random,mixed,4,0,0.001,KL descent,305,306,0.32990121841430664,0.2477765062566578,0.4991259808659992,False
random,mixed,4,0,0.001,KL descent,306,307,0.3308980464935303,0.24714494231763107,0.4986774266506651,False
random,mixed,4,0,0.001,KL descent,307,308,0.33190226554870605,0.24651276328133245,0.498227365695178,False
random,mixed,4,0,0.001,KL descent,308,309,0.3329007625579834,0.2458799627897637,0.497775783847516,False
random,mixed,4,0,0.001,KL descent,309,310,0.33380794525146484,0.24524653450716372,0.4973226668437226,False
random,mixed,4,0,0.001,KL descent,310,311,0.3358650207519531,0.24461247212173493,0.4968680003077936,False
random,mixed,4,0,0.001,KL descent,311,312,0.3368678092956543,0.24397776934744297,0.4964117697516012,False
random,mixed,4,0,0.001,KL descent,312,313,0.33780717849731445,0.24334241992586353,0.4959539605748595,False
random,mixed,4,0,0.001,KL descent,313,314,0.33876824378967285,0.2427064176280775,0.49549455806511533,False
random,mixed,4,0,0.001,KL descent,314,315,0.33986353874206543,0.24206975625659313,0.49503354739776556,False
random,mixed,4,0,0.001,KL descent,315,316,0.3408639430999756,0.24143242964736297,0.49457091363613237,False
random,mixed,4,0,0.001,KL descent,316,317,0.341860294342041,0.2407944316718052,0.4941066417315472,False
random,mixed,4,0,0.001,KL descent,317,318,0.3428678512573242,0.2401557562388945,0.49364071652348585,False
random,mixed,4,0,0.001,KL descent,318,319,0.3438687324523926,0.23951639729731936,0.4931731227397476,False
random,mixed,4,0,0.001,KL descent,319,320,0.3448600769042969,0.23887634883766973,0.4927038449966601,False
random,mixed,4,0,0.001,KL descent,320,321,0.3458592891693115,0.2382356048946938,0.4922328677993425,False
random,mixed,4,0,0.001,KL descent,321,322,0.34686732292175293,0.2375941595496026,0.4917601755419926,False
random,mixed,4,0,0.001,KL descent,322,323,0.34877443313598633,0.23695200693243185,0.4912857525082349,False
random,mixed,4,0,0.001,KL descent,323,324,0.3507657051086426,0.23630914122447388,0.4908095828715095,False
random,mixed,4,0,0.001,KL descent,324,325,0.35176610946655273,0.23566555666072858,0.49033165069549145,False
random,mixed,4,0,0.001,KL descent,325,326,0.35376548767089844,0.23502124753246942,0.489851939934595,False
random,mixed,4,0,0.001,KL descent,326,327,0.35576796531677246,0.2343762081898202,0.48937043443448824,False
random,mixed,4,0,0.001,KL descent,327,328,0.35776734352111816,0.23373043304442154,0.48888711793268913,False
random,mixed,4,0,0.001,KL descent,328,329,0.35976576805114746,0.23308391657214605,0.48840197405920316,False
random,mixed,4,0,0.001,KL descent,329,330,0.3607676029205322,0.23243665331587648,0.4879149863372122,False
random,mixed,4,0,0.001,KL descent,330,331,0.3627662658691406,0.23178863788834758,0.48742613818382374,False
random,mixed,4,0,0.001,KL descent,331,332,0.364818811416626,0.23113986497506295,0.4869354129108917,False
random,mixed,4,0,0.001,KL descent,332,333,0.3668229579925537,0.2304903293372529,0.4864427937258683,False
random,mixed,4,0,0.001,KL descent,333,334,0.36777281761169434,0.22984002581492302,0.4859482637327477,False
random,mixed,4,0,0.001,KL descent,334,335,0.36876726150512695,0.2291889493299647,0.485451805933065,False
random,mixed,4,0,0.001,KL descent,335,336,0.3697690963745117,0.22853709488929638,0.4849534032269339,False
random,mixed,4,0,0.001,KL descent,336,337,0.370776891708374,0.22788445758815654,0.4844530384142148,False
random,mixed,4,0,0.001,KL descent,337,338,0.3728184700012207,0.22723103261335117,0.483950694195666,False
random,mixed,4,0,0.001,KL descent,338,339,0.3738210201263428,0.22657681524668782,0.48344635317425644,False
random,mixed,4,0,0.001,KL descent,339,340,0.3748190402984619,0.22592180086839186,0.48293999785648434,False
random,mixed,4,0,0.001,KL descent,340,341,0.3758387565612793,0.2252659849606371,0.48243161065379686,False
random,mixed,4,0,0.001,KL descent,341,342,0.37688755989074707,0.22460936311115193,0.48192117388410777,False
random,mixed,4,0,0.001,KL descent,342,343,0.3778879642486572,0.22395193101686284,0.48140866977334484,False
random,mixed,4,0,0.001,KL descent,343,344,0.3788893222808838,0.2232936844876448,0.4808940804571251,False
random,mixed,4,0,0.001,KL descent,344,345,0.3797726631164551,0.22263461945015622,0.48037738798250595,False
random,mixed,4,0,0.001,KL descent,345,346,0.3807687759399414,0.2219747319516836,0.47985857430978585,False
random,mixed,4,0,0.001,KL descent,346,347,0.38176608085632324,0.2213140181641522,0.4793376213144541,False
random,mixed,4,0,0.001,KL descent,347,348,0.3827662467956543,0.22065247438814478,0.4788145107891793,False
random,mixed,4,0,0.001,KL descent,348,349,0.38376569747924805,0.21999009705701184,0.47828922444591015,False
random,mixed,4,0,0.001,KL descent,349,350,0.3847661018371582,0.21932688274109183,0.4777617439180875,False
random,mixed,4,0,0.001,KL descent,350,351,0.3867659568786621,0.21866282815196209,0.4772320507629233,False
random,mixed,4,0,0.001,KL descent,351,352,0.38776659965515137,0.2179979301467933,0.4767001264637983,False
random,mixed,4,0,0.001,KL descent,352,353,0.3887662887573242,0.217332185732797,0.476165952432771,False
random,mixed,4,0,0.001,KL descent,353,354,0.3897745609283447,0.2166655920717087,0.4756295100131633,False
random,mixed,4,0,0.001,KL descent,354,355,0.3907742500305176,0.21599814648440147,0.4750907804822885,False
random,mixed,4,0,0.001,KL descent,355,356,0.39177393913269043,0.21532984645552816,0.474549745054253,False
random,mixed,4,0,0.001,KL descent,356,357,0.3927733898162842,0.21466068963829094,0.47400638488290364,False
random,mixed,4,0,0.001,KL descent,357,358,0.39377331733703613,0.21399067385925546,0.47346068106486805,False
random,mixed,4,0,0.001,KL descent,358,359,0.3947732448577881,0.21331979712327087,0.47291261464272727,False
random,mixed,4,0,0.001,KL descent,359,360,0.3957822322845459,0.21264805761844058,0.4723621666082901,False
random,mixed,4,0,0.001,KL descent,360,361,0.3967771530151367,0.2119754537212074,0.4718093179060153,False
random,mixed,4,0,0.001,KL descent,361,362,0.39777517318725586,0.21130198400149008,0.4712540494365348,False
random,mixed,4,0,0.001,KL descent,362,363,0.3987748622894287,0.2106276472279176,0.470696342060327,False
random,mixed,4,0,0.001,KL descent,363,364,0.39977383613586426,0.20995244237313815,0.4701361766015012,False
random,mixed,4,0,0.001,KL descent,364,365,0.4007742404937744,0.2092763686192063,0.46957353385173733,False
random,mixed,4,0,0.001,KL descent,365,366,0.40177440643310547,0.20859942536303805,0.4690083945743283,False
random,mixed,4,0,0.001,KL descent,366,367,0.4027748107910156,0.2079216122219813,0.4684407395084119,False
random,mixed,4,0,0.001,KL descent,367,368,0.40377259254455566,0.20724292903940666,0.4678705493732851,False
random,mixed,4,0,0.001,KL descent,368,369,0.4047737121582031,0.20656337589044577,0.4672978048729215,False
random,mixed,4,0,0.001,KL descent,369,370,0.40528011322021484,0.20588295308773402,0.46672248670058114,False
random,mixed,4,0,0.001,KL descent,370,371,0.40628886222839355,0.20520166118729546,0.4661445755436221,False
random,mixed,4,0,0.001,KL descent,371,372,0.4072890281677246,0.20451950099443644,0.4655640520884071,False
random,mixed,4,0,0.001,KL descent,372,373,0.40828895568847656,0.20383647356979784,0.46498089702543943,False
random,mixed,4,0,0.001,KL descent,373,374,0.4092891216278076,0.20315258023538443,0.46439509105457333,False
random,mixed,4,0,0.001,KL descent,374,375,0.4113454818725586,0.2024678225807441,0.4638066148904546,False
random,mixed,4,0,0.001,KL descent,375,376,0.4123368263244629,0.20178220246916742,0.46321544926808006,False
random,mixed,4,0,0.001,KL descent,376,377,0.4133279323577881,0.20109572204399942,0.46262157494855455,False
random,mixed,4,0,0.001,KL descent,377,378,0.41434574127197266,0.20040838373496328,0.4620249727249801,False
random,mixed,4,0,0.001,KL descent,378,379,0.41533756256103516,0.1997201902646173,0.4614256234285635,False
random,mixed,4,0,0.001,KL descent,379,380,0.4163351058959961,0.19903114465481503,0.46082350793484583,False
random,mixed,4,0,0.001,KL descent,380,381,0.41729211807250977,0.19834125023327148,0.4602186071701623,False
random,mixed,4,0,0.001,KL descent,381,382,0.41829395294189453,0.197650510640151,0.45961090211822003,False
random,mixed,4,0,0.001,KL descent,382,383,0.41929197311401367,0.19695892983475327,0.4590003738269141,False
random,mixed,4,0,0.001,KL descent,383,384,0.42258262634277344,0.1962665121022285,0.4583870034152975,False
random,mixed,4,0,0.001,KL descent,384,385,0.423642635345459,0.19557326206034864,0.45777077208073413,False
random,mixed,4,0,0.001,KL descent,385,386,0.4255716800689697,0.19487918466632725,0.4571516611062521,False
random,mixed,4,0,0.001,KL descent,386,387,0.4275331497192383,0.19418428522370945,0.4565296518680879,False
random,mixed,4,0,0.001,KL descent,387,388,0.42857813835144043,0.19348856938926973,0.45590472584340697,False
random,mixed,4,0,0.001,KL descent,388,389,0.42957472801208496,0.19279204317999785,0.45527686461825667,False
random,mixed,4,0,0.001,KL descent,389,390,0.43058085441589355,0.1920947129800526,0.4546460498956459,False
random,mixed,4,0,0.001,KL descent,390,391,0.43157196044921875,0.1913965855478333,0.4540122635039052,False
random,mixed,4,0,0.001,KL descent,391,392,0.4325737953186035,0.1906976680230154,0.4533754874051853,False
random,mixed,4,0,0.001,KL descent,392,393,0.4345674514770508,0.1899979679336608,0.452735703704198,False
random,mixed,4,0,0.001,KL descent,393,394,0.4355745315551758,0.1892974932033048,0.45209289465712316,False
random,mixed,4,0,0.001,KL descent,394,395,0.43753862380981445,0.18859625215811243,0.45144704268075886,False
random,mixed,4,0,0.001,KL descent,395,396,0.43958067893981934,0.18789425353400335,0.45079813036184513,False
random,mixed,4,0,0.001,KL descent,396,397,0.4425814151763916,0.1871915064838232,0.4501461404666228,False
random,mixed,4,0,0.001,KL descent,397,398,0.44456934928894043,0.18648802058448868,0.4494910559505722,False
random,mixed,4,0,0.001,KL descent,398,399,0.4455850124359131,0.18578380584415333,0.4488328599683846,False
random,mixed,4,0,0.001,KL descent,399,400,0.446591854095459,0.18507887270936152,0.44817153588413317,False
random,mixed,4,0,0.001,KL descent,400,401,0.44759702682495117,0.18437323207219944,0.44750706728166495,False
random,mixed,4,0,0.001,KL descent,401,402,0.4485785961151123,0.183666895277414,0.44683943797518394,False
random,mixed,4,0,0.001,KL descent,402,403,0.44957566261291504,0.1829598741295187,0.44616863202006574,False
random,mixed,4,0,0.001,KL descent,403,404,0.4505770206451416,0.18225218089986772,0.44549463372386633,False
random,mixed,4,0,0.001,KL descent,404,405,0.4515845775604248,0.18154382833371857,0.44481742765757243,False
random,mixed,4,0,0.001,KL descent,405,406,0.45258498191833496,0.1808348296572031,0.4441369986670157,False
random,mixed,4,0,0.001,KL descent,406,407,0.4535846710205078,0.18012519858431017,0.44345333188454694,False
random,mixed,4,0,0.001,KL descent,407,408,0.4566524028778076,0.179414949323761,0.44276641274087725,False
random,mixed,4,0,0.001,KL descent,408,409,0.4576587677001953,0.17870409658587008,0.4420762269771683,False
random,mixed,4,0,0.001,KL descent,409,410,0.45866894721984863,0.177992655589296,0.44138276065729465,False
random,mixed,4,0,0.001,KL descent,410,411,0.459653377532959,0.17728064206773592,0.4406860001803259,False
random,mixed,4,0,0.001,KL descent,411,412,0.4606618881225586,0.1765680722765508,0.4399859322932372,False
random,mixed,4,0,0.001,KL descent,412,413,0.4616506099700928,0.17585496299926454,0.4392825441037777,False
random,mixed,4,0,0.001,KL descent,413,414,0.46366262435913086,0.17514133155397194,0.4385758230935596,False
random,mixed,4,0,0.001,KL descent,414,415,0.4646575450897217,0.1744271957996582,0.4378657571313568,False
random,mixed,4,0,0.001,KL descent,415,416,0.465651273727417,0.17371257414238703,0.4371523344865932,False
random,mixed,4,0,0.001,KL descent,416,417,0.4666569232940674,0.17299748554135425,0.4364355438430025,False
random,mixed,4,0,0.001,KL descent,417,418,0.4676480293273926,0.17228194951481063,0.4357153743124944,False
random,mixed,4,0,0.001,KL descent,418,419,0.46865057945251465,0.17156598614584861,0.4349918154492061,False
random,mixed,4,0,0.001,KL descent,419,420,0.4696502685546875,0.17084961608801713,0.4342648572637212,False
random,mixed,4,0,0.001,KL descent,420,421,0.47052931785583496,0.17013286057080848,0.43353449023748963,False
random,mixed,4,0,0.001,KL descent,421,422,0.47153162956237793,0.16941574140490234,0.43280070533736986,False
random,mixed,4,0,0.001,KL descent,422,423,0.47258543968200684,0.168698280987302,0.43206349403039546,False
random,mixed,4,0,0.001,KL descent,423,424,0.47359800338745117,0.1679805023062261,0.4313228482986551,False
random,mixed,4,0,0.001,KL descent,424,425,0.4746222496032715,0.1672624289458129,0.43057876065435585,False
random,mixed,4,0,0.001,KL descent,425,426,0.4756152629852295,0.16654408509061147,0.429831224155018,False
random,mixed,4,0,0.001,KL descent,426,427,0.4766232967376709,0.16582549552982934,0.4290802324188122,False
random,mixed,4,0,0.001,KL descent,427,428,0.4776139259338379,0.16510668566137437,0.4283257796400502,False
random,mixed,4,0,0.001,KL descent,428,429,0.4786217212677002,0.1643876814955983,0.42756786060475405,False
random,mixed,4,0,0.001,KL descent,429,430,0.47962093353271484,0.16366850965884666,0.42680647070641387,False
random,mixed,4,0,0.001,KL descent,430,431,0.4806230068206787,0.1629491973966696,0.42604160596178475,False
random,mixed,4,0,0.001,KL descent,431,432,0.4816257953643799,0.1622297725767939,0.4252732630268268,False
random,mixed,4,0,0.001,KL descent,432,433,0.4826226234436035,0.1615102636917948,0.42450143921273226,False
random,mixed,4,0,0.001,KL descent,433,434,0.48362040519714355,0.16079069986144828,0.42372613250202407,False
random,mixed,4,0,0.001,KL descent,434,435,0.4846200942993164,0.16007111083477185,0.4229473415647235,False
random,mixed,4,0,0.001,KL descent,435,436,0.4856226444244385,0.15935152699174612,0.4221650657746008,False
random,mixed,4,0,0.001,KL descent,436,437,0.48662495613098145,0.1586319793446757,0.4213793052254436,False
random,mixed,4,0,0.001,KL descent,437,438,0.487546443939209,0.15791249953922165,0.42059006074739647,False
random,mixed,4,0,0.001,KL descent,438,439,0.48859620094299316,0.1571931198550462,0.4197973339233044,False
random,mixed,4,0,0.001,KL descent,439,440,0.4895308017730713,0.15647387320609832,0.4190011271050793,False
random,mixed,4,0,0.001,KL descent,440,441,0.49054646492004395,0.155754793140497,0.418201443430061,False
random,mixed,4,0,0.001,KL descent,441,442,0.4916679859161377,0.15503591384002025,0.41739828683737057,False
random,mixed,4,0,0.001,KL descent,442,443,0.49266552925109863,0.15431727011920138,0.4165916620842519,False
random,mixed,4,0,0.001,KL descent,443,444,0.4936182498931885,0.1535988974239567,0.4157815747623299,False
random,mixed,4,0,0.001,KL descent,444,445,0.4946765899658203,0.15288083182983161,0.41496803131386906,False
random,mixed,4,0,0.001,KL descent,445,446,0.4956629276275635,0.15216311003975963,0.41415103904791367,False
random,mixed,4,0,0.001,KL descent,446,447,0.49666810035705566,0.15144576938138615,0.41333060615636863,False
random,mixed,4,0,0.001,KL descent,447,448,0.4976656436920166,0.150728847803915,0.4125067417299638,False
random,mixed,4,0,0.001,KL descent,448,449,0.49866366386413574,0.15001238387448315,0.411679455774111,False
random,mixed,4,0,0.001,KL descent,449,450,0.4996647834777832,0.1492964167740395,0.4108487592246125,False
random,mixed,4,0,0.001,KL descent,450,451,0.5006651878356934,0.14858098629271072,0.41001466396320796,False
random,mixed,4,0,0.001,KL descent,451,452,0.5016679763793945,0.14786613282470928,0.4091771828329972,False
random,mixed,4,0,0.001,KL descent,452,453,0.5036685466766357,0.147151897362644,0.4083363296535929,False
random,mixed,4,0,0.001,KL descent,453,454,0.5046122074127197,0.14643832149136302,0.40749211923613093,False
random,mixed,4,0,0.001,KL descent,454,455,0.5060703754425049,0.14572544738124132,0.40664456739802957,False
random,mixed,4,0,0.001,KL descent,455,456,0.507056713104248,0.14501331778090665,0.4057936909774913,False
random,mixed,4,0,0.001,KL descent,456,457,0.5080528259277344,0.14430197600941796,0.40493950784773386,False
random,mixed,4,0,0.001,KL descent,457,458,0.5090560913085938,0.14359146594790628,0.40408203693097144,False
random,mixed,4,0,0.001,KL descent,458,459,0.5100538730621338,0.14288183203060384,0.40322129821203434,False
random,mixed,4,0,0.001,KL descent,459,460,0.5111262798309326,0.14217311923532028,0.40235731275169306,False
random,mixed,4,0,0.001,KL descent,460,461,0.5121240615844727,0.1414653730733358,0.4014901026996136,False
random,mixed,4,0,0.001,KL descent,461,462,0.5131258964538574,0.14075863957870072,0.4006196913069603,False
random,mixed,4,0,0.001,KL descent,462,463,0.5141401290893555,0.14005296529693947,0.3997461029385842,False
random,mixed,4,0,0.001,KL descent,463,464,0.5151240825653076,0.13934839727314907,0.39886936308479365,False
random,mixed,4,0,0.001,KL descent,464,465,0.5161235332489014,0.13864498303952114,0.3979894983727186,False
random,mixed,4,0,0.001,KL descent,465,466,0.5171349048614502,0.13794277060222765,0.3971065365771752,False
random,mixed,4,0,0.001,KL descent,466,467,0.5181276798248291,0.1372418084277081,0.3962205066310597,False
random,mixed,4,0,0.001,KL descent,467,468,0.5191264152526855,0.13654214542835524,0.395331438635254,False
random,mixed,4,0,0.001,KL descent,468,469,0.520127534866333,0.1358438309475895,0.3944393638679934,False
random,mixed,4,0,0.001,KL descent,469,470,0.5223543643951416,0.1351469147442995,0.39354431479366203,False
random,mixed,4,0,0.001,KL descent,470,471,0.5233035087585449,0.13445144697671715,0.39264632507107067,False
random,mixed,4,0,0.001,KL descent,471,472,0.5243358612060547,0.13375747818559966,0.39174542956103636,False
random,mixed,4,0,0.001,KL descent,472,473,0.5253450870513916,0.1330650592769356,0.3908416643335091,False
random,mixed,4,0,0.001,KL descent,473,474,0.5263714790344238,0.1323742415038955,0.38993506667386213,False
random,mixed,4,0,0.001,KL descent,474,475,0.5273716449737549,0.13168507644830008,0.38902567508867225,False
random,mixed,4,0,0.001,KL descent,475,476,0.5283234119415283,0.1309976160014375,0.38811352931075366,False
random,mixed,4,0,0.001,KL descent,476,477,0.5293376445770264,0.1303119123443084,0.3871986703034916,False
random,mixed,4,0,0.001,KL descent,477,478,0.5303647518157959,0.12962801792726675,0.38628114026443144,False
random,mixed,4,0,0.001,KL descent,478,479,0.5323445796966553,0.12894598544912883,0.38536098262817475,False
random,mixed,4,0,0.001,KL descent,479,480,0.5333373546600342,0.12826586783565236,0.38443824206841876,False
random,mixed,4,0,0.001,KL descent,480,481,0.5343372821807861,0.12758771821754145,0.3835129644993114,False
random,mixed,4,0,0.001,KL descent,481,482,0.5353429317474365,0.1269115899078122,0.3825851970758854,False
random,mixed,4,0,0.001,KL descent,482,483,0.5362880229949951,0.12623753637871862,0.38165498819377053,False
random,mixed,4,0,0.001,KL descent,483,484,0.5372493267059326,0.12556561123806861,0.3807223874879564,False
random,mixed,4,0,0.001,KL descent,484,485,0.5383009910583496,0.12489586820511042,0.3797874458307792,False
random,mixed,4,0,0.001,KL descent,485,486,0.5393283367156982,0.1242283610858748,0.3788502153289658,False
random,mixed,4,0,0.001,KL descent,486,487,0.5407142639160156,0.12356314374805773,0.3779107493197904,False
random,mixed,4,0,0.001,KL descent,487,488,0.5427432060241699,0.12290027009544786,0.37696910236633185,False
random,mixed,4,0,0.001,KL descent,488,489,0.5437414646148682,0.12223979404190151,0.37602533025176954,False
random,mixed,4,0,0.001,KL descent,489,490,0.5447957515716553,0.1215817694849161,0.3750794899727793,False
random,mixed,4,0,0.001,KL descent,490,491,0.5457773208618164,0.12092625027876515,0.3741316397319019,False
random,mixed,4,0,0.001,KL descent,491,492,0.5467464923858643,0.12027329020729058,0.37318183892900614,False
random,mixed,4,0,0.001,KL descent,492,493,0.5477390289306641,0.1196229429563063,0.3722301481517222,False
random,mixed,4,0,0.001,KL descent,493,494,0.5497372150421143,0.11897526208568195,0.3712766291649012,False
random,mixed,4,0,0.001,KL descent,494,495,0.5507373809814453,0.11833030100109779,0.37032134489905427,False
random,mixed,4,0,0.001,KL descent,495,496,0.5527966022491455,0.11768811292553867,0.3693643594378117,False
random,mixed,4,0,0.001,KL descent,496,497,0.5537679195404053,0.11704875087048562,0.36840573800430915,False
random,mixed,4,0,0.001,KL descent,497,498,0.554779052734375,0.11641226760690541,0.36744554694659215,False
random,mixed,4,0,0.001,KL descent,498,499,0.5558714866638184,0.11577871563602622,0.36648385372198156,False
random,mixed,4,0,0.001,KL descent,499,500,0.5568654537200928,0.11514814715990693,0.36552072688037673,False
random,mixed,4,0,0.001,KL descent,500,501,0.5578632354736328,0.11452061405189226,0.36455623604655785,False
random,mixed,4,0,0.001,KL descent,501,502,0.5588665008544922,0.11389616782690959,0.36359045190141676,False
random,mixed,4,0,0.001,KL descent,502,503,0.559863805770874,0.1132748596117198,0.362623446162196,False
random,mixed,4,0,0.001,KL descent,503,504,0.5617468357086182,0.11265674011505278,0.3616552915616386,False
random,mixed,4,0,0.001,KL descent,504,505,0.5627443790435791,0.11204185959775739,0.3606860618261398,False
random,mixed,4,0,0.001,KL descent,505,506,0.5638201236724854,0.11143026784293664,0.359715831652863,False
random,mixed,4,0,0.001,KL descent,506,507,0.5658023357391357,0.11082201412612228,0.3587446766858373,False
random,mixed,4,0,0.001,KL descent,507,508,0.5668056011199951,0.1102171471855222,0.35777267349104225,False
random,mixed,4,0,0.001,KL descent,508,509,0.5677950382232666,0.10961571519235727,0.35679989953047037,False
random,mixed,4,0,0.001,KL descent,509,510,0.5687906742095947,0.10901776572136448,0.3558264331352427,False
random,mixed,4,0,0.001,KL descent,510,511,0.5710079669952393,0.10842334572143866,0.3548523534776977,False
random,mixed,4,0,0.001,KL descent,511,512,0.57318115234375,0.10783250148649887,0.35387774054253246,False
random,mixed,4,0,0.001,KL descent,512,513,0.5751163959503174,0.10724527862658584,0.3529026750969937,False
random,mixed,4,0,0.001,KL descent,513,514,0.5761690139770508,0.10666172203923661,0.3519272386601267,False
random,mixed,4,0,0.001,KL descent,514,515,0.5770788192749023,0.10608187588119614,0.3509515134711628,False
random,mixed,4,0,0.001,KL descent,515,516,0.5790295600891113,0.10550578354040606,0.3499755824568973,False
random,mixed,4,0,0.001,KL descent,516,517,0.5801219940185547,0.10493348760846141,0.34899952919834887,False
random,mixed,4,0,0.001,KL descent,517,518,0.5810790061950684,0.10436502985338944,0.34802343789640916,False
random,mixed,4,0,0.001,KL descent,518,519,0.5820968151092529,0.1038004511929651,0.34704739333682777,False
random,mixed,4,0,0.001,KL descent,519,520,0.5831258296966553,0.10323979166842076,0.3460714808542479,False
random,mixed,4,0,0.001,KL descent,520,521,0.5841209888458252,0.10268309041874929,0.3450957862956032,False
random,mixed,4,0,0.001,KL descent,521,522,0.5851171016693115,0.10213038565551544,0.3441203959827147,False
random,mixed,4,0,0.001,KL descent,522,523,0.586113691329956,0.10158171463823086,0.3431453966741423,False
random,mixed,4,0,0.001,KL descent,523,524,0.5870859622955322,0.1010371136503995,0.3421708755264623,False
random,mixed,4,0,0.001,KL descent,524,525,0.5890226364135742,0.10049661797614323,0.3411969200547942,False
random,mixed,4,0,0.001,KL descent,525,526,0.5900301933288574,0.09996026187756415,0.3402236180928204,False
random,mixed,4,0,0.001,KL descent,526,527,0.5910329818725586,0.09942807857274498,0.3392510577521234,False
random,mixed,4,0,0.001,KL descent,527,528,0.5920865535736084,0.09890010021455645,0.3382793273811123,False
random,mixed,4,0,0.001,KL descent,528,529,0.5931210517883301,0.09837635787016182,0.33730851552334806,False
random,mixed,4,0,0.001,KL descent,529,530,0.5941295623779297,0.09785688150136895,0.3363387108755006,False
random,mixed,4,0,0.001,KL descent,530,531,0.5951237678527832,0.09734169994574662,0.3353700022448184,False
random,mixed,4,0,0.001,KL descent,531,532,0.5960817337036133,0.0968308408986113,0.33440247850626276,False
random,mixed,4,0,0.001,KL descent,532,533,0.5970859527587891,0.09632433089588766,0.33343622855933097,False
random,mixed,4,0,0.001,KL descent,533,534,0.5980889797210693,0.09582219529782107,0.3324713412845405,False
random,mixed,4,0,0.001,KL descent,534,535,0.5990681648254395,0.09532445827364941,0.3315079054997354,False
random,mixed,4,0,0.001,KL descent,535,536,0.6000802516937256,0.09483114278715796,0.33054600991614175,False
random,mixed,4,0,0.001,KL descent,536,537,0.6010360717773438,0.09434227058321959,0.3295857430943149,False
random,mixed,4,0,0.001,KL descent,537,538,0.6021010875701904,0.09385786217526362,0.3286271933999225,False
random,mixed,4,0,0.001,KL descent,538,539,0.6030950546264648,0.09337793683378776,0.3276704489595771,False
random,mixed,4,0,0.001,KL descent,539,540,0.6030950546264648,0.09290251257579238,0.32671559761651636,False
random,mixed,4,0,0.001,KL descent,540,541,0.6046504974365234,0.09243160615530423,0.3257627268864745,False
random,mixed,4,0,0.001,KL descent,541,542,0.6057424545288086,0.09196523305485337,0.3248119239135,False
random,mixed,4,0,0.001,KL descent,542,543,0.6067283153533936,0.09150340747803473,0.32386327542600296,False
random,mixed,4,0,0.001,KL descent,543,544,0.6077194213867188,0.09104614234309005,0.3229168676929415,False
random,mixed,4,0,0.001,KL descent,544,545,0.608720064163208,0.09059344927754528,0.3219727864802505,False
random,mixed,4,0,0.001,KL descent,545,546,0.609722375869751,0.09014533861388695,0.3210311170075142,False
random,mixed,4,0,0.001,KL descent,546,547,0.6107237339019775,0.08970181938633771,0.3200919439050439,False
random,mixed,4,0,0.001,KL descent,547,548,0.6117219924926758,0.08926289932865047,0.31915535117123395,False
random,mixed,4,0,0.001,KL descent,548,549,0.6127209663391113,0.08882858487299466,0.3182214221304008,False
random,mixed,4,0,0.001,KL descent,549,550,0.6138050556182861,0.08839888114988476,0.3172902393910557,False
random,mixed,4,0,0.001,KL descent,550,551,0.6148598194122314,0.08797379198918956,0.31636188480470306,False
random,mixed,4,0,0.001,KL descent,551,552,0.615821123123169,0.08755331992217671,0.31543643942519517,False
random,mixed,4,0,0.001,KL descent,552,553,0.6168608665466309,0.08713746618462298,0.3145139834686811,False
random,mixed,4,0,0.001,KL descent,553,554,0.6178631782531738,0.08672623072095895,0.31359459627420355,False
random,mixed,4,0,0.001,KL descent,554,555,0.6188681125640869,0.0863196121894654,0.31267835626501206,False
random,mixed,4,0,0.001,KL descent,555,556,0.6198718547821045,0.08591760796845666,0.31176534091052444,False
random,mixed,4,0,0.001,KL descent,556,557,0.620868444442749,0.08552021416353398,0.31085562668918953,False
random,mixed,4,0,0.001,KL descent,557,558,0.6228728294372559,0.0851274256157743,0.3099492890520049,False
random,mixed,4,0,0.001,KL descent,558,559,0.6238646507263184,0.08473923591097332,0.30904640238704817,False
random,mixed,4,0,0.001,KL descent,559,560,0.6248743534088135,0.08435563738979207,0.308147039984737,False
random,mixed,4,0,0.001,KL descent,560,561,0.625870943069458,0.08397662115890317,0.3072512740041228,False
random,mixed,4,0,0.001,KL descent,561,562,0.6268672943115234,0.0836021771030727,0.3063591754401347,False
random,mixed,4,0,0.001,KL descent,562,563,0.6278715133666992,0.08323229389811128,0.30547081409173205,False
random,mixed,4,0,0.001,KL descent,563,564,0.6298167705535889,0.08286695902476167,0.3045862585311406,False
random,mixed,4,0,0.001,KL descent,564,565,0.6318724155426025,0.08250615878344933,0.30370557607415366,False
random,mixed,4,0,0.001,KL descent,565,566,0.6328682899475098,0.08214987830987433,0.30282883275147887,False
random,mixed,4,0,0.001,KL descent,566,567,0.6339170932769775,0.0817981015914304,0.30195609328120193,False
random,mixed,4,0,0.001,KL descent,567,568,0.6349282264709473,0.08145081148441824,0.30108742104237474,False
random,mixed,4,0,0.001,KL descent,568,569,0.6358671188354492,0.08110798973205073,0.3002228780497997,False
random,mixed,4,0,0.001,KL descent,569,570,0.6368489265441895,0.08076961698317037,0.29936252492991033,False
random,mixed,4,0,0.001,KL descent,570,571,0.6378722190856934,0.08043567281171754,0.29850642089792384,False
random,mixed,4,0,0.001,KL descent,571,572,0.6383802890777588,0.08010613573687615,0.29765462373619767,False
random,mixed,4,0,0.001,KL descent,572,573,0.6394476890563965,0.07978098324385927,0.2968071897737366,False
random,mixed,4,0,0.001,KL descent,573,574,0.6404485702514648,0.0794601918053684,0.295964173867081,False
random,mixed,4,0,0.001,KL descent,574,575,0.6414453983306885,0.07914373690360227,0.2951256293823101,False
random,mixed,4,0,0.001,KL descent,575,576,0.6434440612792969,0.07883159305287112,0.2942916081784113,False
random,mixed,4,0,0.001,KL descent,576,577,0.6444451808929443,0.07852373382272576,0.29346216059186603,False
random,mixed,4,0,0.001,KL descent,577,578,0.6464409828186035,0.07822013186161275,0.29263733542257864,False
random,mixed,4,0,0.001,KL descent,578,579,0.6474316120147705,0.07792075892097115,0.2918171799210014,False
random,mixed,4,0,0.001,KL descent,579,580,0.6484253406524658,0.07762558587980058,0.291001739776632,False
random,mixed,4,0,0.001,KL descent,580,581,0.6494431495666504,0.0773345827696102,0.2901910591077349,False
random,mixed,4,0,0.001,KL descent,581,582,0.650439977645874,0.07704771879977149,0.2893851804524285,False
random,mixed,4,0,0.001,KL descent,582,583,0.6514554023742676,0.0767649623831788,0.288584144760955,False
random,mixed,4,0,0.001,KL descent,583,584,0.6523988246917725,0.07648628116224701,0.2877879913893197,False
random,mixed,4,0,0.001,KL descent,584,585,0.653400182723999,0.07621164203517866,0.2869967580941719,False
random,mixed,4,0,0.001,KL descent,585,586,0.6544528007507324,0.07594101118245584,0.28621048102892555,False
random,mixed,4,0,0.001,KL descent,586,587,0.6554675102233887,0.07567435409356438,0.28542919474115414,False
random,mixed,4,0,0.001,KL descent,587,588,0.6564912796020508,0.07541163559390121,0.2846529321712759,False
random,mixed,4,0,0.001,KL descent,588,589,0.6574678421020508,0.07515281987180294,0.28388172465238626,False
random,mixed,4,0,0.001,KL descent,589,590,0.6594753265380859,0.0748978705057107,0.2831156019113568,False
random,mixed,4,0,0.001,KL descent,590,591,0.6604723930358887,0.07464675049140829,0.28235459207110786,False
random,mixed,4,0,0.001,KL descent,591,592,0.6614687442779541,0.07439942226932837,0.2815987216541136,False
random,mixed,4,0,0.001,KL descent,592,593,0.6624703407287598,0.07415584775186274,0.2808480155870028,False
random,mixed,4,0,0.001,KL descent,593,594,0.6634647846221924,0.07391598835066959,0.2801024972063115,False
random,mixed,4,0,0.001,KL descent,594,595,0.6644647121429443,0.07367980500396393,0.2793621882654174,False
random,mixed,4,0,0.001,KL descent,595,596,0.6654646396636963,0.07344725820371253,0.2786271089424799,False
random,mixed,4,0,0.001,KL descent,596,597,0.6664643287658691,0.07321830802276248,0.27789727784951823,False
random,mixed,4,0,0.001,KL descent,597,598,0.6674649715423584,0.07299291414183072,0.2771727120424865,False
random,mixed,4,0,0.001,KL descent,598,599,0.6684646606445312,0.07277103587636873,0.27645342703243025,False
random,mixed,4,0,0.001,KL descent,599,600,0.6694698333740234,0.0725526322032221,0.2757394367975349,False
random,mixed,4,0,0.001,KL descent,600,601,0.6704745292663574,0.07233766178713223,0.2750307537962533,False
random,mixed,4,0,0.001,KL descent,601,602,0.6716077327728271,0.07212608300530618,0.27432738897792586,False
random,mixed,4,0,0.001,KL descent,602,603,0.6726222038269043,0.07191785397607009,0.27362935180293113,False
random,mixed,4,0,0.001,KL descent,603,604,0.6736207008361816,0.07171293258642852,0.27293665026209696,False
random,mixed,4,0,0.001,KL descent,604,605,0.6746234893798828,0.07151127651266391,0.27224929088361727,False
random,mixed,4,0,0.001,KL descent,605,606,0.6756455898284912,0.07131284324756594,0.2715672787546172,False
random,mixed,4,0,0.001,KL descent,606,607,0.6766383647918701,0.0711175901252502,0.27089061753934607,False
random,mixed,4,0,0.001,KL descent,607,608,0.6776382923126221,0.07092547434562511,0.2702193094981249,False
random,mixed,4,0,0.001,KL descent,608,609,0.6786470413208008,0.07073645299848456,0.26955335550694914,False
random,mixed,4,0,0.001,KL descent,609,610,0.6797475814819336,0.07055048308722198,0.2688927550778057,False
random,mixed,4,0,0.001,KL descent,610,611,0.6817488670349121,0.0703675215521564,0.26823750637965543,False
random,mixed,4,0,0.001,KL descent,611,612,0.6827454566955566,0.07018752529340343,0.26758760625991507,False
random,mixed,4,0,0.001,KL descent,612,613,0.6836864948272705,0.07001045119336739,0.2669430502666521,False
random,mixed,4,0,0.001,KL descent,613,614,0.684746265411377,0.06983625613873803,0.26630383267117097,False
random,mixed,4,0,0.001,KL descent,614,615,0.6857485771179199,0.0696648970420708,0.26566994649122044,False
random,mixed,4,0,0.001,KL descent,615,616,0.6867547035217285,0.06949633086286829,0.26504138351456785,False
random,mixed,4,0,0.001,KL descent,616,617,0.6876208782196045,0.06933051462820247,0.2644181343230894,False
random,mixed,4,0,0.001,KL descent,617,618,0.6887392997741699,0.06916740545283177,0.26380018831716945,False
random,mixed,4,0,0.001,KL descent,618,619,0.6897132396697998,0.06900696055883024,0.26318753374054565,False
random,mixed,4,0,0.001,KL descent,619,620,0.6907742023468018,0.06884913729471458,0.26258015770545107,False
random,mixed,4,0,0.001,KL descent,620,621,0.6917915344238281,0.06869389315402752,0.26197804621799525,False
random,mixed,4,0,0.001,KL descent,621,622,0.6927878856658936,0.06854118579345188,0.26138118420393786,False
random,mixed,4,0,0.001,KL descent,622,623,0.6937742233276367,0.06839097305034113,0.2607895555345433,False
random,mixed,4,0,0.001,KL descent,623,624,0.6947736740112305,0.06824321295976604,0.26020314305274866,False
random,mixed,4,0,0.001,KL descent,624,625,0.6957740783691406,0.06809786377100181,0.25962192859944216,False
random,mixed,4,0,0.001,KL descent,625,626,0.6967737674713135,0.06795488396348529,0.25904589303988523,False
random,mixed,4,0,0.001,KL descent,626,627,0.6977748870849609,0.06781423226222995,0.2584750162902613,False
random,mixed,4,0,0.001,KL descent,627,628,0.6987738609313965,0.06767586765270522,0.2579092773442739,False
random,mixed,4,0,0.001,KL descent,628,629,0.6997606754302979,0.06753974939516286,0.2573486542997975,False
random,mixed,4,0,0.001,KL descent,629,630,0.7007687091827393,0.06740583703843414,0.2567931243855677,False
random,mixed,4,0,0.001,KL descent,630,631,0.7017712593078613,0.06727409043317993,0.2562426639878822,False
random,mixed,4,0,0.001,KL descent,631,632,0.7027614116668701,0.06714446974458473,0.2556972486771333,False
random,mixed,4,0,0.001,KL descent,632,633,0.7037274837493896,0.06701693546454388,0.2551568532344915,False
random,mixed,4,0,0.001,KL descent,633,634,0.7047731876373291,0.0668914484232894,0.2546214516783353,False
random,mixed,4,0,0.001,KL descent,634,635,0.7054123878479004,0.0667679698004876,0.254091017290645,False
random,mixed,4,0,0.001,KL descent,635,636,0.7074224948883057,0.06664646113580898,0.2535655226432075,False
random,mixed,4,0,0.001,KL descent,636,637,0.708935022354126,0.06652688433898771,0.25304493962379443,False
random,mixed,4,0,0.001,KL descent,637,638,0.7099499702453613,0.06640920169932721,0.25252923946196093,False
random,mixed,4,0,0.001,KL descent,638,639,0.7119464874267578,0.0662933758947192,0.25201839275482407,False
random,mixed,4,0,0.001,KL descent,639,640,0.7129456996917725,0.06617937000014987,0.25151236949255595,False
random,mixed,4,0,0.001,KL descent,640,641,0.7139933109283447,0.06606714749568357,0.25101113908360984,False
random,mixed,4,0,0.001,KL descent,641,642,0.7149546146392822,0.06595667227397307,0.2505146703797351,False
random,mixed,4,0,0.001,KL descent,642,643,0.715994119644165,0.06584790864726528,0.25002293170072143,False
random,mixed,4,0,0.001,KL descent,643,644,0.7169942855834961,0.06574082135392578,0.24953589085879624,False
random,mixed,4,0,0.001,KL descent,644,645,0.718001127243042,0.06563537556449707,0.2490535151828012,False
random,mixed,4,0,0.001,KL descent,645,646,0.7190017700195312,0.06553153688727772,0.24857577154197452,False
random,mixed,4,0,0.001,KL descent,646,647,0.7200074195861816,0.06542927137345313,0.24810262636946423,False
random,mixed,4,0,0.001,KL descent,647,648,0.7220025062561035,0.0653285455217722,0.2476340456854482,False
random,mixed,4,0,0.001,KL descent,648,649,0.7230746746063232,0.06522932628277973,0.247169995119912,False
random,mixed,4,0,0.001,KL descent,649,650,0.7239561080932617,0.06513158106262358,0.24671043993507985,False
random,mixed,4,0,0.001,KL descent,650,651,0.7250802516937256,0.06503527772642761,0.2462553450474102,False
random,mixed,4,0,0.001,KL descent,651,652,0.7260754108428955,0.06494038460127688,0.24580467504933123,False
random,mixed,4,0,0.001,KL descent,652,653,0.7270660400390625,0.06484687047875475,0.24535839423034966,False
random,mixed,4,0,0.001,KL descent,653,654,0.7280676364898682,0.06475470461713576,0.24491646659804295,False
random,mixed,4,0,0.001,KL descent,654,655,0.7290678024291992,0.06466385674316498,0.24447885589842475,False
random,mixed,4,0,0.001,KL descent,655,656,0.7300748825073242,0.06457429705346135,0.24404552563594226,False
random,mixed,4,0,0.001,KL descent,656,657,0.7310729026794434,0.06448599621557678,0.24361643909312108,False
random,mixed,4,0,0.001,KL descent,657,658,0.7320461273193359,0.06439892536869107,0.24319155934973882,False
random,mixed,4,0,0.001,KL descent,658,659,0.7330567836761475,0.06431305612395516,0.2427708493015161,False
random,mixed,4,0,0.001,KL descent,659,660,0.7340424060821533,0.06422836056452041,0.2423542716784715,False
random,mixed,4,0,0.001,KL descent,660,661,0.7350368499755859,0.06414481124522889,0.24194178906276376,False
random,mixed,4,0,0.001,KL descent,661,662,0.7359874248504639,0.06406238119199888,0.24153336390611507,False
random,mixed,4,0,0.001,KL descent,662,663,0.7389965057373047,0.0639810439009108,0.24112895854682226,False
random,mixed,4,0,0.001,KL descent,663,664,0.740039587020874,0.06390077333699767,0.2407285352263086,False
random,mixed,4,0,0.001,KL descent,664,665,0.7410476207733154,0.06382154393275312,0.2403320561051941,False
random,mixed,4,0,0.001,KL descent,665,666,0.7420423030853271,0.06374333058637109,0.2399394832790024,False
random,mixed,4,0,0.001,KL descent,666,667,0.7430360317230225,0.06366610865972866,0.2395507787933516,False
random,mixed,4,0,0.001,KL descent,667,668,0.7440459728240967,0.06358985397611003,0.23916590465878615,False
random,mixed,4,0,0.001,KL descent,668,669,0.7450411319732666,0.0635145428176992,0.2387848228651024,False
random,mixed,4,0,0.001,KL descent,669,670,0.7460405826568604,0.06344015192282829,0.23840749539523226,False
random,mixed,4,0,0.001,KL descent,670,671,0.7470390796661377,0.06336665848302568,0.23803388423881927,False
random,mixed,4,0,0.001,KL descent,671,672,0.7480480670928955,0.06329404013983163,0.2376639514051737,False
random,mixed,4,0,0.001,KL descent,672,673,0.74904465675354,0.06322227498142607,0.23729765893597152,False
random,mixed,4,0,0.001,KL descent,673,674,0.7500612735748291,0.06315134153906185,0.23693496891744092,False
random,mixed,4,0,0.001,KL descent,674,675,0.7510347366333008,0.06308121878331234,0.23657584349218252,False
random,mixed,4,0,0.001,KL descent,675,676,0.75203537940979,0.06301188612014787,0.236220244870521,False
random,mixed,4,0,0.001,KL descent,676,677,0.7530386447906494,0.06294332338684654,0.23586813534150192,False
random,mixed,4,0,0.001,KL descent,677,678,0.7549991607666016,0.06287551084774926,0.23551947728345277,False
random,mixed,4,0,0.001,KL descent,678,679,0.7560594081878662,0.06280842918987135,0.23517423317419014,False
random,mixed,4,0,0.001,KL descent,679,680,0.75699782371521,0.06274205951836706,0.2348323656007592,False
random,mixed,4,0,0.001,KL descent,680,681,0.7580342292785645,0.06267638335187976,0.23449383726890238,False
random,mixed,4,0,0.001,KL descent,681,682,0.7590451240539551,0.06261138261774783,0.23415861101203084,False
random,mixed,4,0,0.001,KL descent,682,683,0.7600364685058594,0.06254703964711768,0.2338266497998812,False
random,mixed,4,0,0.001,KL descent,683,684,0.7619526386260986,0.06248333716993414,0.23349791674681736,False
random,mixed,4,0,0.001,KL descent,684,685,0.7619526386260986,0.06242025830985361,0.2331723751197874,False
random,mixed,4,0,0.001,KL descent,685,686,0.7640366554260254,0.06235778657902991,0.2328499883458115,False
random,mixed,4,0,0.001,KL descent,686,687,0.7650365829467773,0.06229590587285934,0.23253072001928576,False
random,mixed,4,0,0.001,KL descent,687,688,0.766033411026001,0.062234600464609366,0.232214533908831,False
random,mixed,4,0,0.001,KL descent,688,689,0.7670364379882812,0.0621738550000072,0.23190139396385906,False
random,mixed,4,0,0.001,KL descent,689,690,0.7680380344390869,0.06211365449174339,0.2315912643207957,False
random,mixed,4,0,0.001,KL descent,690,691,0.769036054611206,0.06205398431392821,0.2312841093089986,False
random,mixed,4,0,0.001,KL descent,691,692,0.7699487209320068,0.06199483019649262,0.23097989345632183,False
random,mixed,4,0,0.001,KL descent,692,693,0.7715375423431396,0.06193617821954528,0.2306785814944471,False
random,mixed,4,0,0.001,KL descent,693,694,0.7725498676300049,0.06187801480768885,0.2303801383638479,False
random,mixed,4,0,0.001,KL descent,694,695,0.7735493183135986,0.06182032672429718,0.23008452921847355,False
random,mixed,4,0,0.001,KL descent,695,696,0.7745485305786133,0.06176310106577339,0.22979171943022483,False
random,mixed,4,0,0.001,KL descent,696,697,0.7755486965179443,0.06170632525577174,0.22950167459299875,False
random,mixed,4,0,0.001,KL descent,697,698,0.7765483856201172,0.0616499870394064,0.22921436052661534,False
random,mixed,4,0,0.001,KL descent,698,699,0.777550458908081,0.06159407447744467,0.22892974328040505,False
random,mixed,4,0,0.001,KL descent,699,700,0.7785484790802002,0.06153857594048561,0.22864778913652106,False
random,mixed,4,0,0.001,KL descent,700,701,0.779548168182373,0.061483480103134584,0.2283684646130168,False
random,mixed,4,0,0.001,KL descent,701,702,0.7805483341217041,0.061428775938175244,0.2280917364667034,False
random,mixed,4,0,0.001,KL descent,702,703,0.781548261642456,0.06137445271073983,0.22781757169574435,False
random,mixed,4,0,0.001,KL descent,703,704,0.7825489044189453,0.061320499972484524,0.22754593754196717,False
random,mixed,4,0,0.001,KL descent,704,705,0.7835483551025391,0.06126690755577286,0.22727680149303475,False
random,mixed,4,0,0.001,KL descent,705,706,0.784548282623291,0.06121366556786691,0.22701013128432124,False
random,mixed,4,0,0.001,KL descent,706,707,0.7856202125549316,0.06116076438513237,0.2267458949005674,False
random,mixed,4,0,0.001,KL descent,707,708,0.7875914573669434,0.061108194647258675,0.22648406057739107,False
random,mixed,4,0,0.001,KL descent,708,709,0.7885985374450684,0.06105594725149728,0.22622459680246895,False
random,mixed,4,0,0.001,KL descent,709,710,0.7896018028259277,0.061004013346919184,0.22596747231663455,False
random,mixed,4,0,0.001,KL descent,710,711,0.7906155586242676,0.06095238432869082,0.22571265611467484,False
random,mixed,4,0,0.001,KL descent,711,712,0.791616678237915,0.06090105183237562,0.22546011744600392,False
random,mixed,4,0,0.001,KL descent,712,713,0.7926123142242432,0.0608500077282588,0.22520982581503401,False
random,mixed,4,0,0.001,KL descent,713,714,0.793616533279419,0.06079924411569593,0.22496175098148868,False
random,mixed,4,0,0.001,KL descent,714,715,0.7946703433990479,0.06074875331748893,0.22471586296042967,False
random,mixed,4,0,0.001,KL descent,715,716,0.7956619262695312,0.06069852787428578,0.22447213202209865,False
random,mixed,4,0,0.001,KL descent,716,717,0.7966663837432861,0.060648560539008134,0.22423052869161575,False
random,mixed,4,0,0.001,KL descent,717,718,0.7976610660552979,0.060598844271303874,0.22399102374848612,False
random,mixed,4,0,0.001,KL descent,718,719,0.7986652851104736,0.06054937223202894,0.22375358822583652,False
random,mixed,4,0,0.001,KL descent,719,720,0.7996551990509033,0.06050013777775218,0.22351819340962054,False
random,mixed,4,0,0.001,KL descent,720,721,0.8006517887115479,0.060451134455282475,0.22328481083749246,False
random,mixed,4,0,0.001,KL descent,721,722,0.8016834259033203,0.06040235599622317,0.22305341229757303,False
random,mixed,4,0,0.001,KL descent,722,723,0.8027329444885254,0.06035379631154907,0.22282396982705024,False
random,mixed,4,0,0.001,KL descent,723,724,0.8052687644958496,0.060305449486200285,0.22259645571051528,False
random,mixed,4,0,0.001,KL descent,724,725,0.8063225746154785,0.06025730977369249,0.22237084247812444,False
random,mixed,4,0,0.001,KL descent,725,726,0.8073139190673828,0.06020937159075602,0.2221471029037166,False
random,mixed,4,0,0.001,KL descent,726,727,0.8083686828613281,0.060161629511969246,0.22192521000250592,False
random,mixed,4,0,0.001,KL descent,727,728,0.8093132972717285,0.060114078264413194,0.2217051370287076,False
random,mixed,4,0,0.001,KL descent,728,729,0.8103728294372559,0.0600667127223357,0.22148685747299485,False
random,mixed,4,0,0.001,KL descent,729,730,0.8113722801208496,0.060019527901810865,0.22127034505966725,False
random,mixed,4,0,0.001,KL descent,730,731,0.812366247177124,0.059972518955398804,0.22105557374361376,False
random,mixed,4,0,0.001,KL descent,731,732,0.8143718242645264,0.05992568116680193,0.2208425177071197,False
random,mixed,4,0,0.001,KL descent,732,733,0.8153643608093262,0.05987900994551074,0.2206311513563459,False
random,mixed,4,0,0.001,KL descent,733,734,0.8163678646087646,0.05983250082143046,0.22042144931771762,False
random,mixed,4,0,0.001,KL descent,734,735,0.817375898361206,0.059786149439485674,0.22021338643391658,False
random,mixed,4,0,0.001,KL descent,735,736,0.8183739185333252,0.05973995155419915,0.2200069377596839,False
random,mixed,4,0,0.001,KL descent,736,737,0.8193709850311279,0.059693903024231595,0.21980207855742648,False
random,mixed,4,0,0.001,KL descent,737,738,0.8202800750732422,0.05964799980687893,0.21959878429237434,False
random,mixed,4,0,0.001,KL descent,738,739,0.8213374614715576,0.05960223795252262,0.21939703062765992,False
random,mixed,4,0,0.001,KL descent,739,740,0.8223862648010254,0.059556613599011606,0.21919679341887544,False
random,mixed,4,0,0.001,KL descent,740,741,0.823371410369873,0.05951112296598083,0.2189980487084796,False
random,mixed,4,0,0.001,KL descent,741,742,0.8243684768676758,0.05946576234909504,0.21880077271982046,False
random,mixed,4,0,0.001,KL descent,742,743,0.8253755569458008,0.05942052811418775,0.21860494185067825,False
random,mixed,4,0,0.001,KL descent,743,744,0.8263726234436035,0.059375416691317795,0.21841053266667892,False
random,mixed,4,0,0.001,KL descent,744,745,0.8273718357086182,0.05933042456869633,0.21821752189401245,False
random,mixed,4,0,0.001,KL descent,745,746,0.8283710479736328,0.059285548286496834,0.2180258864119857,False
random,mixed,4,0,0.001,KL descent,746,747,0.8303661346435547,0.059240784430520124,0.21783560324497947,False
random,mixed,4,0,0.001,KL descent,747,748,0.8313710689544678,0.059196129625708194,0.2176466495539982,False
random,mixed,4,0,0.001,KL descent,748,749,0.8323280811309814,0.05915158052947777,0.21745900262762796,False
random,mixed,4,0,0.001,KL descent,749,750,0.8333706855773926,0.0591071338248776,0.217272639872582,False
random,mixed,4,0,0.001,KL descent,750,751,0.8343713283538818,0.05906278621352887,0.21708753880364418,False
random,mixed,4,0,0.001,KL descent,751,752,0.8353686332702637,0.05901853440834275,0.2169036770328571,False
random,mixed,4,0,0.001,KL descent,752,753,0.8363778591156006,0.05897437512599652,0.21672103225838774,False
random,mixed,4,0,0.001,KL descent,753,754,0.8372833728790283,0.058930305079131835,0.21653958225229186,False
random,mixed,4,0,0.001,KL descent,754,755,0.8383395671844482,0.05888632096827057,0.21635930484798294,False
random,mixed,4,0,0.001,KL descent,755,756,0.839369535446167,0.05884241947340465,0.21618017792657127,False
random,mixed,4,0,0.001,KL descent,756,757,0.8403749465942383,0.05879859724524901,0.21600217940261007,False
random,mixed,4,0,0.001,KL descent,757,758,0.841331958770752,0.05875485089612172,0.215825287208873,False
random,mixed,4,0,0.001,KL descent,758,759,0.8423998355865479,0.05871117699041574,0.21564947928015366,False
random,mixed,4,0,0.001,KL descent,759,760,0.8433661460876465,0.0586675720346457,0.21547473353615132,False
random,mixed,4,0,0.001,KL descent,760,761,0.8443706035614014,0.058624032467020123,0.21530102786331948,False
random,mixed,4,0,0.001,KL descent,761,762,0.8453776836395264,0.058580554646506855,0.21512834009542117,False
random,mixed,4,0,0.001,KL descent,762,763,0.8463690280914307,0.058537134841362505,0.21495664799305764,False
random,mixed,4,0,0.001,KL descent,763,764,0.8473193645477295,0.058493769217065325,0.21478592922182949,False
random,mixed,4,0,0.001,KL descent,764,765,0.8483767509460449,0.05845045382363228,0.21461616132913267,False
random,mixed,4,0,0.001,KL descent,765,766,0.849379301071167,0.05840718458224188,0.21444732171948644,False
random,mixed,4,0,0.001,KL descent,766,767,0.8503143787384033,0.05836395727114977,0.21427938762835108,False
random,mixed,4,0,0.001,KL descent,767,768,0.8513708114624023,0.058320767510811104,0.21411233609420852,False
random,mixed,4,0,0.001,KL descent,768,769,0.8523769378662109,0.05827761074817117,0.21394614392899852,False
random,mixed,4,0,0.001,KL descent,769,770,0.8533868789672852,0.05823448224006194,0.21378078768654263,False
random,mixed,4,0,0.001,KL descent,770,771,0.8543193340301514,0.05819137703563193,0.21361624362903253,False
random,mixed,4,0,0.001,KL descent,771,772,0.855323076248169,0.05814828995775594,0.21345248769138214,False
random,mixed,4,0,0.001,KL descent,772,773,0.856330394744873,0.058105215583333605,0.21328949544325665,False
random,mixed,4,0,0.001,KL descent,773,774,0.8573737144470215,0.058062148222419785,0.21312724204876982,False
random,mixed,4,0,0.001,KL descent,774,775,0.8583714962005615,0.0580190818960837,0.21296570222344735,False
random,mixed,4,0,0.001,KL descent,775,776,0.8593721389770508,0.05797601031292898,0.2128048501886009,False
random,mixed,4,0,0.001,KL descent,776,777,0.8603696823120117,0.05793292684416903,0.21264465962265655,False
random,mixed,4,0,0.001,KL descent,777,778,0.8613805770874023,0.05788982449716706,0.21248510360943393,False
random,mixed,4,0,0.001,KL descent,778,779,0.8623807430267334,0.05784669588732372,0.21232615458301068,False
random,mixed,4,0,0.001,KL descent,779,780,0.8633785247802734,0.05780353320821855,0.212167784269165,False
random,mixed,4,0,0.001,KL descent,780,781,0.8643660545349121,0.057760328199874145,0.21200996362294525,False
random,mixed,4,0,0.001,KL descent,781,782,0.8653826713562012,0.05771707211502492,0.2118526627623759,False
random,mixed,4,0,0.001,KL descent,782,783,0.8664019107818604,0.057673755683243885,0.21169585089764403,False
random,mixed,4,0,0.001,KL descent,783,784,0.8673880100250244,0.05763036907281313,0.2115394962560903,False
random,mixed,4,0,0.001,KL descent,784,785,0.8683857917785645,0.057586901850154006,0.2113835660020515,False
random,mixed,4,0,0.001,KL descent,785,786,0.8694040775299072,0.057543342936688446,0.21122802615182523,False
random,mixed,4,0,0.001,KL descent,786,787,0.871314525604248,0.057499680562941864,0.21107284148301653,False
random,mixed,4,0,0.001,KL descent,787,788,0.8722813129425049,0.05745590221972238,0.21091797543810137,False
random,mixed,4,0,0.001,KL descent,788,789,0.8733456134796143,0.05741199460618351,0.21076339002193684,False
random,mixed,4,0,0.001,KL descent,789,790,0.8753252029418945,0.057367943574564914,0.21060904569268568,False
random,mixed,4,0,0.001,KL descent,790,791,0.8763303756713867,0.05732373407141437,0.21045490124564376,False
random,mixed,4,0,0.001,KL descent,791,792,0.8773336410522461,0.05727935007505197,0.2103009136899207,False
random,mixed,4,0,0.001,KL descent,792,793,0.8783705234527588,0.05723477452905182,0.21014703811709062,False
random,mixed,4,0,0.001,KL descent,793,794,0.8793725967407227,0.05718998927148823,0.20999322756160482,False
random,mixed,4,0,0.001,KL descent,794,795,0.8803682327270508,0.05714497495968979,0.20983943285247747,False
random,mixed,4,0,0.001,KL descent,795,796,0.8813683986663818,0.0570997109902192,0.20968560245539772,False
random,mixed,4,0,0.001,KL descent,796,797,0.882368803024292,0.05705417541378917,0.20953168230514493,False
random,mixed,4,0,0.001,KL descent,797,798,0.8833718299865723,0.05700834484482358,0.20937761562741064,False
random,mixed,4,0,0.001,KL descent,798,799,0.8843741416931152,0.05696219436531896,0.20922334274951288,False
random,mixed,4,0,0.001,KL descent,799,800,0.8853681087493896,0.056915697422695484,0.2090688008992462,False
random,mixed,4,0,0.001,KL descent,800,801,0.8863828182220459,0.05686882572127401,0.2089139239915313,False
random,mixed,4,0,0.001,KL descent,801,802,0.8883345127105713,0.05682154910701965,0.20875864240163644,False
random,mixed,4,0,0.001,KL descent,802,803,0.8893160820007324,0.05677383544515615,0.20860288272455146,False
random,mixed,4,0,0.001,KL descent,803,804,0.8904285430908203,0.0567256504902749,0.208446567519876,False
random,mixed,4,0,0.001,KL descent,804,805,0.8914127349853516,0.05667695774850792,0.20828961504082066,False
random,mixed,4,0,0.001,KL descent,805,806,0.8924198150634766,0.0566277183313452,0.2081319389473072,False
random,mixed,4,0,0.001,KL descent,806,807,0.8934223651885986,0.056577890800649296,0.20797344800144013,False
random,mixed,4,0,0.001,KL descent,807,808,0.8954203128814697,0.056527431004418364,0.2078140457451469,False
random,mixed,4,0,0.001,KL descent,808,809,0.8964500427246094,0.056476291902823064,0.20765363015853977,False
random,mixed,4,0,0.001,KL descent,809,810,0.8974189758300781,0.05642442338404807,0.20749209329837726,False
random,mixed,4,0,0.001,KL descent,810,811,0.8984110355377197,0.05637177206943978,0.207329320915437,False
random,mixed,4,0,0.001,KL descent,811,812,0.8994181156158447,0.05631828110748155,0.2071651920498176,False
random,mixed,4,0,0.001,KL descent,812,813,0.9003760814666748,0.05626388995608745,0.2069995786032142,False
random,mixed,4,0,0.001,KL descent,813,814,0.9013829231262207,0.05620853415273715,0.20683234488703775,False
random,mixed,4,0,0.001,KL descent,814,815,0.9023957252502441,0.05615214507193963,0.20666334714527085,False
random,mixed,4,0,0.001,KL descent,815,816,0.9034073352813721,0.05609464966956602,0.20649243305118198,False
random,mixed,4,0,0.001,KL descent,816,817,0.9050154685974121,0.05603597021357698,0.20631944117663512,False
random,mixed,4,0,0.001,KL descent,817,818,0.9061000347137451,0.05597602400070536,0.20614420043315412,False
random,mixed,4,0,0.001,KL descent,818,819,0.9071195125579834,0.05591472305868728,0.2059665294833185,False
random,mixed,4,0,0.001,KL descent,819,820,0.9091196060180664,0.05585197383366365,0.20578623612227642,False
random,mixed,4,0,0.001,KL descent,820,821,0.910118818283081,0.055787676862444895,0.20560311662752123,False
random,mixed,4,0,0.001,KL descent,821,822,0.911121129989624,0.05572172642937715,0.20541695507680946,False
random,mixed,4,0,0.001,KL descent,822,823,0.9121131896972656,0.05565401020762984,0.2052275226331196,False
random,mixed,4,0,0.001,KL descent,823,824,0.9131200313568115,0.05558440888483456,0.20503457679594178,False
random,mixed,4,0,0.001,KL descent,824,825,0.9141237735748291,0.055512795773082844,0.20483786061871684,False
random,mixed,4,0,0.001,KL descent,825,826,0.9151158332824707,0.05543903640346998,0.20463710189165127,False
random,mixed,4,0,0.001,KL descent,826,827,0.9161131381988525,0.05536298810548399,0.2044320122902282,False
random,mixed,4,0,0.001,KL descent,827,828,0.9171767234802246,0.055284499571742765,0.2042222864890412,False
random,mixed,4,0,0.001,KL descent,828,829,0.9181158542633057,0.05520341040880491,0.2040076012416281,False
random,mixed,4,0,0.001,KL descent,829,830,0.919123649597168,0.055119550674978354,0.20378761442716978,False
random,mixed,4,0,0.001,KL descent,830,831,0.9201018810272217,0.05503274040640846,0.20356196406436017,False
random,mixed,4,0,0.001,KL descent,831,832,0.9210736751556396,0.05494278913293392,0.20333026729533138,False
random,mixed,4,0,0.001,KL descent,832,833,0.9221158027648926,0.05484949538569411,0.20309211933993682,False
random,mixed,4,0,0.001,KL descent,833,834,0.9231195449829102,0.05475264619875379,0.20284709242468468,False
random,mixed,4,0,0.001,KL descent,834,835,0.9241213798522949,0.05465201660756173,0.20259473468826286,False
random,mixed,4,0,0.001,KL descent,835,836,0.925128698348999,0.05454736914753342,0.20233456906841213,False
random,mixed,4,0,0.001,KL descent,836,837,0.9261367321014404,0.05443845335662684,0.20206609217459592,False
random,mixed,4,0,0.001,KL descent,837,838,0.9271225929260254,0.05432500528643112,0.20178877315225188,False
random,mixed,4,0,0.001,KL descent,838,839,0.9281179904937744,0.054206747026976906,0.20150205254547765,False
random,mixed,4,0,0.001,KL descent,839,840,0.9291138648986816,0.05408338625126383,0.20120534116590527,False
random,mixed,4,0,0.001,KL descent,840,841,0.9301164150238037,0.05395461578632638,0.20089801897682275,False
random,mixed,4,0,0.001,KL descent,841,842,0.9311223030090332,0.05382011321859768,0.20057943400346673,False
random,mixed,4,0,0.001,KL descent,842,843,0.9321186542510986,0.05367954054231439,0.20024890128079886,False
random,mixed,4,0,0.001,KL descent,843,844,0.9331233501434326,0.05353254386072705,0.19990570185315715,False
random,mixed,4,0,0.001,KL descent,844,845,0.9341158866882324,0.053378753151076895,0.19954908184066047,False
random,mixed,4,0,0.001,KL descent,845,846,0.9351181983947754,0.05321778210541573,0.1991782515896937,False
random,mixed,4,0,0.001,KL descent,846,847,0.9370300769805908,0.05304922806063093,0.1987923849268784,False
random,mixed,4,0,0.001,KL descent,847,848,0.938115119934082,0.05287267203221779,0.19839061853815004,False
random,mixed,4,0,0.001,KL descent,848,849,0.9391276836395264,0.052687678867808875,0.1979720514957477,False
random,mixed,4,0,0.001,KL descent,849,850,0.9401311874389648,0.05249379753753741,0.197535744959698,False
random,mixed,4,0,0.001,KL descent,850,851,0.9411215782165527,0.05229056157970474,0.1970807220817795,False
random,mixed,4,0,0.001,KL descent,851,852,0.9420645236968994,0.05207748972141592,0.1966059681421896,False
random,mixed,4,0,0.001,KL descent,852,853,0.9430811405181885,0.05185408669481175,0.1961104309521114,False
random,mixed,4,0,0.001,KL descent,853,854,0.9441137313842773,0.0516198442706416,0.19559302155667316,False
random,mixed,4,0,0.001,KL descent,854,855,0.945122241973877,0.05137424253135315,0.19505261527633172,False
random,mixed,4,0,0.001,KL descent,855,856,0.9461195468902588,0.05111675140672388,0.19448805312414832,False
random,mixed,4,0,0.001,KL descent,856,857,0.9471156597137451,0.05084683249468132,0.1938981436408658,False
random,mixed,4,0,0.001,KL descent,857,858,0.9480760097503662,0.05056394118998818,0.19328166518866274,False
random,mixed,4,0,0.001,KL descent,858,859,0.9491174221038818,0.05026752914247894,0.19263736874547294,False
random,mixed,4,0,0.001,KL descent,859,860,0.9500730037689209,0.04995704706502302,0.19196398124287453,False
random,mixed,4,0,0.001,KL descent,860,861,0.9511265754699707,0.04963194790927655,0.19126020948839065,False
random,mixed,4,0,0.001,KL descent,861,862,0.9531528949737549,0.04929169042441993,0.19052474471154252,False
random,mixed,4,0,0.001,KL descent,862,863,0.9540724754333496,0.048935743109983804,0.18975626777128013,False
random,mixed,4,0,0.001,KL descent,863,864,0.9551453590393066,0.048563588569183753,0.18895345505734368,False
random,mixed,4,0,0.001,KL descent,864,865,0.9560556411743164,0.04817472826330317,0.18811498511259567,False
random,mixed,4,0,0.001,KL descent,865,866,0.9571254253387451,0.04776868766048335,0.18723954599778342,False
random,mixed,4,0,0.001,KL descent,866,867,0.9580690860748291,0.04734502176416953,0.18632584341084185,False
random,mixed,4,0,0.001,KL descent,867,868,0.9590818881988525,0.046903320997326046,0.18537260956238932,False
random,mixed,4,0,0.001,KL descent,868,869,0.9601285457611084,0.04644321740763322,0.1843786127983153,False
random,mixed,4,0,0.001,KL descent,869,870,0.9611213207244873,0.04596439114812515,0.18334266794535548,False
random,mixed,4,0,0.001,KL descent,870,871,0.9621248245239258,0.04546657717475017,0.18226364734171496,False
random,mixed,4,0,0.001,KL descent,871,872,0.9631247520446777,0.044949572089931285,0.18114049249561642,False
random,mixed,4,0,0.001,KL descent,872,873,0.9641246795654297,0.04441324104766982,0.17997222629869503,False
random,mixed,4,0,0.001,KL descent,873,874,0.9651248455047607,0.04385752462264616,0.1787579656993243,False
random,mixed,4,0,0.001,KL descent,874,875,0.9661259651184082,0.04328244553273898,0.1774969347219698,False
random,mixed,4,0,0.001,KL descent,875,876,0.9671328067779541,0.042688115092817766,0.1761884776972999,False
random,mixed,4,0,0.001,KL descent,876,877,0.9681272506713867,0.04207473926717476,0.174832072547199,False
random,mixed,4,0,0.001,KL descent,877,878,0.969078540802002,0.041442624179701085,0.1734273439497419,False
random,mixed,4,0,0.001,KL descent,878,879,0.9701254367828369,0.04079218093536219,0.17197407619045066,False
random,mixed,4,0,0.001,KL descent,879,880,0.9710345268249512,0.040123929604752195,0.1704722254908167,False
random,mixed,4,0,0.001,KL descent,880,881,0.9730322360992432,0.039438502224444213,0.16892193159302654,False
random,mixed,4,0,0.001,KL descent,881,882,0.9740736484527588,0.03873664467291325,0.1673235283707677,False
random,mixed,4,0,0.001,KL descent,882,883,0.9750778675079346,0.03801921729184593,0.16567755323246275,False
random,mixed,4,0,0.001,KL descent,883,884,0.9760804176330566,0.037287194139381113,0.16398475508576132,False
random,mixed,4,0,0.001,KL descent,884,885,0.9770810604095459,0.036541660781663064,0.16224610063972383,False
random,mixed,4,0,0.001,KL descent,885,886,0.9780769348144531,0.035783810556227126,0.16046277883486132,False
random,mixed,4,0,0.001,KL descent,886,887,0.9790751934051514,0.03501493926918874,0.15863620321413174,False
random,mixed,4,0,0.001,KL descent,887,888,0.980074405670166,0.03423643832382446,0.15676801207326566,False
random,mixed,4,0,0.001,KL descent,888,889,0.9810810089111328,0.033449786313098,0.15486006626523577,False
random,mixed,4,0,0.001,KL descent,889,890,0.9820737838745117,0.03265653914844658,0.15291444457130948,False
random,mixed,4,0,0.001,KL descent,890,891,0.9830741882324219,0.03185831883460223,0.1509334365966623,False
random,mixed,4,0,0.001,KL descent,891,892,0.9840736389160156,0.031056801038443358,0.1489195331963507,False
random,mixed,4,0,0.001,KL descent,892,893,0.9850738048553467,0.030253701634648245,0.14687541448650943,False
random,mixed,4,0,0.001,KL descent,893,894,0.9860739707946777,0.029450762442006485,0.14480393554845533,False
random,mixed,4,0,0.001,KL descent,894,895,0.9870712757110596,0.02864973638918933,0.1427081099810129,False
random,mixed,4,0,0.001,KL descent,895,896,0.9880962371826172,0.027852372368120583,0.14059109150447202,False
random,mixed,4,0,0.001,KL descent,896,897,0.9890265464782715,0.027060400045201997,0.13845615386218663,False
random,mixed,4,0,0.001,KL descent,897,898,0.990079402923584,0.026275514902342246,0.13630666930264013,False
random,mixed,4,0,0.001,KL descent,898,899,0.9911417961120605,0.025499363777016476,0.13414608595362815,False
random,mixed,4,0,0.001,KL descent,899,900,0.9921457767486572,0.024733531155828506,0.13197790442326526,False
random,mixed,4,0,0.001,KL descent,900,901,0.9931430816650391,0.023979526456738596,0.1298056539739765,False
random,mixed,4,0,0.001,KL descent,901,902,0.9941413402557373,0.023238772507281173,0.12763286861963685,False
random,mixed,4,0,0.001,KL descent,902,903,0.9951431751251221,0.022512595393508843,0.12546306349176822,False
random,mixed,4,0,0.001,KL descent,903,904,0.9961376190185547,0.02180221581726257,0.12329971180466001,False
random,mixed,4,0,0.001,KL descent,904,905,0.997140645980835,0.021108742059674064,0.1211462227300441,False
random,mixed,4,0,0.001,KL descent,905,906,0.9981415271759033,0.02043316460829665,0.11900592046098954,False
random,mixed,4,0,0.001,KL descent,906,907,0.9991414546966553,0.019776352464379296,0.11688202471323622,False
random,mixed,4,0,0.001,KL descent,907,908,1.0001399517059326,0.019139051108526255,0.11477763287126977,False
random,mixed,4,0,0.001,KL descent,908,909,1.0011370182037354,0.018521882066946032,0.11269570394684444,False
random,mixed,4,0,0.001,KL descent,909,910,1.002140760421753,0.01792534399024515,0.110639044476326,False
random,mixed,4,0,0.001,KL descent,910,911,1.0031378269195557,0.017349815128102998,0.10861029643845418,False
random,mixed,4,0,0.001,KL descent,911,912,1.0041301250457764,0.016795557063777233,0.10661192723515994,False
random,mixed,4,0,0.001,KL descent,912,913,1.0055997371673584,0.01626271955547432,0.10464622173973173,False
random,mixed,4,0,0.001,KL descent,913,914,1.0066101551055908,0.015751346321728175,0.10271527637943573,False
random,mixed,4,0,0.001,KL descent,914,915,1.0076100826263428,0.015261381603269192,0.10082099519107193,False
random,mixed,4,0,0.001,KL descent,915,916,1.0086095333099365,0.014792677333012514,0.09896508775840399,False
random,mixed,4,0,0.001,KL descent,916,917,1.0096096992492676,0.014345000751108693,0.09714906892015532,False
random,mixed,4,0,0.001,KL descent,917,918,1.0106103420257568,0.013918042309062826,0.09537426011842406,False
random,mixed,4,0,0.001,KL descent,918,919,1.0116090774536133,0.013511423718297156,0.09364179224557698,False
random,mixed,4,0,0.001,KL descent,919,920,1.0126097202301025,0.013124706011114312,0.09208264605025024,False
random,mixed,4,0,0.001,KL descent,920,921,1.01361083984375,0.012757397497472713,0.09080104797607164,False
random,mixed,4,0,0.001,KL descent,921,922,1.0146105289459229,0.01240896151579966,0.0895574227276852,False
random,mixed,4,0,0.001,KL descent,922,923,1.0156097412109375,0.012078823892473053,0.088351992625452,False
random,mixed,4,0,0.001,KL descent,923,924,1.0166096687316895,0.01176638003999466,0.08718483587998803,False
random,mixed,4,0,0.001,KL descent,924,925,1.0176098346710205,0.01147100163929876,0.08605589543471873,False
random,mixed,4,0,0.001,KL descent,925,926,1.0186107158660889,0.011192042865549284,0.08496498826153187,False
random,mixed,4,0,0.001,KL descent,926,927,1.0196096897125244,0.010928846130343863,0.08391181497095473,False
random,mixed,4,0,0.001,KL descent,927,928,1.020613193511963,0.01068074732426465,0.08289596960346855,False
random,mixed,4,0,0.001,KL descent,928,929,1.0216090679168701,0.010447080554794996,0.08191694948299538,False
random,mixed,4,0,0.001,KL descent,929,930,1.022608995437622,0.010227182383048657,0.08097416502223331,False
random,mixed,4,0,0.001,KL descent,930,931,1.0236096382141113,0.010020395570341109,0.08006694938216094,False
random,mixed,4,0,0.001,KL descent,931,932,1.0246100425720215,0.009826072351893382,0.0791945679003159,False
random,mixed,4,0,0.001,KL descent,932,933,1.0256102085113525,0.009643577259353211,0.07835622721218209,False
random,mixed,4,0,0.001,KL descent,933,934,1.0266072750091553,0.009472289518089837,0.07755108400556357,False
random,mixed,4,0,0.001,KL descent,934,935,1.0276095867156982,0.009311605047105934,0.0767782533547243,False
random,mixed,4,0,0.001,KL descent,935,936,1.0286102294921875,0.009160938091669698,0.07603681659571482,False
random,mixed,4,0,0.001,KL descent,936,937,1.0296108722686768,0.009019722519025594,0.07532582871088789,False
random,mixed,4,0,0.001,KL descent,937,938,1.0306105613708496,0.008887412808350134,0.0746443252028186,False
random,mixed,4,0,0.001,KL descent,938,939,1.0316100120544434,0.008763484765147826,0.07399132844609463,False
random,mixed,4,0,0.001,KL descent,939,940,1.032608985900879,0.008647435989724235,0.07336585350958594,False
random,mixed,4,0,0.001,KL descent,940,941,1.03360915184021,0.008538786128272339,0.07360071757056996,False
random,mixed,4,0,0.001,KL descent,941,942,1.0346097946166992,0.008437076933273856,0.07386258207011936,False
random,mixed,4,0,0.001,KL descent,942,943,1.0356101989746094,0.008341872158624395,0.07411391732128256,False
random,mixed,4,0,0.001,KL descent,943,944,1.0366134643554688,0.008252757313035788,0.07435496738876884,False
random,mixed,4,0,0.001,KL descent,944,945,1.0376834869384766,0.008169339293232013,0.07458598017071809,False
random,mixed,4,0,0.001,KL descent,945,946,1.0386557579040527,0.008091245916786925,0.0748072063336079,False
random,mixed,4,0,0.001,KL descent,946,947,1.0396606922149658,0.008018125372750496,0.07501889833524009,False
random,mixed,4,0,0.001,KL descent,947,948,1.0406696796417236,0.007949645605904006,0.07522130953338205,False
random,mixed,4,0,0.001,KL descent,948,949,1.0416693687438965,0.007885493649457386,0.07541469337509803,False
random,mixed,4,0,0.001,KL descent,949,950,1.0426557064056396,0.007825374918728211,0.07559930266319595,False
random,mixed,4,0,0.001,KL descent,950,951,1.0436594486236572,0.007769012477308922,0.07577538889536047,False
random,mixed,4,0,0.001,KL descent,951,952,1.044663429260254,0.0077161462853581,0.07594320167197811,False
random,mixed,4,0,0.001,KL descent,952,953,1.0456616878509521,0.0076665324388368004,0.07610298816773654,False
random,mixed,4,0,0.001,KL descent,953,954,1.046659231185913,0.007619942406771421,0.0762549926636838,False
random,mixed,4,0,0.001,KL descent,954,955,1.0476598739624023,0.007576162272913778,0.07639945613493115,False
random,mixed,4,0,0.001,KL descent,955,956,1.0486626625061035,0.007534991987034308,0.0765366158902948,False
random,mixed,4,0,0.001,KL descent,956,957,1.0496642589569092,0.007496244630144695,0.0766667052601423,False
random,mixed,4,0,0.001,KL descent,957,958,1.0506563186645508,0.007459745697296825,0.0767899533282504,False
random,mixed,4,0,0.001,KL descent,958,959,1.0516622066497803,0.007425332400706414,0.07690658470481608,False
random,mixed,4,0,0.001,KL descent,959,960,1.0526659488677979,0.007392852995552901,0.07701681933659205,False
random,mixed,4,0,0.001,KL descent,960,961,1.0536696910858154,0.007362166130028175,0.0771208723515048,False
random,mixed,4,0,0.001,KL descent,961,962,1.0546753406524658,0.007333140220970286,0.07721895393419373,False
random,mixed,4,0,0.001,KL descent,962,963,1.0556766986846924,0.007305652855770067,0.07731126923041821,False
random,mixed,4,0,0.001,KL descent,963,964,1.0566658973693848,0.007279590221170326,0.0773980182765168,False
random,mixed,4,0,0.001,KL descent,964,965,1.057664394378662,0.007254846558911142,0.07747939595296174,False
random,mixed,4,0,0.001,KL descent,965,966,1.0586655139923096,0.007231323648377449,0.0775555919580077,False
random,mixed,4,0,0.001,KL descent,966,967,1.0596604347229004,0.007208930315745196,0.07762679080084305,False
random,mixed,4,0,0.001,KL descent,967,968,1.0606555938720703,0.007187581969279983,0.07769317181115645,False
random,mixed,4,0,0.001,KL descent,968,969,1.0616610050201416,0.00716720016014057,0.07775490916395611,False
random,mixed,4,0,0.001,KL descent,969,970,1.0626604557037354,0.007147712168004842,0.07781217191722922,False
random,mixed,4,0,0.001,KL descent,970,971,1.0636649131774902,0.007129050610655505,0.07786512406175909,False
random,mixed,4,0,0.001,KL descent,971,972,1.0646631717681885,0.007111153076706447,0.07791392458108753,False
random,mixed,4,0,0.001,KL descent,972,973,1.0656635761260986,0.0070939617805371264,0.07795872752035929,False
random,mixed,4,0,0.001,KL descent,973,974,1.0666627883911133,0.007077423238518964,0.0779996820628248,False
random,mixed,4,0,0.001,KL descent,974,975,1.0676639080047607,0.007061487965507398,0.07803693261324328,False
random,mixed,4,0,0.001,KL descent,975,976,1.069610834121704,0.007046110190697511,0.07807061888672026,False
random,mixed,4,0,0.001,KL descent,976,977,1.069610834121704,0.007031247591831229,0.0781008760024345,False
random,mixed,4,0,0.001,KL descent,977,978,1.0709114074707031,0.00701686104683767,0.07812783458112796,False
random,mixed,4,0,0.001,KL descent,978,979,1.0719695091247559,0.00700291440194877,0.07815162084577681,False
random,mixed,4,0,0.001,KL descent,979,980,1.0729782581329346,0.006989374255368727,0.07817235672486551,False
random,mixed,4,0,0.001,KL descent,980,981,1.0739712715148926,0.006976209755628271,0.0781901599573689,False
random,mixed,4,0,0.001,KL descent,981,982,1.0749695301055908,0.006963392413751053,0.07820514419923738,False
random,mixed,4,0,0.001,KL descent,982,983,1.0759646892547607,0.006950895928427139,0.0782174191305127,False
random,mixed,4,0,0.001,KL descent,983,984,1.0769703388214111,0.006938696023363951,0.07822709056298593,False
random,mixed,4,0,0.001,KL descent,984,985,1.0779743194580078,0.006926770296091766,0.07823426054773679,False
random,mixed,4,0,0.001,KL descent,985,986,1.0789756774902344,0.006915098077475687,0.07823902748256936,False
random,mixed,4,0,0.001,KL descent,986,987,1.079972505569458,0.006903660301263162,0.07824148621853307,False
random,mixed,4,0,0.001,KL descent,987,988,1.0809662342071533,0.0068924393830059,0.07824172816551475,False
random,mixed,4,0,0.001,KL descent,988,989,1.0819237232208252,0.006881419107719448,0.07823984139718317,False
random,mixed,4,0,0.001,KL descent,989,990,1.0830433368682861,0.00687058452574759,0.07823591075375615,False
random,mixed,4,0,0.001,KL descent,990,991,1.0840411186218262,0.006859921856208909,0.07823001794398299,False
random,mixed,4,0,0.001,KL descent,991,992,1.0850520133972168,0.006849418397563416,0.07822224164508736,False
random,mixed,4,0,0.001,KL descent,992,993,1.0860493183135986,0.006839062444783432,0.07821265760085297,False
random,mixed,4,0,0.001,KL descent,993,994,1.0869712829589844,0.006828843212669894,0.07820133871799853,False
random,mixed,4,0,0.001,KL descent,994,995,1.0879631042480469,0.006818750764888417,0.0781883551603584,False
random,mixed,4,0,0.001,KL descent,995,996,1.0890297889709473,0.006808775948315948,0.07817377444119103,False
random,mixed,4,0,0.001,KL descent,996,997,1.090013027191162,0.006798910332331086,0.0781576615130459,False
random,mixed,4,0,0.001,KL descent,997,998,1.0911171436309814,0.006789146152673441,0.07814007885573858,False
random,mixed,4,0,0.001,KL descent,998,999,1.0921125411987305,0.006779476259560445,0.07812108656196308,False
random,mixed,4,0,0.001,KL descent,999,1000,1.0931134223937988,0.006769894069742799,0.07810074242077822,False
random,mixed,4,0,0.001,KL descent,1000,1001,1.094120979309082,0.006760393522218728,0.07807910199866831,False
random,mixed,4,0,0.001,MD-Sinkhorn (M=1),0,1,0.0009951591491699219,0.43675954146354123,0.6036672927498137,False
random,mixed,4,0,0.001,MD-Sinkhorn (M=1),1,5,0.0030078887939453125,0.43410542755369097,0.6024617134460489,False
random,mixed,4,0,0.001,MD-Sinkhorn (M=1),2,9,0.005995988845825195,0.4314595486937348,0.6012547686991163,False
random,mixed,4,0,0.001,MD-Sinkhorn (M=1),3,13,0.00793766975402832,0.4288218228055696,0.6000464123789752,False
random,mixed,4,0,0.001,MD-Sinkhorn (M=1),4,17,0.010669708251953125,0.4261921652434632,0.598836596053737,False
random,mixed,4,0,0.001,MD-Sinkhorn (M=1),5,21,0.012625694274902344,0.42357048875299264,0.5976252689162522,False
random,mixed,4,0,0.001,MD-Sinkhorn (M=1),6,25,0.014623165130615234,0.4209567034283187,0.5964123777077366,False
random,mixed,4,0,0.001,MD-Sinkhorn (M=1),7,29,0.017699241638183594,0.4183507166677631,0.5951978666383213,False
random,mixed,4,0,0.001,MD-Sinkhorn (M=1),8,33,0.0196990966796875,0.4157524331275959,0.5939816773043574,False
random,mixed,4,0,0.001,MD-Sinkhorn (M=1),9,37,0.02170252799987793,0.41316175467400784,0.5927637486023427,False
random,mixed,4,0,0.001,MD-Sinkhorn (M=1),10,41,0.024625778198242188,0.41057858033318173,0.5915440166393019,False
random,mixed,4,0,0.001,MD-Sinkhorn (M=1),11,45,0.02662062644958496,0.4080028062394069,0.5903224146394463,False
random,mixed,4,0,0.001,MD-Sinkhorn (M=1),12,49,0.028621673583984375,0.405434325581202,0.5890988728469607,False
random,mixed,4,0,0.001,MD-Sinkhorn (M=1),13,53,0.031624555587768555,0.4028730285453374,0.5878733184247007,False
random,mixed,4,0,0.001,MD-Sinkhorn (M=1),14,57,0.03357887268066406,0.4003188022587486,0.5866456753486444,False
random,mixed,4,0,0.001,MD-Sinkhorn (M=1),15,61,0.035578012466430664,0.3977715307282403,0.5854158642978762,False
random,mixed,4,0,0.001,MD-Sinkhorn (M=1),16,65,0.0386202335357666,0.39523109477794754,0.5841838025398969,False
random,mixed,4,0,0.001,MD-Sinkhorn (M=1),17,69,0.04057598114013672,0.3926973719844885,0.5829494038110526,False
random,mixed,4,0,0.001,MD-Sinkhorn (M=1),18,73,0.04262948036193848,0.3901702366097446,0.5817125781918406,False
random,mixed,4,0,0.001,MD-Sinkhorn (M=1),19,77,0.045624732971191406,0.3876495595312378,0.5804732319768681,False
random,mixed,4,0,0.001,MD-Sinkhorn (M=1),20,81,0.04762434959411621,0.3851352081700155,0.5792312675391971,False
random,mixed,4,0,0.001,MD-Sinkhorn (M=1),21,85,0.05062079429626465,0.38262704641604794,0.5779865831888453,False
random,mixed,4,0,0.001,MD-Sinkhorn (M=1),22,89,0.05257749557495117,0.38012493455103824,0.5767390730251375,False
random,mixed,4,0,0.001,MD-Sinkhorn (M=1),23,93,0.055577993392944336,0.3776287291686513,0.5754886267826651,False
random,mixed,4,0,0.001,MD-Sinkhorn (M=1),24,97,0.057598114013671875,0.3751382830920966,0.5742351296705226,False
random,mixed,4,0,0.001,MD-Sinkhorn (M=1),25,101,0.05969643592834473,0.3726534452890679,0.572978462204554,False
random,mixed,4,0,0.001,MD-Sinkhorn (M=1),26,105,0.06269979476928711,0.3701740607839871,0.5717185000322695,False
random,mixed,4,0,0.001,MD-Sinkhorn (M=1),27,109,0.06457710266113281,0.36769997056756365,0.5704551137501067,False
random,mixed,4,0,0.001,MD-Sinkhorn (M=1),28,113,0.06757593154907227,0.365231011503673,0.5691881687127118,False
random,mixed,4,0,0.001,MD-Sinkhorn (M=1),29,117,0.06957554817199707,0.3627670162335462,0.5679175248338778,False
random,mixed,4,0,0.001,MD-Sinkhorn (M=1),30,121,0.07157492637634277,0.36030781307730086,0.5666430363787638,False
random,mixed,4,0,0.001,MD-Sinkhorn (M=1),31,125,0.07357478141784668,0.35785322593287217,0.5653645517470545,False
random,mixed,4,0,0.001,MD-Sinkhorn (M=1),32,129,0.07657694816589355,0.35540307417237643,0.5640819132466394,False
random,mixed,4,0,0.001,MD-Sinkhorn (M=1),33,133,0.07857418060302734,0.3529571725359767,0.5627949568574151,False
random,mixed,4,0,0.001,MD-Sinkhorn (M=1),34,137,0.08062505722045898,0.3505153310233894,0.5615035119848312,False
random,mixed,4,0,0.001,MD-Sinkhorn (M=1),35,141,0.0836186408996582,0.34807735478310836,0.5602074012027235,False
random,mixed,4,0,0.001,MD-Sinkhorn (M=1),36,145,0.08561825752258301,0.3456430439995145,0.5589064399850228,False
random,mixed,4,0,0.001,MD-Sinkhorn (M=1),37,149,0.08761930465698242,0.3432121937780559,0.5576004364258991,False
random,mixed,4,0,0.001,MD-Sinkhorn (M=1),38,153,0.09057474136352539,0.34078459402871325,0.5562891909478971,False
random,mixed,4,0,0.001,MD-Sinkhorn (M=1),39,157,0.09271860122680664,0.3383600293479767,0.5549724959976009,False
random,mixed,4,0,0.001,MD-Sinkhorn (M=1),40,161,0.09484338760375977,0.33593827889968764,0.5536501357283883,False
random,mixed,4,0,0.001,MD-Sinkhorn (M=1),41,165,0.09876608848571777,0.33351911629502834,0.5523218856698106,False
random,mixed,4,0,0.001,MD-Sinkhorn (M=1),42,169,0.10076022148132324,0.3311023094721004,0.5509875123831287,False
random,mixed,4,0,0.001,MD-Sinkhorn (M=1),43,173,0.10384345054626465,0.3286876205755337,0.5496467731025781,False
random,mixed,4,0,0.001,MD-Sinkhorn (M=1),44,177,0.10582399368286133,0.3262748058366548,0.5482994153618941,False
random,mixed,4,0,0.001,MD-Sinkhorn (M=1),45,181,0.10773110389709473,0.3238636154548155,0.5469451766056774,False
random,mixed,4,0,0.001,MD-Sinkhorn (M=1),46,185,0.11126065254211426,0.3214537934805596,0.5455837837851709,False
random,mixed,4,0,0.001,MD-Sinkhorn (M=1),47,189,0.11339664459228516,0.3190450777013947,0.5442149529380595,False
random,mixed,4,0,0.001,MD-Sinkhorn (M=1),48,193,0.1154627799987793,0.31663719953103675,0.542838388751915,False
random,mixed,4,0,0.001,MD-Sinkhorn (M=1),49,197,0.11746072769165039,0.3142298839031343,0.5414537841109641,False
random,mixed,4,0,0.001,MD-Sinkhorn (M=1),50,201,0.12047529220581055,0.3118228491705216,0.5400608196258596,False
random,mixed,4,0,0.001,MD-Sinkhorn (M=1),51,205,0.12246561050415039,0.309415807011285,0.5386591631462592,False
random,mixed,4,0,0.001,MD-Sinkhorn (M=1),52,209,0.12546181678771973,0.30700846234300383,0.53724846925599,False
random,mixed,4,0,0.001,MD-Sinkhorn (M=1),53,213,0.1284630298614502,0.3046005132466887,0.5358283787507213,False
random,mixed,4,0,0.001,MD-Sinkhorn (M=1),54,217,0.13046050071716309,0.3021916509021683,0.5343985180981297,False
random,mixed,4,0,0.001,MD-Sinkhorn (M=1),55,221,0.13346314430236816,0.2997815595368197,0.5329584988806362,False
random,mixed,4,0,0.001,MD-Sinkhorn (M=1),56,225,0.13545823097229004,0.2973699163897577,0.5315079172209365,False
random,mixed,4,0,0.001,MD-Sinkhorn (M=1),57,229,0.13745951652526855,0.29495639169383137,0.5300463531906591,False
random,mixed,4,0,0.001,MD-Sinkhorn (M=1),58,233,0.1404132843017578,0.2925406486780818,0.5285733702026969,False
random,mixed,4,0,0.001,MD-Sinkhorn (M=1),59,237,0.1444096565246582,0.29012234359343675,0.5270885143878536,False
random,mixed,4,0,0.001,MD-Sinkhorn (M=1),60,241,0.1464090347290039,0.28770112576493045,0.5255913139567867,False
random,mixed,4,0,0.001,MD-Sinkhorn (M=1),61,245,0.14840936660766602,0.2852766376738353,0.5240812785483371,False
random,mixed,4,0,0.001,MD-Sinkhorn (M=1),62,249,0.15140914916992188,0.28284851507362946,0.5225578985657222,False
random,mixed,4,0,0.001,MD-Sinkhorn (M=1),63,253,0.15340876579284668,0.2804163871439421,0.521020644502321,False
random,mixed,4,0,0.001,MD-Sinkhorn (M=1),64,257,0.15640902519226074,0.2779798766871508,0.519468966259161,False
random,mixed,4,0,0.001,MD-Sinkhorn (M=1),65,261,0.15941286087036133,0.2755386003726139,0.517902292456589,False
random,mixed,4,0,0.001,MD-Sinkhorn (M=1),66,265,0.16241192817687988,0.27309216903409883,0.5163200297431221,False
random,mixed,4,0,0.001,MD-Sinkhorn (M=1),67,269,0.16541242599487305,0.27064018802635154,0.5147215621048955,False
random,mixed,4,0,0.001,MD-Sinkhorn (M=1),68,273,0.16741323471069336,0.2681822576473504,0.5131062501797751,False
random,mixed,4,0,0.001,MD-Sinkhorn (M=1),69,277,0.16941308975219727,0.26571797363327776,0.5114734305807542,False
random,mixed,4,0,0.001,MD-Sinkhorn (M=1),70,281,0.1724104881286621,0.2632469277338744,0.5098224152340383,False
random,mixed,4,0,0.001,MD-Sinkhorn (M=1),71,285,0.1744704246520996,0.26076870837638644,0.5081524907379394,False
random,mixed,4,0,0.001,MD-Sinkhorn (M=1),72,289,0.17646169662475586,0.25828290142695,0.5064629177495759,False
random,mixed,4,0,0.001,MD-Sinkhorn (M=1),73,293,0.1794581413269043,0.2557890910589865,0.5047529304073837,False
random,mixed,4,0,0.001,MD-Sinkhorn (M=1),74,297,0.1814582347869873,0.2532868607386537,0.5030217357983845,False
random,mixed,4,0,0.001,MD-Sinkhorn (M=1),75,301,0.18445253372192383,0.25077579433826896,0.5012685134804374,False
random,mixed,4,0,0.001,MD-Sinkhorn (M=1),76,305,0.1864488124847412,0.2482554773890968,0.4994924150708093,False
random,mixed,4,0,0.001,MD-Sinkhorn (M=1),77,309,0.18948626518249512,0.24572549848566416,0.4976925639139118,False
random,mixed,4,0,0.001,MD-Sinkhorn (M=1),78,313,0.1914517879486084,0.24318545085429927,0.4958680548424003,False
random,mixed,4,0,0.001,MD-Sinkhorn (M=1),79,317,0.19355106353759766,0.2406349340991809,0.4940179540475078,False
random,mixed,4,0,0.001,MD-Sinkhorn (M=1),80,321,0.19667482376098633,0.23807355613973408,0.4921412990761793,False
random,mixed,4,0,0.001,MD-Sinkhorn (M=1),81,325,0.19869422912597656,0.23550093535351724,0.4902370989743461,False
random,mixed,4,0,0.001,MD-Sinkhorn (M=1),82,329,0.20168280601501465,0.232916702939181,0.48830433459770206,False
random,mixed,4,0,0.001,MD-Sinkhorn (M=1),83,333,0.2036736011505127,0.2303205055141225,0.48634195911330547,False
random,mixed,4,0,0.001,MD-Sinkhorn (M=1),84,337,0.20568180084228516,0.22771200796147753,0.4843488987174808,False
random,mixed,4,0,0.001,MD-Sinkhorn (M=1),85,341,0.20867013931274414,0.22509089654087247,0.4823240535977296,False
random,mixed,4,0,0.001,MD-Sinkhorn (M=1),86,345,0.2102503776550293,0.2224568822767441,0.48026629916852426,False
random,mixed,4,0,0.001,MD-Sinkhorn (M=1),87,349,0.21335148811340332,0.21980970463731514,0.478174487613252,False
random,mixed,4,0,0.001,MD-Sinkhorn (M=1),88,353,0.21535468101501465,0.21714913551596177,0.4760474497666933,False
random,mixed,4,0,0.001,MD-Sinkhorn (M=1),89,357,0.21735262870788574,0.21447498352513428,0.47388399737471243,False
random,mixed,4,0,0.001,MD-Sinkhorn (M=1),90,361,0.22034740447998047,0.21178709861079134,0.47168292576985643,False
random,mixed,4,0,0.001,MD-Sinkhorn (M=1),91,365,0.22234749794006348,0.20908537699249669,0.4694430170034198,False
random,mixed,4,0,0.001,MD-Sinkhorn (M=1),92,369,0.2253732681274414,0.206369766431017,0.4671630434761857,False
random,mixed,4,0,0.001,MD-Sinkhorn (M=1),93,373,0.22735238075256348,0.20364027182098188,0.4648417721112059,False
random,mixed,4,0,0.001,MD-Sinkhorn (M=1),94,377,0.2303483486175537,0.20089696110133276,0.46247796911281763,False
random,mixed,4,0,0.001,MD-Sinkhorn (M=1),95,381,0.23235058784484863,0.19813997147033732,0.4600704053561382,False
random,mixed,4,0,0.001,MD-Sinkhorn (M=1),96,385,0.23434686660766602,0.1953695158852689,0.45761786245077907,False
random,mixed,4,0,0.001,MD-Sinkhorn (M=1),97,389,0.23734784126281738,0.19258588981892616,0.45511913952087857,False
random,mixed,4,0,0.001,MD-Sinkhorn (M=1),98,393,0.2393500804901123,0.18978947823657166,0.45257306074111453,False
random,mixed,4,0,0.001,MD-Sinkhorn (M=1),99,397,0.24126291275024414,0.18698076274665063,0.4499784836642847,False
random,mixed,4,0,0.001,MD-Sinkhorn (M=1),100,401,0.24335122108459473,0.18416032886810568,0.44733430837095256,False
random,mixed,4,0,0.001,MD-Sinkhorn (M=1),101,405,0.24634790420532227,0.18132887334489703,0.444639487464516,False
random,mixed,4,0,0.001,MD-Sinkhorn (M=1),102,409,0.2483518123626709,0.17848721142569368,0.441893036926296,False
random,mixed,4,0,0.001,MD-Sinkhorn (M=1),103,413,0.2512979507446289,0.17563628401304593,0.43909404783435046,False
random,mixed,4,0,0.001,MD-Sinkhorn (M=1),104,417,0.2533550262451172,0.1727771645723309,0.4362416989366817,False
random,mixed,4,0,0.001,MD-Sinkhorn (M=1),105,421,0.2553589344024658,0.16991106567624129,0.43333527005395406,False
random,mixed,4,0,0.001,MD-Sinkhorn (M=1),106,425,0.25832152366638184,0.16703934504650333,0.4303741562691327,False
random,mixed,4,0,0.001,MD-Sinkhorn (M=1),107,429,0.26035547256469727,0.16416351094049111,0.42735788284085996,False
random,mixed,4,0,0.001,MD-Sinkhorn (M=1),108,433,0.2623631954193115,0.16128522671787396,0.4242861207547499,False
random,mixed,4,0,0.001,MD-Sinkhorn (M=1),109,437,0.26435017585754395,0.15840631441120454,0.42115870280152923,False
random,mixed,4,0,0.001,MD-Sinkhorn (M=1),110,441,0.2673523426055908,0.15552875711553474,0.41797564004367826,False
random,mixed,4,0,0.001,MD-Sinkhorn (M=1),111,445,0.2693445682525635,0.15265470000656944,0.4147371385035267,False
random,mixed,4,0,0.001,MD-Sinkhorn (M=1),112,449,0.27135419845581055,0.14978644979456657,0.4114436158752165,False
random,mixed,4,0,0.001,MD-Sinkhorn (M=1),113,453,0.27435898780822754,0.1469264724243287,0.40809571803281575,False
random,mixed,4,0,0.001,MD-Sinkhorn (M=1),114,457,0.27734971046447754,0.14407738883925814,0.4046943350760571,False
random,mixed,4,0,0.001,MD-Sinkhorn (M=1),115,461,0.2793591022491455,0.14124196864198163,0.4012406166265554,False
random,mixed,4,0,0.001,MD-Sinkhorn (M=1),116,465,0.28135204315185547,0.13842312150482267,0.39773598606064836,False
random,mixed,4,0,0.001,MD-Sinkhorn (M=1),117,469,0.284351110458374,0.13562388621154492,0.394182153342294,False
random,mixed,4,0,0.001,MD-Sinkhorn (M=1),118,473,0.28635430335998535,0.132847417247421,0.3905811261019541,False
random,mixed,4,0,0.001,MD-Sinkhorn (M=1),119,477,0.28835535049438477,0.13009696889760572,0.38693521859640323,False
random,mixed,4,0,0.001,MD-Sinkhorn (M=1),120,481,0.29131317138671875,0.12737587686377666,0.38324705818153304,False
random,mixed,4,0,0.001,MD-Sinkhorn (M=1),121,485,0.2933530807495117,0.12468753746535816,0.37951958893682036,False
random,mixed,4,0,0.001,MD-Sinkhorn (M=1),122,489,0.2954425811767578,0.12203538455307325,0.3757560720973889,False
random,mixed,4,0,0.001,MD-Sinkhorn (M=1),123,493,0.298356294631958,0.1194228643277795,0.3719600829785642,False
random,mixed,4,0,0.001,MD-Sinkhorn (M=1),124,497,0.30135536193847656,0.11685340832424321,0.3681355041189244,False
random,mixed,4,0,0.001,MD-Sinkhorn (M=1),125,501,0.30335474014282227,0.1143304048860079,0.36428651442181625,False
random,mixed,4,0,0.001,MD-Sinkhorn (M=1),126,505,0.3053555488586426,0.11185716952047516,0.36041757414102005,False
random,mixed,4,0,0.001,MD-Sinkhorn (M=1),127,509,0.3083522319793701,0.10943691458101079,0.3565334056340297,False
random,mixed,4,0,0.001,MD-Sinkhorn (M=1),128,513,0.3098587989807129,0.10707271877142158,0.352638969893298,False
random,mixed,4,0,0.001,MD-Sinkhorn (M=1),129,517,0.3128674030303955,0.10476749700609976,0.3487394389615135,False
random,mixed,4,0,0.001,MD-Sinkhorn (M=1),130,521,0.3148672580718994,0.10252397118291817,0.3448401644370459,False
random,mixed,4,0,0.001,MD-Sinkhorn (M=1),131,525,0.3168675899505615,0.10034464243471963,0.3409466423787362,False
random,mixed,4,0,0.001,MD-Sinkhorn (M=1),132,529,0.3198678493499756,0.0982317654166665,0.3370644750201501,False
random,mixed,4,0,0.001,MD-Sinkhorn (M=1),133,533,0.3218672275543213,0.09618732516078587,0.3331993297996391,False
random,mixed,4,0,0.001,MD-Sinkhorn (M=1),134,537,0.323866605758667,0.09421301698556578,0.32935689629960757,False
random,mixed,4,0,0.001,MD-Sinkhorn (M=1),135,541,0.32686758041381836,0.09231022988827994,0.32554284176252035,False
random,mixed,4,0,0.001,MD-Sinkhorn (M=1),136,545,0.32886743545532227,0.09048003377296693,0.32176276590954844,False
random,mixed,4,0,0.001,MD-Sinkhorn (M=1),137,549,0.3318672180175781,0.0887231707795296,0.3180221558264269,False
random,mixed,4,0,0.001,MD-Sinkhorn (M=1),138,553,0.3338661193847656,0.08704005088317612,0.31432634169926577,False
random,mixed,4,0,0.001,MD-Sinkhorn (M=1),139,557,0.33586716651916504,0.08543075183118226,0.31068045417797674,False
random,mixed,4,0,0.001,MD-Sinkhorn (M=1),140,561,0.3388671875,0.08389502338020367,0.3070893841173544,False
random,mixed,4,0,0.001,MD-Sinkhorn (M=1),141,565,0.3408663272857666,0.08243229569560545,0.3035577453955154,False
random,mixed,4,0,0.001,MD-Sinkhorn (M=1),142,569,0.3428676128387451,0.08104169167868355,0.3000898414386496,False
random,mixed,4,0,0.001,MD-Sinkhorn (M=1),143,573,0.3458669185638428,0.07972204290110282,0.2966896359914717,False
random,mixed,4,0,0.001,MD-Sinkhorn (M=1),144,577,0.3478672504425049,0.07847190875197416,0.29336072856885054,False
random,mixed,4,0,0.001,MD-Sinkhorn (M=1),145,581,0.35086703300476074,0.07728959834309741,0.2901063349082289,False
random,mixed,4,0,0.001,MD-Sinkhorn (M=1),146,585,0.35286712646484375,0.07617319467446808,0.2869292726208129,False
random,mixed,4,0,0.001,MD-Sinkhorn (M=1),147,589,0.35486721992492676,0.07512058053493725,0.28383195211484,False
random,mixed,4,0,0.001,MD-Sinkhorn (M=1),148,593,0.35787010192871094,0.07412946560252734,0.2808163727420055,False
random,mixed,4,0,0.001,MD-Sinkhorn (M=1),149,597,0.3608708381652832,0.07319741421441929,0.27788412400291757,False
random,mixed,4,0,0.001,MD-Sinkhorn (M=1),150,601,0.36386704444885254,0.07232187329625483,0.27503639154135306,False
random,mixed,4,0,0.001,MD-Sinkhorn (M=1),151,605,0.36586809158325195,0.07150019995543727,0.272273967530299,False
random,mixed,4,0,0.001,MD-Sinkhorn (M=1),152,609,0.3688671588897705,0.07072968838558472,0.2695972651751777,False
random,mixed,4,0,0.001,MD-Sinkhorn (M=1),153,613,0.3708672523498535,0.07000759554481588,0.2670063365316564,False
random,mixed,4,0,0.001,MD-Sinkhorn (M=1),154,617,0.3728675842285156,0.06933116542464136,0.264500893387187,False
random,mixed,4,0,0.001,MD-Sinkhorn (M=1),155,621,0.37686872482299805,0.06869765157336655,0.2620803305103583,False
random,mixed,4,0,0.001,MD-Sinkhorn (M=1),156,625,0.37886714935302734,0.0681043376795608,0.25974375072768463,False
random,mixed,4,0,0.001,MD-Sinkhorn (M=1),157,629,0.3818674087524414,0.06754855606770792,0.25748999127296823,False
random,mixed,4,0,0.001,MD-Sinkhorn (M=1),158,633,0.3838677406311035,0.06702770401468021,0.25531765087837904,False
random,mixed,4,0,0.001,MD-Sinkhorn (M=1),159,637,0.38686704635620117,0.0665392578482239,0.253225117113225,False
random,mixed,4,0,0.001,MD-Sinkhorn (M=1),160,641,0.3888671398162842,0.06608078483590764,0.25121059352202657,False
random,mixed,4,0,0.001,MD-Sinkhorn (M=1),161,645,0.39186978340148926,0.06564995291433963,0.24927212616593158,False
random,mixed,4,0,0.001,MD-Sinkhorn (M=1),162,649,0.39386796951293945,0.06524453834353197,0.24740762922828885,False
random,mixed,4,0,0.001,MD-Sinkhorn (M=1),163,653,0.39687466621398926,0.06486243139998638,0.24561490940414746,False
random,mixed,4,0,0.001,MD-Sinkhorn (M=1),164,657,0.39887499809265137,0.06450164024430097,0.24389168885146567,False
random,mixed,4,0,0.001,MD-Sinkhorn (M=1),165,661,0.40087437629699707,0.06416029311548875,0.24223562653876057,False
random,mixed,4,0,0.001,MD-Sinkhorn (M=1),166,665,0.40387463569641113,0.06383663901485931,0.24064433787680217,False
random,mixed,4,0,0.001,MD-Sinkhorn (M=1),167,669,0.40587520599365234,0.06352904704794689,0.23911541257015925,False
random,mixed,4,0,0.001,MD-Sinkhorn (M=1),168,673,0.40991806983947754,0.06323600459423384,0.23764643066778696,False
random,mixed,4,0,0.001,MD-Sinkhorn (M=1),169,677,0.4115417003631592,0.06295611447169343,0.23623497682829048,False
random,mixed,4,0,0.001,MD-Sinkhorn (M=1),170,681,0.41454195976257324,0.06268809125742654,0.23487865284674964,False
random,mixed,4,0,0.001,MD-Sinkhorn (M=1),171,685,0.41654539108276367,0.062430756917141145,0.23357508851419878,False
random,mixed,4,0,0.001,MD-Sinkhorn (M=1),172,689,0.41954898834228516,0.06218303588581862,0.23232195089986019,False
random,mixed,4,0,0.001,MD-Sinkhorn (M=1),173,693,0.4235231876373291,0.06194394972972657,0.23111695215842099,False
random,mixed,4,0,0.001,MD-Sinkhorn (M=1),174,697,0.427539587020874,0.06171261150685866,0.22995785597270416,False
random,mixed,4,0,0.001,MD-Sinkhorn (M=1),175,701,0.4305398464202881,0.061488219928816104,0.22884248274437594,False
random,mixed,4,0,0.001,MD-Sinkhorn (M=1),176,705,0.432539701461792,0.061270053412623544,0.22776871364318935,False
random,mixed,4,0,0.001,MD-Sinkhorn (M=1),177,709,0.4355440139770508,0.06105746409611215,0.22673449361951808,False
random,mixed,4,0,0.001,MD-Sinkhorn (M=1),178,713,0.43753862380981445,0.06084987187526973,0.22573783347449491,False
random,mixed,4,0,0.001,MD-Sinkhorn (M=1),179,717,0.4395406246185303,0.060646758506473664,0.2247768110685433,False
random,mixed,4,0,0.001,MD-Sinkhorn (M=1),180,721,0.4425373077392578,0.06044766180052753,0.22384957173116427,False
random,mixed,4,0,0.001,MD-Sinkhorn (M=1),181,725,0.4455392360687256,0.06025216991871338,0.2229543279135434,False
random,mixed,4,0,0.001,MD-Sinkhorn (M=1),182,729,0.447537899017334,0.0600599157631676,0.22208935809848795,False
random,mixed,4,0,0.001,MD-Sinkhorn (M=1),183,733,0.4505443572998047,0.059870571434299566,0.22125300495114497,False
random,mixed,4,0,0.001,MD-Sinkhorn (M=1),184,737,0.45255494117736816,0.05968384270576741,0.2204436726545292,False
random,mixed,4,0,0.001,MD-Sinkhorn (M=1),185,741,0.45554018020629883,0.05949946344174648,0.21965982332686346,False
random,mixed,4,0,0.001,MD-Sinkhorn (M=1),186,745,0.4585425853729248,0.05931718985046734,0.21889997235940561,False
random,mixed,4,0,0.001,MD-Sinkhorn (M=1),187,749,0.4605410099029541,0.05913679443045286,0.21816268244054327,False
random,mixed,4,0,0.001,MD-Sinkhorn (M=1),188,753,0.4625394344329834,0.05895805941921557,0.21744655594045126,False
random,mixed,4,0,0.001,MD-Sinkhorn (M=1),189,757,0.4655416011810303,0.0587807694955889,0.216750225215614,False
random,mixed,4,0,0.001,MD-Sinkhorn (M=1),190,761,0.46753907203674316,0.058604703412348344,0.21607234024520666,False
random,mixed,4,0,0.001,MD-Sinkhorn (M=1),191,765,0.47150421142578125,0.05842962414081867,0.2154115528252466,False
random,mixed,4,0,0.001,MD-Sinkhorn (M=1),192,769,0.47454118728637695,0.0582552669874596,0.214766496307079,False
random,mixed,4,0,0.001,MD-Sinkhorn (M=1),193,773,0.4775404930114746,0.05808132498661329,0.21413575956290873,False
random,mixed,4,0,0.001,MD-Sinkhorn (M=1),194,777,0.47954249382019043,0.057907430674090925,0.2135178534721628,False
random,mixed,4,0,0.001,MD-Sinkhorn (M=1),195,781,0.4815404415130615,0.0577331330917044,0.21291116772793142,False
random,mixed,4,0,0.001,MD-Sinkhorn (M=1),196,785,0.4845397472381592,0.05755786854942313,0.21231391513695533,False
random,mixed,4,0,0.001,MD-Sinkhorn (M=1),197,789,0.4865431785583496,0.05738092326378389,0.21172405979541392,False
random,mixed,4,0,0.001,MD-Sinkhorn (M=1),198,793,0.4895346164703369,0.05720138548120861,0.2111392245366015,False
random,mixed,4,0,0.001,MD-Sinkhorn (M=1),199,797,0.49155211448669434,0.057018084066152795,0.21055657182297513,False
random,mixed,4,0,0.001,MD-Sinkhorn (M=1),200,801,0.49452900886535645,0.05682950977360785,0.20997265076700422,False
random,mixed,4,0,0.001,MD-Sinkhorn (M=1),201,805,0.4965856075286865,0.05663371453140282,0.20938320118828502,False
random,mixed,4,0,0.001,MD-Sinkhorn (M=1),202,809,0.4985804557800293,0.05642818305165088,0.20878290356215,False
random,mixed,4,0,0.001,MD-Sinkhorn (M=1),203,813,0.5005817413330078,0.056209670039065726,0.20816506145705121,False
random,mixed,4,0,0.001,MD-Sinkhorn (M=1),204,817,0.503591775894165,0.05597399531444738,0.20752120078315417,False
random,mixed,4,0,0.001,MD-Sinkhorn (M=1),205,821,0.5055832862854004,0.055715788610655875,0.2068405682579653,False
random,mixed,4,0,0.001,MD-Sinkhorn (M=1),206,825,0.5077846050262451,0.05542817613915654,0.20610951064656752,False
random,mixed,4,0,0.001,MD-Sinkhorn (M=1),207,829,0.5099198818206787,0.05510240313718816,0.20531071777222898,False
random,mixed,4,0,0.001,MD-Sinkhorn (M=1),208,833,0.5126314163208008,0.05472739188583666,0.20442231802210983,False
random,mixed,4,0,0.001,MD-Sinkhorn (M=1),209,837,0.5146334171295166,0.054289245260701044,0.2034168282030106,False
random,mixed,4,0,0.001,MD-Sinkhorn (M=1),210,841,0.5166306495666504,0.053770724741621624,0.20225998469381126,False
random,mixed,4,0,0.001,MD-Sinkhorn (M=1),211,845,0.5196406841278076,0.053150762780255066,0.2009095260259963,False
random,mixed,4,0,0.001,MD-Sinkhorn (M=1),212,849,0.5216338634490967,0.05240411647000873,0.19931406555727593,False
random,mixed,4,0,0.001,MD-Sinkhorn (M=1),213,853,0.5235600471496582,0.05150133479247263,0.1974122932659378,False
random,mixed,4,0,0.001,MD-Sinkhorn (M=1),214,857,0.5256223678588867,0.050409291706905106,0.19513287907124766,False
random,mixed,4,0,0.001,MD-Sinkhorn (M=1),215,861,0.5286312103271484,0.04909261551720923,0.1923956037650115,False
random,mixed,4,0,0.001,MD-Sinkhorn (M=1),216,865,0.5306274890899658,0.04751638259015521,0.18911437787558716,False
random,mixed,4,0,0.001,MD-Sinkhorn (M=1),217,869,0.5326306819915771,0.04565037273420032,0.1852028425773664,False
random,mixed,4,0,0.001,MD-Sinkhorn (M=1),218,873,0.5356318950653076,0.04347491485657394,0.1805830540047658,False
random,mixed,4,0,0.001,MD-Sinkhorn (M=1),219,877,0.5376365184783936,0.04098781469865281,0.17519719101988596,False
random,mixed,4,0,0.001,MD-Sinkhorn (M=1),220,881,0.5396311283111572,0.03821108739856303,0.16902122613316217,False
random,mixed,4,0,0.001,MD-Sinkhorn (M=1),221,885,0.542590856552124,0.035195462838048364,0.1620782034185727,False
random,mixed,4,0,0.001,MD-Sinkhorn (M=1),222,889,0.5445895195007324,0.032020368669965764,0.15444765081143397,False
random,mixed,4,0,0.001,MD-Sinkhorn (M=1),223,893,0.5465869903564453,0.028787830457702578,0.14626744996976498,False
random,mixed,4,0,0.001,MD-Sinkhorn (M=1),224,897,0.549572229385376,0.025610562445952036,0.13772579374980146,False
random,mixed,4,0,0.001,MD-Sinkhorn (M=1),225,901,0.5516440868377686,0.02259679915507199,0.12904358031889937,False
random,mixed,4,0,0.001,MD-Sinkhorn (M=1),226,905,0.5536651611328125,0.019835918769221344,0.1204506803423664,False
random,mixed,4,0,0.001,MD-Sinkhorn (M=1),227,909,0.5566542148590088,0.017388678988255468,0.11216147402663029,False
random,mixed,4,0,0.001,MD-Sinkhorn (M=1),228,913,0.5586133003234863,0.015284020193594684,0.10435493453260042,False
random,mixed,4,0,0.001,MD-Sinkhorn (M=1),229,917,0.5605857372283936,0.013521985108580116,0.09716257057551134,False
random,mixed,4,0,0.001,MD-Sinkhorn (M=1),230,921,0.5635838508605957,0.012080596186177649,0.0906648885533454,False
random,mixed,4,0,0.001,MD-Sinkhorn (M=1),231,925,0.5656619071960449,0.010924080311725948,0.08489489743010467,False
random,mixed,4,0,0.001,MD-Sinkhorn (M=1),232,929,0.568657398223877,0.010010389603951229,0.07984614408028809,False
random,mixed,4,0,0.001,MD-Sinkhorn (M=1),233,933,0.5706768035888672,0.009296925518721487,0.07548274148764314,False
random,mixed,4,0,0.001,MD-Sinkhorn (M=1),234,937,0.5726687908172607,0.008744222492050254,0.07223669721502718,False
random,mixed,4,0,0.001,MD-Sinkhorn (M=1),235,941,0.5755517482757568,0.008317867672350394,0.07332474258772843,False
random,mixed,4,0,0.001,MD-Sinkhorn (M=1),236,945,0.5775930881500244,0.007989136789640253,0.0742423446717615,False
random,mixed,4,0,0.001,MD-Sinkhorn (M=1),237,949,0.580636739730835,0.007734823014458119,0.0750067416712489,False
random,mixed,4,0,0.001,MD-Sinkhorn (M=1),238,953,0.5826282501220703,0.007536637358172535,0.07563507826825275,False
random,mixed,4,0,0.001,MD-Sinkhorn (M=1),239,957,0.5846347808837891,0.007380440406192634,0.07614374173894789,False
random,mixed,4,0,0.001,MD-Sinkhorn (M=1),240,961,0.5876305103302002,0.007255462738010731,0.07654796298550004,False
random,mixed,4,0,0.001,MD-Sinkhorn (M=1),241,965,0.5896267890930176,0.0071535966749631304,0.07686161068729974,False
random,mixed,4,0,0.001,MD-Sinkhorn (M=1),242,969,0.5925867557525635,0.007068793541414447,0.07709711951272635,False
random,mixed,4,0,0.001,MD-Sinkhorn (M=1),243,973,0.594585657119751,0.006996572344547449,0.07726550678109856,False
random,mixed,4,0,0.001,MD-Sinkhorn (M=1),244,977,0.5966475009918213,0.006933631198974235,0.07737644394693714,False
random,mixed,4,0,0.001,MD-Sinkhorn (M=1),245,981,0.5996608734130859,0.006877546715065054,0.0774383590384141,False
random,mixed,4,0,0.001,MD-Sinkhorn (M=1),246,985,0.601639986038208,0.006826545250107399,0.07745855369075692,False
random,mixed,4,0,0.001,MD-Sinkhorn (M=1),247,989,0.6036474704742432,0.0067793310219826115,0.07744332397135806,False
random,mixed,4,0,0.001,MD-Sinkhorn (M=1),248,993,0.6065998077392578,0.006734958197633222,0.07739807817663144,False
random,mixed,4,0,0.001,MD-Sinkhorn (M=1),249,997,0.6087183952331543,0.006692736418159739,0.07732744756360027,False
random,mixed,4,0,0.001,MD-Sinkhorn (M=1),250,1001,0.6114742755889893,0.006652161423984245,0.07723538787152172,False
random,mixed,4,0,0.001,MD-Sinkhorn (M=1),251,1005,0.6134870052337646,0.00661286433747668,0.07712527074638831,False
random,mixed,4,0,0.001,MD-Sinkhorn (M=1),252,1009,0.615483283996582,0.006574574709021916,0.07699996498097422,False
random,mixed,4,0,0.001,MD-Sinkhorn (M=1),253,1013,0.6184501647949219,0.006537093656364816,0.0768619079766863,False
random,mixed,4,0,0.001,MD-Sinkhorn (M=1),254,1017,0.6204452514648438,0.006500274372116,0.07671316810952984,False
random,mixed,4,0,0.001,MD-Sinkhorn (M=1),255,1021,0.6224615573883057,0.006464007991309334,0.07655549882091911,False
random,mixed,4,0,0.001,MD-Sinkhorn (M=1),256,1025,0.6254613399505615,0.006428213348117865,0.07639038529962913,False
random,mixed,4,0,0.001,MD-Sinkhorn (M=1),257,1029,0.6283929347991943,0.006392829549279546,0.07621908460943412,False
random,mixed,4,0,0.001,MD-Sinkhorn (M=1),258,1033,0.6304519176483154,0.006357810585138632,0.07604266006980526,False
random,mixed,4,0,0.001,MD-Sinkhorn (M=1),259,1037,0.6334528923034668,0.006323121413766116,0.07586201063732445,False
random,mixed,4,0,0.001,MD-Sinkhorn (M=1),260,1041,0.6354618072509766,0.00628873511003124,0.07567789595819156,False
random,mixed,4,0,0.001,MD-Sinkhorn (M=1),261,1045,0.6374526023864746,0.006254630784864856,0.07549095769266245,False
random,mixed,4,0,0.001,MD-Sinkhorn (M=1),262,1049,0.6403658390045166,0.006220792062091328,0.07530173763905695,False
random,mixed,4,0,0.001,MD-Sinkhorn (M=1),263,1053,0.6434481143951416,0.006187205959463942,0.07511069311893608,False
random,mixed,4,0,0.001,MD-Sinkhorn (M=1),264,1057,0.6464626789093018,0.006153862063276371,0.07491821002383653,False
random,mixed,4,0,0.001,MD-Sinkhorn (M=1),265,1061,0.6484448909759521,0.006120751916726369,0.07472461386959728,False
random,mixed,4,0,0.001,MD-Sinkhorn (M=1),266,1065,0.6513910293579102,0.0060878685643589,0.07453017915620018,False
random,mixed,4,0,0.001,MD-Sinkhorn (M=1),267,1069,0.653447151184082,0.00605520621084815,0.07433513728778587,False
random,mixed,4,0,0.001,MD-Sinkhorn (M=1),268,1073,0.6553928852081299,0.006022759963889401,0.07413968327130543,False
random,mixed,4,0,0.001,MD-Sinkhorn (M=1),269,1077,0.6585330963134766,0.005990525639243925,0.07394398137969868,False
random,mixed,4,0,0.001,MD-Sinkhorn (M=1),270,1081,0.6614151000976562,0.005958499611900675,0.07374816993798827,False
random,mixed,4,0,0.001,MD-Sinkhorn (M=1),271,1085,0.6634140014648438,0.005926678701686767,0.0735523653669801,False
random,mixed,4,0,0.001,MD-Sinkhorn (M=1),272,1089,0.6654431819915771,0.005895060084730464,0.07335666559881944,False
random,mixed,4,0,0.001,MD-Sinkhorn (M=1),273,1093,0.6684229373931885,0.005863641224468903,0.07316115296148773,False
random,mixed,4,0,0.001,MD-Sinkhorn (M=1),274,1097,0.6704506874084473,0.005832419817498798,0.0729658966144211,False
random,mixed,4,0,0.001,MD-Sinkhorn (M=1),275,1101,0.6723930835723877,0.005801393750814843,0.07277095460464261,False
random,mixed,4,0,0.001,MD-Sinkhorn (M=1),276,1105,0.6754143238067627,0.005770561067811923,0.07257637560236219,False
random,mixed,4,0,0.001,MD-Sinkhorn (M=1),277,1109,0.6774101257324219,0.0057399199410885,0.07238220036608783,False
random,mixed,4,0,0.001,MD-Sinkhorn (M=1),278,1113,0.6804072856903076,0.005709468650589139,0.07218846297912342,False
random,mixed,4,0,0.001,MD-Sinkhorn (M=1),279,1117,0.68239426612854,0.005679205565914508,0.07199519189268686,False
random,mixed,4,0,0.001,MD-Sinkhorn (M=1),280,1121,0.6843922138214111,0.0056491291319655905,0.07180241080684953,False
random,mixed,4,0,0.001,MD-Sinkhorn (M=1),281,1125,0.6863939762115479,0.005619237857219051,0.07161013941327034,False
random,mixed,4,0,0.001,MD-Sinkhorn (M=1),282,1129,0.6903934478759766,0.005589530304134626,0.07141839402212011,False
random,mixed,4,0,0.001,MD-Sinkhorn (M=1),283,1133,0.69244384765625,0.005560005081254836,0.07122718809143799,False
random,mixed,4,0,0.001,MD-Sinkhorn (M=1),284,1137,0.6954441070556641,0.00553066083670271,0.07103653267291929,False
random,mixed,4,0,0.001,MD-Sinkhorn (M=1),285,1141,0.6975514888763428,0.005501496252800017,0.0708464367889118,False
random,mixed,4,0,0.001,MD-Sinkhorn (M=1),286,1145,0.699556827545166,0.0054725100415994035,0.07065690774993555,False
random,mixed,4,0,0.001,MD-Sinkhorn (M=1),287,1149,0.7025506496429443,0.005443700941182981,0.07046795142285617,False
random,mixed,4,0,0.001,MD-Sinkhorn (M=1),288,1153,0.705547571182251,0.005415067712569506,0.0702795724570113,False
random,mixed,4,0,0.001,MD-Sinkhorn (M=1),289,1157,0.7095534801483154,0.005386609137133956,0.0700917744748369,False
random,mixed,4,0,0.001,MD-Sinkhorn (M=1),290,1161,0.7122631072998047,0.00535832401446474,0.06990456023317501,False
random,mixed,4,0,0.001,MD-Sinkhorn (M=1),291,1165,0.7162795066833496,0.005330211160547851,0.06971793175882388,False
random,mixed,4,0,0.001,MD-Sinkhorn (M=1),292,1169,0.7212696075439453,0.005302269406265333,0.06953189046315264,False
random,mixed,4,0,0.001,MD-Sinkhorn (M=1),293,1173,0.72617506980896,0.0052744975961172185,0.06934643723889396,False
random,mixed,4,0,0.001,MD-Sinkhorn (M=1),294,1177,0.730255126953125,0.00524689458715816,0.06916157254160596,False
random,mixed,4,0,0.001,MD-Sinkhorn (M=1),295,1181,0.7332496643066406,0.005219459248097975,0.068977296458516,False
random,mixed,4,0,0.001,MD-Sinkhorn (M=1),296,1185,0.7352042198181152,0.005192190458535936,0.06879360876643287,False
random,mixed,4,0,0.001,MD-Sinkhorn (M=1),297,1189,0.7372512817382812,0.005165087108325275,0.06861050898104805,False
random,mixed,4,0,0.001,MD-Sinkhorn (M=1),298,1193,0.7402024269104004,0.005138148097024188,0.06842799639786717,False
random,mixed,4,0,0.001,MD-Sinkhorn (M=1),299,1197,0.7432465553283691,0.0051113723334335545,0.06824607012754355,False
random,mixed,4,0,0.001,MD-Sinkhorn (M=1),300,1201,0.745250940322876,0.005084758735206946,0.06806472912473979,False
random,mixed,4,0,0.001,MD-Sinkhorn (M=1),301,1205,0.74825119972229,0.005058306228510404,0.06788397221339706,False
random,mixed,4,0,0.001,MD-Sinkhorn (M=1),302,1209,0.7502057552337646,0.0050320137477359,0.06770379810759244,False
random,mixed,4,0,0.001,MD-Sinkhorn (M=1),303,1213,0.7522516250610352,0.005005880235254314,0.06752420542904315,False
random,mixed,4,0,0.001,MD-Sinkhorn (M=1),304,1217,0.755251407623291,0.0049799046412015695,0.06734519272227055,False
random,mixed,4,0,0.001,MD-Sinkhorn (M=1),305,1221,0.7572329044342041,0.004954085923289907,0.06716675846695819,False
random,mixed,4,0,0.001,MD-Sinkhorn (M=1),306,1225,0.7592663764953613,0.004928423046655254,0.06698890108869378,False
random,mixed,4,0,0.001,MD-Sinkhorn (M=1),307,1229,0.7622537612915039,0.004902914983704676,0.06681161896812897,False
random,mixed,4,0,0.001,MD-Sinkhorn (M=1),308,1233,0.7642662525177002,0.004877560714002729,0.06663491044811196,False
random,mixed,4,0,0.001,MD-Sinkhorn (M=1),309,1237,0.7662506103515625,0.004852359224152678,0.06645877384041582,False
random,mixed,4,0,0.001,MD-Sinkhorn (M=1),310,1241,0.769254207611084,0.004827309507697536,0.06628320743120972,False
random,mixed,4,0,0.001,MD-Sinkhorn (M=1),311,1245,0.7712574005126953,0.004802410565040985,0.06610820948521395,False
random,mixed,4,0,0.001,MD-Sinkhorn (M=1),312,1249,0.7732744216918945,0.004777661403362986,0.06593377824999766,False
random,mixed,4,0,0.001,MD-Sinkhorn (M=1),313,1253,0.7762563228607178,0.004753061036536806,0.06575991195898104,False
random,mixed,4,0,0.001,MD-Sinkhorn (M=1),314,1257,0.7782511711120605,0.004728608485077786,0.06558660883417602,False
random,mixed,4,0,0.001,MD-Sinkhorn (M=1),315,1261,0.7802507877349854,0.004704302776067449,0.0654138670887261,False
random,mixed,4,0,0.001,MD-Sinkhorn (M=1),316,1265,0.783250093460083,0.004680142943104237,0.06524168492861376,False
random,mixed,4,0,0.001,MD-Sinkhorn (M=1),317,1269,0.7852494716644287,0.004656128026249394,0.06507006055451507,False
random,mixed,4,0,0.001,MD-Sinkhorn (M=1),318,1273,0.7872483730316162,0.004632257071964619,0.06489899216311365,False
random,mixed,4,0,0.001,MD-Sinkhorn (M=1),319,1277,0.7901649475097656,0.004608529133079269,0.06472847794832408,False
random,mixed,4,0,0.001,MD-Sinkhorn (M=1),320,1281,0.7922072410583496,0.004584943268730653,0.06455851610217198,False
random,mixed,4,0,0.001,MD-Sinkhorn (M=1),321,1285,0.7942008972167969,0.004561498544326245,0.06438910481599072,False
random,mixed,4,0,0.001,MD-Sinkhorn (M=1),322,1289,0.796267032623291,0.0045381940314955255,0.06422024228082251,False
random,mixed,4,0,0.001,MD-Sinkhorn (M=1),323,1293,0.7994754314422607,0.004515028808052244,0.06405192668813131,False
random,mixed,4,0,0.001,MD-Sinkhorn (M=1),324,1297,0.8014853000640869,0.004492001957950041,0.06388415623033877,False
random,mixed,4,0,0.001,MD-Sinkhorn (M=1),325,1301,0.803483247756958,0.004469112571247984,0.0637169291013311,False
random,mixed,4,0,0.001,MD-Sinkhorn (M=1),326,1305,0.8064365386962891,0.004446359744058953,0.06355024349688325,False
random,mixed,4,0,0.001,MD-Sinkhorn (M=1),327,1309,0.8084864616394043,0.004423742578530217,0.06338409761457751,False
random,mixed,4,0,0.001,MD-Sinkhorn (M=1),328,1313,0.8110449314117432,0.00440126018278714,0.06321848965466756,False
random,mixed,4,0,0.001,MD-Sinkhorn (M=1),329,1317,0.8131012916564941,0.004378911670908114,0.06305341781998502,False
random,mixed,4,0,0.001,MD-Sinkhorn (M=1),330,1321,0.8160946369171143,0.0043566961628800525,0.06288888031622308,False
random,mixed,4,0,0.001,MD-Sinkhorn (M=1),331,1325,0.8181047439575195,0.004334612784567433,0.06272487535198477,False
random,mixed,4,0,0.001,MD-Sinkhorn (M=1),332,1329,0.8200943470001221,0.004312660667675843,0.06256140113920511,False
random,mixed,4,0,0.001,MD-Sinkhorn (M=1),333,1333,0.8221719264984131,0.004290838949708141,0.06239845589301645,False
random,mixed,4,0,0.001,MD-Sinkhorn (M=1),334,1337,0.8252665996551514,0.004269146773944329,0.06223603783197387,False
random,mixed,4,0,0.001,MD-Sinkhorn (M=1),335,1341,0.8271090984344482,0.004247583289388082,0.062074145178259335,False
random,mixed,4,0,0.001,MD-Sinkhorn (M=1),336,1345,0.8291497230529785,0.004226147650746666,0.061912776157500876,False
random,mixed,4,0,0.001,MD-Sinkhorn (M=1),337,1349,0.8321530818939209,0.004204839018391825,0.061751928999225894,False
random,mixed,4,0,0.001,MD-Sinkhorn (M=1),338,1353,0.8341443538665771,0.004183656558318881,0.06159160193651855,False
random,mixed,4,0,0.001,MD-Sinkhorn (M=1),339,1357,0.836144208908081,0.004162599442122786,0.06143179320640052,False
random,mixed,4,0,0.001,MD-Sinkhorn (M=1),340,1361,0.8391497135162354,0.004141666846955425,0.061272501049697656,False
random,mixed,4,0,0.001,MD-Sinkhorn (M=1),341,1365,0.841057538986206,0.004120857955497404,0.06111372371130212,False
random,mixed,4,0,0.001,MD-Sinkhorn (M=1),342,1369,0.8431415557861328,0.004100171955919808,0.060955459439804495,False
random,mixed,4,0,0.001,MD-Sinkhorn (M=1),343,1373,0.8461496829986572,0.004079608041853448,0.06079770648808082,False
random,mixed,4,0,0.001,MD-Sinkhorn (M=1),344,1377,0.8481485843658447,0.0040591654123563435,0.060640463112863044,False
random,mixed,4,0,0.001,MD-Sinkhorn (M=1),345,1381,0.8511526584625244,0.004038843271877526,0.06048372757507049,False
random,mixed,4,0,0.001,MD-Sinkhorn (M=1),346,1385,0.8531527519226074,0.004018640830223271,0.06032749813967249,False
random,mixed,4,0,0.001,MD-Sinkhorn (M=1),347,1389,0.8551528453826904,0.003998557302528828,0.06017177307581008,False
random,mixed,4,0,0.001,MD-Sinkhorn (M=1),348,1393,0.8580613136291504,0.00397859190922294,0.06001655065658306,False
random,mixed,4,0,0.001,MD-Sinkhorn (M=1),349,1397,0.8600585460662842,0.003958743875989552,0.05986182915970614,False
random,mixed,4,0,0.001,MD-Sinkhorn (M=1),350,1401,0.8621041774749756,0.003939012433747804,0.059707606866580706,False
random,mixed,4,0,0.001,MD-Sinkhorn (M=1),351,1405,0.8651812076568604,0.003919396818606704,0.05955388206333964,False
random,mixed,4,0,0.001,MD-Sinkhorn (M=1),352,1409,0.8671836853027344,0.0038998962718413436,0.05940065303993029,False
random,mixed,4,0,0.001,MD-Sinkhorn (M=1),353,1413,0.8691728115081787,0.003880510039854723,0.05924791809090769,False
random,mixed,4,0,0.001,MD-Sinkhorn (M=1),354,1417,0.8711767196655273,0.003861237374153224,0.059095675514859496,False
random,mixed,4,0,0.001,MD-Sinkhorn (M=1),355,1421,0.8741037845611572,0.0038420775313049204,0.058943923614814944,False
random,mixed,4,0,0.001,MD-Sinkhorn (M=1),356,1425,0.8771107196807861,0.003823029772919126,0.05879266069809047,False
random,mixed,4,0,0.001,MD-Sinkhorn (M=1),357,1429,0.8791327476501465,0.003804093365602265,0.05864188507634524,False
random,mixed,4,0,0.001,MD-Sinkhorn (M=1),358,1433,0.8821907043457031,0.003785267580938203,0.05849159506555945,False
random,mixed,4,0,0.001,MD-Sinkhorn (M=1),359,1437,0.884152889251709,0.0037665516954492302,0.05834178898613117,False
random,mixed,4,0,0.001,MD-Sinkhorn (M=1),360,1441,0.887056827545166,0.003747944990566781,0.058192465162747516,False
random,mixed,4,0,0.001,MD-Sinkhorn (M=1),361,1445,0.8891816139221191,0.0037294467526031837,0.058043621924602024,False
random,mixed,4,0,0.001,MD-Sinkhorn (M=1),362,1449,0.8910994529724121,0.0037110562727158164,0.0578952576051429,False
random,mixed,4,0,0.001,MD-Sinkhorn (M=1),363,1453,0.8941426277160645,0.0036927728468804286,0.05774737054241609,False
random,mixed,4,0,0.001,MD-Sinkhorn (M=1),364,1457,0.896233081817627,0.0036745957758580446,0.05759995907871099,False
random,mixed,4,0,0.001,MD-Sinkhorn (M=1),365,1461,0.8992376327514648,0.0036565243651664856,0.05745302156093485,False
random,mixed,4,0,0.001,MD-Sinkhorn (M=1),366,1465,0.9012348651885986,0.003638557925049374,0.05730655634027739,False
random,mixed,4,0,0.001,MD-Sinkhorn (M=1),367,1469,0.9032344818115234,0.0036206957704426525,0.05716056177247271,False
random,mixed,4,0,0.001,MD-Sinkhorn (M=1),368,1473,0.906245231628418,0.003602937220950303,0.05701503621772406,False
random,mixed,4,0,0.001,MD-Sinkhorn (M=1),369,1477,0.9082489013671875,0.0035852816008093463,0.056869978040646495,False
random,mixed,4,0,0.001,MD-Sinkhorn (M=1),370,1481,0.9107983112335205,0.0035677282388641937,0.05672538561046878,False
random,mixed,4,0,0.001,MD-Sinkhorn (M=1),371,1485,0.9129123687744141,0.0035502764685323538,0.056581257300742566,False
random,mixed,4,0,0.001,MD-Sinkhorn (M=1),372,1489,0.915900468826294,0.0035329256277814147,0.056437591489666095,False
random,mixed,4,0,0.001,MD-Sinkhorn (M=1),373,1493,0.9179015159606934,0.0035156750590904255,0.0562943865598592,False
random,mixed,4,0,0.001,MD-Sinkhorn (M=1),374,1497,0.9199008941650391,0.0034985241094315223,0.05615164089852787,False
random,mixed,4,0,0.001,MD-Sinkhorn (M=1),375,1501,0.9229001998901367,0.0034814721302306546,0.056009352897433286,False
random,mixed,4,0,0.001,MD-Sinkhorn (M=1),376,1505,0.9258983135223389,0.0034645184773453293,0.055867520952618946,False
random,mixed,4,0,0.001,MD-Sinkhorn (M=1),377,1509,0.9308977127075195,0.0034476625110343015,0.055726143465008746,False
random,mixed,4,0,0.001,MD-Sinkhorn (M=1),378,1513,0.933903694152832,0.0034309035959280403,0.05558521883984231,False
random,mixed,4,0,0.001,MD-Sinkhorn (M=1),379,1517,0.9369220733642578,0.0034142411010010237,0.05544474548695625,False
random,mixed,4,0,0.001,MD-Sinkhorn (M=1),380,1521,0.9389059543609619,0.0033976743995394734,0.055304721820875855,False
random,mixed,4,0,0.001,MD-Sinkhorn (M=1),381,1525,0.9418466091156006,0.003381202869123285,0.05516514626038624,False
random,mixed,4,0,0.001,MD-Sinkhorn (M=1),382,1529,0.9439055919647217,0.0033648258915829283,0.05502601722920154,False
random,mixed,4,0,0.001,MD-Sinkhorn (M=1),383,1533,0.9459006786346436,0.003348542852986111,0.05488733315526852,False
random,mixed,4,0,0.001,MD-Sinkhorn (M=1),384,1537,0.9488158226013184,0.0033323531436049614,0.05474909247137935,False
random,mixed,4,0,0.001,MD-Sinkhorn (M=1),385,1541,0.9518997669219971,0.003316256157876942,0.05461129361469272,False
random,mixed,4,0,0.001,MD-Sinkhorn (M=1),386,1545,0.9559023380279541,0.003300251294398918,0.054473935027093565,False
random,mixed,4,0,0.001,MD-Sinkhorn (M=1),387,1549,0.9599034786224365,0.003284337955881413,0.054337015155025155,False
random,mixed,4,0,0.001,MD-Sinkhorn (M=1),388,1553,0.962897777557373,0.0032685155491322428,0.05420053244936866,False
random,mixed,4,0,0.001,MD-Sinkhorn (M=1),389,1557,0.9649069309234619,0.003252783485021705,0.05406448536580357,False
random,mixed,4,0,0.001,MD-Sinkhorn (M=1),390,1561,0.9679021835327148,0.0032371411784625596,0.053928872364462956,False
random,mixed,4,0,0.001,MD-Sinkhorn (M=1),391,1565,0.9698953628540039,0.0032215880483789294,0.05379369191011513,False
random,mixed,4,0,0.001,MD-Sinkhorn (M=1),392,1569,0.9718587398529053,0.0032061235176795745,0.05365894247211577,False
random,mixed,4,0,0.001,MD-Sinkhorn (M=1),393,1573,0.9748644828796387,0.003190747013235104,0.05352462252443295,False
random,mixed,4,0,0.001,MD-Sinkhorn (M=1),394,1577,0.9778947830200195,0.003175457965847583,0.05339073054566629,False
random,mixed,4,0,0.001,MD-Sinkhorn (M=1),395,1581,0.9798984527587891,0.003160255810224926,0.05325726501893972,False
random,mixed,4,0,0.001,MD-Sinkhorn (M=1),396,1585,0.981905460357666,0.003145139984956255,0.05312422443198449,False
random,mixed,4,0,0.001,MD-Sinkhorn (M=1),397,1589,0.9848992824554443,0.0031301099324878992,0.05299160727711581,False
random,mixed,4,0,0.001,MD-Sinkhorn (M=1),398,1593,0.9868946075439453,0.003115165099091015,0.052859412051372685,False
random,mixed,4,0,0.001,MD-Sinkhorn (M=1),399,1597,0.9888954162597656,0.0031003049348427986,0.05272763725630503,False
random,mixed,4,0,0.001,MD-Sinkhorn (M=1),400,1601,0.9919157028198242,0.003085528893596654,0.052596281397977576,False
random,mixed,4,0,0.001,MD-Sinkhorn (M=1),401,1605,0.9938957691192627,0.003070836432958954,0.052465342987227825,False
random,mixed,4,0,0.001,MD-Sinkhorn (M=1),402,1609,0.9958956241607666,0.003056227014264545,0.052334820539332756,False
random,mixed,4,0,0.001,MD-Sinkhorn (M=1),403,1613,0.9989907741546631,0.003041700102547392,0.05220471257432886,False
random,mixed,4,0,0.001,MD-Sinkhorn (M=1),404,1617,1.0009994506835938,0.003027255166520267,0.05207501761673817,False
random,mixed,4,0,0.001,MD-Sinkhorn (M=1),405,1621,1.0034136772155762,0.0030128916785483496,0.05194573419560119,False
random,mixed,4,0,0.001,MD-Sinkhorn (M=1),406,1625,1.0054216384887695,0.0029986091146231727,0.05181686084482928,False
random,mixed,4,0,0.001,MD-Sinkhorn (M=1),407,1629,1.0084223747253418,0.0029844069543399033,0.05168839610264102,False
random,mixed,4,0,0.001,MD-Sinkhorn (M=1),408,1633,1.010927438735962,0.0029702846808745435,0.051560338511937955,False
random,mixed,4,0,0.001,MD-Sinkhorn (M=1),409,1637,1.0129354000091553,0.0029562417809515236,0.05143268662032914,False
random,mixed,4,0,0.001,MD-Sinkhorn (M=1),410,1641,1.0149352550506592,0.002942277744834231,0.05130543897975073,False
random,mixed,4,0,0.001,MD-Sinkhorn (M=1),411,1645,1.0179352760314941,0.002928392066283486,0.05117859414705217,False
random,mixed,4,0,0.001,MD-Sinkhorn (M=1),412,1649,1.0199816226959229,0.002914584242547962,0.05105215068342113,False
random,mixed,4,0,0.001,MD-Sinkhorn (M=1),413,1653,1.0219850540161133,0.0029008537743340024,0.05092610715470886,False
random,mixed,4,0,0.001,MD-Sinkhorn (M=1),414,1657,1.023939847946167,0.0028872001657825564,0.0508004621313409,False
random,mixed,4,0,0.001,MD-Sinkhorn (M=1),415,1661,1.0270609855651855,0.0028736229244460945,0.0506752141882024,False
random,mixed,4,0,0.001,MD-Sinkhorn (M=1),416,1665,1.0290534496307373,0.0028601215612682833,0.050550361905029206,False
random,mixed,4,0,0.001,MD-Sinkhorn (M=1),417,1669,1.0320532321929932,0.002846695590551972,0.050425903865750424,False
random,mixed,4,0,0.001,MD-Sinkhorn (M=1),418,1673,1.0339751243591309,0.002833344529949297,0.05030183865916561,False
random,mixed,4,0,0.001,MD-Sinkhorn (M=1),419,1677,1.036022663116455,0.002820067900428355,0.05017816487852836,False
random,mixed,4,0,0.001,MD-Sinkhorn (M=1),420,1681,1.039029836654663,0.002806865226254711,0.050054881121544034,False
random,mixed,4,0,0.001,MD-Sinkhorn (M=1),421,1685,1.0410008430480957,0.002793736034966414,0.04993198599064973,False
random,mixed,4,0,0.001,MD-Sinkhorn (M=1),422,1689,1.0430290699005127,0.00278067985735499,0.04980947809267397,False
random,mixed,4,0,0.001,MD-Sinkhorn (M=1),423,1693,1.0460295677185059,0.002767696227442268,0.04968735603900362,False
random,mixed,4,0,0.001,MD-Sinkhorn (M=1),424,1697,1.0479881763458252,0.002754784682452918,0.04956561844568161,False
random,mixed,4,0,0.001,MD-Sinkhorn (M=1),425,1701,1.049992561340332,0.0027419447628014943,0.04944426393322021,False
random,mixed,4,0,0.001,MD-Sinkhorn (M=1),426,1705,1.0530283451080322,0.0027291760120629186,0.04932329112646071,False
random,mixed,4,0,0.001,MD-Sinkhorn (M=1),427,1709,1.0550248622894287,0.00271647797695414,0.04920269865507495,False
random,mixed,4,0,0.001,MD-Sinkhorn (M=1),428,1713,1.0569448471069336,0.002703850207312264,0.0490824851531247,False
random,mixed,4,0,0.001,MD-Sinkhorn (M=1),429,1717,1.0600273609161377,0.002691292256069673,0.048962649259106567,False
random,mixed,4,0,0.001,MD-Sinkhorn (M=1),430,1721,1.0620360374450684,0.0026788036792412162,0.048843189616162505,False
random,mixed,4,0,0.001,MD-Sinkhorn (M=1),431,1725,1.065030813217163,0.002666384035892145,0.048724104871736194,False
random,mixed,4,0,0.001,MD-Sinkhorn (M=1),432,1729,1.0670337677001953,0.002654032888120716,0.048605393677966215,False
random,mixed,4,0,0.001,MD-Sinkhorn (M=1),433,1733,1.0690207481384277,0.002641749801046978,0.048487054691355516,False
random,mixed,4,0,0.001,MD-Sinkhorn (M=1),434,1737,1.0720469951629639,0.0026295343427716533,0.04836908657298226,False
random,mixed,4,0,0.001,MD-Sinkhorn (M=1),435,1741,1.0739824771881104,0.0026173860843789927,0.04825148798822168,False
random,mixed,4,0,0.001,MD-Sinkhorn (M=1),436,1745,1.0770211219787598,0.00260530459989461,0.048134257607164777,False
random,mixed,4,0,0.001,MD-Sinkhorn (M=1),437,1749,1.0790021419525146,0.002593289466277776,0.048017394104103314,False
random,mixed,4,0,0.001,MD-Sinkhorn (M=1),438,1753,1.0810232162475586,0.0025813402634025204,0.04790089615797034,False
random,mixed,4,0,0.001,MD-Sinkhorn (M=1),439,1757,1.0840280055999756,0.002569456574026816,0.04778476245205055,False
random,mixed,4,0,0.001,MD-Sinkhorn (M=1),440,1761,1.0860323905944824,0.0025576379837805173,0.04766899167414694,False
random,mixed,4,0,0.001,MD-Sinkhorn (M=1),441,1765,1.088029384613037,0.0025458840811450256,0.04755358251639015,False
random,mixed,4,0,0.001,MD-Sinkhorn (M=1),442,1769,1.0909948348999023,0.0025341944574278938,0.04743853367546706,False
random,mixed,4,0,0.001,MD-Sinkhorn (M=1),443,1773,1.0930235385894775,0.0025225687067523058,0.047323843852350715,False
random,mixed,4,0,0.001,MD-Sinkhorn (M=1),444,1777,1.094989538192749,0.0025110064260251224,0.047209511752489663,False
random,mixed,4,0,0.001,MD-Sinkhorn (M=1),445,1781,1.0980358123779297,0.0024995072149318915,0.04709553608568826,False
random,mixed,4,0,0.001,MD-Sinkhorn (M=1),446,1785,1.1000356674194336,0.002488070675905004,0.04698191556637142,False
random,mixed,4,0,0.001,MD-Sinkhorn (M=1),447,1789,1.1020386219024658,0.0024766964141122077,0.04686864891293752,False
random,mixed,4,0,0.001,MD-Sinkhorn (M=1),448,1793,1.1050512790679932,0.0024653840374313056,0.04675573484855729,False
random,mixed,4,0,0.001,MD-Sinkhorn (M=1),449,1797,1.107048511505127,0.0024541331564387862,0.046643172100536937,False
random,mixed,4,0,0.001,MD-Sinkhorn (M=1),450,1801,1.1090495586395264,0.002442943384383507,0.046530959400616835,False
random,mixed,4,0,0.001,MD-Sinkhorn (M=1),451,1805,1.1116321086883545,0.0024318143371737802,0.04641909548496062,False
random,mixed,4,0,0.001,MD-Sinkhorn (M=1),452,1809,1.113762617111206,0.002420745633354737,0.046307579093964116,False
random,mixed,4,0,0.001,MD-Sinkhorn (M=1),453,1813,1.1167654991149902,0.002409736894090313,0.04619640897247901,False
random,mixed,4,0,0.001,MD-Sinkhorn (M=1),454,1817,1.118764877319336,0.0023987877431465186,0.046085583869611715,False
random,mixed,4,0,0.001,MD-Sinkhorn (M=1),455,1821,1.1207647323608398,0.0023878978068751205,0.04597510253877862,False
random,mixed,4,0,0.001,MD-Sinkhorn (M=1),456,1825,1.1236426830291748,0.002377066714190122,0.04586496373774417,False
random,mixed,4,0,0.001,MD-Sinkhorn (M=1),457,1829,1.1257524490356445,0.0023662940965530673,0.04575516622863266,False
random,mixed,4,0,0.001,MD-Sinkhorn (M=1),458,1833,1.1286933422088623,0.0023555795879537586,0.045645708777740004,False
random,mixed,4,0,0.001,MD-Sinkhorn (M=1),459,1837,1.1306931972503662,0.0023449228248944346,0.04553659015583486,False
random,mixed,4,0,0.001,MD-Sinkhorn (M=1),460,1841,1.1327617168426514,0.0023343234463730034,0.04542780913770621,False
random,mixed,4,0,0.001,MD-Sinkhorn (M=1),461,1845,1.1357626914978027,0.002323781093856599,0.04531936450267893,False
random,mixed,4,0,0.001,MD-Sinkhorn (M=1),462,1849,1.1377627849578857,0.002313295411278885,0.04521125503419306,False
random,mixed,4,0,0.001,MD-Sinkhorn (M=1),463,1853,1.139730453491211,0.0023028660450090505,0.04510347951996557,False
random,mixed,4,0,0.001,MD-Sinkhorn (M=1),464,1857,1.1426796913146973,0.0022924926438452633,0.04499603675189738,False
random,mixed,4,0,0.001,MD-Sinkhorn (M=1),465,1861,1.144728660583496,0.0022821748589863843,0.04488892552632012,False
random,mixed,4,0,0.001,MD-Sinkhorn (M=1),466,1865,1.1467278003692627,0.002271912344028997,0.044782144643597685,False
random,mixed,4,0,0.001,MD-Sinkhorn (M=1),467,1869,1.1497280597686768,0.002261704754936494,0.04467569290835598,False
random,mixed,4,0,0.001,MD-Sinkhorn (M=1),468,1873,1.1517255306243896,0.002251551750029266,0.04456956912946309,False
random,mixed,4,0,0.001,MD-Sinkhorn (M=1),469,1877,1.1537261009216309,0.002241452989971613,0.04446377212002589,False
random,mixed,4,0,0.001,MD-Sinkhorn (M=1),470,1881,1.156644582748413,0.002231408137748904,0.04435830069719308,False
random,mixed,4,0,0.001,MD-Sinkhorn (M=1),471,1885,1.1597325801849365,0.002221416858647842,0.0442531536824681,False
random,mixed,4,0,0.001,MD-Sinkhorn (M=1),472,1889,1.161728858947754,0.002211478820256136,0.04414832990137604,False
random,mixed,4,0,0.001,MD-Sinkhorn (M=1),473,1893,1.1637344360351562,0.0022015936924263974,0.044043828183691416,False
random,mixed,4,0,0.001,MD-Sinkhorn (M=1),474,1897,1.166736364364624,0.0021917611472727664,0.04393964736333142,False
random,mixed,4,0,0.001,MD-Sinkhorn (M=1),475,1901,1.1687397956848145,0.0021819808591535296,0.04383578627827458,False
random,mixed,4,0,0.001,MD-Sinkhorn (M=1),476,1905,1.1707384586334229,0.002172252504650754,0.04373224377077718,False
random,mixed,4,0,0.001,MD-Sinkhorn (M=1),477,1909,1.1736865043640137,0.0021625757625561817,0.04362901868708041,False
random,mixed,4,0,0.001,MD-Sinkhorn (M=1),478,1913,1.1757328510284424,0.002152950313859583,0.043526109877560365,False
random,mixed,4,0,0.001,MD-Sinkhorn (M=1),479,1917,1.1787371635437012,0.002143375841727676,0.043423516196716465,False
random,mixed,4,0,0.001,MD-Sinkhorn (M=1),480,1921,1.180725336074829,0.00213385203149069,0.04332123650316354,False
random,mixed,4,0,0.001,MD-Sinkhorn (M=1),481,1925,1.1827263832092285,0.002124378570627218,0.04321926965960673,False
random,mixed,4,0,0.001,MD-Sinkhorn (M=1),482,1929,1.185725212097168,0.0021149551487514837,0.043117614532738574,False
random,mixed,4,0,0.001,MD-Sinkhorn (M=1),483,1933,1.1877264976501465,0.0021055814575942806,0.04301626999335893,False
random,mixed,4,0,0.001,MD-Sinkhorn (M=1),484,1937,1.1906447410583496,0.002096257190989459,0.042915234916326275,False
random,mixed,4,0,0.001,MD-Sinkhorn (M=1),485,1941,1.1926419734954834,0.002086982044855866,0.04281450818059144,False
random,mixed,4,0,0.001,MD-Sinkhorn (M=1),486,1945,1.1946430206298828,0.0020777557171911317,0.042714088669044886,False
random,mixed,4,0,0.001,MD-Sinkhorn (M=1),487,1949,1.1976559162139893,0.0020685779080478507,0.0426139752685726,False
random,mixed,4,0,0.001,MD-Sinkhorn (M=1),488,1953,1.1996581554412842,0.002059448319523221,0.04251416687015232,False
random,mixed,4,0,0.001,MD-Sinkhorn (M=1),489,1957,1.2016534805297852,0.0020503666557440702,0.04241466236876038,False
random,mixed,4,0,0.001,MD-Sinkhorn (M=1),490,1961,1.2047829627990723,0.0020413326228525823,0.04231546066332411,False
random,mixed,4,0,0.001,MD-Sinkhorn (M=1),491,1965,1.206658124923706,0.002032345928989465,0.04221656065677887,False
random,mixed,4,0,0.001,MD-Sinkhorn (M=1),492,1969,1.2097094058990479,0.0020234062842842244,0.04211796125595492,False
random,mixed,4,0,0.001,MD-Sinkhorn (M=1),493,1973,1.211268424987793,0.0020145134008364854,0.04201966137177901,False
random,mixed,4,0,0.001,MD-Sinkhorn (M=1),494,1977,1.2143666744232178,0.002005666992706518,0.041921659918965556,False
random,mixed,4,0,0.001,MD-Sinkhorn (M=1),495,1981,1.216367244720459,0.001996866775894504,0.04182395581627188,False
random,mixed,4,0,0.001,MD-Sinkhorn (M=1),496,1985,1.2183730602264404,0.001988112468338382,0.04172654798636453,False
random,mixed,4,0,0.001,MD-Sinkhorn (M=1),497,1989,1.2213771343231201,0.001979403789884465,0.04162943535577779,False
random,mixed,4,0,0.001,MD-Sinkhorn (M=1),498,1993,1.2233190536499023,0.001970740462288146,0.04153261685497351,False
random,mixed,4,0,0.001,MD-Sinkhorn (M=1),499,1997,1.2263665199279785,0.0019621222091890053,0.041436091418369445,False
random,mixed,4,0,0.001,MD-Sinkhorn (M=1),500,2001,1.2283728122711182,0.001953548756108153,0.041339857984137904,False
random,mixed,4,0,0.001,MD-Sinkhorn (M=1),501,2005,1.2303733825683594,0.0019450198304256552,0.04124391549445832,False
random,mixed,4,0,0.001,MD-Sinkhorn (M=1),502,2009,1.2333815097808838,0.0019365351613704253,0.0411482628953051,False
random,mixed,4,0,0.001,MD-Sinkhorn (M=1),503,2013,1.235365629196167,0.0019280944800122812,0.04105289913647747,False
random,mixed,4,0,0.001,MD-Sinkhorn (M=1),504,2017,1.2373676300048828,0.001919697519237277,0.04095782317164928,False
random,mixed,4,0,0.001,MD-Sinkhorn (M=1),505,2021,1.2403242588043213,0.0019113440137473315,0.040863033958320846,False
random,mixed,4,0,0.001,MD-Sinkhorn (M=1),506,2025,1.2423653602600098,0.0019030337000365443,0.04076853045789802,False
random,mixed,4,0,0.001,MD-Sinkhorn (M=1),507,2029,1.2453758716583252,0.001894766316388562,0.04067431163540755,False
random,mixed,4,0,0.001,MD-Sinkhorn (M=1),508,2033,1.2473680973052979,0.0018865416028516545,0.04058037645984807,False
random,mixed,4,0,0.001,MD-Sinkhorn (M=1),509,2037,1.2493669986724854,0.0018783593012424084,0.040486723903822054,False
random,mixed,4,0,0.001,MD-Sinkhorn (M=1),510,2041,1.252371072769165,0.00187021915511435,0.04039335294394143,False
random,mixed,4,0,0.001,MD-Sinkhorn (M=1),511,2045,1.2543673515319824,0.0018621209097615644,0.040300262560394436,False
random,mixed,4,0,0.001,MD-Sinkhorn (M=1),512,2049,1.2563374042510986,0.001854064312196273,0.04020745173719921,False
random,mixed,4,0,0.001,MD-Sinkhorn (M=1),513,2053,1.2593259811401367,0.0018460491111430772,0.040114919462079554,False
random,mixed,4,0,0.001,MD-Sinkhorn (M=1),514,2057,1.2613704204559326,0.001838075057016198,0.04002266472657319,False
random,mixed,4,0,0.001,MD-Sinkhorn (M=1),515,2061,1.2633686065673828,0.0018301419019273613,0.03993068652579514,False
random,mixed,4,0,0.001,MD-Sinkhorn (M=1),516,2065,1.2663788795471191,0.0018222493996470788,0.03983898385876684,False
random,mixed,4,0,0.001,MD-Sinkhorn (M=1),517,2069,1.2683489322662354,0.0018143973056169546,0.039747555728051484,False
random,mixed,4,0,0.001,MD-Sinkhorn (M=1),518,2073,1.2703304290771484,0.0018065853769248259,0.03965640113989765,False
random,mixed,4,0,0.001,MD-Sinkhorn (M=1),519,2077,1.2733352184295654,0.0017988133722939437,0.03956551910433662,False
random,mixed,4,0,0.001,MD-Sinkhorn (M=1),520,2081,1.2753677368164062,0.0017910810520754255,0.03947490863502499,False
random,mixed,4,0,0.001,MD-Sinkhorn (M=1),521,2085,1.2783668041229248,0.0017833881782345518,0.039384568749191835,False
random,mixed,4,0,0.001,MD-Sinkhorn (M=1),522,2089,1.280365228652954,0.0017757345143363447,0.039294498467904296,False
random,mixed,4,0,0.001,MD-Sinkhorn (M=1),523,2093,1.2823657989501953,0.0017681198255405004,0.03920469681557735,False
random,mixed,4,0,0.001,MD-Sinkhorn (M=1),524,2097,1.2853724956512451,0.001760543878582033,0.03911516282055138,False
random,mixed,4,0,0.001,MD-Sinkhorn (M=1),525,2101,1.28737211227417,0.001753006441770239,0.03902589551454803,False
random,mixed,4,0,0.001,MD-Sinkhorn (M=1),526,2105,1.2893776893615723,0.0017455072849656627,0.038936893933039785,False
random,mixed,4,0,0.001,MD-Sinkhorn (M=1),527,2109,1.2919349670410156,0.0017380461795783407,0.03884815711499609,False
random,mixed,4,0,0.001,MD-Sinkhorn (M=1),528,2113,1.2950305938720703,0.0017306228985547291,0.03875968410298933,False
random,mixed,4,0,0.001,MD-Sinkhorn (M=1),529,2117,1.297142505645752,0.00172323721635904,0.03867147394321018,False
random,mixed,4,0,0.001,MD-Sinkhorn (M=1),530,2121,1.299133539199829,0.0017158889089753005,0.03858352568534325,False
random,mixed,4,0,0.001,MD-Sinkhorn (M=1),531,2125,1.3021297454833984,0.00170857775388814,0.038495838382609136,False
random,mixed,4,0,0.001,MD-Sinkhorn (M=1),532,2129,1.3041343688964844,0.0017013035300725062,0.03840841109185058,False
random,mixed,4,0,0.001,MD-Sinkhorn (M=1),533,2133,1.3070824146270752,0.001694066017983256,0.03832124287333263,False
random,mixed,4,0,0.001,MD-Sinkhorn (M=1),534,2137,1.3090989589691162,0.0016868649995494204,0.03823433279090377,False
random,mixed,4,0,0.001,MD-Sinkhorn (M=1),535,2141,1.311643123626709,0.0016797002581564451,0.03814767991193918,False
random,mixed,4,0,0.001,MD-Sinkhorn (M=1),536,2145,1.3137145042419434,0.0016725715786425784,0.038061283307100326,False
random,mixed,4,0,0.001,MD-Sinkhorn (M=1),537,2149,1.316716194152832,0.0016654787472800462,0.037975142050827554,False
random,mixed,4,0,0.001,MD-Sinkhorn (M=1),538,2153,1.3187026977539062,0.0016584215517776559,0.037889255220869625,False
random,mixed,4,0,0.001,MD-Sinkhorn (M=1),539,2157,1.3217017650604248,0.0016513997812522747,0.03780362189842858,False
random,mixed,4,0,0.001,MD-Sinkhorn (M=1),540,2161,1.3237192630767822,0.0016444132262419947,0.03771824116814474,False
random,mixed,4,0,0.001,MD-Sinkhorn (M=1),541,2165,1.3257677555084229,0.0016374616786725502,0.037633112118116166,False
random,mixed,4,0,0.001,MD-Sinkhorn (M=1),542,2169,1.3287098407745361,0.0016305449318635263,0.03754823383999724,False
random,mixed,4,0,0.001,MD-Sinkhorn (M=1),543,2173,1.3306987285614014,0.0016236627805123471,0.037463605428606314,False
random,mixed,4,0,0.001,MD-Sinkhorn (M=1),544,2177,1.3326613903045654,0.0016168150206825977,0.037379225982385064,False
random,mixed,4,0,0.001,MD-Sinkhorn (M=1),545,2181,1.3357069492340088,0.0016100014498013023,0.03729509460303587,False
random,mixed,4,0,0.001,MD-Sinkhorn (M=1),546,2185,1.3377089500427246,0.0016032218666416835,0.03721121039566053,False
random,mixed,4,0,0.001,MD-Sinkhorn (M=1),547,2189,1.3397183418273926,0.001596476071316719,0.03712757246879542,False
random,mixed,4,0,0.001,MD-Sinkhorn (M=1),548,2193,1.3427047729492188,0.0015897638652694998,0.037044179934298996,False
random,mixed,4,0,0.001,MD-Sinkhorn (M=1),549,2197,1.3447067737579346,0.0015830850512652847,0.036961031907342595,False
random,mixed,4,0,0.001,MD-Sinkhorn (M=1),550,2201,1.3477013111114502,0.0015764394333780225,0.03687812750654321,False
random,mixed,4,0,0.001,MD-Sinkhorn (M=1),551,2205,1.349700927734375,0.0015698268169860598,0.03679546585367177,False
random,mixed,4,0,0.001,MD-Sinkhorn (M=1),552,2209,1.3516981601715088,0.001563247008758581,0.036713046074034035,False
random,mixed,4,0,0.001,MD-Sinkhorn (M=1),553,2213,1.3547027111053467,0.001556699816648327,0.03663086729606642,False
random,mixed,4,0,0.001,MD-Sinkhorn (M=1),554,2217,1.3557026386260986,0.0015501850498809168,0.03654892865148144,False
random,mixed,4,0,0.001,MD-Sinkhorn (M=1),555,2221,1.3592023849487305,0.0015437025189509969,0.03646722927551871,False
random,mixed,4,0,0.001,MD-Sinkhorn (M=1),556,2225,1.3611960411071777,0.001537252035602696,0.03638576830641279,False
random,mixed,4,0,0.001,MD-Sinkhorn (M=1),557,2229,1.3631958961486816,0.0015308334128359767,0.03630454488577414,False
random,mixed,4,0,0.001,MD-Sinkhorn (M=1),558,2233,1.3661956787109375,0.0015244464648784821,0.03622355815856068,False
random,mixed,4,0,0.001,MD-Sinkhorn (M=1),559,2237,1.3681972026824951,0.0015180910071975347,0.03614280727272558,False
random,mixed,4,0,0.001,MD-Sinkhorn (M=1),560,2241,1.3711938858032227,0.0015117668564732867,0.03606229137975504,False
random,mixed,4,0,0.001,MD-Sinkhorn (M=1),561,2245,1.373147964477539,0.0015054738306019915,0.03598200963411305,False
random,mixed,4,0,0.001,MD-Sinkhorn (M=1),562,2249,1.375201940536499,0.0014992117486833441,0.035901961193543025,False
random,mixed,4,0,0.001,MD-Sinkhorn (M=1),563,2253,1.3781907558441162,0.001492980431006984,0.03582214521907015,False
random,mixed,4,0,0.001,MD-Sinkhorn (M=1),564,2257,1.3801960945129395,0.0014867796990544989,0.03574256087483241,False
random,mixed,4,0,0.001,MD-Sinkhorn (M=1),565,2261,1.3821945190429688,0.001480609375481519,0.035663207328158225,False
random,mixed,4,0,0.001,MD-Sinkhorn (M=1),566,2265,1.3851919174194336,0.0014744692841151506,0.03558408374953635,False
random,mixed,4,0,0.001,MD-Sinkhorn (M=1),567,2269,1.3871893882751465,0.0014683592499424628,0.035505189312546453,False
random,mixed,4,0,0.001,MD-Sinkhorn (M=1),568,2273,1.389193058013916,0.0014622790991023604,0.03542652319406681,False
random,mixed,4,0,0.001,MD-Sinkhorn (M=1),569,2277,1.3921988010406494,0.0014562286588801114,0.03534808457402333,False
random,mixed,4,0,0.001,MD-Sinkhorn (M=1),570,2281,1.3942060470581055,0.0014502077576969094,0.03526987263538378,False
random,mixed,4,0,0.001,MD-Sinkhorn (M=1),571,2285,1.3972432613372803,0.0014442162251025168,0.03519188656439488,False
random,mixed,4,0,0.001,MD-Sinkhorn (M=1),572,2289,1.3992550373077393,0.001438253891765007,0.03511412555028619,False
random,mixed,4,0,0.001,MD-Sinkhorn (M=1),573,2293,1.4012444019317627,0.001432320589466103,0.03503658878541489,False
random,mixed,4,0,0.001,MD-Sinkhorn (M=1),574,2297,1.4042434692382812,0.0014264161510946808,0.034959275465189815,False
random,mixed,4,0,0.001,MD-Sinkhorn (M=1),575,2301,1.4066963195800781,0.0014205404106290864,0.034882184788241156,False
random,mixed,4,0,0.001,MD-Sinkhorn (M=1),576,2305,1.4088332653045654,0.0014146932031452336,0.0348053159559997,False
random,mixed,4,0,0.001,MD-Sinkhorn (M=1),577,2309,1.4108359813690186,0.0014088743647941635,0.03472866817317795,False
random,mixed,4,0,0.001,MD-Sinkhorn (M=1),578,2313,1.413590431213379,0.0014030837328011538,0.03465224064738738,False
random,mixed,4,0,0.001,MD-Sinkhorn (M=1),579,2317,1.4155983924865723,0.0013973211454566536,0.03457603258935128,False
random,mixed,4,0,0.001,MD-Sinkhorn (M=1),580,2321,1.418588399887085,0.0013915864421142146,0.03450004321275578,False
random,mixed,4,0,0.001,MD-Sinkhorn (M=1),581,2325,1.4205937385559082,0.0013858794631732673,0.0344242717343356,False
random,mixed,4,0,0.001,MD-Sinkhorn (M=1),582,2329,1.424837350845337,0.001380200050074986,0.03434871737376108,False
random,mixed,4,0,0.001,MD-Sinkhorn (M=1),583,2333,1.4279160499572754,0.0013745480453012694,0.034273379353777125,False
random,mixed,4,0,0.001,MD-Sinkhorn (M=1),584,2337,1.4299242496490479,0.0013689232923579657,0.03419825690008191,False
random,mixed,4,0,0.001,MD-Sinkhorn (M=1),585,2341,1.4328951835632324,0.001363325635776382,0.03412334924128986,False
random,mixed,4,0,0.001,MD-Sinkhorn (M=1),586,2345,1.4348926544189453,0.0013577549210999397,0.03404865560902752,False
random,mixed,4,0,0.001,MD-Sinkhorn (M=1),587,2349,1.436891794204712,0.0013522109948743179,0.033974175237836454,False
random,mixed,4,0,0.001,MD-Sinkhorn (M=1),588,2353,1.440877914428711,0.0013466937046518507,0.033899907365219056,False
random,mixed,4,0,0.001,MD-Sinkhorn (M=1),589,2357,1.4438586235046387,0.0013412028989750293,0.033825851231480464,False
random,mixed,4,0,0.001,MD-Sinkhorn (M=1),590,2361,1.4458601474761963,0.0013357384273691843,0.033752006080150256,False
random,mixed,4,0,0.001,MD-Sinkhorn (M=1),591,2365,1.4488554000854492,0.0013303001403400109,0.03367837115726956,False
random,mixed,4,0,0.001,MD-Sinkhorn (M=1),592,2369,1.4508566856384277,0.001324887889367025,0.033604945712044955,False
random,mixed,4,0,0.001,MD-Sinkhorn (M=1),593,2373,1.4528594017028809,0.0013195015268886905,0.033531728996560234,False
random,mixed,4,0,0.001,MD-Sinkhorn (M=1),594,2377,1.455876111984253,0.0013141409063059397,0.033458720265645614,False
random,mixed,4,0,0.001,MD-Sinkhorn (M=1),595,2381,1.4578630924224854,0.0013088058819718386,0.03338591877697482,False
random,mixed,4,0,0.001,MD-Sinkhorn (M=1),596,2385,1.4608545303344727,0.0013034963091807096,0.033313323791192714,False
random,mixed,4,0,0.001,MD-Sinkhorn (M=1),597,2389,1.462855339050293,0.001298212044161465,0.03324093457188142,False
random,mixed,4,0,0.001,MD-Sinkhorn (M=1),598,2393,1.4658582210540771,0.0012929529440826658,0.03316875038527073,False
random,mixed,4,0,0.001,MD-Sinkhorn (M=1),599,2397,1.4678535461425781,0.0012877188670320523,0.03309677050035416,False
random,mixed,4,0,0.001,MD-Sinkhorn (M=1),600,2401,1.4698805809020996,0.0012825096720129477,0.0330249941892104,False
random,mixed,4,0,0.001,MD-Sinkhorn (M=1),601,2405,1.4728374481201172,0.0012773252189450448,0.03295342072651082,False
random,mixed,4,0,0.001,MD-Sinkhorn (M=1),602,2409,1.4747703075408936,0.0012721653686513954,0.03288204938975983,False
random,mixed,4,0,0.001,MD-Sinkhorn (M=1),603,2413,1.4778556823730469,0.00126702998285238,0.03281087945933433,False
random,mixed,4,0,0.001,MD-Sinkhorn (M=1),604,2417,1.4798572063446045,0.001261918924162038,0.03273991021825834,False
random,mixed,4,0,0.001,MD-Sinkhorn (M=1),605,2421,1.482861042022705,0.0012568320560793849,0.03266914095244147,False
random,mixed,4,0,0.001,MD-Sinkhorn (M=1),606,2425,1.4858605861663818,0.0012517692429838115,0.03259857095047683,False
random,mixed,4,0,0.001,MD-Sinkhorn (M=1),607,2429,1.4888544082641602,0.001246730350128158,0.03252819950368234,False
random,mixed,4,0,0.001,MD-Sinkhorn (M=1),608,2433,1.4918580055236816,0.0012417152436323036,0.03245802590619034,False
random,mixed,4,0,0.001,MD-Sinkhorn (M=1),609,2437,1.4938580989837646,0.0012367237904795851,0.03238804945474928,False
random,mixed,4,0,0.001,MD-Sinkhorn (M=1),610,2441,1.4968571662902832,0.0012317558585025852,0.03231826944898862,False
random,mixed,4,0,0.001,MD-Sinkhorn (M=1),611,2445,1.4989597797393799,0.001226811316389759,0.032248685191064295,False
random,mixed,4,0,0.001,MD-Sinkhorn (M=1),612,2449,1.5009527206420898,0.0012218900336698588,0.03217929598595505,False
random,mixed,4,0,0.001,MD-Sinkhorn (M=1),613,2453,1.503955364227295,0.0012169918807068726,0.03211010114135181,False
random,mixed,4,0,0.001,MD-Sinkhorn (M=1),614,2457,1.5059425830841064,0.001212116728702685,0.03204109996738508,False
random,mixed,4,0,0.001,MD-Sinkhorn (M=1),615,2461,1.50895094871521,0.0012072644496765492,0.03197229177714621,False
random,mixed,4,0,0.001,MD-Sinkhorn (M=1),616,2465,1.510951280593872,0.0012024349164708884,0.03190367588619554,False
random,mixed,4,0,0.001,MD-Sinkhorn (M=1),617,2469,1.5136468410491943,0.001197628002744693,0.03183525161286013,False
random,mixed,4,0,0.001,MD-Sinkhorn (M=1),618,2473,1.515655517578125,0.0011928435829615014,0.03176701827800933,False
random,mixed,4,0,0.001,MD-Sinkhorn (M=1),619,2477,1.5186583995819092,0.0011880815323889065,0.03169897520524175,False
random,mixed,4,0,0.001,MD-Sinkhorn (M=1),620,2481,1.520655632019043,0.0011833417270905055,0.03163112172063855,False
random,mixed,4,0,0.001,MD-Sinkhorn (M=1),621,2485,1.523599624633789,0.0011786240439227783,0.03156345715306322,False
random,mixed,4,0,0.001,MD-Sinkhorn (M=1),622,2489,1.5256664752960205,0.0011739283605264235,0.03149598083379272,False
random,mixed,4,0,0.001,MD-Sinkhorn (M=1),623,2493,1.5276482105255127,0.001169254555324273,0.03142869209680334,False
random,mixed,4,0,0.001,MD-Sinkhorn (M=1),624,2497,1.530655860900879,0.0011646025075103955,0.03136159027870342,False
random,mixed,4,0,0.001,MD-Sinkhorn (M=1),625,2501,1.532654047012329,0.0011599720970533495,0.03129467471857312,False
random,mixed,4,0,0.001,MD-Sinkhorn (M=1),626,2505,1.535644769668579,0.0011553632046800134,0.031227944758073726,False
random,mixed,4,0,0.001,MD-Sinkhorn (M=1),627,2509,1.5376510620117188,0.0011507757118804744,0.031161399741498286,False
random,mixed,4,0,0.001,MD-Sinkhorn (M=1),628,2513,1.5405948162078857,0.001146209500896161,0.031095039015474044,False
random,mixed,4,0,0.001,MD-Sinkhorn (M=1),629,2517,1.542654037475586,0.001141664454715322,0.031028861929560364,False
random,mixed,4,0,0.001,MD-Sinkhorn (M=1),630,2521,1.5446479320526123,0.0011371404570727703,0.030962867835383705,False
random,mixed,4,0,0.001,MD-Sinkhorn (M=1),631,2525,1.5476288795471191,0.0011326373924356158,0.03089705608740831,False
random,mixed,4,0,0.001,MD-Sinkhorn (M=1),632,2529,1.5496439933776855,0.0011281551460074826,0.030831426042472767,False
random,mixed,4,0,0.001,MD-Sinkhorn (M=1),633,2533,1.551650047302246,0.0011236936037176376,0.030765977059905667,False
random,mixed,4,0,0.001,MD-Sinkhorn (M=1),634,2537,1.5546422004699707,0.0011192526522195824,0.030700708501622286,False
random,mixed,4,0,0.001,MD-Sinkhorn (M=1),635,2541,1.5565588474273682,0.0011148321788801542,0.030635619731843648,False
random,mixed,4,0,0.001,MD-Sinkhorn (M=1),636,2545,1.5596504211425781,0.0011104320717815134,0.03057071011750314,False
random,mixed,4,0,0.001,MD-Sinkhorn (M=1),637,2549,1.561655044555664,0.0011060522197127067,0.030505979027782043,False
random,mixed,4,0,0.001,MD-Sinkhorn (M=1),638,2553,1.5646660327911377,0.0011016925121648121,0.030441425834384132,False
random,mixed,4,0,0.001,MD-Sinkhorn (M=1),639,2557,1.56764554977417,0.0010973528393231824,0.03037704991151785,False
random,mixed,4,0,0.001,MD-Sinkhorn (M=1),640,2561,1.569657564163208,0.001093033092071358,0.030312850635763694,False
random,mixed,4,0,0.001,MD-Sinkhorn (M=1),641,2565,1.5726611614227295,0.0010887331619751596,0.030248827386084275,False
random,mixed,4,0,0.001,MD-Sinkhorn (M=1),642,2569,1.5756592750549316,0.0010844529412894106,0.030184979543991824,False
random,mixed,4,0,0.001,MD-Sinkhorn (M=1),643,2573,1.5776593685150146,0.001080192322938707,0.03012130649330937,False
random,mixed,4,0,0.001,MD-Sinkhorn (M=1),644,2577,1.5806655883789062,0.0010759512005292242,0.03005780762023839,False
random,mixed,4,0,0.001,MD-Sinkhorn (M=1),645,2581,1.5836524963378906,0.0010717294683318546,0.029994482313388443,False
random,mixed,4,0,0.001,MD-Sinkhorn (M=1),646,2585,1.5856654644012451,0.0010675270212800732,0.029931329963876763,False
random,mixed,4,0,0.001,MD-Sinkhorn (M=1),647,2589,1.588646650314331,0.0010633437549719916,0.029868349965001928,False
random,mixed,4,0,0.001,MD-Sinkhorn (M=1),648,2593,1.5906877517700195,0.0010591795656548972,0.02980554171250062,False
random,mixed,4,0,0.001,MD-Sinkhorn (M=1),649,2597,1.5926482677459717,0.0010550343502300783,0.0297429046045581,False
random,mixed,4,0,0.001,MD-Sinkhorn (M=1),650,2601,1.5956530570983887,0.0010509080062442032,0.029680438041485714,False
random,mixed,4,0,0.001,MD-Sinkhorn (M=1),651,2605,1.597747564315796,0.00104680043188329,0.029619691381767746,False
random,mixed,4,0,0.001,MD-Sinkhorn (M=1),652,2609,1.5997533798217773,0.0010427115259735624,0.029576289662367986,False
random,mixed,4,0,0.001,MD-Sinkhorn (M=1),653,2613,1.6027467250823975,0.001038641187969361,0.029532943396888785,False
random,mixed,4,0,0.001,MD-Sinkhorn (M=1),654,2617,1.6047470569610596,0.0010345893179565262,0.029489652548607928,False
random,mixed,4,0,0.001,MD-Sinkhorn (M=1),655,2621,1.607790470123291,0.0010305558166438854,0.02944641708068494,False
random,mixed,4,0,0.001,MD-Sinkhorn (M=1),656,2625,1.6097197532653809,0.0010265405853602905,0.02940323695618445,False
random,mixed,4,0,0.001,MD-Sinkhorn (M=1),657,2629,1.612272024154663,0.0010225435260458181,0.029360112138002135,False
random,mixed,4,0,0.001,MD-Sinkhorn (M=1),658,2633,1.6143805980682373,0.0010185645412564657,0.02931704258915683,False
random,mixed,4,0,0.001,MD-Sinkhorn (M=1),659,2637,1.6173808574676514,0.0010146035341534378,0.029274028272645736,False
random,mixed,4,0,0.001,MD-Sinkhorn (M=1),660,2641,1.6193761825561523,0.0010106604084988498,0.029231069151216642,False
random,mixed,4,0,0.001,MD-Sinkhorn (M=1),661,2645,1.6213765144348145,0.0010067350686540502,0.029188165187629993,False
random,mixed,4,0,0.001,MD-Sinkhorn (M=1),662,2649,1.6243324279785156,0.0010028274195757855,0.029145316344770657,False
random,mixed,4,0,0.001,MD-Sinkhorn (M=1),663,2653,1.6263720989227295,0.0009989373668065748,0.029102522585037816,False
random,mixed,4,0,0.001,MD-Sinkhorn (M=1),664,2657,1.6293699741363525,0.0009950648164803687,0.029059783871208392,False
random,mixed,4,0,0.001,MD-Sinkhorn (M=1),665,2661,1.6313719749450684,0.0009912096753090134,0.0290171001657948,False
random,mixed,4,0,0.001,MD-Sinkhorn (M=1),666,2665,1.6333751678466797,0.0009873718505856877,0.028974471431345204,False
random,mixed,4,0,0.001,MD-Sinkhorn (M=1),667,2669,1.6363704204559326,0.0009835512501754143,0.028931897630319413,False
random,mixed,4,0,0.001,MD-Sinkhorn (M=1),668,2673,1.638371229171753,0.000979747782512337,0.028889378725042016,False
random,mixed,4,0,0.001,MD-Sinkhorn (M=1),669,2677,1.6413302421569824,0.0009759613565972882,0.028846914677669873,False
random,mixed,4,0,0.001,MD-Sinkhorn (M=1),670,2681,1.6433756351470947,0.0009721918819953004,0.028804505450613273,False
random,mixed,4,0,0.001,MD-Sinkhorn (M=1),671,2685,1.6453723907470703,0.000968439268827779,0.028762151006074405,False
random,mixed,4,0,0.001,MD-Sinkhorn (M=1),672,2689,1.6483676433563232,0.0009647034277708735,0.028719851306145655,False
random,mixed,4,0,0.001,MD-Sinkhorn (M=1),673,2693,1.6503703594207764,0.0009609842700510361,0.028677606312987994,False
random,mixed,4,0,0.001,MD-Sinkhorn (M=1),674,2697,1.6523730754852295,0.0009572817074410844,0.028635415988392504,False
random,mixed,4,0,0.001,MD-Sinkhorn (M=1),675,2701,1.655329704284668,0.0009535956522594399,0.028593280294496738,False
random,mixed,4,0,0.001,MD-Sinkhorn (M=1),676,2705,1.6573486328125,0.0009499260173614596,0.028551199193045565,False
random,mixed,4,0,0.001,MD-Sinkhorn (M=1),677,2709,1.6593735218048096,0.0009462727161398244,0.02850917264603753,False
random,mixed,4,0,0.001,MD-Sinkhorn (M=1),678,2713,1.6623742580413818,0.0009426356625192237,0.02846720061509302,False
random,mixed,4,0,0.001,MD-Sinkhorn (M=1),679,2717,1.6643688678741455,0.0009390147709476183,0.028425283061901285,False
random,mixed,4,0,0.001,MD-Sinkhorn (M=1),680,2721,1.6663720607757568,0.0009354099564060722,0.0283834199481679,False
random,mixed,4,0,0.001,MD-Sinkhorn (M=1),681,2725,1.6693673133850098,0.000931821134390017,0.02834161123529648,False
random,mixed,4,0,0.001,MD-Sinkhorn (M=1),682,2729,1.6713807582855225,0.0009282482209190298,0.028299856885160755,False
random,mixed,4,0,0.001,MD-Sinkhorn (M=1),683,2733,1.6743948459625244,0.0009246911325174075,0.028258156858742153,False
random,mixed,4,0,0.001,MD-Sinkhorn (M=1),684,2737,1.6763694286346436,0.0009211497862293446,0.028216511117769173,False
random,mixed,4,0,0.001,MD-Sinkhorn (M=1),685,2741,1.6793737411499023,0.0009176240996009988,0.02817491962341323,False
random,mixed,4,0,0.001,MD-Sinkhorn (M=1),686,2745,1.681372880935669,0.000914113990682904,0.028133382336973736,False
random,mixed,4,0,0.001,MD-Sinkhorn (M=1),687,2749,1.6833760738372803,0.0009106193780239086,0.028091899219507794,False
random,mixed,4,0,0.001,MD-Sinkhorn (M=1),688,2753,1.6863818168640137,0.000907140180675306,0.02805047023225319,False
random,mixed,4,0,0.001,MD-Sinkhorn (M=1),689,2757,1.6883702278137207,0.0009036763181758944,0.02800909533633398,False
random,mixed,4,0,0.001,MD-Sinkhorn (M=1),690,2761,1.6913442611694336,0.0009002277105572303,0.02796777449264746,False
random,mixed,4,0,0.001,MD-Sinkhorn (M=1),691,2765,1.6933722496032715,0.0008967942783351528,0.0279265076620436,False
random,mixed,4,0,0.001,MD-Sinkhorn (M=1),692,2769,1.6953716278076172,0.0008933759425112363,0.027885294805434793,False
random,mixed,4,0,0.001,MD-Sinkhorn (M=1),693,2773,1.698476791381836,0.0008899726245679599,0.027844135883776523,False
random,mixed,4,0,0.001,MD-Sinkhorn (M=1),694,2777,1.7004740238189697,0.0008865842464606525,0.027803030857647876,False
random,mixed,4,0,0.001,MD-Sinkhorn (M=1),695,2781,1.702469825744629,0.0008832107306213511,0.027761979687779485,False
random,mixed,4,0,0.001,MD-Sinkhorn (M=1),696,2785,1.705470323562622,0.0008798519999501077,0.027720982334670703,False
random,mixed,4,0,0.001,MD-Sinkhorn (M=1),697,2789,1.7074267864227295,0.0008765079778170224,0.027680038758965637,False
random,mixed,4,0,0.001,MD-Sinkhorn (M=1),698,2793,1.710470199584961,0.0008731785880530013,0.027639148921088545,False
random,mixed,4,0,0.001,MD-Sinkhorn (M=1),699,2797,1.7124741077423096,0.0008698637549518445,0.027598312781495365,False
random,mixed,4,0,0.001,MD-Sinkhorn (M=1),700,2801,1.7151761054992676,0.0008665634032640131,0.027557530300506027,False
random,mixed,4,0,0.001,MD-Sinkhorn (M=1),701,2805,1.7171785831451416,0.000863277458194101,0.027516801438323836,False
random,mixed,4,0,0.001,MD-Sinkhorn (M=1),702,2809,1.7201967239379883,0.000860005845398833,0.027476126155222304,False
random,mixed,4,0,0.001,MD-Sinkhorn (M=1),703,2813,1.722172737121582,0.0008567484909834118,0.027435504411264237,False
random,mixed,4,0,0.001,MD-Sinkhorn (M=1),704,2817,1.7241332530975342,0.0008535053214988118,0.02739493616672685,False
random,mixed,4,0,0.001,MD-Sinkhorn (M=1),705,2821,1.7271802425384521,0.0008502762639370526,0.02735442138140686,False
random,mixed,4,0,0.001,MD-Sinkhorn (M=1),706,2825,1.7291781902313232,0.0008470612457293092,0.027313960015267497,False
random,mixed,4,0,0.001,MD-Sinkhorn (M=1),707,2829,1.731177806854248,0.0008438601947480637,0.027273552028507557,False
random,mixed,4,0,0.001,MD-Sinkhorn (M=1),708,2833,1.7341759204864502,0.0008406730392891386,0.027233197380502186,False
random,mixed,4,0,0.001,MD-Sinkhorn (M=1),709,2837,1.7361750602722168,0.0008374997080886514,0.02719289603122515,False
random,mixed,4,0,0.001,MD-Sinkhorn (M=1),710,2841,1.7391526699066162,0.0008343401303055605,0.027152647940227204,False
random,mixed,4,0,0.001,MD-Sinkhorn (M=1),711,2845,1.741187572479248,0.0008311942355237849,0.027112453067249825,False
random,mixed,4,0,0.001,MD-Sinkhorn (M=1),712,2849,1.7431776523590088,0.0008280619537528283,0.027072311371910428,False
random,mixed,4,0,0.001,MD-Sinkhorn (M=1),713,2853,1.7461864948272705,0.0008249432154142213,0.02703222281346436,False
random,mixed,4,0,0.001,MD-Sinkhorn (M=1),714,2857,1.7481741905212402,0.0008218379513515065,0.02699218735147644,False
random,mixed,4,0,0.001,MD-Sinkhorn (M=1),715,2861,1.750175952911377,0.0008187460928204444,0.02695220494533859,False
random,mixed,4,0,0.001,MD-Sinkhorn (M=1),716,2865,1.7531769275665283,0.0008156675714851464,0.02691227555423106,False
random,mixed,4,0,0.001,MD-Sinkhorn (M=1),717,2869,1.7551791667938232,0.0008126023194204797,0.02687239913748926,False
random,mixed,4,0,0.001,MD-Sinkhorn (M=1),718,2873,1.7572033405303955,0.0008095502691031366,0.026832575654047282,False
random,mixed,4,0,0.001,MD-Sinkhorn (M=1),719,2877,1.7601778507232666,0.0008065113534164959,0.026792805063361663,False
random,mixed,4,0,0.001,MD-Sinkhorn (M=1),720,2881,1.7621736526489258,0.0008034855056388381,0.02675308732404287,False
random,mixed,4,0,0.001,MD-Sinkhorn (M=1),721,2885,1.7641737461090088,0.0008004726594488662,0.026713422395361123,False
random,mixed,4,0,0.001,MD-Sinkhorn (M=1),722,2889,1.7671892642974854,0.0007974727489189403,0.02667381023611222,False
random,mixed,4,0,0.001,MD-Sinkhorn (M=1),723,2893,1.770171880722046,0.0007944857085114889,0.026634250805060808,False
random,mixed,4,0,0.001,MD-Sinkhorn (M=1),724,2897,1.7721762657165527,0.0007915114730793932,0.026594744060919058,False
random,mixed,4,0,0.001,MD-Sinkhorn (M=1),725,2901,1.7751753330230713,0.000788549977863039,0.02655528996267787,False
random,mixed,4,0,0.001,MD-Sinkhorn (M=1),726,2905,1.7781760692596436,0.0007856011584828845,0.026515888468574902,False
random,mixed,4,0,0.001,MD-Sinkhorn (M=1),727,2909,1.7801733016967773,0.0007826649509455435,0.0264765395374919,False
random,mixed,4,0,0.001,MD-Sinkhorn (M=1),728,2913,1.783184289932251,0.0007797412916335925,0.026437243127888005,False
random,mixed,4,0,0.001,MD-Sinkhorn (M=1),729,2917,1.7851781845092773,0.0007768301173042819,0.02639799919793152,False
random,mixed,4,0,0.001,MD-Sinkhorn (M=1),730,2921,1.789161205291748,0.0007739313650930307,0.026358807706330263,False
random,mixed,4,0,0.001,MD-Sinkhorn (M=1),731,2925,1.7931745052337646,0.0007710449725007145,0.02631966861111239,False
random,mixed,4,0,0.001,MD-Sinkhorn (M=1),732,2929,1.7961769104003906,0.0007681708774045507,0.026280581870788924,False
random,mixed,4,0,0.001,MD-Sinkhorn (M=1),733,2933,1.7982892990112305,0.0007653090180406715,0.02624154744342856,False
random,mixed,4,0,0.001,MD-Sinkhorn (M=1),734,2937,1.801286220550537,0.0007624593330110898,0.026202565286904997,False
random,mixed,4,0,0.001,MD-Sinkhorn (M=1),735,2941,1.8032867908477783,0.0007596217612830772,0.02616363535965976,False
random,mixed,4,0,0.001,MD-Sinkhorn (M=1),736,2945,1.8052854537963867,0.0007567962421792193,0.026124757619545854,False
random,mixed,4,0,0.001,MD-Sinkhorn (M=1),737,2949,1.8083112239837646,0.0007539827153775147,0.02608593202432989,False
random,mixed,4,0,0.001,MD-Sinkhorn (M=1),738,2953,1.8102879524230957,0.0007511811209145754,0.026047158532039053,False
random,mixed,4,0,0.001,MD-Sinkhorn (M=1),739,2957,1.8128845691680908,0.0007483913991741555,0.02600843710041533,False
random,mixed,4,0,0.001,MD-Sinkhorn (M=1),740,2961,1.8158979415893555,0.000745613490892567,0.025969767687103386,False
random,mixed,4,0,0.001,MD-Sinkhorn (M=1),741,2965,1.8179817199707031,0.0007428473371547042,0.025931150249984873,False
random,mixed,4,0,0.001,MD-Sinkhorn (M=1),742,2969,1.820981740951538,0.0007400928793853778,0.02589258474641229,False
random,mixed,4,0,0.001,MD-Sinkhorn (M=1),743,2973,1.8229382038116455,0.0007373500593571452,0.025854071134101427,False
random,mixed,4,0,0.001,MD-Sinkhorn (M=1),744,2977,1.8249869346618652,0.0007346188191800709,0.02581560937042815,False
random,mixed,4,0,0.001,MD-Sinkhorn (M=1),745,2981,1.827979326248169,0.0007318991013018487,0.025777199412856486,False
random,mixed,4,0,0.001,MD-Sinkhorn (M=1),746,2985,1.8299884796142578,0.0007291908485106138,0.025738841218877685,False
random,mixed,4,0,0.001,MD-Sinkhorn (M=1),747,2989,1.8319804668426514,0.0007264940039216657,0.025700534745524573,False
random,mixed,4,0,0.001,MD-Sinkhorn (M=1),748,2993,1.83498215675354,0.0007238085109848178,0.02566227995006838,False
random,mixed,4,0,0.001,MD-Sinkhorn (M=1),749,2997,1.8369808197021484,0.0007211343134818203,0.025624076789929888,False
random,mixed,4,0,0.001,MD-Sinkhorn (M=1),750,3001,1.8390026092529297,0.0007184713555161302,0.025585925221895227,False
random,mixed,4,0,0.001,MD-Sinkhorn (M=1),751,3005,1.8419849872589111,0.0007158195815206655,0.025547825203207683,False
random,mixed,4,0,0.001,MD-Sinkhorn (M=1),752,3009,1.8439857959747314,0.0007131789362478382,0.02550977669069639,False
random,mixed,4,0,0.001,MD-Sinkhorn (M=1),753,3013,1.8469839096069336,0.0007105493647732746,0.025471779641396637,False
random,mixed,4,0,0.001,MD-Sinkhorn (M=1),754,3017,1.8489868640899658,0.0007079308124921263,0.02543383401234719,False
random,mixed,4,0,0.001,MD-Sinkhorn (M=1),755,3021,1.8509817123413086,0.0007053232251107391,0.02539593976000851,False
random,mixed,4,0,0.001,MD-Sinkhorn (M=1),756,3025,1.853980302810669,0.0007027265486527995,0.025358096841121107,False
random,mixed,4,0,0.001,MD-Sinkhorn (M=1),757,3029,1.8559281826019287,0.0007001407294567133,0.025320305212646707,False
random,mixed,4,0,0.001,MD-Sinkhorn (M=1),758,3033,1.8580703735351562,0.0006975657141687174,0.025282564830954285,False
random,mixed,4,0,0.001,MD-Sinkhorn (M=1),759,3037,1.8609843254089355,0.0006950014497432588,0.025244875652768353,False
random,mixed,4,0,0.001,MD-Sinkhorn (M=1),760,3041,1.862978219985962,0.0006924478834411473,0.025207237634576295,False
random,mixed,4,0,0.001,MD-Sinkhorn (M=1),761,3045,1.8649864196777344,0.0006899049628269208,0.025169650732713385,False
random,mixed,4,0,0.001,MD-Sinkhorn (M=1),762,3049,1.8679797649383545,0.000687372635766414,0.02513211490344456,False
random,mixed,4,0,0.001,MD-Sinkhorn (M=1),763,3053,1.8699839115142822,0.000684850850431026,0.02509463010347624,False
random,mixed,4,0,0.001,MD-Sinkhorn (M=1),764,3057,1.872945785522461,0.0006823395552831937,0.025057196288700748,False
random,mixed,4,0,0.001,MD-Sinkhorn (M=1),765,3061,1.8749370574951172,0.0006798386990854842,0.025019813415463527,False
random,mixed,4,0,0.001,MD-Sinkhorn (M=1),766,3065,1.8779821395874023,0.000677348230894003,0.024982481439855708,False
random,mixed,4,0,0.001,MD-Sinkhorn (M=1),767,3069,1.8799896240234375,0.0006748681000601976,0.024945200318215257,False
random,mixed,4,0,0.001,MD-Sinkhorn (M=1),768,3073,1.8829829692840576,0.0006723982562193993,0.024907970006252313,False
random,mixed,4,0,0.001,MD-Sinkhorn (M=1),769,3077,1.884981632232666,0.0006699386493017515,0.02487079046011323,False
random,mixed,4,0,0.001,MD-Sinkhorn (M=1),770,3081,1.8869855403900146,0.0006674892295188259,0.024833661635409093,False
random,mixed,4,0,0.001,MD-Sinkhorn (M=1),771,3085,1.890897512435913,0.000665049947372768,0.024796583488363885,False
random,mixed,4,0,0.001,MD-Sinkhorn (M=1),772,3089,1.8939833641052246,0.00066262075364707,0.024759555974720154,False
random,mixed,4,0,0.001,MD-Sinkhorn (M=1),773,3093,1.8959901332855225,0.0006602015994013556,0.024722579050049716,False
random,mixed,4,0,0.001,MD-Sinkhorn (M=1),774,3097,1.8990845680236816,0.0006577924359820564,0.024685652670134117,False
random,mixed,4,0,0.001,MD-Sinkhorn (M=1),775,3101,1.9010820388793945,0.0006553932150070653,0.024648776790600006,False
random,mixed,4,0,0.001,MD-Sinkhorn (M=1),776,3105,1.9030828475952148,0.0006530038883750137,0.024611951367049623,False
random,mixed,4,0,0.001,MD-Sinkhorn (M=1),777,3109,1.9070754051208496,0.0006506244082534014,0.024575176354973964,False
random,mixed,4,0,0.001,MD-Sinkhorn (M=1),778,3113,1.910104751586914,0.0006482547270844299,0.02453845170976112,False
random,mixed,4,0,0.001,MD-Sinkhorn (M=1),779,3117,1.912081241607666,0.0006458947975821824,0.02450177738691695,False
random,mixed,4,0,0.001,MD-Sinkhorn (M=1),780,3121,1.9147799015045166,0.0006435445727271085,0.024465153341769005,False
random,mixed,4,0,0.001,MD-Sinkhorn (M=1),781,3125,1.9177956581115723,0.0006412040057660888,0.024428579529572253,False
random,mixed,4,0,0.001,MD-Sinkhorn (M=1),782,3129,1.9217844009399414,0.0006388730502136425,0.024392055905588295,False
random,mixed,4,0,0.001,MD-Sinkhorn (M=1),783,3133,1.9267914295196533,0.000636551659846885,0.024355582425124513,False
random,mixed,4,0,0.001,MD-Sinkhorn (M=1),784,3137,1.9297845363616943,0.0006342397887006172,0.024319159043058834,False
random,mixed,4,0,0.001,MD-Sinkhorn (M=1),785,3141,1.9327888488769531,0.0006319373910766959,0.024282785714678203,False
random,mixed,4,0,0.001,MD-Sinkhorn (M=1),786,3145,1.934777021408081,0.0006296444215311888,0.024246462395048102,False
random,mixed,4,0,0.001,MD-Sinkhorn (M=1),787,3149,1.93678617477417,0.0006273608348757916,0.024210189038957858,False
random,mixed,4,0,0.001,MD-Sinkhorn (M=1),788,3153,1.9407625198364258,0.0006250865861798211,0.02417396560145704,False
random,mixed,4,0,0.001,MD-Sinkhorn (M=1),789,3157,1.942784309387207,0.000622821630764549,0.024137792037326338,False
random,mixed,4,0,0.001,MD-Sinkhorn (M=1),790,3161,1.9457783699035645,0.0006205659242039723,0.024101668301553157,False
random,mixed,4,0,0.001,MD-Sinkhorn (M=1),791,3165,1.9477951526641846,0.0006183194223212929,0.02406559434870654,False
random,mixed,4,0,0.001,MD-Sinkhorn (M=1),792,3169,1.9497783184051514,0.0006160820811885834,0.024029570133586704,False
random,mixed,4,0,0.001,MD-Sinkhorn (M=1),793,3173,1.9527759552001953,0.0006138538571241082,0.023993595610820477,False
random,mixed,4,0,0.001,MD-Sinkhorn (M=1),794,3177,1.9547874927520752,0.0006116347066933277,0.023957670735053182,False
random,mixed,4,0,0.001,MD-Sinkhorn (M=1),795,3181,1.9567501544952393,0.0006094245867043592,0.023921795460905473,False
random,mixed,4,0,0.001,MD-Sinkhorn (M=1),796,3185,1.9597768783569336,0.0006072234542077837,0.023885969742912124,False
random,mixed,4,0,0.001,MD-Sinkhorn (M=1),797,3189,1.9617784023284912,0.0006050312664909259,0.023850193535280517,False
random,mixed,4,0,0.001,MD-Sinkhorn (M=1),798,3193,1.9637775421142578,0.000602847981088479,0.023814466792733406,False
random,mixed,4,0,0.001,MD-Sinkhorn (M=1),799,3197,1.9667789936065674,0.000600673555765485,0.023778789469455677,False
random,mixed,4,0,0.001,MD-Sinkhorn (M=1),800,3201,1.9687879085540771,0.0005985079485254501,0.023743161519790005,False
random,mixed,4,0,0.001,MD-Sinkhorn (M=1),801,3205,1.9717798233032227,0.0005963511176062707,0.02370758289793363,False
random,mixed,4,0,0.001,MD-Sinkhorn (M=1),802,3209,1.973731517791748,0.000594203021480468,0.02367205355831753,False
random,mixed,4,0,0.001,MD-Sinkhorn (M=1),803,3213,1.9767818450927734,0.0005920636188486902,0.023636573454799713,False
random,mixed,4,0,0.001,MD-Sinkhorn (M=1),804,3217,1.978785753250122,0.0005899328686459276,0.023601142541784928,False
random,mixed,4,0,0.001,MD-Sinkhorn (M=1),805,3221,1.9807813167572021,0.0005878107300313002,0.02356576077325201,False
random,mixed,4,0,0.001,MD-Sinkhorn (M=1),806,3225,1.983788013458252,0.0005856971623940721,0.023530428103197953,False
random,mixed,4,0,0.001,MD-Sinkhorn (M=1),807,3229,1.9857890605926514,0.0005835921253473001,0.02349514448557595,False
random,mixed,4,0,0.001,MD-Sinkhorn (M=1),808,3233,1.9877817630767822,0.0005814955787302371,0.023459909874290225,False
random,mixed,4,0,0.001,MD-Sinkhorn (M=1),809,3237,1.9907855987548828,0.0005794074826039325,0.02342472422336747,False
random,mixed,4,0,0.001,MD-Sinkhorn (M=1),810,3241,1.992785930633545,0.0005773277972520554,0.02338958748664275,False
random,mixed,4,0,0.001,MD-Sinkhorn (M=1),811,3245,1.9957869052886963,0.0005752564831732134,0.023354499617663782,False
random,mixed,4,0,0.001,MD-Sinkhorn (M=1),812,3249,1.9977786540985107,0.0005731935010919923,0.023319460570430946,False
random,mixed,4,0,0.001,MD-Sinkhorn (M=1),813,3253,1.9998722076416016,0.0005711388119453297,0.023284470298596475,False
random,mixed,4,0,0.001,MD-Sinkhorn (M=1),814,3257,2.0018980503082275,0.0005690923768868125,0.023249528755650724,False
random,mixed,4,0,0.001,MD-Sinkhorn (M=1),815,3261,2.004833698272705,0.0005670541572858869,0.023214635895461577,False
random,mixed,4,0,0.001,MD-Sinkhorn (M=1),816,3265,2.0068271160125732,0.0005650241147221446,0.023179791671413666,False
random,mixed,4,0,0.001,MD-Sinkhorn (M=1),817,3269,2.0088818073272705,0.0005630022109918705,0.023144996037137856,False
random,mixed,4,0,0.001,MD-Sinkhorn (M=1),818,3273,2.011876344680786,0.0005609884080959458,0.02311024894603108,False
random,mixed,4,0,0.001,MD-Sinkhorn (M=1),819,3277,2.013477087020874,0.0005589826682503776,0.02307555035171201,False
random,mixed,4,0,0.001,MD-Sinkhorn (M=1),820,3281,2.016573429107666,0.0005569849538705849,0.023040900207191496,False
random,mixed,4,0,0.001,MD-Sinkhorn (M=1),821,3285,2.018575429916382,0.0005549952275879559,0.02300629846623656,False
random,mixed,4,0,0.001,MD-Sinkhorn (M=1),822,3289,2.0215742588043213,0.0005530134522334567,0.022971745081969183,False
random,mixed,4,0,0.001,MD-Sinkhorn (M=1),823,3293,2.023508310317993,0.0005510395908415208,0.022937240007665328,False
random,mixed,4,0,0.001,MD-Sinkhorn (M=1),824,3297,2.025576114654541,0.0005490736066520011,0.022902783196586354,False
random,mixed,4,0,0.001,MD-Sinkhorn (M=1),825,3301,2.0285820960998535,0.0005471154631032097,0.02286837460173662,False
random,mixed,4,0,0.001,MD-Sinkhorn (M=1),826,3305,2.03057599067688,0.0005451651238369301,0.022834014176685416,False
random,mixed,4,0,0.001,MD-Sinkhorn (M=1),827,3309,2.0325818061828613,0.0005432225526895941,0.022799701874126787,False
random,mixed,4,0,0.001,MD-Sinkhorn (M=1),828,3313,2.0349745750427246,0.0005412877136986572,0.022765437647389933,False
random,mixed,4,0,0.001,MD-Sinkhorn (M=1),829,3317,2.0380213260650635,0.0005393605710951049,0.02273122144927166,False
random,mixed,4,0,0.001,MD-Sinkhorn (M=1),830,3321,2.0399858951568604,0.0005374410893061135,0.022697053232970582,False
random,mixed,4,0,0.001,MD-Sinkhorn (M=1),831,3325,2.0419857501983643,0.0005355292329521099,0.022662932951234054,False
random,mixed,4,0,0.001,MD-Sinkhorn (M=1),832,3329,2.0450713634490967,0.0005336249668489261,0.022628860557105987,False
random,mixed,4,0,0.001,MD-Sinkhorn (M=1),833,3333,2.047072410583496,0.0005317282559988888,0.022594836003443752,False
random,mixed,4,0,0.001,MD-Sinkhorn (M=1),834,3337,2.0490739345550537,0.0005298390655993507,0.022560859243073855,False
random,mixed,4,0,0.001,MD-Sinkhorn (M=1),835,3341,2.052069902420044,0.0005279573610331734,0.02252693022875871,False
random,mixed,4,0,0.001,MD-Sinkhorn (M=1),836,3345,2.0540714263916016,0.0005260831078711168,0.022493048913200767,False
random,mixed,4,0,0.001,MD-Sinkhorn (M=1),837,3349,2.057051420211792,0.0005242162718731071,0.022459215249214144,False
random,mixed,4,0,0.001,MD-Sinkhorn (M=1),838,3353,2.05902361869812,0.0005223568189834312,0.02242542918948931,False
random,mixed,4,0,0.001,MD-Sinkhorn (M=1),839,3357,2.0610697269439697,0.0005205047153296703,0.022391690686625717,False
random,mixed,4,0,0.001,MD-Sinkhorn (M=1),840,3361,2.064070224761963,0.0005186599272228009,0.02235799969327787,False
random,mixed,4,0,0.001,MD-Sinkhorn (M=1),841,3365,2.066023588180542,0.0005168224211559324,0.022324356161769636,False
random,mixed,4,0,0.001,MD-Sinkhorn (M=1),842,3369,2.068079710006714,0.000514992163805654,0.022290760045105145,False
random,mixed,4,0,0.001,MD-Sinkhorn (M=1),843,3373,2.071075439453125,0.000513169122022484,0.02225721129535877,False
random,mixed,4,0,0.001,MD-Sinkhorn (M=1),844,3377,2.0729846954345703,0.0005113532628421685,0.022223709865254966,False
random,mixed,4,0,0.001,MD-Sinkhorn (M=1),845,3381,2.075028419494629,0.0005095445534733393,0.022190255707108402,False
random,mixed,4,0,0.001,MD-Sinkhorn (M=1),846,3385,2.078073740005493,0.0005077429613023452,0.022156848773334403,False
random,mixed,4,0,0.001,MD-Sinkhorn (M=1),847,3389,2.080070734024048,0.0005059484538913102,0.022123489016255236,False
random,mixed,4,0,0.001,MD-Sinkhorn (M=1),848,3393,2.08207631111145,0.0005041609989771277,0.022090176388353144,False
random,mixed,4,0,0.001,MD-Sinkhorn (M=1),849,3397,2.0850818157196045,0.0005023805644684249,0.0220569108418385,False
random,mixed,4,0,0.001,MD-Sinkhorn (M=1),850,3401,2.087075710296631,0.0005006071184459087,0.022023692328890523,False
random,mixed,4,0,0.001,MD-Sinkhorn (M=1),851,3405,2.0890207290649414,0.0004988406291629428,0.02199052080182788,False
random,mixed,4,0,0.001,MD-Sinkhorn (M=1),852,3409,2.09202241897583,0.00049708106504153,0.0219573962128062,False
random,mixed,4,0,0.001,MD-Sinkhorn (M=1),853,3413,2.094076156616211,0.0004953283946726582,0.021924318514089415,False
random,mixed,4,0,0.001,MD-Sinkhorn (M=1),854,3417,2.096079111099243,0.0004935825868152459,0.02189128765772576,False
random,mixed,4,0,0.001,MD-Sinkhorn (M=1),855,3421,2.0991716384887695,0.0004918436103953795,0.021858303595822005,False
random,mixed,4,0,0.001,MD-Sinkhorn (M=1),856,3425,2.1011695861816406,0.0004901114345051945,0.02182536628055587,False
random,mixed,4,0,0.001,MD-Sinkhorn (M=1),857,3429,2.1031761169433594,0.0004883860284003263,0.02179247566376484,False
random,mixed,4,0,0.001,MD-Sinkhorn (M=1),858,3433,2.1060822010040283,0.0004866673615002748,0.021759631697610055,False
random,mixed,4,0,0.001,MD-Sinkhorn (M=1),859,3437,2.108116865158081,0.000484955403390144,0.021726834334122376,False
random,mixed,4,0,0.001,MD-Sinkhorn (M=1),860,3441,2.1101763248443604,0.00048325012381318736,0.021694083525176808,False
random,mixed,4,0,0.001,MD-Sinkhorn (M=1),861,3445,2.1121745109558105,0.0004815514926750896,0.02166137922266859,False
random,mixed,4,0,0.001,MD-Sinkhorn (M=1),862,3449,2.115818500518799,0.00047985948004066245,0.021628721378546982,False
random,mixed,4,0,0.001,MD-Sinkhorn (M=1),863,3453,2.117828369140625,0.000478174056135572,0.021596109944776398,False
random,mixed,4,0,0.001,MD-Sinkhorn (M=1),864,3457,2.1198220252990723,0.00047649519133708735,0.02156354487288074,False
random,mixed,4,0,0.001,MD-Sinkhorn (M=1),865,3461,2.122734785079956,0.00047482285618861156,0.02153102611498036,False
random,mixed,4,0,0.001,MD-Sinkhorn (M=1),866,3465,2.124735116958618,0.0004731570213831062,0.021498553622811736,False
random,mixed,4,0,0.001,MD-Sinkhorn (M=1),867,3469,2.127826690673828,0.00047149765776937047,0.021466127348037975,False
random,mixed,4,0,0.001,MD-Sinkhorn (M=1),868,3473,2.1298205852508545,0.0004698447363509217,0.021433747242447457,False
random,mixed,4,0,0.001,MD-Sinkhorn (M=1),869,3477,2.1318247318267822,0.0004681982282838437,0.021401413257711624,False
random,mixed,4,0,0.001,MD-Sinkhorn (M=1),870,3481,2.134826421737671,0.0004665581048768286,0.021369125345476678,False
random,mixed,4,0,0.001,MD-Sinkhorn (M=1),871,3485,2.1368207931518555,0.00046492433758942454,0.021336883457441263,False
random,mixed,4,0,0.001,MD-Sinkhorn (M=1),872,3489,2.138834238052368,0.00046329689803334975,0.02130468754539447,False
random,mixed,4,0,0.001,MD-Sinkhorn (M=1),873,3493,2.141808032989502,0.0004616757579645938,0.021272537560586915,False
random,mixed,4,0,0.001,MD-Sinkhorn (M=1),874,3497,2.143831253051758,0.0004600608892932663,0.021240433454985004,False
random,mixed,4,0,0.001,MD-Sinkhorn (M=1),875,3501,2.1467857360839844,0.0004584522640726025,0.02120837517980971,False
random,mixed,4,0,0.001,MD-Sinkhorn (M=1),876,3505,2.14882493019104,0.00045684985450554245,0.021176362686650192,False
random,mixed,4,0,0.001,MD-Sinkhorn (M=1),877,3509,2.150827407836914,0.0004552536329397935,0.021144395927269348,False
random,mixed,4,0,0.001,MD-Sinkhorn (M=1),878,3513,2.1538217067718506,0.0004536635718668625,0.02111247485292972,False
random,mixed,4,0,0.001,MD-Sinkhorn (M=1),879,3517,2.155747890472412,0.00045207964392223143,0.02108059941496496,False
random,mixed,4,0,0.001,MD-Sinkhorn (M=1),880,3521,2.157771110534668,0.00045050182188708293,0.021048769565072817,False
random,mixed,4,0,0.001,MD-Sinkhorn (M=1),881,3525,2.160785436630249,0.0004489300786821147,0.021016985254628064,False
random,mixed,4,0,0.001,MD-Sinkhorn (M=1),882,3529,2.162820816040039,0.0004473643873694781,0.020985246434804393,False
random,mixed,4,0,0.001,MD-Sinkhorn (M=1),883,3533,2.1658215522766113,0.0004458047211542042,0.020953553057280846,False
random,mixed,4,0,0.001,MD-Sinkhorn (M=1),884,3537,2.167827606201172,0.000444251053378416,0.0209219050732236,False
random,mixed,4,0,0.001,MD-Sinkhorn (M=1),885,3541,2.1698219776153564,0.0004427033575234436,0.020890302433904464,False
random,mixed,4,0,0.001,MD-Sinkhorn (M=1),886,3545,2.1727778911590576,0.00044116160720879136,0.020858745090684888,False
random,mixed,4,0,0.001,MD-Sinkhorn (M=1),887,3549,2.174830913543701,0.00043962577619215457,0.020827232994892083,False
random,mixed,4,0,0.001,MD-Sinkhorn (M=1),888,3553,2.176823616027832,0.0004380958383681369,0.02079576609789601,False
random,mixed,4,0,0.001,MD-Sinkhorn (M=1),889,3557,2.1798272132873535,0.00043657176776263436,0.020764344350629224,False
random,mixed,4,0,0.001,MD-Sinkhorn (M=1),890,3561,2.181823253631592,0.000435053538541177,0.020732967704665085,False
random,mixed,4,0,0.001,MD-Sinkhorn (M=1),891,3565,2.1838181018829346,0.00043354112499981813,0.020701636111007192,False
random,mixed,4,0,0.001,MD-Sinkhorn (M=1),892,3569,2.186826229095459,0.0004320345015689086,0.02067034952079403,False
random,mixed,4,0,0.001,MD-Sinkhorn (M=1),893,3573,2.1887338161468506,0.00043053364281123044,0.020639107885334636,False
random,mixed,4,0,0.001,MD-Sinkhorn (M=1),894,3577,2.191801071166992,0.0004290385234215188,0.02060791115583757,False
random,mixed,4,0,0.001,MD-Sinkhorn (M=1),895,3581,2.1937811374664307,0.00042754911822393416,0.02057675928327257,False
random,mixed,4,0,0.001,MD-Sinkhorn (M=1),896,3585,2.196779727935791,0.00042606540217108717,0.020545652218730448,False
random,mixed,4,0,0.001,MD-Sinkhorn (M=1),897,3589,2.1987814903259277,0.00042458735034873394,0.020514589913420648,False
random,mixed,4,0,0.001,MD-Sinkhorn (M=1),898,3593,2.200838327407837,0.0004231149379684091,0.020483572318416514,False
random,mixed,4,0,0.001,MD-Sinkhorn (M=1),899,3597,2.202836275100708,0.00042164814036839844,0.020452599384727977,False
random,mixed,4,0,0.001,MD-Sinkhorn (M=1),900,3601,2.205970287322998,0.00042018693301783044,0.020421671063487478,False
random,mixed,4,0,0.001,MD-Sinkhorn (M=1),901,3605,2.207989454269409,0.0004187312915053389,0.02039078730568139,False
random,mixed,4,0,0.001,MD-Sinkhorn (M=1),902,3609,2.2099814414978027,0.0004172811915509665,0.020359948062259478,False
random,mixed,4,0,0.001,MD-Sinkhorn (M=1),903,3613,2.2129807472229004,0.00041583660899643666,0.02032915328436395,False
random,mixed,4,0,0.001,MD-Sinkhorn (M=1),904,3617,2.2154948711395264,0.0004143975198079331,0.020298402922958102,False
random,mixed,4,0,0.001,MD-Sinkhorn (M=1),905,3621,2.2174952030181885,0.00041296390007303235,0.020267696928808435,False
random,mixed,4,0,0.001,MD-Sinkhorn (M=1),906,3625,2.219627857208252,0.00041153572600412914,0.020237035253153002,False
random,mixed,4,0,0.001,MD-Sinkhorn (M=1),907,3629,2.222536563873291,0.0004101129739343199,0.020206417846750237,False
random,mixed,4,0,0.001,MD-Sinkhorn (M=1),908,3633,2.224561929702759,0.0004086956203166263,0.02017584466059202,False
random,mixed,4,0,0.001,MD-Sinkhorn (M=1),909,3637,2.2265465259552,0.0004072836417248475,0.020145315645599834,False
random,mixed,4,0,0.001,MD-Sinkhorn (M=1),910,3641,2.229553461074829,0.0004058770148539342,0.020114830752726374,False
random,mixed,4,0,0.001,MD-Sinkhorn (M=1),911,3645,2.2315592765808105,0.0004044757165134565,0.0200843899327736,False
random,mixed,4,0,0.001,MD-Sinkhorn (M=1),912,3649,2.2345480918884277,0.00040307972363645147,0.02005399313670691,False
random,mixed,4,0,0.001,MD-Sinkhorn (M=1),913,3653,2.2365477085113525,0.0004016890132673315,0.02002364031522162,False
random,mixed,4,0,0.001,MD-Sinkhorn (M=1),914,3657,2.239544153213501,0.00040030356257247804,0.019993331419434643,False
random,mixed,4,0,0.001,MD-Sinkhorn (M=1),915,3661,2.2426247596740723,0.0003989233488306405,0.01996306639997754,False
random,mixed,4,0,0.001,MD-Sinkhorn (M=1),916,3665,2.2455496788024902,0.0003975483494372854,0.019932845207734754,False
random,mixed,4,0,0.001,MD-Sinkhorn (M=1),917,3669,2.247514009475708,0.0003961785419022615,0.01990266779357669,False
random,mixed,4,0,0.001,MD-Sinkhorn (M=1),918,3673,2.2495250701904297,0.0003948139038505204,0.019872534108301688,False
random,mixed,4,0,0.001,MD-Sinkhorn (M=1),919,3677,2.2525932788848877,0.00039345441301653325,0.019842444102625402,False
random,mixed,4,0,0.001,MD-Sinkhorn (M=1),920,3681,2.2554988861083984,0.0003921000472529746,0.019812397727580797,False
random,mixed,4,0,0.001,MD-Sinkhorn (M=1),921,3685,2.258604049682617,0.00039075078451841517,0.019782394933656158,False
random,mixed,4,0,0.001,MD-Sinkhorn (M=1),922,3689,2.261594533920288,0.0003894066028858933,0.019752435671734233,False
random,mixed,4,0,0.001,MD-Sinkhorn (M=1),923,3693,2.2635953426361084,0.00038806748054045554,0.019722519892650548,False
random,mixed,4,0,0.001,MD-Sinkhorn (M=1),924,3697,2.266545534133911,0.0003867333957731858,0.01969264754706071,False
random,mixed,4,0,0.001,MD-Sinkhorn (M=1),925,3701,2.268592596054077,0.00038540432698832964,0.019662818585745513,False
random,mixed,4,0,0.001,MD-Sinkhorn (M=1),926,3705,2.271554708480835,0.0003840802526953779,0.019633032959437333,False
random,mixed,4,0,0.001,MD-Sinkhorn (M=1),927,3709,2.274610757827759,0.00038276115151468704,0.019603290618957,False
random,mixed,4,0,0.001,MD-Sinkhorn (M=1),928,3713,2.2775871753692627,0.0003814470021706094,0.019573591514792977,False
random,mixed,4,0,0.001,MD-Sinkhorn (M=1),929,3717,2.2795867919921875,0.00038013778349892336,0.019543935597934894,False
random,mixed,4,0,0.001,MD-Sinkhorn (M=1),930,3721,2.281585931777954,0.0003788334744390397,0.019514322819034553,False
random,mixed,4,0,0.001,MD-Sinkhorn (M=1),931,3725,2.284585952758789,0.00037753405403265417,0.01948475312856132,False
random,mixed,4,0,0.001,MD-Sinkhorn (M=1),932,3729,2.286586046218872,0.000376239501432526,0.019455226477514923,False
random,mixed,4,0,0.001,MD-Sinkhorn (M=1),933,3733,2.2895491123199463,0.0003749497958912784,0.019425742816413096,False
random,mixed,4,0,0.001,MD-Sinkhorn (M=1),934,3737,2.2915914058685303,0.00037366491676663267,0.019396302096006124,False
random,mixed,4,0,0.001,MD-Sinkhorn (M=1),935,3741,2.294589042663574,0.00037238484351969237,0.019366904266891853,False
random,mixed,4,0,0.001,MD-Sinkhorn (M=1),936,3745,2.296591281890869,0.00037110955571307164,0.019337549279832472,False
random,mixed,4,0,0.001,MD-Sinkhorn (M=1),937,3749,2.298590660095215,0.00036983903301354335,0.019308237085519726,False
random,mixed,4,0,0.001,MD-Sinkhorn (M=1),938,3753,2.301694631576538,0.0003685732551839084,0.019278967634489975,False
random,mixed,4,0,0.001,MD-Sinkhorn (M=1),939,3757,2.3046884536743164,0.00036731220209493026,0.019249740877581037,False
random,mixed,4,0,0.001,MD-Sinkhorn (M=1),940,3761,2.3066556453704834,0.0003660558537109807,0.019220556765267266,False
random,mixed,4,0,0.001,MD-Sinkhorn (M=1),941,3765,2.308703899383545,0.0003648041900989385,0.019191415248279657,False
random,mixed,4,0,0.001,MD-Sinkhorn (M=1),942,3769,2.311692237854004,0.0003635571914258347,0.019162316277306746,False
random,mixed,4,0,0.001,MD-Sinkhorn (M=1),943,3773,2.3142898082733154,0.00036231483795516557,0.019133259802997057,False
random,mixed,4,0,0.001,MD-Sinkhorn (M=1),944,3777,2.316389560699463,0.0003610771100470244,0.01910424577591071,False
random,mixed,4,0,0.001,MD-Sinkhorn (M=1),945,3781,2.3183953762054443,0.00035984398816111895,0.019075274146702025,False
random,mixed,4,0,0.001,MD-Sinkhorn (M=1),946,3785,2.321385383605957,0.000358615452853441,0.019046344866090064,False
random,mixed,4,0,0.001,MD-Sinkhorn (M=1),947,3789,2.3233373165130615,0.0003573914847758305,0.019017457884684553,False
random,mixed,4,0,0.001,MD-Sinkhorn (M=1),948,3793,2.326387643814087,0.00035617206467435846,0.018988613153045425,False
random,mixed,4,0,0.001,MD-Sinkhorn (M=1),949,3797,2.3283867835998535,0.00035495717339309034,0.018959810622017195,False
random,mixed,4,0,0.001,MD-Sinkhorn (M=1),950,3801,2.330386161804199,0.0003537467918659111,0.018931050241872766,False
random,mixed,4,0,0.001,MD-Sinkhorn (M=1),951,3805,2.3333890438079834,0.000352540901126155,0.01890233196357275,False
random,mixed,4,0,0.001,MD-Sinkhorn (M=1),952,3809,2.335386276245117,0.00035133948229673564,0.018873655737641423,False
random,mixed,4,0,0.001,MD-Sinkhorn (M=1),953,3813,2.337386131286621,0.00035014251659379797,0.01884502151480405,False
random,mixed,4,0,0.001,MD-Sinkhorn (M=1),954,3817,2.340475559234619,0.0003489499853277006,0.01881642924556355,False
random,mixed,4,0,0.001,MD-Sinkhorn (M=1),955,3821,2.343390703201294,0.00034776186989888576,0.018787878880546845,False
random,mixed,4,0,0.001,MD-Sinkhorn (M=1),956,3825,2.345388650894165,0.00034657815179749146,0.018759370370382146,False
random,mixed,4,0,0.001,MD-Sinkhorn (M=1),957,3829,2.3473949432373047,0.00034539881260856465,0.018730903665788,False
random,mixed,4,0,0.001,MD-Sinkhorn (M=1),958,3833,2.3503870964050293,0.00034422383400419193,0.018702478717366272,False
random,mixed,4,0,0.001,MD-Sinkhorn (M=1),959,3837,2.3523926734924316,0.00034305319774721645,0.01867409547574876,False
random,mixed,4,0,0.001,MD-Sinkhorn (M=1),960,3841,2.3553011417388916,0.00034188688568980146,0.018645753891609173,False
random,mixed,4,0,0.001,MD-Sinkhorn (M=1),961,3845,2.357455253601074,0.00034072487977258154,0.018617453915629092,False
random,mixed,4,0,0.001,MD-Sinkhorn (M=1),962,3849,2.360384702682495,0.00033956716202292766,0.018589195498191224,False
random,mixed,4,0,0.001,MD-Sinkhorn (M=1),963,3853,2.3623876571655273,0.0003384137145593583,0.018560978590355923,False
random,mixed,4,0,0.001,MD-Sinkhorn (M=1),964,3857,2.3643970489501953,0.0003372645195819164,0.018532803142387404,False
random,mixed,4,0,0.001,MD-Sinkhorn (M=1),965,3861,2.3673465251922607,0.0003361195593843659,0.018504669105228955,False
random,mixed,4,0,0.001,MD-Sinkhorn (M=1),966,3865,2.369344711303711,0.0003349788163402026,0.018476576429313565,False
random,mixed,4,0,0.001,MD-Sinkhorn (M=1),967,3869,2.372349500656128,0.0003338422729141716,0.01844852506555324,False
random,mixed,4,0,0.001,MD-Sinkhorn (M=1),968,3873,2.3743927478790283,0.0003327099116503348,0.01842051496434735,False
random,mixed,4,0,0.001,MD-Sinkhorn (M=1),969,3877,2.3773224353790283,0.00033158171518208153,0.018392546076442362,False
random,mixed,4,0,0.001,MD-Sinkhorn (M=1),970,3881,2.3793158531188965,0.0003304576662244613,0.01836461835250199,False
random,mixed,4,0,0.001,MD-Sinkhorn (M=1),971,3885,2.3823516368865967,0.0003293377475795409,0.018336731743398244,False
random,mixed,4,0,0.001,MD-Sinkhorn (M=1),972,3889,2.3843460083007812,0.00032822194212733325,0.018308886199605023,False
random,mixed,4,0,0.001,MD-Sinkhorn (M=1),973,3893,2.386347532272339,0.00032711023283645983,0.018281081671949705,False
random,mixed,4,0,0.001,MD-Sinkhorn (M=1),974,3897,2.389348030090332,0.00032600260275399167,0.018253318110985822,False
random,mixed,4,0,0.001,MD-Sinkhorn (M=1),975,3901,2.392348051071167,0.00032489903500756783,0.01822559546740363,False
random,mixed,4,0,0.001,MD-Sinkhorn (M=1),976,3905,2.39434814453125,0.0003237995128120362,0.018197913691996706,False
random,mixed,4,0,0.001,MD-Sinkhorn (M=1),977,3909,2.396345853805542,0.0003227040194583792,0.018170272735588792,False
random,mixed,4,0,0.001,MD-Sinkhorn (M=1),978,3913,2.3993544578552246,0.00032161253831914554,0.018142672548642495,False
random,mixed,4,0,0.001,MD-Sinkhorn (M=1),979,3917,2.401412010192871,0.000320525052847386,0.018115113082055084,False
random,mixed,4,0,0.001,MD-Sinkhorn (M=1),980,3921,2.4044082164764404,0.00031944154657443605,0.018087594286463594,False
random,mixed,4,0,0.001,MD-Sinkhorn (M=1),981,3925,2.4064228534698486,0.00031836200311505627,0.018060116112794407,False
random,mixed,4,0,0.001,MD-Sinkhorn (M=1),982,3929,2.409410238265991,0.000317286406155931,0.0180326785115203,False
random,mixed,4,0,0.001,MD-Sinkhorn (M=1),983,3933,2.4114115238189697,0.0003162147394672973,0.018005281433613577,False
random,mixed,4,0,0.001,MD-Sinkhorn (M=1),984,3937,2.4144136905670166,0.00031514698689485,0.017977924829751697,False
random,mixed,4,0,0.001,MD-Sinkhorn (M=1),985,3941,2.416025400161743,0.00031408313236215487,0.01795060865069569,False
random,mixed,4,0,0.001,MD-Sinkhorn (M=1),986,3945,2.41902232170105,0.00031302315987030927,0.01792333284726469,False
random,mixed,4,0,0.001,MD-Sinkhorn (M=1),987,3949,2.4210243225097656,0.00031196705349540734,0.017896097370202153,False
random,mixed,4,0,0.001,MD-Sinkhorn (M=1),988,3953,2.4234795570373535,0.00031091479739151634,0.01786890217031866,False
random,mixed,4,0,0.001,MD-Sinkhorn (M=1),989,3957,2.4264566898345947,0.00030986637578657845,0.017841747198458477,False
random,mixed,4,0,0.001,MD-Sinkhorn (M=1),990,3961,2.4284486770629883,0.00030882177298543,0.01781463240543423,False
random,mixed,4,0,0.001,MD-Sinkhorn (M=1),991,3965,2.430450201034546,0.0003077809733665902,0.017787557742040386,False
random,mixed,4,0,0.001,MD-Sinkhorn (M=1),992,3969,2.433415412902832,0.00030674396138290536,0.017760523159170385,False
random,mixed,4,0,0.001,MD-Sinkhorn (M=1),993,3973,2.4354500770568848,0.0003057107215616823,0.0177335286076079,False
random,mixed,4,0,0.001,MD-Sinkhorn (M=1),994,3977,2.4384074211120605,0.0003046812385027064,0.017706574038202243,False
random,mixed,4,0,0.001,MD-Sinkhorn (M=1),995,3981,2.440458297729492,0.00030365549688142663,0.017679659401826253,False
random,mixed,4,0,0.001,MD-Sinkhorn (M=1),996,3985,2.4434654712677,0.00030263348144361286,0.017652784649555733,False
random,mixed,4,0,0.001,MD-Sinkhorn (M=1),997,3989,2.4454498291015625,0.00030161517700869273,0.017625949731976384,False
random,mixed,4,0,0.001,MD-Sinkhorn (M=1),998,3993,2.4475064277648926,0.0003006005684658785,0.017599154600150733,False
random,mixed,4,0,0.001,MD-Sinkhorn (M=1),999,3997,2.4505321979522705,0.00029958964077868186,0.01757239920498993,False
random,mixed,4,0,0.001,MD-Sinkhorn (M=1),1000,4001,2.4525341987609863,0.00029858237898145677,0.017545683497387728,False
random,mixed,4,0,0.001,MD-Sinkhorn (M=2),0,1,0.0010066032409667969,0.43675954146354123,0.6036672927498137,False
random,mixed,4,0,0.001,MD-Sinkhorn (M=2),1,9,0.004965782165527344,0.43145779834851533,0.6012546499143798,False
random,mixed,4,0,0.001,MD-Sinkhorn (M=2),2,17,0.009982109069824219,0.42618868675790655,0.5988363623446364,False
random,mixed,4,0,0.001,MD-Sinkhorn (M=2),3,25,0.013975143432617188,0.4209515187722891,0.5964120325044951,False
random,mixed,4,0,0.001,MD-Sinkhorn (M=2),4,33,0.01797008514404297,0.4157455640004526,0.5939812235365249,False
random,mixed,4,0,0.001,MD-Sinkhorn (M=2),5,41,0.021970510482788086,0.41057004812933384,0.5915434566610621,False
random,mixed,4,0,0.001,MD-Sinkhorn (M=2),6,49,0.025986671447753906,0.40542415135702126,0.589098208358146,False
random,mixed,4,0,0.001,MD-Sinkhorn (M=2),7,57,0.03097677230834961,0.4003070067012063,0.5866449073113382,False
random,mixed,4,0,0.001,MD-Sinkhorn (M=2),8,65,0.03497028350830078,0.395217698175389,0.5841829310905372,False
random,mixed,4,0,0.001,MD-Sinkhorn (M=2),9,73,0.03896808624267578,0.39015525882536606,0.5817116025487815,False
random,mixed,4,0,0.001,MD-Sinkhorn (M=2),10,81,0.04297327995300293,0.3851186686186281,0.5792301859057113,False
random,mixed,4,0,0.001,MD-Sinkhorn (M=2),11,89,0.04700946807861328,0.3801068521798836,0.5767378824879374,False
random,mixed,4,0,0.001,MD-Sinkhorn (M=2),12,97,0.05200386047363281,0.3751186763665979,0.5742338260939258,False
random,mixed,4,0,0.001,MD-Sinkhorn (M=2),13,105,0.05600094795227051,0.37015294767945217,0.5717170779482512,False
random,mixed,4,0,0.001,MD-Sinkhorn (M=2),14,113,0.060005903244018555,0.3652084095042367,0.569186621207218,False
random,mixed,4,0,0.001,MD-Sinkhorn (M=2),15,121,0.06462550163269043,0.3602837391835313,0.566641354974802,False
random,mixed,4,0,0.001,MD-Sinkhorn (M=2),16,129,0.06864285469055176,0.3553775449192963,0.5640800877848854,False
random,mixed,4,0,0.001,MD-Sinkhorn (M=2),17,137,0.07262825965881348,0.3504883625109467,0.561501530502704,False
random,mixed,4,0,0.001,MD-Sinkhorn (M=2),18,145,0.07662463188171387,0.3456146519378813,0.5589042885955118,False
random,mixed,4,0,0.001,MD-Sinkhorn (M=2),19,153,0.08162569999694824,0.3407547938012706,0.5562868537197833,False
random,mixed,4,0,0.001,MD-Sinkhorn (M=2),20,161,0.08560562133789062,0.33590708564692917,0.5536475945699341,False
random,mixed,4,0,0.001,MD-Sinkhorn (M=2),21,169,0.08962559700012207,0.33106973820035285,0.5509847469318958,False
random,mixed,4,0,0.001,MD-Sinkhorn (M=2),22,177,0.09362506866455078,0.3262408715560927,0.5482964028839962,False
random,mixed,4,0,0.001,MD-Sinkhorn (M=2),23,185,0.09862494468688965,0.3214185113777469,0.5455804990880753,False
random,mixed,4,0,0.001,MD-Sinkhorn (M=2),24,193,0.10262727737426758,0.31660058518204315,0.5428348041158962,False
random,mixed,4,0,0.001,MD-Sinkhorn (M=2),25,201,0.10762548446655273,0.31178491880164944,0.540056904760368,False
random,mixed,4,0,0.001,MD-Sinkhorn (M=2),26,209,0.11162352561950684,0.3069692331472117,0.5372441912886369,False
random,mixed,4,0,0.001,MD-Sinkhorn (M=2),27,217,0.11562561988830566,0.30215114142047717,0.5343938416056476,False
random,mixed,4,0,0.001,MD-Sinkhorn (M=2),28,225,0.12163496017456055,0.2973281469682587,0.5315028043135065,False
random,mixed,4,0,0.001,MD-Sinkhorn (M=2),29,233,0.1257035732269287,0.2924976420126366,0.5285677806754244,False
random,mixed,4,0,0.001,MD-Sinkhorn (M=2),30,241,0.12970566749572754,0.28765690754719503,0.5255852055249165,False
random,mixed,4,0,0.001,MD-Sinkhorn (M=2),31,249,0.13470101356506348,0.28280311475372516,0.522551227203518,False
random,mixed,4,0,0.001,MD-Sinkhorn (M=2),32,257,0.13903141021728516,0.27793332836999485,0.5194616866662656,False
random,mixed,4,0,0.001,MD-Sinkhorn (M=2),33,265,0.14403009414672852,0.2730445125281151,0.5163120959666927,False
random,mixed,4,0,0.001,MD-Sinkhorn (M=2),34,273,0.1480860710144043,0.2681335396858274,0.5130976164259151,False
random,mixed,4,0,0.001,MD-Sinkhorn (M=2),35,281,0.15208721160888672,0.2631972033905974,0.50981303690792,False
random,mixed,4,0,0.001,MD-Sinkhorn (M=2),36,289,0.15709304809570312,0.2582322357485518,0.5064527527703597,False
random,mixed,4,0,0.001,MD-Sinkhorn (M=2),37,297,0.1610889434814453,0.2532353306163518,0.5030107462423792,False
random,mixed,4,0,0.001,MD-Sinkhorn (M=2),38,305,0.1647040843963623,0.24820317369147257,0.4994805692043401,False
random,mixed,4,0,0.001,MD-Sinkhorn (M=2),39,313,0.16971063613891602,0.2431324808404357,0.4958553296143636,False
random,mixed,4,0,0.001,MD-Sinkhorn (M=2),40,321,0.1737046241760254,0.23802004616745745,0.49212768314889455,False
random,mixed,4,0,0.001,MD-Sinkhorn (M=2),41,329,0.17770600318908691,0.23286280147576152,0.4882898320029461,False
random,mixed,4,0,0.001,MD-Sinkhorn (M=2),42,337,0.18270492553710938,0.22765788889321809,0.4843335332319747,False
random,mixed,4,0,0.001,MD-Sinkhorn (M=2),43,345,0.18770790100097656,0.22240274849811664,0.4802501195082926,False
random,mixed,4,0,0.001,MD-Sinkhorn (M=2),44,353,0.19170522689819336,0.21709522275752668,0.47603053570158393,False
random,mixed,4,0,0.001,MD-Sinkhorn (M=2),45,361,0.19570541381835938,0.21173367943675997,0.4716653952560243,False
random,mixed,4,0,0.001,MD-Sinkhorn (M=2),46,369,0.1997842788696289,0.206317154300926,0.46714506089323027,False
random,mixed,4,0,0.001,MD-Sinkhorn (M=2),47,377,0.20381760597229004,0.20084551434519074,0.4624597546706847,False
random,mixed,4,0,0.001,MD-Sinkhorn (M=2),48,385,0.20777630805969238,0.19531964138730074,0.45759970279588386,False
random,mixed,4,0,0.001,MD-Sinkhorn (M=2),49,393,0.21178030967712402,0.18974163456020365,0.4525553207378787,False
random,mixed,4,0,0.001,MD-Sinkhorn (M=2),50,401,0.21578454971313477,0.18411502848604577,0.4473174439599156,False
random,mixed,4,0,0.001,MD-Sinkhorn (M=2),51,409,0.2196955680847168,0.17844502164812748,0.44187760885984817,False
random,mixed,4,0,0.001,MD-Sinkhorn (M=2),52,417,0.2247765064239502,0.17273870669990538,0.43622838706574196,False
random,mixed,4,0,0.001,MD-Sinkhorn (M=2),53,425,0.22878193855285645,0.16700529122285618,0.4303637738988499,False
random,mixed,4,0,0.001,MD-Sinkhorn (M=2),54,433,0.23278236389160156,0.16125629393176866,0.42427962840779154,False
random,mixed,4,0,0.001,MD-Sinkhorn (M=2),55,441,0.23678302764892578,0.15550569782113222,0.4179741577746544,False
random,mixed,4,0,0.001,MD-Sinkhorn (M=2),56,449,0.24077773094177246,0.14977003869744407,0.4114484330845761,False
random,mixed,4,0,0.001,MD-Sinkhorn (M=2),57,457,0.2457883358001709,0.14406840555166664,0.4047069165990113,False
random,mixed,4,0,0.001,MD-Sinkhorn (M=2),58,465,0.24991416931152344,0.1384223290189175,0.3977579731877379,False
random,mixed,4,0,0.001,MD-Sinkhorn (M=2),59,473,0.25394749641418457,0.13285553651193938,0.3906143311590692,False
random,mixed,4,0,0.001,MD-Sinkhorn (M=2),60,481,0.2578868865966797,0.12739355816667652,0.38329345139855814,False
random,mixed,4,0,0.001,MD-Sinkhorn (M=2),61,489,0.26151371002197266,0.12206317687933511,0.375817759761097,False
random,mixed,4,0,0.001,MD-Sinkhorn (M=2),62,497,0.2666511535644531,0.11689172832419466,0.36821469746067376,False
random,mixed,4,0,0.001,MD-Sinkhorn (M=2),63,505,0.2705729007720947,0.11190627212118998,0.36051654905301733,False
random,mixed,4,0,0.001,MD-Sinkhorn (M=2),64,513,0.2746157646179199,0.10713267171573954,0.35276001836951293,False
random,mixed,4,0,0.001,MD-Sinkhorn (M=2),65,521,0.27857255935668945,0.10259463581428988,0.3449855395286675,False
random,mixed,4,0,0.001,MD-Sinkhorn (M=2),66,529,0.28257226943969727,0.09831278579456501,0.33723633198296266,False
random,mixed,4,0,0.001,MD-Sinkhorn (M=2),67,537,0.287583589553833,0.09430381890253259,0.3295572333668231,False
random,mixed,4,0,0.001,MD-Sinkhorn (M=2),68,545,0.2915768623352051,0.09057983448822111,0.3219933686220336,False
random,mixed,4,0,0.001,MD-Sinkhorn (M=2),69,553,0.29557204246520996,0.08714787947333487,0.314588734856297,False
random,mixed,4,0,0.001,MD-Sinkhorn (M=2),70,561,0.29957079887390137,0.08400975065631275,0.3073847951111085,False
random,mixed,4,0,0.001,MD-Sinkhorn (M=2),71,569,0.30358123779296875,0.08116206776341914,0.30041917800141715,False
random,mixed,4,0,0.001,MD-Sinkhorn (M=2),72,577,0.30857419967651367,0.0785966057717844,0.29372457286237436,False
random,mixed,4,0,0.001,MD-Sinkhorn (M=2),73,585,0.31256937980651855,0.07630085167919104,0.28732789226157956,False
random,mixed,4,0,0.001,MD-Sinkhorn (M=2),74,593,0.316570520401001,0.0742587328086641,0.28124974795839336,False
random,mixed,4,0,0.001,MD-Sinkhorn (M=2),75,601,0.321577787399292,0.07245145303364393,0.2755042563809565,False
random,mixed,4,0,0.001,MD-Sinkhorn (M=2),76,609,0.3255751132965088,0.07085837064325644,0.2700991596887577,False
random,mixed,4,0,0.001,MD-Sinkhorn (M=2),77,617,0.3295714855194092,0.06945785653686248,0.26503622310075803,False
random,mixed,4,0,0.001,MD-Sinkhorn (M=2),78,625,0.3335719108581543,0.06822808140080824,0.2603118495860741,False
random,mixed,4,0,0.001,MD-Sinkhorn (M=2),79,633,0.3375728130340576,0.06714769485974913,0.25591784405825235,False
random,mixed,4,0,0.001,MD-Sinkhorn (M=2),80,641,0.342571496963501,0.06619637411579594,0.25184225712885444,False
random,mixed,4,0,0.001,MD-Sinkhorn (M=2),81,649,0.346571683883667,0.06535523372501104,0.24807024469064765,False
random,mixed,4,0,0.001,MD-Sinkhorn (M=2),82,657,0.35062646865844727,0.06460709991747766,0.24458489073175627,False
random,mixed,4,0,0.001,MD-Sinkhorn (M=2),83,665,0.35558056831359863,0.0639366616735423,0.24136795470422462,False
random,mixed,4,0,0.001,MD-Sinkhorn (M=2),84,673,0.3595879077911377,0.06333051644314303,0.23840051918642394,False
random,mixed,4,0,0.001,MD-Sinkhorn (M=2),85,681,0.364105224609375,0.06277713118721041,0.2356635267099425,False
random,mixed,4,0,0.001,MD-Sinkhorn (M=2),86,689,0.3681488037109375,0.062266739830853506,0.23313820531873664,False
random,mixed,4,0,0.001,MD-Sinkhorn (M=2),87,697,0.37214159965515137,0.06179119684801633,0.2308063901562556,False
random,mixed,4,0,0.001,MD-Sinkhorn (M=2),88,705,0.37614989280700684,0.0613438041293782,0.2286507530859033,False
random,mixed,4,0,0.001,MD-Sinkhorn (M=2),89,713,0.3801448345184326,0.06091912500543935,0.22665495430260668,False
random,mixed,4,0,0.001,MD-Sinkhorn (M=2),90,721,0.38415002822875977,0.06051279564484044,0.22480372946619115,False
random,mixed,4,0,0.001,MD-Sinkhorn (M=2),91,729,0.3892192840576172,0.060121340186733783,0.22308292339714197,False
random,mixed,4,0,0.001,MD-Sinkhorn (M=2),92,737,0.393139123916626,0.05974199185058967,0.22147947690318373,False
random,mixed,4,0,0.001,MD-Sinkhorn (M=2),93,745,0.3972179889678955,0.05937251759707425,0.21998136651560143,False
random,mixed,4,0,0.001,MD-Sinkhorn (M=2),94,753,0.40122461318969727,0.05901103804417732,0.21857748681985006,False
random,mixed,4,0,0.001,MD-Sinkhorn (M=2),95,761,0.4061462879180908,0.05865582611979497,0.21725744967547228,False
random,mixed,4,0,0.001,MD-Sinkhorn (M=2),96,769,0.41014909744262695,0.058305055411522276,0.21601125038425256,False
random,mixed,4,0,0.001,MD-Sinkhorn (M=2),97,777,0.41414451599121094,0.057956449165546466,0.21482871179925084,False
random,mixed,4,0,0.001,MD-Sinkhorn (M=2),98,785,0.4181056022644043,0.057606748259447095,0.21369855371394117,False
random,mixed,4,0,0.001,MD-Sinkhorn (M=2),99,793,0.4221062660217285,0.05725086324696874,0.21260683129055533,False
random,mixed,4,0,0.001,MD-Sinkhorn (M=2),100,801,0.4261054992675781,0.056880490092851003,0.21153431991436297,False
random,mixed,4,0,0.001,MD-Sinkhorn (M=2),101,809,0.4301021099090576,0.05648183676455004,0.21045216410571657,False
random,mixed,4,0,0.001,MD-Sinkhorn (M=2),102,817,0.43509888648986816,0.056031916991158254,0.20931472428611583,False
random,mixed,4,0,0.001,MD-Sinkhorn (M=2),103,825,0.439103364944458,0.05549263441481126,0.2080480494831361,False
random,mixed,4,0,0.001,MD-Sinkhorn (M=2),104,833,0.4431002140045166,0.054801721871153265,0.20653191475858745,False
random,mixed,4,0,0.001,MD-Sinkhorn (M=2),105,841,0.447218656539917,0.05385991995959949,0.2045734346039797,False
random,mixed,4,0,0.001,MD-Sinkhorn (M=2),106,849,0.4513273239135742,0.052515646558751294,0.2018724393255785,False
random,mixed,4,0,0.001,MD-Sinkhorn (M=2),107,857,0.4552953243255615,0.05055401316716027,0.19798649902536214,False
random,mixed,4,0,0.001,MD-Sinkhorn (M=2),108,865,0.45928168296813965,0.04770895538585871,0.19232184904750155,False
random,mixed,4,0,0.001,MD-Sinkhorn (M=2),109,873,0.4639923572540283,0.04373227844346912,0.18420588805295057,False
random,mixed,4,0,0.001,MD-Sinkhorn (M=2),110,881,0.46796250343322754,0.038546904870835765,0.17311132966742646,False
random,mixed,4,0,0.001,MD-Sinkhorn (M=2),111,889,0.47195959091186523,0.0324351892419148,0.1590280265503919,False
random,mixed,4,0,0.001,MD-Sinkhorn (M=2),112,897,0.47595906257629395,0.0260834832073867,0.14277244544652573,False
random,mixed,4,0,0.001,MD-Sinkhorn (M=2),113,905,0.4799528121948242,0.020327468695343073,0.12588900750905227,False
random,mixed,4,0,0.001,MD-Sinkhorn (M=2),114,913,0.48392415046691895,0.015751386873409476,0.11007587366992501,False
random,mixed,4,0,0.001,MD-Sinkhorn (M=2),115,921,0.48891115188598633,0.012493240638671072,0.09655087816036848,False
random,mixed,4,0,0.001,MD-Sinkhorn (M=2),116,929,0.4929206371307373,0.01035553859871959,0.0857935170964519,False
random,mixed,4,0,0.001,MD-Sinkhorn (M=2),117,937,0.4969182014465332,0.009023196773537712,0.07768156337495032,False
random,mixed,4,0,0.001,MD-Sinkhorn (M=2),118,945,0.5019059181213379,0.008210840163240994,0.07299805353029061,False
random,mixed,4,0,0.001,MD-Sinkhorn (M=2),119,953,0.506953239440918,0.0077123797032507616,0.07441116828825442,False
random,mixed,4,0,0.001,MD-Sinkhorn (M=2),120,961,0.5109636783599854,0.007396053524176126,0.07534010597655125,False
random,mixed,4,0,0.001,MD-Sinkhorn (M=2),121,969,0.5149133205413818,0.007183348779209604,0.07590169034849062,False
random,mixed,4,0,0.001,MD-Sinkhorn (M=2),122,977,0.520918607711792,0.0070293362881665095,0.07619046110279187,False
random,mixed,4,0,0.001,MD-Sinkhorn (M=2),123,985,0.5249273777008057,0.006908842817761717,0.07627959711933277,False
random,mixed,4,0,0.001,MD-Sinkhorn (M=2),124,993,0.5289103984832764,0.006807870960873104,0.07622420526928157,False
random,mixed,4,0,0.001,MD-Sinkhorn (M=2),125,1001,0.5329241752624512,0.006718616917521706,0.0760650545507293,False
random,mixed,4,0,0.001,MD-Sinkhorn (M=2),126,1009,0.5389137268066406,0.006636682336350421,0.07583195466904273,False
random,mixed,4,0,0.001,MD-Sinkhorn (M=2),127,1017,0.5429155826568604,0.006559544201633848,0.07554652967385087,False
random,mixed,4,0,0.001,MD-Sinkhorn (M=2),128,1025,0.54691481590271,0.006485721742261495,0.07522438016717717,False
random,mixed,4,0,0.001,MD-Sinkhorn (M=2),129,1033,0.5510504245758057,0.0064143224882205595,0.07487671810047923,False
random,mixed,4,0,0.001,MD-Sinkhorn (M=2),130,1041,0.5559325218200684,0.0063447929606297495,0.0745115792836521,False
random,mixed,4,0,0.001,MD-Sinkhorn (M=2),131,1049,0.5600466728210449,0.0062767798185268744,0.07413471147729385,False
random,mixed,4,0,0.001,MD-Sinkhorn (M=2),132,1057,0.5637097358703613,0.006210051026599056,0.0737502194233063,False
random,mixed,4,0,0.001,MD-Sinkhorn (M=2),133,1065,0.5686750411987305,0.00614445004608456,0.07336103066352198,False
random,mixed,4,0,0.001,MD-Sinkhorn (M=2),134,1073,0.5726208686828613,0.0060798685175121525,0.072969230610922,False
random,mixed,4,0,0.001,MD-Sinkhorn (M=2),135,1081,0.5767030715942383,0.0060162295280834464,0.07257630291110431,False
random,mixed,4,0,0.001,MD-Sinkhorn (M=2),136,1089,0.5817050933837891,0.005953477092157565,0.07218330153404864,False
random,mixed,4,0,0.001,MD-Sinkhorn (M=2),137,1097,0.5856671333312988,0.005891569378033611,0.0717909738202432,False
random,mixed,4,0,0.001,MD-Sinkhorn (M=2),138,1105,0.589705228805542,0.005830474255309613,0.07139984837638963,False
random,mixed,4,0,0.001,MD-Sinkhorn (M=2),139,1113,0.5946636199951172,0.005770166316555178,0.0710102978197222,False
random,mixed,4,0,0.001,MD-Sinkhorn (M=2),140,1121,0.5987026691436768,0.005710624857144006,0.07062258354752934,False
random,mixed,4,0,0.001,MD-Sinkhorn (M=2),141,1129,0.6026558876037598,0.0056518324899142505,0.07023688767026662,False
random,mixed,4,0,0.001,MD-Sinkhorn (M=2),142,1137,0.6066999435424805,0.005593774187211228,0.06985333578356955,False
random,mixed,4,0,0.001,MD-Sinkhorn (M=2),143,1145,0.6106617450714111,0.0055364366141193375,0.0694720132054049,False
random,mixed,4,0,0.001,MD-Sinkhorn (M=2),144,1153,0.6147050857543945,0.00547980766224818,0.06909297655132526,False
random,mixed,4,0,0.001,MD-Sinkhorn (M=2),145,1161,0.61965012550354,0.00542387612239326,0.06871626198670967,False
random,mixed,4,0,0.001,MD-Sinkhorn (M=2),146,1169,0.6236975193023682,0.005368631454167718,0.06834189110923311,False
random,mixed,4,0,0.001,MD-Sinkhorn (M=2),147,1177,0.6287045478820801,0.005314063623388596,0.06796987514222222,False
random,mixed,4,0,0.001,MD-Sinkhorn (M=2),148,1185,0.6327016353607178,0.005260162987072891,0.06760021792365599,False
random,mixed,4,0,0.001,MD-Sinkhorn (M=2),149,1193,0.6376662254333496,0.005206920211936054,0.0672329180372758,False
random,mixed,4,0,0.001,MD-Sinkhorn (M=2),150,1201,0.6416609287261963,0.005154326216461173,0.06686797033152116,False
random,mixed,4,0,0.001,MD-Sinkhorn (M=2),151,1209,0.6467032432556152,0.0051023721296310255,0.06650536700273907,False
random,mixed,4,0,0.001,MD-Sinkhorn (M=2),152,1217,0.65081787109375,0.005051049261415079,0.06614509836738902,False
random,mixed,4,0,0.001,MD-Sinkhorn (M=2),153,1225,0.6562755107879639,0.005000349081505659,0.06578715341298753,False
random,mixed,4,0,0.001,MD-Sinkhorn (M=2),154,1233,0.6613113880157471,0.004950263204053935,0.0654315201907848,False
random,mixed,4,0,0.001,MD-Sinkhorn (M=2),155,1241,0.6650300025939941,0.004900783376368404,0.06507818609632329,False
random,mixed,4,0,0.001,MD-Sinkhorn (M=2),156,1249,0.6689367294311523,0.00485190147071987,0.0647271380695547,False
random,mixed,4,0,0.001,MD-Sinkhorn (M=2),157,1257,0.6740214824676514,0.004803609478115193,0.06437836273781768,False
random,mixed,4,0,0.001,MD-Sinkhorn (M=2),158,1265,0.6780285835266113,0.004755899503602141,0.06403184651805963,False
random,mixed,4,0,0.001,MD-Sinkhorn (M=2),159,1273,0.6820251941680908,0.004708763762575913,0.06368757569011907,False
random,mixed,4,0,0.001,MD-Sinkhorn (M=2),160,1281,0.686030387878418,0.004662194577848319,0.063345536449096,False
random,mixed,4,0,0.001,MD-Sinkhorn (M=2),161,1289,0.6900358200073242,0.004616184377240613,0.06300571494305975,False
random,mixed,4,0,0.001,MD-Sinkhorn (M=2),162,1297,0.6950287818908691,0.004570725691527099,0.06266809730016658,False
random,mixed,4,0,0.001,MD-Sinkhorn (M=2),163,1305,0.6989731788635254,0.004525811152671994,0.06233266964834348,False
random,mixed,4,0,0.001,MD-Sinkhorn (M=2),164,1313,0.7030086517333984,0.00448143349224847,0.06199941812959566,False
random,mixed,4,0,0.001,MD-Sinkhorn (M=2),165,1321,0.7069897651672363,0.0044375855399635625,0.0616683289103542,False
random,mixed,4,0,0.001,MD-Sinkhorn (M=2),166,1329,0.7109711170196533,0.0043942602223408355,0.061339388189209115,False
random,mixed,4,0,0.001,MD-Sinkhorn (M=2),167,1337,0.7149903774261475,0.00435145056141123,0.06101258220244414,False
random,mixed,4,0,0.001,MD-Sinkhorn (M=2),168,1345,0.718980073928833,0.004309149673496592,0.06068789722883303,False
random,mixed,4,0,0.001,MD-Sinkhorn (M=2),169,1353,0.7239327430725098,0.004267350768025197,0.060365319592209754,False
random,mixed,4,0,0.001,MD-Sinkhorn (M=2),170,1361,0.7279319763183594,0.004226047146368324,0.06004483566480022,False
random,mixed,4,0,0.001,MD-Sinkhorn (M=2),171,1369,0.7319319248199463,0.004185232200703944,0.05972643186862836,False
random,mixed,4,0,0.001,MD-Sinkhorn (M=2),172,1377,0.7369835376739502,0.004144899412907566,0.05941009467758757,False
random,mixed,4,0,0.001,MD-Sinkhorn (M=2),173,1385,0.7409794330596924,0.004105042353441576,0.05909581061852726,False
random,mixed,4,0,0.001,MD-Sinkhorn (M=2),174,1393,0.7449803352355957,0.004065654680277959,0.05878356627275684,False
random,mixed,4,0,0.001,MD-Sinkhorn (M=2),175,1401,0.7490513324737549,0.004026730137811555,0.05847334827659813,False
random,mixed,4,0,0.001,MD-Sinkhorn (M=2),176,1409,0.7530462741851807,0.003988262555806786,0.0581651433225959,False
random,mixed,4,0,0.001,MD-Sinkhorn (M=2),177,1417,0.7580351829528809,0.00395024584833882,0.05785893816013943,False
random,mixed,4,0,0.001,MD-Sinkhorn (M=2),178,1425,0.7610387802124023,0.003912674012741201,0.05755471959631846,False
random,mixed,4,0,0.001,MD-Sinkhorn (M=2),179,1433,0.7656610012054443,0.0038755411285800153,0.057252474496436175,False
random,mixed,4,0,0.001,MD-Sinkhorn (M=2),180,1441,0.7706522941589355,0.0038388413566189843,0.05695218978459871,False
random,mixed,4,0,0.001,MD-Sinkhorn (M=2),181,1449,0.7746608257293701,0.003802568937807755,0.05665385244447052,False
random,mixed,4,0,0.001,MD-Sinkhorn (M=2),182,1457,0.7786581516265869,0.0037667181922623368,0.0563574495195579,False
random,mixed,4,0,0.001,MD-Sinkhorn (M=2),183,1465,0.7826540470123291,0.003731283518277628,0.05606296811379032,False
random,mixed,4,0,0.001,MD-Sinkhorn (M=2),184,1473,0.7866554260253906,0.0036962593913216976,0.0557703953919662,False
random,mixed,4,0,0.001,MD-Sinkhorn (M=2),185,1481,0.7906599044799805,0.0036616403630646433,0.055479718580356864,False
random,mixed,4,0,0.001,MD-Sinkhorn (M=2),186,1489,0.7946629524230957,0.003627421060395814,0.055190924966716286,False
random,mixed,4,0,0.001,MD-Sinkhorn (M=2),187,1497,0.7996571063995361,0.0035935961844600853,0.05490400190101151,False
random,mixed,4,0,0.001,MD-Sinkhorn (M=2),188,1505,0.803741455078125,0.0035601605097020546,0.054618936795688855,False
random,mixed,4,0,0.001,MD-Sinkhorn (M=2),189,1513,0.807741641998291,0.003527108882917687,0.054335717125826924,False
random,mixed,4,0,0.001,MD-Sinkhorn (M=2),190,1521,0.811729907989502,0.003494436222320164,0.05405433042973849,False
random,mixed,4,0,0.001,MD-Sinkhorn (M=2),191,1529,0.8166589736938477,0.0034621375165943104,0.053774764309091935,False
random,mixed,4,0,0.001,MD-Sinkhorn (M=2),192,1537,0.8206546306610107,0.003430207824001056,0.053497006429004575,False
random,mixed,4,0,0.001,MD-Sinkhorn (M=2),193,1545,0.824730396270752,0.0033986422714401224,0.05322104451878114,False
random,mixed,4,0,0.001,MD-Sinkhorn (M=2),194,1553,0.82973313331604,0.0033674360535559935,0.05294686637165668,False
random,mixed,4,0,0.001,MD-Sinkhorn (M=2),195,1561,0.8337235450744629,0.00333658443186182,0.05267445984513051,False
random,mixed,4,0,0.001,MD-Sinkhorn (M=2),196,1569,0.837693452835083,0.0033060827338179137,0.05240381286147918,False
random,mixed,4,0,0.001,MD-Sinkhorn (M=2),197,1577,0.8416919708251953,0.003275926351991864,0.052134913407399786,False
random,mixed,4,0,0.001,MD-Sinkhorn (M=2),198,1585,0.8456728458404541,0.0032461107431689365,0.051867749534634355,False
random,mixed,4,0,0.001,MD-Sinkhorn (M=2),199,1593,0.8507351875305176,0.003216631427503975,0.05160230935985205,False
random,mixed,4,0,0.001,MD-Sinkhorn (M=2),200,1601,0.854701042175293,0.0031874839876721147,0.05133858106480492,False
random,mixed,4,0,0.001,MD-Sinkhorn (M=2),201,1609,0.8587017059326172,0.0031586640680239956,0.05107655289664963,False
random,mixed,4,0,0.001,MD-Sinkhorn (M=2),202,1617,0.8634548187255859,0.003130167373766832,0.05081621316763805,False
random,mixed,4,0,0.001,MD-Sinkhorn (M=2),203,1625,0.8675308227539062,0.0031019896701212123,0.05055755025567006,False
random,mixed,4,0,0.001,MD-Sinkhorn (M=2),204,1633,0.8715698719024658,0.00307412678154274,0.050300552603936816,False
random,mixed,4,0,0.001,MD-Sinkhorn (M=2),205,1641,0.8755543231964111,0.003046574590874916,0.05004520872121694,False
random,mixed,4,0,0.001,MD-Sinkhorn (M=2),206,1649,0.8805489540100098,0.003019329038596687,0.04979150718197391,False
random,mixed,4,0,0.001,MD-Sinkhorn (M=2),207,1657,0.8845312595367432,0.0029923861220067585,0.04953943662610545,False
random,mixed,4,0,0.001,MD-Sinkhorn (M=2),208,1665,0.8885533809661865,0.002965741894465169,0.04928898575918506,False
random,mixed,4,0,0.001,MD-Sinkhorn (M=2),209,1673,0.89347243309021,0.002939392464614181,0.049040143352501606,False
random,mixed,4,0,0.001,MD-Sinkhorn (M=2),210,1681,0.897575855255127,0.0029133339956239354,0.048792898242761895,False
random,mixed,4,0,0.001,MD-Sinkhorn (M=2),211,1689,0.9014685153961182,0.0028875627044427097,0.04854723933241792,False
random,mixed,4,0,0.001,MD-Sinkhorn (M=2),212,1697,0.9055149555206299,0.002862074861054045,0.048303155589357785,False
random,mixed,4,0,0.001,MD-Sinkhorn (M=2),213,1705,0.9095487594604492,0.0028368667877410065,0.04806063604711651,False
random,mixed,4,0,0.001,MD-Sinkhorn (M=2),214,1713,0.9145500659942627,0.0028119348583703274,0.04781966980449028,False
random,mixed,4,0,0.001,MD-Sinkhorn (M=2),215,1721,0.9185192584991455,0.0027872754976713565,0.047580246025729106,False
random,mixed,4,0,0.001,MD-Sinkhorn (M=2),216,1729,0.9225540161132812,0.0027628851805285848,0.0473423539405184,False
random,mixed,4,0,0.001,MD-Sinkhorn (M=2),217,1737,0.9265515804290771,0.0027387604312824757,0.04711156212187474,False
random,mixed,4,0,0.001,MD-Sinkhorn (M=2),218,1745,0.9305555820465088,0.0027148978230438223,0.047002690390728366,False
random,mixed,4,0,0.001,MD-Sinkhorn (M=2),219,1753,0.9355411529541016,0.0026912939770107544,0.04689390089987037,False
random,mixed,4,0,0.001,MD-Sinkhorn (M=2),220,1761,0.9395580291748047,0.0026679455617955507,0.046785194570083816,False
random,mixed,4,0,0.001,MD-Sinkhorn (M=2),221,1769,0.9435527324676514,0.00264484929275424,0.0466765723246682,False
random,mixed,4,0,0.001,MD-Sinkhorn (M=2),222,1777,0.9475560188293457,0.002622001931343843,0.046568035089692275,False
random,mixed,4,0,0.001,MD-Sinkhorn (M=2),223,1785,0.9516134262084961,0.002599400284455122,0.04645958379306097,False
random,mixed,4,0,0.001,MD-Sinkhorn (M=2),224,1793,0.9566516876220703,0.0025770412037938186,0.046351219365079493,False
random,mixed,4,0,0.001,MD-Sinkhorn (M=2),225,1801,0.9606506824493408,0.0025549215852266084,0.04624294273739829,False
random,mixed,4,0,0.001,MD-Sinkhorn (M=2),226,1809,0.9643459320068359,0.002533038368176743,0.04613475484359203,False
random,mixed,4,0,0.001,MD-Sinkhorn (M=2),227,1817,0.9683084487915039,0.0025113885349896422,0.04602665661814551,False
random,mixed,4,0,0.001,MD-Sinkhorn (M=2),228,1825,0.9733405113220215,0.002489969110348703,0.04591864899723719,False
random,mixed,4,0,0.001,MD-Sinkhorn (M=2),229,1833,0.9773032665252686,0.002468777160643601,0.04581073291720409,False
random,mixed,4,0,0.001,MD-Sinkhorn (M=2),230,1841,0.9813041687011719,0.0024478097934030954,0.04570290931560464,False
random,mixed,4,0,0.001,MD-Sinkhorn (M=2),231,1849,0.9853248596191406,0.0024270641567026826,0.04559517913022944,False
random,mixed,4,0,0.001,MD-Sinkhorn (M=2),232,1857,0.9903035163879395,0.0024065374385793536,0.04548754329912705,False
random,mixed,4,0,0.001,MD-Sinkhorn (M=2),233,1865,0.9943075180053711,0.002386226866474757,0.04538000276049246,False
random,mixed,4,0,0.001,MD-Sinkhorn (M=2),234,1873,0.9983537197113037,0.0023661297066584408,0.045272558452174504,False
random,mixed,4,0,0.001,MD-Sinkhorn (M=2),235,1881,1.0033049583435059,0.0023462432636912915,0.0451652113120514,False
random,mixed,4,0,0.001,MD-Sinkhorn (M=2),236,1889,1.0073020458221436,0.0023265648798584176,0.0450579622770656,False
random,mixed,4,0,0.001,MD-Sinkhorn (M=2),237,1897,1.012305498123169,0.002307091934636552,0.04495081228346559,False
random,mixed,4,0,0.001,MD-Sinkhorn (M=2),238,1905,1.0163023471832275,0.0022878218441722874,0.04484376226688022,False
random,mixed,4,0,0.001,MD-Sinkhorn (M=2),239,1913,1.022301435470581,0.0022687520607424317,0.0447368131617715,False
random,mixed,4,0,0.001,MD-Sinkhorn (M=2),240,1921,1.0262610912322998,0.0022498800722321683,0.04462996590099205,False
random,mixed,4,0,0.001,MD-Sinkhorn (M=2),241,1929,1.0313005447387695,0.0022312034016391353,0.044523221416410144,False
random,mixed,4,0,0.001,MD-Sinkhorn (M=2),242,1937,1.036266565322876,0.0022127196065515127,0.044416580637810565,False
random,mixed,4,0,0.001,MD-Sinkhorn (M=2),243,1945,1.0402588844299316,0.0021944262786621027,0.044310044493477335,False
random,mixed,4,0,0.001,MD-Sinkhorn (M=2),244,1953,1.044260025024414,0.002176321043271424,0.044203613909643114,False
random,mixed,4,0,0.001,MD-Sinkhorn (M=2),245,1961,1.0482592582702637,0.002158401558803637,0.044097289810363996,False
random,mixed,4,0,0.001,MD-Sinkhorn (M=2),246,1969,1.053269863128662,0.002140665516329254,0.043991073117467534,False
random,mixed,4,0,0.001,MD-Sinkhorn (M=2),247,1977,1.0572690963745117,0.0021231106390959343,0.043884964750399096,False
random,mixed,4,0,0.001,MD-Sinkhorn (M=2),248,1985,1.0612690448760986,0.00210573468205564,0.043778965625742766,False
random,mixed,4,0,0.001,MD-Sinkhorn (M=2),249,1993,1.0669500827789307,0.002088535431415812,0.04367307665755607,False
random,mixed,4,0,0.001,MD-Sinkhorn (M=2),250,2001,1.0719609260559082,0.0020715107041875125,0.043567298757126144,False
random,mixed,4,0,0.001,MD-Sinkhorn (M=2),251,2009,1.0759572982788086,0.002054658347717837,0.043461632832044954,False
random,mixed,4,0,0.001,MD-Sinkhorn (M=2),252,2017,1.080944538116455,0.002037976239293551,0.04335607978771458,False
random,mixed,4,0,0.001,MD-Sinkhorn (M=2),253,2025,1.086965560913086,0.002021462285656782,0.043250640525266414,False
random,mixed,4,0,0.001,MD-Sinkhorn (M=2),254,2033,1.0919556617736816,0.002005114422619184,0.043145315942998315,False
random,mixed,4,0,0.001,MD-Sinkhorn (M=2),255,2041,1.0969595909118652,0.0019889306146110832,0.04304010693519655,False
random,mixed,4,0,0.001,MD-Sinkhorn (M=2),256,2049,1.10097336769104,0.0019729088542852526,0.042935014392641906,False
random,mixed,4,0,0.001,MD-Sinkhorn (M=2),257,2057,1.105956792831421,0.001957047162102648,0.04283003920237783,False
random,mixed,4,0,0.001,MD-Sinkhorn (M=2),258,2065,1.1099560260772705,0.0019413435859185581,0.042725182247146366,False
random,mixed,4,0,0.001,MD-Sinkhorn (M=2),259,2073,1.1150293350219727,0.001925796200597683,0.042620444405898905,False
random,mixed,4,0,0.001,MD-Sinkhorn (M=2),260,2081,1.1190032958984375,0.0019104031076149107,0.04251582655324764,False
random,mixed,4,0,0.001,MD-Sinkhorn (M=2),261,2089,1.1229896545410156,0.0018951624346653711,0.04241132955946462,False
random,mixed,4,0,0.001,MD-Sinkhorn (M=2),262,2097,1.1279888153076172,0.0018800723352920224,0.04230695429045456,False
random,mixed,4,0,0.001,MD-Sinkhorn (M=2),263,2105,1.1319985389709473,0.0018651309885033965,0.04220270160764874,False
random,mixed,4,0,0.001,MD-Sinkhorn (M=2),264,2113,1.136033058166504,0.0018503365983980396,0.04209857236752147,False
random,mixed,4,0,0.001,MD-Sinkhorn (M=2),265,2121,1.1399986743927002,0.001835687393813765,0.04199456742215535,False
random,mixed,4,0,0.001,MD-Sinkhorn (M=2),266,2129,1.144958257675171,0.0018211816279522298,0.041890687618608966,False
random,mixed,4,0,0.001,MD-Sinkhorn (M=2),267,2137,1.1500155925750732,0.0018068175780344277,0.04178693379905374,False
random,mixed,4,0,0.001,MD-Sinkhorn (M=2),268,2145,1.1550147533416748,0.0017925935449487995,0.04168330680078264,False
random,mixed,4,0,0.001,MD-Sinkhorn (M=2),269,2153,1.1600871086120605,0.0017785078528947046,0.04157980745545582,False
random,mixed,4,0,0.001,MD-Sinkhorn (M=2),270,2161,1.1658506393432617,0.0017645588490642103,0.04147643659010074,False
random,mixed,4,0,0.001,MD-Sinkhorn (M=2),271,2169,1.1708612442016602,0.0017507449032907554,0.04137319502615544,False
random,mixed,4,0,0.001,MD-Sinkhorn (M=2),272,2177,1.1747362613677979,0.001737064407720653,0.04127008357960325,False
random,mixed,4,0,0.001,MD-Sinkhorn (M=2),273,2185,1.178734302520752,0.001723515776500436,0.04116710306135821,False
random,mixed,4,0,0.001,MD-Sinkhorn (M=2),274,2193,1.1837379932403564,0.0017100974454392398,0.041064254276446235,False
random,mixed,4,0,0.001,MD-Sinkhorn (M=2),275,2201,1.187739610671997,0.001696807871697962,0.04096153802414365,False
random,mixed,4,0,0.001,MD-Sinkhorn (M=2),276,2209,1.1918597221374512,0.0016836455334905461,0.040858955098515996,False
random,mixed,4,0,0.001,MD-Sinkhorn (M=2),277,2217,1.1968529224395752,0.0016706089297579283,0.04075650628746111,False
random,mixed,4,0,0.001,MD-Sinkhorn (M=2),278,2225,1.2008211612701416,0.0016576965798828424,0.0406541923733371,False
random,mixed,4,0,0.001,MD-Sinkhorn (M=2),279,2233,1.2057876586914062,0.0016449070233801474,0.0405520141324774,False
random,mixed,4,0,0.001,MD-Sinkhorn (M=2),280,2241,1.209784746170044,0.0016322388196079451,0.040449972335257614,False
random,mixed,4,0,0.001,MD-Sinkhorn (M=2),281,2249,1.2137837409973145,0.00161969054747814,0.0403480677460218,False
random,mixed,4,0,0.001,MD-Sinkhorn (M=2),282,2257,1.2187800407409668,0.0016072608051738036,0.04024630112325628,False
random,mixed,4,0,0.001,MD-Sinkhorn (M=2),283,2265,1.2237839698791504,0.0015949482098621016,0.040144673219006666,False
random,mixed,4,0,0.001,MD-Sinkhorn (M=2),284,2273,1.2287840843200684,0.0015827513974277178,0.040043184779521956,False
random,mixed,4,0,0.001,MD-Sinkhorn (M=2),285,2281,1.232776403427124,0.0015706690221796449,0.03994183654420368,False
random,mixed,4,0,0.001,MD-Sinkhorn (M=2),286,2289,1.2387750148773193,0.0015586997566219161,0.039840629247118814,False
random,mixed,4,0,0.001,MD-Sinkhorn (M=2),287,2297,1.2437841892242432,0.0015468422911413117,0.03973956361516487,False
random,mixed,4,0,0.001,MD-Sinkhorn (M=2),288,2305,1.2477831840515137,0.0015350953337808758,0.039638640369253304,False
random,mixed,4,0,0.001,MD-Sinkhorn (M=2),289,2313,1.2528371810913086,0.0015234576099706877,0.03953786022389652,False
random,mixed,4,0,0.001,MD-Sinkhorn (M=2),290,2321,1.2569093704223633,0.0015119278622731272,0.039437223886970185,False
random,mixed,4,0,0.001,MD-Sinkhorn (M=2),291,2329,1.2619080543518066,0.0015005048501393263,0.03933673206010009,False
random,mixed,4,0,0.001,MD-Sinkhorn (M=2),292,2337,1.2656710147857666,0.0014891873496615466,0.03923638543827261,False
random,mixed,4,0,0.001,MD-Sinkhorn (M=2),293,2345,1.2710721492767334,0.0014779741533253118,0.03913618470984228,False
random,mixed,4,0,0.001,MD-Sinkhorn (M=2),294,2353,1.275071382522583,0.0014668640697820838,0.03903613055669583,False
random,mixed,4,0,0.001,MD-Sinkhorn (M=2),295,2361,1.2800722122192383,0.0014558559236096482,0.03893622365422303,False
random,mixed,4,0,0.001,MD-Sinkhorn (M=2),296,2369,1.2840707302093506,0.0014449485550712465,0.03883646467079629,False
random,mixed,4,0,0.001,MD-Sinkhorn (M=2),297,2377,1.289588212966919,0.0014341408199042885,0.03873685426839253,False
random,mixed,4,0,0.001,MD-Sinkhorn (M=2),298,2385,1.2935879230499268,0.0014234315890848605,0.03863739310227479,False
random,mixed,4,0,0.001,MD-Sinkhorn (M=2),299,2393,1.2975895404815674,0.0014128197486081955,0.03853808182085341,False
random,mixed,4,0,0.001,MD-Sinkhorn (M=2),300,2401,1.302640676498413,0.0014023041992751234,0.038438921065951426,False
random,mixed,4,0,0.001,MD-Sinkhorn (M=2),301,2409,1.3066341876983643,0.0013918838564736889,0.03833991147258159,False
random,mixed,4,0,0.001,MD-Sinkhorn (M=2),302,2417,1.311631441116333,0.0013815576499633046,0.0382410536687809,False
random,mixed,4,0,0.001,MD-Sinkhorn (M=2),303,2425,1.3156392574310303,0.0013713245236794702,0.03814234827613258,False
random,mixed,4,0,0.001,MD-Sinkhorn (M=2),304,2433,1.3206379413604736,0.0013611834355145881,0.03804379590911351,False
random,mixed,4,0,0.001,MD-Sinkhorn (M=2),305,2441,1.3246333599090576,0.0013511333571224002,0.03794539717537444,False
random,mixed,4,0,0.001,MD-Sinkhorn (M=2),306,2449,1.3296334743499756,0.0013411732737273019,0.03784715267617213,False
random,mixed,4,0,0.001,MD-Sinkhorn (M=2),307,2457,1.333592176437378,0.0013313021839054463,0.03774906300524013,False
random,mixed,4,0,0.001,MD-Sinkhorn (M=2),308,2465,1.338641881942749,0.0013215190994130908,0.03765112874986565,False
random,mixed,4,0,0.001,MD-Sinkhorn (M=2),309,2473,1.342637300491333,0.0013118230449937194,0.03755335049059111,False
random,mixed,4,0,0.001,MD-Sinkhorn (M=2),310,2481,1.3466370105743408,0.0013022130581727283,0.03745572880056593,False
random,mixed,4,0,0.001,MD-Sinkhorn (M=2),311,2489,1.3516664505004883,0.0012926881891015339,0.03735826424668369,False
random,mixed,4,0,0.001,MD-Sinkhorn (M=2),312,2497,1.3567817211151123,0.0012832475003450746,0.03726095738848109,False
random,mixed,4,0,0.001,MD-Sinkhorn (M=2),313,2505,1.3607854843139648,0.0012738900667243675,0.03716380877878846,False
random,mixed,4,0,0.001,MD-Sinkhorn (M=2),314,2513,1.365415334701538,0.0012646149751339955,0.037066818963552864,False
random,mixed,4,0,0.001,MD-Sinkhorn (M=2),315,2521,1.371476650238037,0.0012554213243643644,0.03696998848186894,False
random,mixed,4,0,0.001,MD-Sinkhorn (M=2),316,2529,1.3754825592041016,0.0012463082249363085,0.03687331786585539,False
random,mixed,4,0,0.001,MD-Sinkhorn (M=2),317,2537,1.3804855346679688,0.001237274798927646,0.03677680764088191,False
random,mixed,4,0,0.001,MD-Sinkhorn (M=2),318,2545,1.385521650314331,0.001228320179809072,0.03668045832529851,False
random,mixed,4,0,0.001,MD-Sinkhorn (M=2),319,2553,1.3904879093170166,0.0012194435122820219,0.03658427043068557,False
random,mixed,4,0,0.001,MD-Sinkhorn (M=2),320,2561,1.3944108486175537,0.0012106439521130667,0.03648824446164946,False
random,mixed,4,0,0.001,MD-Sinkhorn (M=2),321,2569,1.3983995914459229,0.0012019206659802271,0.03639238091605401,False
random,mixed,4,0,0.001,MD-Sinkhorn (M=2),322,2577,1.4034090042114258,0.0011932728313155997,0.036296680284959124,False
random,mixed,4,0,0.001,MD-Sinkhorn (M=2),323,2585,1.4074089527130127,0.0011846996361441788,0.036201143052271026,False
random,mixed,4,0,0.001,MD-Sinkhorn (M=2),324,2593,1.411407709121704,0.0011762002789446275,0.03610576969545967,False
random,mixed,4,0,0.001,MD-Sinkhorn (M=2),325,2601,1.4164061546325684,0.001167773968490124,0.03601056068495289,False
random,mixed,4,0,0.001,MD-Sinkhorn (M=2),326,2609,1.4204046726226807,0.0011594199237071078,0.035915516484587975,False
random,mixed,4,0,0.001,MD-Sinkhorn (M=2),327,2617,1.424408197402954,0.0011511373735182766,0.03582063755091197,False
random,mixed,4,0,0.001,MD-Sinkhorn (M=2),328,2625,1.4294102191925049,0.0011429255567196811,0.03572592433424089,False
random,mixed,4,0,0.001,MD-Sinkhorn (M=2),329,2633,1.4334120750427246,0.001134783721823259,0.03563137727786604,False
random,mixed,4,0,0.001,MD-Sinkhorn (M=2),330,2641,1.4384055137634277,0.0011267111269250801,0.03553699681834205,False
random,mixed,4,0,0.001,MD-Sinkhorn (M=2),331,2649,1.4433987140655518,0.0011187070395702295,0.03544278338560266,False
random,mixed,4,0,0.001,MD-Sinkhorn (M=2),332,2657,1.448474645614624,0.0011107707366118389,0.03534873740269172,False
random,mixed,4,0,0.001,MD-Sinkhorn (M=2),333,2665,1.4545848369598389,0.0011029015040855742,0.03525485928613268,False
random,mixed,4,0,0.001,MD-Sinkhorn (M=2),334,2673,1.4585716724395752,0.0010950986370761623,0.03516114944564573,False
random,mixed,4,0,0.001,MD-Sinkhorn (M=2),335,2681,1.4635748863220215,0.0010873614395915574,0.03506760828445697,False
random,mixed,4,0,0.001,MD-Sinkhorn (M=2),336,2689,1.4682800769805908,0.001079689224425241,0.0349742361988311,False
random,mixed,4,0,0.001,MD-Sinkhorn (M=2),337,2697,1.4732069969177246,0.0010720813130487307,0.03488103357873616,False
random,mixed,4,0,0.001,MD-Sinkhorn (M=2),338,2705,1.4772026538848877,0.0010645370354776511,0.034788000807444694,False
random,mixed,4,0,0.001,MD-Sinkhorn (M=2),339,2713,1.4812030792236328,0.001057055730153039,0.034695138261597966,False
random,mixed,4,0,0.001,MD-Sinkhorn (M=2),340,2721,1.486203908920288,0.0010496367438212364,0.03460244631135359,False
random,mixed,4,0,0.001,MD-Sinkhorn (M=2),341,2729,1.4902079105377197,0.0010422794314253058,0.03450992532053867,False
random,mixed,4,0,0.001,MD-Sinkhorn (M=2),342,2737,1.4952082633972168,0.0010349831559689124,0.034417575645980705,False
random,mixed,4,0,0.001,MD-Sinkhorn (M=2),343,2745,1.4992024898529053,0.0010277472884249014,0.03432539763847332,False
random,mixed,4,0,0.001,MD-Sinkhorn (M=2),344,2753,1.5052006244659424,0.0010205712076084474,0.03423339164211857,False
random,mixed,4,0,0.001,MD-Sinkhorn (M=2),345,2761,1.509721279144287,0.0010134543000804971,0.03414155799489091,False
random,mixed,4,0,0.001,MD-Sinkhorn (M=2),346,2769,1.5147249698638916,0.0010063959600192045,0.03404989702803323,False
random,mixed,4,0,0.001,MD-Sinkhorn (M=2),347,2777,1.519770860671997,0.00099939558912937,0.03395840906658856,False
random,mixed,4,0,0.001,MD-Sinkhorn (M=2),348,2785,1.524773359298706,0.0009924525965312528,0.03386709442932513,False
random,mixed,4,0,0.001,MD-Sinkhorn (M=2),349,2793,1.5287697315216064,0.0009855663986558512,0.03377595342861679,False
random,mixed,4,0,0.001,MD-Sinkhorn (M=2),350,2801,1.5327692031860352,0.0009787364191403667,0.033684986370412465,False
random,mixed,4,0,0.001,MD-Sinkhorn (M=2),351,2809,1.5377745628356934,0.0009719620887329004,0.0335941935546355,False
random,mixed,4,0,0.001,MD-Sinkhorn (M=2),352,2817,1.5427641868591309,0.0009652428451866621,0.03350357527479131,False
random,mixed,4,0,0.001,MD-Sinkhorn (M=2),353,2825,1.5467705726623535,0.0009585781331682401,0.033413131818369926,False
random,mixed,4,0,0.001,MD-Sinkhorn (M=2),354,2833,1.5510120391845703,0.0009519674041651465,0.03332286346692846,False
random,mixed,4,0,0.001,MD-Sinkhorn (M=2),355,2841,1.5555438995361328,0.0009454101163657769,0.033232770495140965,False
random,mixed,4,0,0.001,MD-Sinkhorn (M=2),356,2849,1.5595433712005615,0.000938905734601265,0.033142853172393016,False
random,mixed,4,0,0.001,MD-Sinkhorn (M=2),357,2857,1.5635478496551514,0.000932453730221555,0.03305311176128933,False
random,mixed,4,0,0.001,MD-Sinkhorn (M=2),358,2865,1.569108009338379,0.0009260535810294015,0.03296354651894035,False
random,mixed,4,0,0.001,MD-Sinkhorn (M=2),359,2873,1.573190689086914,0.0009197047711736027,0.03287415769615307,False
random,mixed,4,0,0.001,MD-Sinkhorn (M=2),360,2881,1.5781886577606201,0.0009134067910824228,0.03278494553841052,False
random,mixed,4,0,0.001,MD-Sinkhorn (M=2),361,2889,1.5821871757507324,0.0009071591373332509,0.032695910284021155,False
random,mixed,4,0,0.001,MD-Sinkhorn (M=2),362,2897,1.5870678424835205,0.000900961312616543,0.03260705216624156,False
random,mixed,4,0,0.001,MD-Sinkhorn (M=2),363,2905,1.5910725593566895,0.0008948128256288889,0.03251837141254817,False
random,mixed,4,0,0.001,MD-Sinkhorn (M=2),364,2913,1.5960693359375,0.0008887131909921611,0.032429868244485405,False
random,mixed,4,0,0.001,MD-Sinkhorn (M=2),365,2921,1.600114107131958,0.0008826619291537007,0.032341542877059086,False
random,mixed,4,0,0.001,MD-Sinkhorn (M=2),366,2929,1.6050670146942139,0.0008766585663486204,0.032253395520688045,False
random,mixed,4,0,0.001,MD-Sinkhorn (M=2),367,2937,1.6091210842132568,0.0008707026344715854,0.03216542637892235,False
random,mixed,4,0,0.001,MD-Sinkhorn (M=2),368,2945,1.6131823062896729,0.0008647936710450676,0.03207763565069605,False
random,mixed,4,0,0.001,MD-Sinkhorn (M=2),369,2953,1.61810302734375,0.0008589312190941805,0.031990023528255945,False
random,mixed,4,0,0.001,MD-Sinkhorn (M=2),370,2961,1.6221156120300293,0.0008531148271140855,0.03190259019891483,False
random,mixed,4,0,0.001,MD-Sinkhorn (M=2),371,2969,1.626115083694458,0.000847344048972807,0.031815335844332535,False
random,mixed,4,0,0.001,MD-Sinkhorn (M=2),372,2977,1.631110429763794,0.0008416184438406727,0.031728260640457494,False
random,mixed,4,0,0.001,MD-Sinkhorn (M=2),373,2985,1.6355798244476318,0.0008359375761080534,0.031641364757377985,False
random,mixed,4,0,0.001,MD-Sinkhorn (M=2),374,2993,1.6395912170410156,0.0008303010153380542,0.03155464836018919,False
random,mixed,4,0,0.001,MD-Sinkhorn (M=2),375,3001,1.6446382999420166,0.0008247083361822794,0.03146811160865258,False
random,mixed,4,0,0.001,MD-Sinkhorn (M=2),376,3009,1.6486380100250244,0.0008191591182994773,0.03138175465650302,False
random,mixed,4,0,0.001,MD-Sinkhorn (M=2),377,3017,1.6527149677276611,0.0008136529463097667,0.03129557765259434,False
random,mixed,4,0,0.001,MD-Sinkhorn (M=2),378,3025,1.657689094543457,0.0008081894097078982,0.031209580740025708,False
random,mixed,4,0,0.001,MD-Sinkhorn (M=2),379,3033,1.6616463661193848,0.0008027681028206308,0.031123764057407553,False
random,mixed,4,0,0.001,MD-Sinkhorn (M=2),380,3041,1.6663353443145752,0.0007973886247010067,0.031038127736735928,False
random,mixed,4,0,0.001,MD-Sinkhorn (M=2),381,3049,1.6703321933746338,0.0007920505791180999,0.030952671906333995,False
random,mixed,4,0,0.001,MD-Sinkhorn (M=2),382,3057,1.675321340560913,0.0007867535744417282,0.03086739668810435,False
random,mixed,4,0,0.001,MD-Sinkhorn (M=2),383,3065,1.6792855262756348,0.0007814972236164321,0.030782302199455422,False
random,mixed,4,0,0.001,MD-Sinkhorn (M=2),384,3073,1.6832854747772217,0.0007762811440764882,0.030697388552362564,False
random,mixed,4,0,0.001,MD-Sinkhorn (M=2),385,3081,1.6880955696105957,0.0007711049577021941,0.030612655853892397,False
random,mixed,4,0,0.001,MD-Sinkhorn (M=2),386,3089,1.6930959224700928,0.0007659682907439592,0.030528104205797164,False
random,mixed,4,0,0.001,MD-Sinkhorn (M=2),387,3097,1.6971416473388672,0.000760870773783131,0.03044373370533164,False
random,mixed,4,0,0.001,MD-Sinkhorn (M=2),388,3105,1.7021527290344238,0.0007558120416562314,0.030359544444353855,False
random,mixed,4,0,0.001,MD-Sinkhorn (M=2),389,3113,1.707146167755127,0.0007507917333981322,0.030275536509713624,False
random,mixed,4,0,0.001,MD-Sinkhorn (M=2),390,3121,1.7111413478851318,0.0007458094922020015,0.030191709983670927,False
random,mixed,4,0,0.001,MD-Sinkhorn (M=2),391,3129,1.7151410579681396,0.0007408649653545101,0.030108064943809354,False
random,mixed,4,0,0.001,MD-Sinkhorn (M=2),392,3137,1.7206048965454102,0.0007359578041656002,0.03002460146210904,False
random,mixed,4,0,0.001,MD-Sinkhorn (M=2),393,3145,1.725604772567749,0.0007310876639405675,0.029941319606427316,False
random,mixed,4,0,0.001,MD-Sinkhorn (M=2),394,3153,1.7295951843261719,0.0007262542039123581,0.029858219439650488,False
random,mixed,4,0,0.001,MD-Sinkhorn (M=2),395,3161,1.7345588207244873,0.0007214570871935458,0.029775301020139373,False
random,mixed,4,0,0.001,MD-Sinkhorn (M=2),396,3169,1.7385950088500977,0.0007166959807195277,0.029692564401260252,False
random,mixed,4,0,0.001,MD-Sinkhorn (M=2),397,3177,1.742638349533081,0.0007119705552033693,0.029610009632037363,False
random,mixed,4,0,0.001,MD-Sinkhorn (M=2),398,3185,1.7466461658477783,0.0007072804850820012,0.029527636756671596,False
random,mixed,4,0,0.001,MD-Sinkhorn (M=2),399,3193,1.7506577968597412,0.0007026254484682866,0.029445445814932227,False
random,mixed,4,0,0.001,MD-Sinkhorn (M=2),400,3201,1.7556946277618408,0.0006980051271062806,0.029363436842154582,False
random,mixed,4,0,0.001,MD-Sinkhorn (M=2),401,3209,1.7601730823516846,0.0006934192063081696,0.029281609868683098,False
random,mixed,4,0,0.001,MD-Sinkhorn (M=2),402,3217,1.7631759643554688,0.0006888673749345677,0.02919996492122156,False
random,mixed,4,0,0.001,MD-Sinkhorn (M=2),403,3225,1.7677538394927979,0.0006843493253176454,0.02911850202149179,False
random,mixed,4,0,0.001,MD-Sinkhorn (M=2),404,3233,1.771789789199829,0.0006798647532327571,0.02903722118686075,False
random,mixed,4,0,0.001,MD-Sinkhorn (M=2),405,3241,1.7767906188964844,0.0006754133578501648,0.028956122430457646,False
random,mixed,4,0,0.001,MD-Sinkhorn (M=2),406,3249,1.7807886600494385,0.0006709948416947103,0.02887520576138701,False
random,mixed,4,0,0.001,MD-Sinkhorn (M=2),407,3257,1.7847836017608643,0.0006666089105844359,0.028794471183944566,False
random,mixed,4,0,0.001,MD-Sinkhorn (M=2),408,3265,1.7897007465362549,0.0006622552736113535,0.028713918698622182,False
random,mixed,4,0,0.001,MD-Sinkhorn (M=2),409,3273,1.7938213348388672,0.0006579336430794353,0.028633548301429064,False
random,mixed,4,0,0.001,MD-Sinkhorn (M=2),410,3281,1.7978205680847168,0.0006536437344729609,0.028553359984416767,False
random,mixed,4,0,0.001,MD-Sinkhorn (M=2),411,3289,1.8027453422546387,0.00064938526641217,0.028473353735474584,False
random,mixed,4,0,0.001,MD-Sinkhorn (M=2),412,3297,1.8077480792999268,0.0006451579606135083,0.028393529538394878,False
random,mixed,4,0,0.001,MD-Sinkhorn (M=2),413,3305,1.8117048740386963,0.0006409615418431705,0.028313887372818373,False
random,mixed,4,0,0.001,MD-Sinkhorn (M=2),414,3313,1.8157000541687012,0.0006367957378904309,0.02823442721461643,False
random,mixed,4,0,0.001,MD-Sinkhorn (M=2),415,3321,1.8207027912139893,0.0006326602795094944,0.028155149035297738,False
random,mixed,4,0,0.001,MD-Sinkhorn (M=2),416,3329,1.8257052898406982,0.0006285549004030409,0.028076052802890362,False
random,mixed,4,0,0.001,MD-Sinkhorn (M=2),417,3337,1.829704999923706,0.0006244793371661343,0.0279971384812012,False
random,mixed,4,0,0.001,MD-Sinkhorn (M=2),418,3345,1.8337020874023438,0.0006204333292573638,0.02791840603021443,False
random,mixed,4,0,0.001,MD-Sinkhorn (M=2),419,3353,1.8377060890197754,0.0006164166189608854,0.027839855406206464,False
random,mixed,4,0,0.001,MD-Sinkhorn (M=2),420,3361,1.8427495956420898,0.000612428951347841,0.027761486561494,False
random,mixed,4,0,0.001,MD-Sinkhorn (M=2),421,3369,1.846754789352417,0.0006084700742402385,0.0276832994446123,False
random,mixed,4,0,0.001,MD-Sinkhorn (M=2),422,3377,1.8511300086975098,0.0006045397381860471,0.027605294000761005,False
random,mixed,4,0,0.001,MD-Sinkhorn (M=2),423,3385,1.8551487922668457,0.0006006376964046397,0.027527470170893787,False
random,mixed,4,0,0.001,MD-Sinkhorn (M=2),424,3393,1.8601441383361816,0.0005967637047699476,0.02744982789267461,False
random,mixed,4,0,0.001,MD-Sinkhorn (M=2),425,3401,1.8646581172943115,0.0005929175217655503,0.02737236709994225,False
random,mixed,4,0,0.001,MD-Sinkhorn (M=2),426,3409,1.8707175254821777,0.0005890989084600578,0.027295087723081736,False
random,mixed,4,0,0.001,MD-Sinkhorn (M=2),427,3417,1.875715732574463,0.000585307628465611,0.02721798968882317,False
random,mixed,4,0,0.001,MD-Sinkhorn (M=2),428,3425,1.879716157913208,0.0005815434479120299,0.027141072920453743,False
random,mixed,4,0,0.001,MD-Sinkhorn (M=2),429,3433,1.8857264518737793,0.0005778061354156888,0.02706433733786022,False
random,mixed,4,0,0.001,MD-Sinkhorn (M=2),430,3441,1.8907227516174316,0.0005740954620371312,0.0269877828571771,False
random,mixed,4,0,0.001,MD-Sinkhorn (M=2),431,3449,1.8947207927703857,0.0005704112012617421,0.026911409391346668,False
random,mixed,4,0,0.001,MD-Sinkhorn (M=2),432,3457,1.8987233638763428,0.0005667531289655887,0.02683521684992142,False
random,mixed,4,0,0.001,MD-Sinkhorn (M=2),433,3465,1.9040329456329346,0.0005631210233848325,0.026759205139168896,False
random,mixed,4,0,0.001,MD-Sinkhorn (M=2),434,3473,1.9080307483673096,0.0005595146650821796,0.026683374161787454,False
random,mixed,4,0,0.001,MD-Sinkhorn (M=2),435,3481,1.9130446910858154,0.0005559338369246804,0.02660772381738847,False
random,mixed,4,0,0.001,MD-Sinkhorn (M=2),436,3489,1.9210412502288818,0.000552378324048496,0.026532254002272077,False
random,mixed,4,0,0.001,MD-Sinkhorn (M=2),437,3497,1.9270408153533936,0.0005488479138349872,0.026456964609572538,False
random,mixed,4,0,0.001,MD-Sinkhorn (M=2),438,3505,1.9310083389282227,0.0005453423958794801,0.026381855529223522,False
random,mixed,4,0,0.001,MD-Sinkhorn (M=2),439,3513,1.936915636062622,0.0005418615619621845,0.026306926647804645,False
random,mixed,4,0,0.001,MD-Sinkhorn (M=2),440,3521,1.9410343170166016,0.0005384052060269375,0.026232177849122764,False
random,mixed,4,0,0.001,MD-Sinkhorn (M=2),441,3529,1.9450397491455078,0.0005349731241496853,0.026157609013659416,False
random,mixed,4,0,0.001,MD-Sinkhorn (M=2),442,3537,1.9490277767181396,0.000531565114511703,0.02608322001894186,False
random,mixed,4,0,0.001,MD-Sinkhorn (M=2),443,3545,1.9531559944152832,0.0005281809773726245,0.026009010739310966,False
random,mixed,4,0,0.001,MD-Sinkhorn (M=2),444,3553,1.957172155380249,0.0005248205150538772,0.02593498104649214,False
random,mixed,4,0,0.001,MD-Sinkhorn (M=2),445,3561,1.962141752243042,0.0005214835318939736,0.025861130808712444,False
random,mixed,4,0,0.001,MD-Sinkhorn (M=2),446,3569,1.9657347202301025,0.0005181698342446139,0.025787459891735434,False
random,mixed,4,0,0.001,MD-Sinkhorn (M=2),447,3577,1.9698381423950195,0.000514879230433996,0.02571396815824231,False
random,mixed,4,0,0.001,MD-Sinkhorn (M=2),448,3585,1.9738349914550781,0.0005116115307406008,0.02564065546791114,False
random,mixed,4,0,0.001,MD-Sinkhorn (M=2),449,3593,1.9788315296173096,0.0005083665473773377,0.025567521677792734,False
random,mixed,4,0,0.001,MD-Sinkhorn (M=2),450,3601,1.9828338623046875,0.0005051440944664266,0.025494566642202947,False
random,mixed,4,0,0.001,MD-Sinkhorn (M=2),451,3609,1.9868314266204834,0.0005019439880045518,0.025421790212379933,False
random,mixed,4,0,0.001,MD-Sinkhorn (M=2),452,3617,1.990830421447754,0.0004987660458541045,0.025349192236903663,False
random,mixed,4,0,0.001,MD-Sinkhorn (M=2),453,3625,1.9947936534881592,0.0004956100877186463,0.02527677256197893,False
random,mixed,4,0,0.001,MD-Sinkhorn (M=2),454,3633,1.9997951984405518,0.0004924759351073218,0.025204531030661226,False
random,mixed,4,0,0.001,MD-Sinkhorn (M=2),455,3641,2.0038609504699707,0.0004893634113267963,0.025132467483526842,False
random,mixed,4,0,0.001,MD-Sinkhorn (M=2),456,3649,2.0078699588775635,0.00048627234145583403,0.02506058175866312,False
random,mixed,4,0,0.001,MD-Sinkhorn (M=2),457,3657,2.01186203956604,0.00048320255232247385,0.024988873691560515,False
random,mixed,4,0,0.001,MD-Sinkhorn (M=2),458,3665,2.0158650875091553,0.0004801538724785963,0.024917343114815603,False
random,mixed,4,0,0.001,MD-Sinkhorn (M=2),459,3673,2.0198330879211426,0.0004771261321855537,0.024845989858804873,False
random,mixed,4,0,0.001,MD-Sinkhorn (M=2),460,3681,2.0248327255249023,0.000474119163393453,0.02477481375129336,False
random,mixed,4,0,0.001,MD-Sinkhorn (M=2),461,3689,2.0288381576538086,0.0004711327997150997,0.02470381461757458,False
random,mixed,4,0,0.001,MD-Sinkhorn (M=2),462,3697,2.0328381061553955,0.00046816687641201116,0.024632992280568984,False
random,mixed,4,0,0.001,MD-Sinkhorn (M=2),463,3705,2.036832571029663,0.00046522123036614856,0.024562346560549446,False
random,mixed,4,0,0.001,MD-Sinkhorn (M=2),464,3713,2.0408365726470947,0.0004622957000742084,0.024491877275658568,False
random,mixed,4,0,0.001,MD-Sinkhorn (M=2),465,3721,2.045835018157959,0.00045939012561590776,0.024421584241694147,False
random,mixed,4,0,0.001,MD-Sinkhorn (M=2),466,3729,2.049832582473755,0.00045650434863528003,0.024351467271590578,False
random,mixed,4,0,0.001,MD-Sinkhorn (M=2),467,3737,2.0539329051971436,0.00045363821233385164,0.02428152617667785,False
random,mixed,4,0,0.001,MD-Sinkhorn (M=2),468,3745,2.0579378604888916,0.00045079156144168516,0.024211760765798382,False
random,mixed,4,0,0.001,MD-Sinkhorn (M=2),469,3753,2.061939001083374,0.00044796424219573886,0.02414217084511882,False
random,mixed,4,0,0.001,MD-Sinkhorn (M=2),470,3761,2.0666394233703613,0.00044515610233360485,0.024072756219029837,False
random,mixed,4,0,0.001,MD-Sinkhorn (M=2),471,3769,2.0706491470336914,0.0004423669910696889,0.024003516689619593,False
random,mixed,4,0,0.001,MD-Sinkhorn (M=2),472,3777,2.075639009475708,0.00043959675907682803,0.0239344520567768,False
random,mixed,4,0,0.001,MD-Sinkhorn (M=2),473,3785,2.079645872116089,0.0004368452584664962,0.023865562118106483,False
random,mixed,4,0,0.001,MD-Sinkhorn (M=2),474,3793,2.0835914611816406,0.00043411234278296673,0.02379684666937954,False
random,mixed,4,0,0.001,MD-Sinkhorn (M=2),475,3801,2.088644504547119,0.0004313978669744089,0.023728305504137202,False
random,mixed,4,0,0.001,MD-Sinkhorn (M=2),476,3809,2.0926401615142822,0.000428701687378173,0.02365993841367136,False
random,mixed,4,0,0.001,MD-Sinkhorn (M=2),477,3817,2.0976474285125732,0.0004260236617112707,0.02359174518742599,False
random,mixed,4,0,0.001,MD-Sinkhorn (M=2),478,3825,2.1016037464141846,0.00042336364905108627,0.02352372561299864,False
random,mixed,4,0,0.001,MD-Sinkhorn (M=2),479,3833,2.106642723083496,0.0004207215098126829,0.023455879475541962,False
random,mixed,4,0,0.001,MD-Sinkhorn (M=2),480,3841,2.110642671585083,0.00041809710574323733,0.023388206558493246,False
random,mixed,4,0,0.001,MD-Sinkhorn (M=2),481,3849,2.11568021774292,0.00041549029990346705,0.023320706643615095,False
random,mixed,4,0,0.001,MD-Sinkhorn (M=2),482,3857,2.1196486949920654,0.0004129009566422267,0.023253379510055298,False
random,mixed,4,0,0.001,MD-Sinkhorn (M=2),483,3865,2.12363338470459,0.0004103289416049149,0.023186224935988424,False
random,mixed,4,0,0.001,MD-Sinkhorn (M=2),484,3873,2.128556728363037,0.00040777412169005155,0.023119242696882585,False
random,mixed,4,0,0.001,MD-Sinkhorn (M=2),485,3881,2.1325502395629883,0.0004052363650550429,0.023052432566816675,False
random,mixed,4,0,0.001,MD-Sinkhorn (M=2),486,3889,2.1376163959503174,0.00040271554109644494,0.022985794318010223,False
random,mixed,4,0,0.001,MD-Sinkhorn (M=2),487,3897,2.1416008472442627,0.00040021152043045815,0.0229193277208819,False
random,mixed,4,0,0.001,MD-Sinkhorn (M=2),488,3905,2.1465985774993896,0.00039772417488433305,0.022853032543950588,False
random,mixed,4,0,0.001,MD-Sinkhorn (M=2),489,3913,2.150590181350708,0.00039525337748118463,0.02278690855404513,False
random,mixed,4,0,0.001,MD-Sinkhorn (M=2),490,3921,2.154717445373535,0.0003927990024241333,0.022720955516270878,False
random,mixed,4,0,0.001,MD-Sinkhorn (M=2),491,3929,2.158721446990967,0.0003903609250889859,0.022655173194175614,False
random,mixed,4,0,0.001,MD-Sinkhorn (M=2),492,3937,2.163724184036255,0.0003879390220026139,0.02258956134954461,False
random,mixed,4,0,0.001,MD-Sinkhorn (M=2),493,3945,2.167410135269165,0.0003855331708330436,0.022524119742259027,False
random,mixed,4,0,0.001,MD-Sinkhorn (M=2),494,3953,2.172370433807373,0.0003831432503817684,0.02245884813113888,False
random,mixed,4,0,0.001,MD-Sinkhorn (M=2),495,3961,2.1773688793182373,0.0003807691405625076,0.022393746272848097,False
random,mixed,4,0,0.001,MD-Sinkhorn (M=2),496,3969,2.181367874145508,0.0003784107223901293,0.022328813922663605,False
random,mixed,4,0,0.001,MD-Sinkhorn (M=2),497,3977,2.1853692531585693,0.0003760678779761801,0.022264050834368297,False
random,mixed,4,0,0.001,MD-Sinkhorn (M=2),498,3985,2.1903672218322754,0.0003737404905054589,0.022199456760086732,False
random,mixed,4,0,0.001,MD-Sinkhorn (M=2),499,3993,2.194369316101074,0.0003714284442349528,0.022135031450686737,False
random,mixed,4,0,0.001,MD-Sinkhorn (M=2),500,4001,2.198367118835449,0.00036913162446735963,0.022070774655111425,False
random,mixed,4,0,0.001,MD-Sinkhorn (M=2),501,4009,2.204495429992676,0.00036684991755748495,0.022006686121237788,False
random,mixed,4,0,0.001,MD-Sinkhorn (M=2),502,4017,2.2084174156188965,0.00036458321088161775,0.021942765595140228,False
random,mixed,4,0,0.001,MD-Sinkhorn (M=2),503,4025,2.2134130001068115,0.00036233139284296673,0.021879012821821704,False
random,mixed,4,0,0.001,MD-Sinkhorn (M=2),504,4033,2.217376470565796,0.00036009435284816853,0.021815427544618453,False
random,mixed,4,0,0.001,MD-Sinkhorn (M=2),505,4041,2.2223668098449707,0.0003578719813012052,0.021752009505472777,False
random,mixed,4,0,0.001,MD-Sinkhorn (M=2),506,4049,2.226369619369507,0.0003556641695919253,0.0216887584451602,False
random,mixed,4,0,0.001,MD-Sinkhorn (M=2),507,4057,2.2303688526153564,0.00035347081008555223,0.021625674102893122,False
random,mixed,4,0,0.001,MD-Sinkhorn (M=2),508,4065,2.2353734970092773,0.0003512917961107934,0.02156275621679915,False
random,mixed,4,0,0.001,MD-Sinkhorn (M=2),509,4073,2.2394237518310547,0.0003491270219468781,0.021500004523378247,False
random,mixed,4,0,0.001,MD-Sinkhorn (M=2),510,4081,2.243406057357788,0.00034697638281979386,0.021437418758132668,False
random,mixed,4,0,0.001,MD-Sinkhorn (M=2),511,4089,2.248408794403076,0.0003448397748843954,0.021374998655135195,False
random,mixed,4,0,0.001,MD-Sinkhorn (M=2),512,4097,2.25247859954834,0.0003427170952188986,0.021312743947361962,False
random,mixed,4,0,0.001,MD-Sinkhorn (M=2),513,4105,2.2574713230133057,0.0003406082418109395,0.021250654366211645,False
random,mixed,4,0,0.001,MD-Sinkhorn (M=2),514,4113,2.261472463607788,0.0003385131135557028,0.021188729642380368,False
random,mixed,4,0,0.001,MD-Sinkhorn (M=2),515,4121,2.2660250663757324,0.000336431610233485,0.021126969504967907,False
random,mixed,4,0,0.001,MD-Sinkhorn (M=2),516,4129,2.270085334777832,0.0003343636325107141,0.02106537368214509,False
random,mixed,4,0,0.001,MD-Sinkhorn (M=2),517,4137,2.275082588195801,0.000332309081928257,0.021003941900931678,False
random,mixed,4,0,0.001,MD-Sinkhorn (M=2),518,4145,2.279087543487549,0.0003302678608830116,0.020942673886878236,False
random,mixed,4,0,0.001,MD-Sinkhorn (M=2),519,4153,2.284085988998413,0.00032823987263353333,0.020881569364902774,False
random,mixed,4,0,0.001,MD-Sinkhorn (M=2),520,4161,2.288088083267212,0.00032622502127782133,0.020820628058522028,False
random,mixed,4,0,0.001,MD-Sinkhorn (M=2),521,4169,2.2920830249786377,0.00032422321175237833,0.02075984969031374,False
random,mixed,4,0,0.001,MD-Sinkhorn (M=2),522,4177,2.2970986366271973,0.0003222343498156194,0.02069923398159052,False
random,mixed,4,0,0.001,MD-Sinkhorn (M=2),523,4185,2.3014414310455322,0.0003202583420513426,0.020638780653086504,False
random,mixed,4,0,0.001,MD-Sinkhorn (M=2),524,4193,2.306429862976074,0.0003182950958430385,0.020578489423966798,False
random,mixed,4,0,0.001,MD-Sinkhorn (M=2),525,4201,2.3104310035705566,0.0003163445193778969,0.020518360012630424,False
random,mixed,4,0,0.001,MD-Sinkhorn (M=2),526,4209,2.315434455871582,0.0003144065216388788,0.020458392136654863,False
random,mixed,4,0,0.001,MD-Sinkhorn (M=2),527,4217,2.3194313049316406,0.000312481012387314,0.02039858551249474,False
random,mixed,4,0,0.001,MD-Sinkhorn (M=2),528,4225,2.3244309425354004,0.0003105679021564868,0.02033893985546876,False
random,mixed,4,0,0.001,MD-Sinkhorn (M=2),529,4233,2.328432559967041,0.00030866710225258275,0.020279454880262796,False
random,mixed,4,0,0.001,MD-Sinkhorn (M=2),530,4241,2.333428382873535,0.0003067785247372509,0.020220130300604305,False
random,mixed,4,0,0.001,MD-Sinkhorn (M=2),531,4249,2.337430238723755,0.0003049020824226084,0.020160965829213756,False
random,mixed,4,0,0.001,MD-Sinkhorn (M=2),532,4257,2.342430830001831,0.0003030376888593718,0.020101961177777794,False
random,mixed,4,0,0.001,MD-Sinkhorn (M=2),533,4265,2.346435308456421,0.0003011852583424461,0.02004311605764013,False
random,mixed,4,0,0.001,MD-Sinkhorn (M=2),534,4273,2.3515169620513916,0.00029934470588339996,0.019984430178694324,False
random,mixed,4,0,0.001,MD-Sinkhorn (M=2),535,4281,2.3555004596710205,0.00029751594721950486,0.0199259032504854,False
random,mixed,4,0,0.001,MD-Sinkhorn (M=2),536,4289,2.360504627227783,0.00029569889879471964,0.019867534981337615,False
random,mixed,4,0,0.001,MD-Sinkhorn (M=2),537,4297,2.36454701423645,0.0002938934777617562,0.01980932507902665,False
random,mixed,4,0,0.001,MD-Sinkhorn (M=2),538,4305,2.3691561222076416,0.00029209960196804625,0.019751273250562737,False
random,mixed,4,0,0.001,MD-Sinkhorn (M=2),539,4313,2.373152494430542,0.0002903171899506882,0.01969337920203178,False
random,mixed,4,0,0.001,MD-Sinkhorn (M=2),540,4321,2.3781590461730957,0.0002885461609287244,0.01963564263882884,False
random,mixed,4,0,0.001,MD-Sinkhorn (M=2),541,4329,2.38311767578125,0.00028678643479778494,0.019578063265652437,False
random,mixed,4,0,0.001,MD-Sinkhorn (M=2),542,4337,2.3871634006500244,0.00028503793212017003,0.019520640786384692,False
random,mixed,4,0,0.001,MD-Sinkhorn (M=2),543,4345,2.3922009468078613,0.00028330057412035754,0.019463374904313484,False
random,mixed,4,0,0.001,MD-Sinkhorn (M=2),544,4353,2.3971657752990723,0.0002815742826809829,0.019406265322018418,False
random,mixed,4,0,0.001,MD-Sinkhorn (M=2),545,4361,2.4012503623962402,0.0002798589803285899,0.019349311741416443,False
random,mixed,4,0,0.001,MD-Sinkhorn (M=2),546,4369,2.4052953720092773,0.0002781545902294011,0.01929251386360188,False
random,mixed,4,0,0.001,MD-Sinkhorn (M=2),547,4377,2.4102942943573,0.00027646103618825187,0.019235871389137328,False
random,mixed,4,0,0.001,MD-Sinkhorn (M=2),548,4385,2.415289878845215,0.00027477824263634937,0.019179384017958333,False
random,mixed,4,0,0.001,MD-Sinkhorn (M=2),549,4393,2.4192962646484375,0.00027310613462753136,0.019123051449431813,False
random,mixed,4,0,0.001,MD-Sinkhorn (M=2),550,4401,2.424288034439087,0.0002714446378324217,0.019066873382318345,False
random,mixed,4,0,0.001,MD-Sinkhorn (M=2),551,4409,2.4282455444335938,0.0002697936785252491,0.019010849514527146,False
random,mixed,4,0,0.001,MD-Sinkhorn (M=2),552,4417,2.432293653488159,0.0002681531835900109,0.018954979543719677,False
random,mixed,4,0,0.001,MD-Sinkhorn (M=2),553,4425,2.4376885890960693,0.00026652308050411006,0.018899263166872692,False
random,mixed,4,0,0.001,MD-Sinkhorn (M=2),554,4433,2.441678524017334,0.0002649032973360672,0.018843700080390484,False
random,mixed,4,0,0.001,MD-Sinkhorn (M=2),555,4441,2.446685791015625,0.0002632937627404538,0.018788289980174826,False
random,mixed,4,0,0.001,MD-Sinkhorn (M=2),556,4449,2.450686454772949,0.0002616944059509891,0.01873303256159805,False
random,mixed,4,0,0.001,MD-Sinkhorn (M=2),557,4457,2.4558157920837402,0.0002601051567722173,0.01867792751948386,False
random,mixed,4,0,0.001,MD-Sinkhorn (M=2),558,4465,2.4598138332366943,0.00025852594557881686,0.018622974548158006,False
random,mixed,4,0,0.001,MD-Sinkhorn (M=2),559,4473,2.4637813568115234,0.0002569567033066345,0.01856817334158118,False
random,mixed,4,0,0.001,MD-Sinkhorn (M=2),560,4481,2.469545841217041,0.0002553973614496327,0.018513523593211553,False
random,mixed,4,0,0.001,MD-Sinkhorn (M=2),561,4489,2.473534345626831,0.00025384785204785813,0.01845902499583416,False
random,mixed,4,0,0.001,MD-Sinkhorn (M=2),562,4497,2.4785380363464355,0.0002523081076914158,0.01840467724213556,False
random,mixed,4,0,0.001,MD-Sinkhorn (M=2),563,4505,2.4825360774993896,0.00025077806150596927,0.018350480024029194,False
random,mixed,4,0,0.001,MD-Sinkhorn (M=2),564,4513,2.4885194301605225,0.00024925764715784935,0.018296433033381493,False
random,mixed,4,0,0.001,MD-Sinkhorn (M=2),565,4521,2.492525100708008,0.0002477467988349806,0.018242535961208922,False
random,mixed,4,0,0.001,MD-Sinkhorn (M=2),566,4529,2.496514320373535,0.00024624545125599364,0.018188788498608843,False
random,mixed,4,0,0.001,MD-Sinkhorn (M=2),567,4537,2.5017876625061035,0.0002447535396539225,0.01813519033586879,False
random,mixed,4,0,0.001,MD-Sinkhorn (M=2),568,4545,2.507781982421875,0.00024327099977999373,0.018081741163257392,False
random,mixed,4,0,0.001,MD-Sinkhorn (M=2),569,4553,2.5117814540863037,0.00024179776788932366,0.018028440670448367,False
random,mixed,4,0,0.001,MD-Sinkhorn (M=2),570,4561,2.515791654586792,0.00024033378074214657,0.01797528854668732,False
random,mixed,4,0,0.001,MD-Sinkhorn (M=2),571,4569,2.5207767486572266,0.0002388789756035149,0.017922284481437813,False
random,mixed,4,0,0.001,MD-Sinkhorn (M=2),572,4577,2.5247745513916016,0.0002374332902239253,0.01786942816309528,False
random,mixed,4,0,0.001,MD-Sinkhorn (M=2),573,4585,2.528780937194824,0.00023599666284756756,0.0178167192801498,False
random,mixed,4,0,0.001,MD-Sinkhorn (M=2),574,4593,2.5327887535095215,0.000234569032203792,0.017764157520889227,False
random,mixed,4,0,0.001,MD-Sinkhorn (M=2),575,4601,2.537794828414917,0.00023315033750258637,0.01771174257317781,False
random,mixed,4,0,0.001,MD-Sinkhorn (M=2),576,4609,2.5417733192443848,0.00023174051842367294,0.017659474124386634,False
random,mixed,4,0,0.001,MD-Sinkhorn (M=2),577,4617,2.54577898979187,0.00023033951512230324,0.017607351861865704,False
random,mixed,4,0,0.001,MD-Sinkhorn (M=2),578,4625,2.549717426300049,0.00022894726822170924,0.01755537547280763,False
random,mixed,4,0,0.001,MD-Sinkhorn (M=2),579,4633,2.553792953491211,0.00022756371880174237,0.01750354464395794,False
random,mixed,4,0,0.001,MD-Sinkhorn (M=2),580,4641,2.557827949523926,0.00022618880840030112,0.017451859061698768,False
random,mixed,4,0,0.001,MD-Sinkhorn (M=2),581,4649,2.5618298053741455,0.00022482247901378367,0.017400318412650613,False
random,mixed,4,0,0.001,MD-Sinkhorn (M=2),582,4657,2.5662999153137207,0.00022346467308214475,0.01734892238285942,False
random,mixed,4,0,0.001,MD-Sinkhorn (M=2),583,4665,2.570362091064453,0.00022211533348780535,0.017297670658080473,False
random,mixed,4,0,0.001,MD-Sinkhorn (M=2),584,4673,2.574355125427246,0.0002207744035601571,0.01724656292429458,False
random,mixed,4,0,0.001,MD-Sinkhorn (M=2),585,4681,2.579540491104126,0.0002194418270596705,0.01719559886687944,False
random,mixed,4,0,0.001,MD-Sinkhorn (M=2),586,4689,2.583601474761963,0.00021811754818049447,0.01714477817128874,False
random,mixed,4,0,0.001,MD-Sinkhorn (M=2),587,4697,2.5875954627990723,0.00021680151154328985,0.017094100522756565,False
random,mixed,4,0,0.001,MD-Sinkhorn (M=2),588,4705,2.591600179672241,0.00021549366219420066,0.01704356560626663,False
random,mixed,4,0,0.001,MD-Sinkhorn (M=2),589,4713,2.5965943336486816,0.00021419394559918343,0.016993173106833535,False
random,mixed,4,0,0.001,MD-Sinkhorn (M=2),590,4721,2.600616455078125,0.00021290230763928655,0.016942922709190657,False
random,mixed,4,0,0.001,MD-Sinkhorn (M=2),591,4729,2.6045963764190674,0.00021161869460751648,0.016892814098028043,False
random,mixed,4,0,0.001,MD-Sinkhorn (M=2),592,4737,2.6085987091064453,0.00021034305320452308,0.016842846957807724,False
random,mixed,4,0,0.001,MD-Sinkhorn (M=2),593,4745,2.612666368484497,0.0002090753305369012,0.016793020973025527,False
random,mixed,4,0,0.001,MD-Sinkhorn (M=2),594,4753,2.6167430877685547,0.00020781547411404954,0.01674333582817286,False
random,mixed,4,0,0.001,MD-Sinkhorn (M=2),595,4761,2.6207990646362305,0.0002065634318357032,0.01669379120724479,False
random,mixed,4,0,0.001,MD-Sinkhorn (M=2),596,4769,2.625802516937256,0.00020531915200248452,0.016644386794710406,False
random,mixed,4,0,0.001,MD-Sinkhorn (M=2),597,4777,2.629798412322998,0.00020408258329781382,0.016595122274393297,False
random,mixed,4,0,0.001,MD-Sinkhorn (M=2),598,4785,2.634810209274292,0.00020285367479624743,0.016545997330478256,False
random,mixed,4,0,0.001,MD-Sinkhorn (M=2),599,4793,2.6388049125671387,0.0002016323759541402,0.016497011647031486,False
random,mixed,4,0,0.001,MD-Sinkhorn (M=2),600,4801,2.64280366897583,0.0002004186366047825,0.016448164907929406,False
random,mixed,4,0,0.001,MD-Sinkhorn (M=2),601,4809,2.6468048095703125,0.0001992124069589726,0.016399456797087472,False
random,mixed,4,0,0.001,MD-Sinkhorn (M=2),602,4817,2.6511895656585693,0.0001980136375987607,0.016350886998443354,False
random,mixed,4,0,0.001,MD-Sinkhorn (M=2),603,4825,2.6552467346191406,0.00019682227947505349,0.01630245519585569,False
random,mixed,4,0,0.001,MD-Sinkhorn (M=2),604,4833,2.659243583679199,0.00019563828390734895,0.016254161073300393,False
random,mixed,4,0,0.001,MD-Sinkhorn (M=2),605,4841,2.664245128631592,0.00019446160257154582,0.01620600431454826,False
random,mixed,4,0,0.001,MD-Sinkhorn (M=2),606,4849,2.667642116546631,0.0001932921875053717,0.016157984603425633,False
random,mixed,4,0,0.001,MD-Sinkhorn (M=2),607,4857,2.672633171081543,0.00019212999110335165,0.016110101623933545,False
random,mixed,4,0,0.001,MD-Sinkhorn (M=2),608,4865,2.6766393184661865,0.00019097496611090336,0.01606235505997261,False
random,mixed,4,0,0.001,MD-Sinkhorn (M=2),609,4873,2.680633306503296,0.00018982706562367885,0.016014744595468425,False
random,mixed,4,0,0.001,MD-Sinkhorn (M=2),610,4881,2.685640811920166,0.00018868624308151854,0.015967269914283468,False
random,mixed,4,0,0.001,MD-Sinkhorn (M=2),611,4889,2.6896309852600098,0.0001875524522716071,0.015919930700795525,False
random,mixed,4,0,0.001,MD-Sinkhorn (M=2),612,4897,2.6936347484588623,0.0001864256473145198,0.015872726638627502,False
random,mixed,4,0,0.001,MD-Sinkhorn (M=2),613,4905,2.697634220123291,0.00018530578267705032,0.015825657412549023,False
random,mixed,4,0,0.001,MD-Sinkhorn (M=2),614,4913,2.7026498317718506,0.0001841928131476291,0.015778722706094088,False
random,mixed,4,0,0.001,MD-Sinkhorn (M=2),615,4921,2.706709384918213,0.0001830866938581408,0.01573192220400435,False
random,mixed,4,0,0.001,MD-Sinkhorn (M=2),616,4929,2.7107086181640625,0.00018198738026208722,0.01568525559069977,False
random,mixed,4,0,0.001,MD-Sinkhorn (M=2),617,4937,2.7146360874176025,0.00018089482813650384,0.015638722550276082,False
random,mixed,4,0,0.001,MD-Sinkhorn (M=2),618,4945,2.7197628021240234,0.0001798089935867025,0.015592322767693505,False
random,mixed,4,0,0.001,MD-Sinkhorn (M=2),619,4953,2.723748207092285,0.00017872983303183582,0.015546055927409107,False
random,mixed,4,0,0.001,MD-Sinkhorn (M=2),620,4961,2.727747678756714,0.00017765730321223875,0.01549992171438543,False
random,mixed,4,0,0.001,MD-Sinkhorn (M=2),621,4969,2.731747627258301,0.00017659136117581672,0.015453919813173393,False
random,mixed,4,0,0.001,MD-Sinkhorn (M=2),622,4977,2.735703945159912,0.00017553196429267873,0.015408049909400416,False
random,mixed,4,0,0.001,MD-Sinkhorn (M=2),623,4985,2.740701913833618,0.00017447907023008548,0.015362311687785485,False
random,mixed,4,0,0.001,MD-Sinkhorn (M=2),624,4993,2.744755744934082,0.0001734326369656591,0.015316704833674906,False
random,mixed,4,0,0.001,MD-Sinkhorn (M=2),625,5001,2.748746633529663,0.00017239262278126547,0.015271229032660179,False
random,mixed,4,0,0.001,MD-Sinkhorn (M=2),626,5009,2.7531609535217285,0.0001713589862559487,0.015225883970143916,False
random,mixed,4,0,0.001,MD-Sinkhorn (M=2),627,5017,2.757157564163208,0.00017033168627142876,0.015180669332078858,False
random,mixed,4,0,0.001,MD-Sinkhorn (M=2),628,5025,2.7611613273620605,0.00016931068200382932,0.015135584804550831,False
random,mixed,4,0,0.001,MD-Sinkhorn (M=2),629,5033,2.7661213874816895,0.00016829593291474524,0.01509063007316332,False
random,mixed,4,0,0.001,MD-Sinkhorn (M=2),630,5041,2.7702698707580566,0.00016728739876582734,0.01504580482465959,False
random,mixed,4,0,0.001,MD-Sinkhorn (M=2),631,5049,2.77426815032959,0.00016628503960141444,0.015001108745258555,False
random,mixed,4,0,0.001,MD-Sinkhorn (M=2),632,5057,2.778271198272705,0.00016528881575319653,0.014956541521776182,False
random,mixed,4,0,0.001,MD-Sinkhorn (M=2),633,5065,2.782277822494507,0.00016429868783230306,0.014912102840896982,False
random,mixed,4,0,0.001,MD-Sinkhorn (M=2),634,5073,2.7872698307037354,0.00016331461673532927,0.014867792389770724,False
random,mixed,4,0,0.001,MD-Sinkhorn (M=2),635,5081,2.7912709712982178,0.0001623365636340309,0.014823609855691176,False
random,mixed,4,0,0.001,MD-Sinkhorn (M=2),636,5089,2.7952680587768555,0.00016136448997465243,0.014779554926027016,False
random,mixed,4,0,0.001,MD-Sinkhorn (M=2),637,5097,2.7992308139801025,0.0001603983574792808,0.014735627288587818,False
random,mixed,4,0,0.001,MD-Sinkhorn (M=2),638,5105,2.803269863128662,0.00015943812814113483,0.014691826631208597,False
random,mixed,4,0,0.001,MD-Sinkhorn (M=2),639,5113,2.8082687854766846,0.00015848376421964807,0.014648152641984775,False
random,mixed,4,0,0.001,MD-Sinkhorn (M=2),640,5121,2.8122761249542236,0.00015753522824420786,0.014604605009462037,False
random,mixed,4,0,0.001,MD-Sinkhorn (M=2),641,5129,2.81622314453125,0.00015659248300583194,0.014561183422156319,False
random,mixed,4,0,0.001,MD-Sinkhorn (M=2),642,5137,2.821225643157959,0.000155655491556552,0.014517887568746751,False
random,mixed,4,0,0.001,MD-Sinkhorn (M=2),643,5145,2.8252217769622803,0.00015472421721625645,0.01447471713888833,False
random,mixed,4,0,0.001,MD-Sinkhorn (M=2),644,5153,2.8302690982818604,0.0001537986235500648,0.014431671821411243,False
random,mixed,4,0,0.001,MD-Sinkhorn (M=2),645,5161,2.8342928886413574,0.0001528786743896862,0.014388751306333655,False
random,mixed,4,0,0.001,MD-Sinkhorn (M=2),646,5169,2.839268684387207,0.00015196433381245894,0.014345955283278766,False
random,mixed,4,0,0.001,MD-Sinkhorn (M=2),647,5177,2.8432679176330566,0.0001510555661523157,0.014303283442636715,False
random,mixed,4,0,0.001,MD-Sinkhorn (M=2),648,5185,2.8472702503204346,0.00015015233599058623,0.014260735474774099,False
random,mixed,4,0,0.001,MD-Sinkhorn (M=2),649,5193,2.8524904251098633,0.0001492546081551934,0.014218311070474866,False
random,mixed,4,0,0.001,MD-Sinkhorn (M=2),650,5201,2.857482671737671,0.00014836234771956942,0.014176009920766813,False
random,mixed,4,0,0.001,MD-Sinkhorn (M=2),651,5209,2.861482858657837,0.00014747552000116078,0.014133831716893593,False
random,mixed,4,0,0.001,MD-Sinkhorn (M=2),652,5217,2.866025686264038,0.00014659409055732623,0.014091776150646027,False
random,mixed,4,0,0.001,MD-Sinkhorn (M=2),653,5225,2.8740720748901367,0.00014571802518375507,0.014049842913691834,False
random,mixed,4,0,0.001,MD-Sinkhorn (M=2),654,5233,2.879068374633789,0.00014484728991749624,0.014008031698547448,False
random,mixed,4,0,0.001,MD-Sinkhorn (M=2),655,5241,2.8840737342834473,0.00014398185102597685,0.013966342197522397,False
random,mixed,4,0,0.001,MD-Sinkhorn (M=2),656,5249,2.889068126678467,0.00014312167501118905,0.013924774103481724,False
random,mixed,4,0,0.001,MD-Sinkhorn (M=2),657,5257,2.8930697441101074,0.00014226672861036838,0.013883327109826803,False
random,mixed,4,0,0.001,MD-Sinkhorn (M=2),658,5265,2.8971173763275146,0.0001414169787860985,0.013842000909852378,False
random,mixed,4,0,0.001,MD-Sinkhorn (M=2),659,5273,2.902444839477539,0.00014057239272844026,0.013800795197416033,False
random,mixed,4,0,0.001,MD-Sinkhorn (M=2),660,5281,2.907496213912964,0.000139732937856577,0.01375970966672842,False
random,mixed,4,0,0.001,MD-Sinkhorn (M=2),661,5289,2.911449909210205,0.0001388985818099112,0.013718744012164299,False
random,mixed,4,0,0.001,MD-Sinkhorn (M=2),662,5297,2.9154562950134277,0.00013806929245377414,0.013677897928664197,False
random,mixed,4,0,0.001,MD-Sinkhorn (M=2),663,5305,2.9205524921417236,0.00013724503787279358,0.013637171111452387,False
random,mixed,4,0,0.001,MD-Sinkhorn (M=2),664,5313,2.9245574474334717,0.0001364257863672276,0.013596563255943815,False
random,mixed,4,0,0.001,MD-Sinkhorn (M=2),665,5321,2.9295525550842285,0.00013561150645766,0.01355607405802934,False
random,mixed,4,0,0.001,MD-Sinkhorn (M=2),666,5329,2.9335951805114746,0.00013480216688052394,0.013515703214068536,False
random,mixed,4,0,0.001,MD-Sinkhorn (M=2),667,5337,2.9376657009124756,0.0001339977365824249,0.01347545042055855,False
random,mixed,4,0,0.001,MD-Sinkhorn (M=2),668,5345,2.94167423248291,0.00013319818472395066,0.013435315374531593,False
random,mixed,4,0,0.001,MD-Sinkhorn (M=2),669,5353,2.946559190750122,0.00013240348067448092,0.013395297773189416,False
random,mixed,4,0,0.001,MD-Sinkhorn (M=2),670,5361,2.9505553245544434,0.0001316135940146156,0.013355397314488508,False
random,mixed,4,0,0.001,MD-Sinkhorn (M=2),671,5369,2.9555699825286865,0.00013082849452587456,0.013315613696237776,False
random,mixed,4,0,0.001,MD-Sinkhorn (M=2),672,5377,2.959651470184326,0.0001300481522032652,0.013275946617184871,False
random,mixed,4,0,0.001,MD-Sinkhorn (M=2),673,5385,2.9636521339416504,0.00012927253723596908,0.01323639577581984,False
random,mixed,4,0,0.001,MD-Sinkhorn (M=2),674,5393,2.96830153465271,0.00012850162002236537,0.013196960871708248,False
random,mixed,4,0,0.001,MD-Sinkhorn (M=2),675,5401,2.972261667251587,0.00012773537115769802,0.013157641604317772,False
random,mixed,4,0,0.001,MD-Sinkhorn (M=2),676,5409,2.976266384124756,0.00012697376143830776,0.013118437673727817,False
random,mixed,4,0,0.001,MD-Sinkhorn (M=2),677,5417,2.9802615642547607,0.00012621676185401885,0.013079348780286708,False
random,mixed,4,0,0.001,MD-Sinkhorn (M=2),678,5425,2.985257387161255,0.00012546434359407186,0.01304037462489077,False
random,mixed,4,0,0.001,MD-Sinkhorn (M=2),679,5433,2.9892578125,0.00012471647803855484,0.013001514908696823,False
random,mixed,4,0,0.001,MD-Sinkhorn (M=2),680,5441,2.9932589530944824,0.00012397313676137852,0.01296276933331712,False
random,mixed,4,0,0.001,MD-Sinkhorn (M=2),681,5449,2.9972574710845947,0.0001232342915310079,0.012924137600893343,False
random,mixed,4,0,0.001,MD-Sinkhorn (M=2),682,5457,3.0012643337249756,0.0001224999142998816,0.012885619413840343,False
random,mixed,4,0,0.001,MD-Sinkhorn (M=2),683,5465,3.005254030227661,0.00012176997720917185,0.012847214474837353,False
random,mixed,4,0,0.001,MD-Sinkhorn (M=2),684,5473,3.010255813598633,0.00012104445259339305,0.012808922487475692,False
random,mixed,4,0,0.001,MD-Sinkhorn (M=2),685,5481,3.0142619609832764,0.00012032331296483995,0.012770743155305736,False
random,mixed,4,0,0.001,MD-Sinkhorn (M=2),686,5489,3.0182557106018066,0.00011960653102122837,0.012732676182372952,False
random,mixed,4,0,0.001,MD-Sinkhorn (M=2),687,5497,3.02225661277771,0.00011889407964666093,0.012694721273540441,False
random,mixed,4,0,0.001,MD-Sinkhorn (M=2),688,5505,3.0272159576416016,0.00011818593189972588,0.012656878133460643,False
random,mixed,4,0,0.001,MD-Sinkhorn (M=2),689,5513,3.031310558319092,0.00011748206102509521,0.012619146467774359,False
random,mixed,4,0,0.001,MD-Sinkhorn (M=2),690,5521,3.0352585315704346,0.00011678244044119947,0.01258152598229441,False
random,mixed,4,0,0.001,MD-Sinkhorn (M=2),691,5529,3.0392568111419678,0.00011608704374475176,0.012544016383264965,False
random,mixed,4,0,0.001,MD-Sinkhorn (M=2),692,5537,3.0432584285736084,0.00011539584471025591,0.012506617377620656,False
random,mixed,4,0,0.001,MD-Sinkhorn (M=2),693,5545,3.0482547283172607,0.00011470881728205392,0.012469328672405345,False
random,mixed,4,0,0.001,MD-Sinkhorn (M=2),694,5553,3.05332088470459,0.00011402593557996796,0.012432149975284626,False
random,mixed,4,0,0.001,MD-Sinkhorn (M=2),695,5561,3.05733323097229,0.00011334717389468942,0.012395080994329356,False
random,mixed,4,0,0.001,MD-Sinkhorn (M=2),696,5569,3.0613224506378174,0.00011267250668559362,0.012358121437968,False
random,mixed,4,0,0.001,MD-Sinkhorn (M=2),697,5577,3.0663249492645264,0.0001120019085871341,0.012321271015536591,False
random,mixed,4,0,0.001,MD-Sinkhorn (M=2),698,5585,3.070948839187622,0.00011133535439304036,0.012284529436214244,False
random,mixed,4,0,0.001,MD-Sinkhorn (M=2),699,5593,3.074937343597412,0.00011067281907085116,0.012247896410132533,False
random,mixed,4,0,0.001,MD-Sinkhorn (M=2),700,5601,3.0799481868743896,0.00011001427774590908,0.012211371647459392,False
random,mixed,4,0,0.001,MD-Sinkhorn (M=2),701,5609,3.084476947784424,0.00010935970571464499,0.012174954859148115,False
random,mixed,4,0,0.001,MD-Sinkhorn (M=2),702,5617,3.088452100753784,0.00010870907843240583,0.012138645756620298,False
random,mixed,4,0,0.001,MD-Sinkhorn (M=2),703,5625,3.0924551486968994,0.0001080623715136533,0.012102444051345036,False
random,mixed,4,0,0.001,MD-Sinkhorn (M=2),704,5633,3.0964553356170654,0.00010741956073913425,0.01206634945591829,False
random,mixed,4,0,0.001,MD-Sinkhorn (M=2),705,5641,3.1015045642852783,0.00010678062204363557,0.012030361682857947,False
random,mixed,4,0,0.001,MD-Sinkhorn (M=2),706,5649,3.1054599285125732,0.00010614553152346715,0.01199448044553166,False
random,mixed,4,0,0.001,MD-Sinkhorn (M=2),707,5657,3.1104180812835693,0.00010551426542855004,0.011958705457576142,False
random,mixed,4,0,0.001,MD-Sinkhorn (M=2),708,5665,3.114461660385132,0.00010488680016589155,0.011923036433045257,False
random,mixed,4,0,0.001,MD-Sinkhorn (M=2),709,5673,3.1185033321380615,0.00010426311229504832,0.011887473086582518,False
random,mixed,4,0,0.001,MD-Sinkhorn (M=2),710,5681,3.1225008964538574,0.00010364317853285332,0.011852015133494764,False
random,mixed,4,0,0.001,MD-Sinkhorn (M=2),711,5689,3.1264138221740723,0.00010302697574375878,0.01181666228927425,False
random,mixed,4,0,0.001,MD-Sinkhorn (M=2),712,5697,3.131427526473999,0.00010241448094815516,0.011781414270152262,False
random,mixed,4,0,0.001,MD-Sinkhorn (M=2),713,5705,3.135462999343872,0.00010180567131014962,0.011746270792655477,False
random,mixed,4,0,0.001,MD-Sinkhorn (M=2),714,5713,3.139516830444336,0.00010120052414524974,0.011711231573703311,False
random,mixed,4,0,0.001,MD-Sinkhorn (M=2),715,5721,3.144442558288574,0.00010059901692045092,0.011676296331186862,False
random,mixed,4,0,0.001,MD-Sinkhorn (M=2),716,5729,3.1494195461273193,0.00010000112724295115,0.011641464782952525,False
random,mixed,4,0,0.001,MD-Sinkhorn (M=2),717,5737,3.1545302867889404,9.940683287117694e-05,0.011606736647789781,False
random,mixed,4,0,0.001,MD-Sinkhorn (M=2),718,5745,3.1585326194763184,9.881611170179549e-05,0.011572111644415555,False
random,mixed,4,0,0.001,MD-Sinkhorn (M=2),719,5753,3.162527322769165,9.822894178279602e-05,0.011537589492923788,False
random,mixed,4,0,0.001,MD-Sinkhorn (M=2),720,5761,3.166998863220215,9.764530129673213e-05,0.01150316991295979,False
random,mixed,4,0,0.001,MD-Sinkhorn (M=2),721,5769,3.171461820602417,9.706516857154422e-05,0.011468852625306376,False
random,mixed,4,0,0.001,MD-Sinkhorn (M=2),722,5777,3.1765854358673096,9.64885220757851e-05,0.011434637351001913,False
random,mixed,4,0,0.001,MD-Sinkhorn (M=2),723,5785,3.180506944656372,9.591534041580234e-05,0.011400523811669293,False
random,mixed,4,0,0.001,MD-Sinkhorn (M=2),724,5793,3.1867623329162598,9.53456023368335e-05,0.01136651172948833,False
random,mixed,4,0,0.001,MD-Sinkhorn (M=2),725,5801,3.190767765045166,9.477928671952141e-05,0.011332600826867451,False
random,mixed,4,0,0.001,MD-Sinkhorn (M=2),726,5809,3.195767879486084,9.421637258444121e-05,0.011298790827146094,False
random,mixed,4,0,0.001,MD-Sinkhorn (M=2),727,5817,3.1997230052948,9.365683908537942e-05,0.01126508145392971,False
random,mixed,4,0,0.001,MD-Sinkhorn (M=2),728,5825,3.2047715187072754,9.310066550935676e-05,0.011231472431360433,False
random,mixed,4,0,0.001,MD-Sinkhorn (M=2),729,5833,3.2087783813476562,9.254783127877553e-05,0.011197963484083452,False
random,mixed,4,0,0.001,MD-Sinkhorn (M=2),730,5841,3.213775634765625,9.199831594689309e-05,0.01116455433732758,False
random,mixed,4,0,0.001,MD-Sinkhorn (M=2),731,5849,3.2177226543426514,9.145209919841403e-05,0.011131244716707196,False
random,mixed,4,0,0.001,MD-Sinkhorn (M=2),732,5857,3.2227606773376465,9.090916084994227e-05,0.011098034348597132,False
random,mixed,4,0,0.001,MD-Sinkhorn (M=2),733,5865,3.226773738861084,9.036948084672775e-05,0.011064922959719765,False
random,mixed,4,0,0.001,MD-Sinkhorn (M=2),734,5873,3.231761932373047,8.983303926439826e-05,0.01103191027740185,False
random,mixed,4,0,0.001,MD-Sinkhorn (M=2),735,5881,3.2377219200134277,8.929981630135706e-05,0.010998996029318964,False
random,mixed,4,0,0.001,MD-Sinkhorn (M=2),736,5889,3.2417151927948,8.876979228762964e-05,0.010966179943878242,False
random,mixed,4,0,0.001,MD-Sinkhorn (M=2),737,5897,3.2487168312072754,8.8242947678469e-05,0.010933461749923224,False
random,mixed,4,0,0.001,MD-Sinkhorn (M=2),738,5905,3.253730535507202,8.771926305181605e-05,0.010900841176786746,False
random,mixed,4,0,0.001,MD-Sinkhorn (M=2),739,5913,3.2577812671661377,8.719871911184508e-05,0.01086831795450013,False
random,mixed,4,0,0.001,MD-Sinkhorn (M=2),740,5921,3.261775493621826,8.668129668521634e-05,0.0108358918134185,False
random,mixed,4,0,0.001,MD-Sinkhorn (M=2),741,5929,3.265761613845825,8.616697672238184e-05,0.010803562484663524,False
random,mixed,4,0,0.001,MD-Sinkhorn (M=2),742,5937,3.2711949348449707,8.565574029024509e-05,0.010771329699367085,False
random,mixed,4,0,0.001,MD-Sinkhorn (M=2),743,5945,3.2752084732055664,8.514756858391421e-05,0.01073919318998277,False
random,mixed,4,0,0.001,MD-Sinkhorn (M=2),744,5953,3.2801997661590576,8.464244291332625e-05,0.010707152688881613,False
random,mixed,4,0,0.001,MD-Sinkhorn (M=2),745,5961,3.2841696739196777,8.414034470807943e-05,0.010675207929276415,False
random,mixed,4,0,0.001,MD-Sinkhorn (M=2),746,5969,3.2882020473480225,8.364125551600009e-05,0.010643358644636473,False
random,mixed,4,0,0.001,MD-Sinkhorn (M=2),747,5977,3.292156457901001,8.314515700360854e-05,0.010611604569394724,False
random,mixed,4,0,0.001,MD-Sinkhorn (M=2),748,5985,3.2971959114074707,8.26520309509445e-05,0.010579945437858888,False
random,mixed,4,0,0.001,MD-Sinkhorn (M=2),749,5993,3.300603151321411,8.216185925814481e-05,0.01054838098582795,False
random,mixed,4,0,0.001,MD-Sinkhorn (M=2),750,6001,3.3056278228759766,8.167462393631505e-05,0.010516910948793227,False
random,mixed,4,0,0.001,MD-Sinkhorn (M=2),751,6009,3.309634208679199,8.119030711010002e-05,0.010485535062911482,False
random,mixed,4,0,0.001,MD-Sinkhorn (M=2),752,6017,3.313586473464966,8.070889102314847e-05,0.010454253065495234,False
random,mixed,4,0,0.001,MD-Sinkhorn (M=2),753,6025,3.317607879638672,8.023035802551292e-05,0.010423064693728487,False
random,mixed,4,0,0.001,MD-Sinkhorn (M=2),754,6033,3.3216030597686768,7.975469057949048e-05,0.010391969685414835,False
random,mixed,4,0,0.001,MD-Sinkhorn (M=2),755,6041,3.325587272644043,7.928187126346627e-05,0.010360967779441642,False
random,mixed,4,0,0.001,MD-Sinkhorn (M=2),756,6049,3.3305866718292236,7.881188275960226e-05,0.01033005871457347,False
random,mixed,4,0,0.001,MD-Sinkhorn (M=2),757,6057,3.334601879119873,7.834470786251925e-05,0.010299242230520863,False
random,mixed,4,0,0.001,MD-Sinkhorn (M=2),758,6065,3.338589668273926,7.788032947627168e-05,0.010268518067402567,False
random,mixed,4,0,0.001,MD-Sinkhorn (M=2),759,6073,3.342588424682617,7.741873061028445e-05,0.010237885965725172,False
random,mixed,4,0,0.001,MD-Sinkhorn (M=2),760,6081,3.3465864658355713,7.695989438406418e-05,0.010207345667093732,False
random,mixed,4,0,0.001,MD-Sinkhorn (M=2),761,6089,3.3516602516174316,7.650380401898427e-05,0.010176896912879384,False
random,mixed,4,0,0.001,MD-Sinkhorn (M=2),762,6097,3.3557896614074707,7.6050442849267e-05,0.010146539445811308,False
random,mixed,4,0,0.001,MD-Sinkhorn (M=2),763,6105,3.3597910404205322,7.559979430620336e-05,0.010116273008440394,False
random,mixed,4,0,0.001,MD-Sinkhorn (M=2),764,6113,3.364797830581665,7.515184193087617e-05,0.010086097344382882,False
random,mixed,4,0,0.001,MD-Sinkhorn (M=2),765,6121,3.368446111679077,7.470656936522149e-05,0.010056012197572777,False
random,mixed,4,0,0.001,MD-Sinkhorn (M=2),766,6129,3.373411178588867,7.426396035525574e-05,0.010026017312606664,False
random,mixed,4,0,0.001,MD-Sinkhorn (M=2),767,6137,3.3773229122161865,7.382399874693432e-05,0.009996112434317968,False
random,mixed,4,0,0.001,MD-Sinkhorn (M=2),768,6145,3.3823249340057373,7.338666849009704e-05,0.009966297308494722,False
random,mixed,4,0,0.001,MD-Sinkhorn (M=2),769,6153,3.3863749504089355,7.295195363371488e-05,0.009936571681247956,False
random,mixed,4,0,0.001,MD-Sinkhorn (M=2),770,6161,3.3903722763061523,7.251983832928186e-05,0.009906935299549306,False
random,mixed,4,0,0.001,MD-Sinkhorn (M=2),771,6169,3.3953604698181152,7.209030682278785e-05,0.009877387910315373,False
random,mixed,4,0,0.001,MD-Sinkhorn (M=2),772,6177,3.400723457336426,7.166334346443053e-05,0.009847929261662197,False
random,mixed,4,0,0.001,MD-Sinkhorn (M=2),773,6185,3.405773878097534,7.12389326969468e-05,0.009818559101743387,False
random,mixed,4,0,0.001,MD-Sinkhorn (M=2),774,6193,3.4097607135772705,7.081705906608935e-05,0.009789277179711063,False
random,mixed,4,0,0.001,MD-Sinkhorn (M=2),775,6201,3.4147708415985107,7.039770720953766e-05,0.009760083244870002,False
random,mixed,4,0,0.001,MD-Sinkhorn (M=2),776,6209,3.4187793731689453,6.998086186443673e-05,0.009730977047515377,False
random,mixed,4,0,0.001,MD-Sinkhorn (M=2),777,6217,3.423677682876587,6.956650785989538e-05,0.009701958338019298,False
random,mixed,4,0,0.001,MD-Sinkhorn (M=2),778,6225,3.4277243614196777,6.915463012178985e-05,0.009673026867648172,False
random,mixed,4,0,0.001,MD-Sinkhorn (M=2),779,6233,3.431725263595581,6.874521367117309e-05,0.009644182388072055,False
random,mixed,4,0,0.001,MD-Sinkhorn (M=2),780,6241,3.436765193939209,6.833824361867648e-05,0.009615424651461079,False
random,mixed,4,0,0.001,MD-Sinkhorn (M=2),781,6249,3.440742254257202,6.793370517228987e-05,0.009586753410737569,False
random,mixed,4,0,0.001,MD-Sinkhorn (M=2),782,6257,3.4447250366210938,6.753158362901682e-05,0.009558168419280309,False
random,mixed,4,0,0.001,MD-Sinkhorn (M=2),783,6265,3.4497222900390625,6.713186438054268e-05,0.009529669431109597,False
random,mixed,4,0,0.001,MD-Sinkhorn (M=2),784,6273,3.453859329223633,6.673453290588694e-05,0.009501256200651648,False
random,mixed,4,0,0.001,MD-Sinkhorn (M=2),785,6281,3.4578640460968018,6.633957477459251e-05,0.009472928482686408,False
random,mixed,4,0,0.001,MD-Sinkhorn (M=2),786,6289,3.4628612995147705,6.594697564907509e-05,0.009444686033076855,False
random,mixed,4,0,0.001,MD-Sinkhorn (M=2),787,6297,3.4664196968078613,6.555672127964347e-05,0.009416528607960687,False
random,mixed,4,0,0.001,MD-Sinkhorn (M=2),788,6305,3.471806287765503,6.5168797503519e-05,0.009388455963977957,False
random,mixed,4,0,0.001,MD-Sinkhorn (M=2),789,6313,3.475768566131592,6.478319024771586e-05,0.009360467858330921,False
random,mixed,4,0,0.001,MD-Sinkhorn (M=2),790,6321,3.479841947555542,6.439988552623614e-05,0.009332564049095132,False
random,mixed,4,0,0.001,MD-Sinkhorn (M=2),791,6329,3.4847912788391113,6.401886943819028e-05,0.009304744294285417,False
random,mixed,4,0,0.001,MD-Sinkhorn (M=2),792,6337,3.4897732734680176,6.364012817187362e-05,0.009277008353159442,False
random,mixed,4,0,0.001,MD-Sinkhorn (M=2),793,6345,3.4937758445739746,6.326364799867754e-05,0.009249355984884192,False
random,mixed,4,0,0.001,MD-Sinkhorn (M=2),794,6353,3.498781442642212,6.288941527683522e-05,0.009221786949866476,False
random,mixed,4,0,0.001,MD-Sinkhorn (M=2),795,6361,3.502772569656372,6.251741644757065e-05,0.009194301008421599,False
random,mixed,4,0,0.001,MD-Sinkhorn (M=2),796,6369,3.5077362060546875,6.214763803735795e-05,0.009166897921843161,False
random,mixed,4,0,0.001,MD-Sinkhorn (M=2),797,6377,3.5127687454223633,6.178006665407489e-05,0.009139577451725587,False
random,mixed,4,0,0.001,MD-Sinkhorn (M=2),798,6385,3.517771005630493,6.141468899184462e-05,0.009112339360482197,False
random,mixed,4,0,0.001,MD-Sinkhorn (M=2),799,6393,3.5217714309692383,6.105149182391727e-05,0.009085183410863035,False
random,mixed,4,0,0.001,MD-Sinkhorn (M=2),800,6401,3.525768756866455,6.0690462005336837e-05,0.009058109366154156,False
random,mixed,4,0,0.001,MD-Sinkhorn (M=2),801,6409,3.5307722091674805,6.033158647504301e-05,0.009031116990404164,False
random,mixed,4,0,0.001,MD-Sinkhorn (M=2),802,6417,3.53578782081604,5.99748522507323e-05,0.00900420604812796,False
random,mixed,4,0,0.001,MD-Sinkhorn (M=2),803,6425,3.5397722721099854,5.9620246430420044e-05,0.008977376304255545,False
random,mixed,4,0,0.001,MD-Sinkhorn (M=2),804,6433,3.5437710285186768,5.926775619142935e-05,0.008950627524512925,False
random,mixed,4,0,0.001,MD-Sinkhorn (M=2),805,6441,3.5487864017486572,5.8917368792056916e-05,0.008923959474988669,False
random,mixed,4,0,0.001,MD-Sinkhorn (M=2),806,6449,3.5527708530426025,5.8569071565682973e-05,0.008897371922353986,False
random,mixed,4,0,0.001,MD-Sinkhorn (M=2),807,6457,3.5578324794769287,5.8222851927592246e-05,0.00887086463396707,False
random,mixed,4,0,0.001,MD-Sinkhorn (M=2),808,6465,3.5618343353271484,5.7878697366972034e-05,0.008844437377517556,False
random,mixed,4,0,0.001,MD-Sinkhorn (M=2),809,6473,3.566788673400879,5.753659545482419e-05,0.008818089921647398,False
random,mixed,4,0,0.001,MD-Sinkhorn (M=2),810,6481,3.5713727474212646,5.7196533832091134e-05,0.008791822034971721,False
random,mixed,4,0,0.001,MD-Sinkhorn (M=2),811,6489,3.5764176845550537,5.685850022298908e-05,0.008765633487158347,False
random,mixed,4,0,0.001,MD-Sinkhorn (M=2),812,6497,3.5804169178009033,5.652248242068894e-05,0.008739524048143005,False
random,mixed,4,0,0.001,MD-Sinkhorn (M=2),813,6505,3.58605694770813,5.618846829924686e-05,0.008713493488664303,False
random,mixed,4,0,0.001,MD-Sinkhorn (M=2),814,6513,3.5900633335113525,5.5856445801107416e-05,0.008687541579724626,False
random,mixed,4,0,0.001,MD-Sinkhorn (M=2),815,6521,3.5940608978271484,5.552640294866632e-05,0.008661668092982426,False
random,mixed,4,0,0.001,MD-Sinkhorn (M=2),816,6529,3.599026918411255,5.519832783470671e-05,0.008635872800812953,False
random,mixed,4,0,0.001,MD-Sinkhorn (M=2),817,6537,3.6050565242767334,5.487220862533166e-05,0.008610155475942446,False
random,mixed,4,0,0.001,MD-Sinkhorn (M=2),818,6545,3.6090590953826904,5.454803356117556e-05,0.008584515891878064,False
random,mixed,4,0,0.001,MD-Sinkhorn (M=2),819,6553,3.6210105419158936,5.422579095127402e-05,0.008558953822227103,False
random,mixed,4,0,0.001,MD-Sinkhorn (M=2),820,6561,3.632007360458374,5.390546918076171e-05,0.008533469041709657,False
random,mixed,4,0,0.001,MD-Sinkhorn (M=2),821,6569,3.6425180435180664,5.358705670333193e-05,0.008508061325193252,False
random,mixed,4,0,0.001,MD-Sinkhorn (M=2),822,6577,3.651963472366333,5.327054204306561e-05,0.008482730448257984,False
random,mixed,4,0,0.001,MD-Sinkhorn (M=2),823,6585,3.658081293106079,5.295591379745864e-05,0.008457476187138081,False
random,mixed,4,0,0.001,MD-Sinkhorn (M=2),824,6593,3.662062168121338,5.264316063072807e-05,0.008432298318429506,False
random,mixed,4,0,0.001,MD-Sinkhorn (M=2),825,6601,3.6680819988250732,5.233227127703202e-05,0.00840719661924731,False
random,mixed,4,0,0.001,MD-Sinkhorn (M=2),826,6609,3.6724162101745605,5.202323453960844e-05,0.008382170867329102,False
random,mixed,4,0,0.001,MD-Sinkhorn (M=2),827,6617,3.676405429840088,5.171603929259803e-05,0.008357220841127173,False
random,mixed,4,0,0.001,MD-Sinkhorn (M=2),828,6625,3.6814091205596924,5.1410674474023775e-05,0.008332346319428717,False
random,mixed,4,0,0.001,MD-Sinkhorn (M=2),829,6633,3.6863725185394287,5.1107129092863566e-05,0.008307547081597193,False
random,mixed,4,0,0.001,MD-Sinkhorn (M=2),830,6641,3.6913726329803467,5.080539222492128e-05,0.008282822907758652,False
random,mixed,4,0,0.001,MD-Sinkhorn (M=2),831,6649,3.695359230041504,5.050545301050536e-05,0.00825817357806756,False
random,mixed,4,0,0.001,MD-Sinkhorn (M=2),832,6657,3.6993913650512695,5.020730065938175e-05,0.008233598873994108,False
random,mixed,4,0,0.001,MD-Sinkhorn (M=2),833,6665,3.7043609619140625,4.99109244435366e-05,0.008209098576717599,False
random,mixed,4,0,0.001,MD-Sinkhorn (M=2),834,6673,3.7083611488342285,4.9616313704790166e-05,0.008184672468643696,False
random,mixed,4,0,0.001,MD-Sinkhorn (M=2),835,6681,3.7134599685668945,4.932345784676315e-05,0.008160320332311219,False
random,mixed,4,0,0.001,MD-Sinkhorn (M=2),836,6689,3.7183191776275635,4.9032346337962555e-05,0.00813604195096998,False
random,mixed,4,0,0.001,MD-Sinkhorn (M=2),837,6697,3.7233242988586426,4.87429687143081e-05,0.008111837108593156,False
random,mixed,4,0,0.001,MD-Sinkhorn (M=2),838,6705,3.728374719619751,4.8455314572578526e-05,0.008087705589287886,False
random,mixed,4,0,0.001,MD-Sinkhorn (M=2),839,6713,3.733366012573242,4.816937357183962e-05,0.008063647177887857,False
random,mixed,4,0,0.001,MD-Sinkhorn (M=2),840,6721,3.7383642196655273,4.788513543774924e-05,0.008039661659870485,False
random,mixed,4,0,0.001,MD-Sinkhorn (M=2),841,6729,3.742335557937622,4.7602589955936204e-05,0.008015748821150942,False
random,mixed,4,0,0.001,MD-Sinkhorn (M=2),842,6737,3.7463207244873047,4.732172697611745e-05,0.00799190844837034,False
random,mixed,4,0,0.001,MD-Sinkhorn (M=2),843,6745,3.7515852451324463,4.70425364074134e-05,0.007968140328230632,False
random,mixed,4,0,0.001,MD-Sinkhorn (M=2),844,6753,3.7556333541870117,4.676500822283191e-05,0.00794444424845048,False
random,mixed,4,0,0.001,MD-Sinkhorn (M=2),845,6761,3.7595865726470947,4.648913245519328e-05,0.007920819997215039,False
random,mixed,4,0,0.001,MD-Sinkhorn (M=2),846,6769,3.7645843029022217,4.621489919835037e-05,0.007897267363135896,False
random,mixed,4,0,0.001,MD-Sinkhorn (M=2),847,6777,3.768688201904297,4.594229860591391e-05,0.007873786135355236,False
random,mixed,4,0,0.001,MD-Sinkhorn (M=2),848,6785,3.773746967315674,4.567132089267431e-05,0.00785037610368864,False
random,mixed,4,0,0.001,MD-Sinkhorn (M=2),849,6793,3.7787513732910156,4.540195633016738e-05,0.007827037058112739,False
random,mixed,4,0,0.001,MD-Sinkhorn (M=2),850,6801,3.784745216369629,4.513419525261963e-05,0.0078037687897957765,False
random,mixed,4,0,0.001,MD-Sinkhorn (M=2),851,6809,3.789705753326416,4.4868028051254615e-05,0.007780571089834826,False
random,mixed,4,0,0.001,MD-Sinkhorn (M=2),852,6817,3.7936980724334717,4.460344517421194e-05,0.007757443750158478,False
random,mixed,4,0,0.001,MD-Sinkhorn (M=2),853,6825,3.7976982593536377,4.43404371299552e-05,0.007734386563062045,False
random,mixed,4,0,0.001,MD-Sinkhorn (M=2),854,6833,3.8026976585388184,4.407899448492168e-05,0.007711399321744328,False
random,mixed,4,0,0.001,MD-Sinkhorn (M=2),855,6841,3.80670166015625,4.3819107860783735e-05,0.007688481819502744,False
random,mixed,4,0,0.001,MD-Sinkhorn (M=2),856,6849,3.810698986053467,4.356076793660444e-05,0.0076656338504208455,False
random,mixed,4,0,0.001,MD-Sinkhorn (M=2),857,6857,3.814701795578003,4.330396544867583e-05,0.007642855208829036,False
random,mixed,4,0,0.001,MD-Sinkhorn (M=2),858,6865,3.819699764251709,4.304869118904156e-05,0.00762014569003144,False
random,mixed,4,0,0.001,MD-Sinkhorn (M=2),859,6873,3.823699712753296,4.2794936006739696e-05,0.007597505089425775,False
random,mixed,4,0,0.001,MD-Sinkhorn (M=2),860,6881,3.827699661254883,4.25426908048626e-05,0.007574933203463807,False
random,mixed,4,0,0.001,MD-Sinkhorn (M=2),861,6889,3.832735300064087,4.2291946542463515e-05,0.00755242982836535,False
random,mixed,4,0,0.001,MD-Sinkhorn (M=2),862,6897,3.8367514610290527,4.204269423257795e-05,0.0075299947616338835,False
random,mixed,4,0,0.001,MD-Sinkhorn (M=2),863,6905,3.8408188819885254,4.1794924944267174e-05,0.007507627800972415,False
random,mixed,4,0,0.001,MD-Sinkhorn (M=2),864,6913,3.8448286056518555,4.15486297984903e-05,0.007485328744492712,False
random,mixed,4,0,0.001,MD-Sinkhorn (M=2),865,6921,3.849008560180664,4.1303799971512394e-05,0.007463097390990735,False
random,mixed,4,0,0.001,MD-Sinkhorn (M=2),866,6929,3.8531670570373535,4.106042669344527e-05,0.0074409335398560005,False
random,mixed,4,0,0.001,MD-Sinkhorn (M=2),867,6937,3.8573198318481445,4.081850124587182e-05,0.007418836990858036,False
random,mixed,4,0,0.001,MD-Sinkhorn (M=2),868,6945,3.862273693084717,4.0578014964629406e-05,0.0073968075442931,False
random,mixed,4,0,0.001,MD-Sinkhorn (M=2),869,6953,3.869441270828247,4.033895923786417e-05,0.007374845001280971,False
random,mixed,4,0,0.001,MD-Sinkhorn (M=2),870,6961,3.872971534729004,4.010132550420135e-05,0.007352949162768229,False
random,mixed,4,0,0.001,MD-Sinkhorn (M=2),871,6969,3.8799712657928467,3.986510525706726e-05,0.00733111983117603,False
random,mixed,4,0,0.001,MD-Sinkhorn (M=2),872,6977,3.886972665786743,3.963029003753942e-05,0.007309356808598658,False
random,mixed,4,0,0.001,MD-Sinkhorn (M=2),873,6985,3.8919739723205566,3.939687144060899e-05,0.007287659898068205,False
random,mixed,4,0,0.001,MD-Sinkhorn (M=2),874,6993,3.8969783782958984,3.9164841111692184e-05,0.007266028903168478,False
random,mixed,4,0,0.001,MD-Sinkhorn (M=2),875,7001,3.902235269546509,3.893419074657724e-05,0.007244463627877264,False
random,mixed,4,0,0.001,MD-Sinkhorn (M=2),876,7009,3.9072279930114746,3.870491208977179e-05,0.007222963876465356,False
random,mixed,4,0,0.001,MD-Sinkhorn (M=2),877,7017,3.91121768951416,3.847699693809465e-05,0.007201529454347749,False
random,mixed,4,0,0.001,MD-Sinkhorn (M=2),878,7025,3.9182233810424805,3.8250437136649776e-05,0.007180160166915977,False
random,mixed,4,0,0.001,MD-Sinkhorn (M=2),879,7033,3.9222278594970703,3.80252245788938e-05,0.007158855820260709,False
random,mixed,4,0,0.001,MD-Sinkhorn (M=2),880,7041,3.9272289276123047,3.7801351209467825e-05,0.00713761622097316,False
random,mixed,4,0,0.001,MD-Sinkhorn (M=2),881,7049,3.9352736473083496,3.757880901978652e-05,0.007116441176057115,False
random,mixed,4,0,0.001,MD-Sinkhorn (M=2),882,7057,3.9442710876464844,3.735759005072271e-05,0.007095330493361519,False
random,mixed,4,0,0.001,MD-Sinkhorn (M=2),883,7065,3.950284242630005,3.7137686390912336e-05,0.007074283980881546,False
random,mixed,4,0,0.001,MD-Sinkhorn (M=2),884,7073,3.9543213844299316,3.691909017322325e-05,0.007053301446969598,False
random,mixed,4,0,0.001,MD-Sinkhorn (M=2),885,7081,3.9583263397216797,3.670179358681788e-05,0.007032382701406961,False
random,mixed,4,0,0.001,MD-Sinkhorn (M=2),886,7089,3.9622743129730225,3.648578885909323e-05,0.007011527553474284,False
random,mixed,4,0,0.001,MD-Sinkhorn (M=2),887,7097,3.96733021736145,3.627106826735465e-05,0.006990735813205277,False
random,mixed,4,0,0.001,MD-Sinkhorn (M=2),888,7105,3.9724690914154053,3.6057624138124196e-05,0.006970007291709154,False
random,mixed,4,0,0.001,MD-Sinkhorn (M=2),889,7113,3.976553440093994,3.584544884039837e-05,0.006949341799857092,False
random,mixed,4,0,0.001,MD-Sinkhorn (M=2),890,7121,3.9815146923065186,3.563453479025672e-05,0.006928739149463252,False
random,mixed,4,0,0.001,MD-Sinkhorn (M=2),891,7129,3.9856276512145996,3.5424874451390874e-05,0.0069081991527349005,False
random,mixed,4,0,0.001,MD-Sinkhorn (M=2),892,7137,3.9906704425811768,3.5216460329447733e-05,0.006887721622303985,False
random,mixed,4,0,0.001,MD-Sinkhorn (M=2),893,7145,3.994596004486084,3.500928497960151e-05,0.0068673063716326605,False
random,mixed,4,0,0.001,MD-Sinkhorn (M=2),894,7153,3.9986071586608887,3.480334099761483e-05,0.006846953214145881,False
random,mixed,4,0,0.001,MD-Sinkhorn (M=2),895,7161,4.002701282501221,3.459862102781074e-05,0.0068266619644098865,False
random,mixed,4,0,0.001,MD-Sinkhorn (M=2),896,7169,4.006624698638916,3.439511775357246e-05,0.006806432436744402,False
random,mixed,4,0,0.001,MD-Sinkhorn (M=2),897,7177,4.011660814285278,3.419282390798448e-05,0.006786264446708163,False
random,mixed,4,0,0.001,MD-Sinkhorn (M=2),898,7185,4.015605926513672,3.3991732265632984e-05,0.00676615780998513,False
random,mixed,4,0,0.001,MD-Sinkhorn (M=2),899,7193,4.019641399383545,3.379183564246137e-05,0.006746112342713863,False
random,mixed,4,0,0.001,MD-Sinkhorn (M=2),900,7201,4.02464747428894,3.3593126901293485e-05,0.0067261278616740205,False
random,mixed,4,0,0.001,MD-Sinkhorn (M=2),901,7209,4.028647422790527,3.339559894667996e-05,0.006706204184188422,False
random,mixed,4,0,0.001,MD-Sinkhorn (M=2),902,7217,4.033647537231445,3.319924472242381e-05,0.006686341127708438,False
random,mixed,4,0,0.001,MD-Sinkhorn (M=2),903,7225,4.037649393081665,3.300405722124884e-05,0.006666538510865459,False
random,mixed,4,0,0.001,MD-Sinkhorn (M=2),904,7233,4.042597532272339,3.281002947139926e-05,0.006646796152008627,False
random,mixed,4,0,0.001,MD-Sinkhorn (M=2),905,7241,4.046651363372803,3.2617154548403646e-05,0.006627113870595348,False
random,mixed,4,0,0.001,MD-Sinkhorn (M=2),906,7249,4.051639556884766,3.242542556696135e-05,0.006607491486336155,False
random,mixed,4,0,0.001,MD-Sinkhorn (M=2),907,7257,4.056713819503784,3.2234835682796444e-05,0.006587928819283002,False
random,mixed,4,0,0.001,MD-Sinkhorn (M=2),908,7265,4.061159372329712,3.204537809319011e-05,0.006568425690201327,False
random,mixed,4,0,0.001,MD-Sinkhorn (M=2),909,7273,4.065112829208374,3.185704603675586e-05,0.006548981920195426,False
random,mixed,4,0,0.001,MD-Sinkhorn (M=2),910,7281,4.069706678390503,3.166983279337439e-05,0.006529597331091359,False
random,mixed,4,0,0.001,MD-Sinkhorn (M=2),911,7289,4.074746131896973,3.1483731682527836e-05,0.0065102717452274325,False
random,mixed,4,0,0.001,MD-Sinkhorn (M=2),912,7297,4.078735589981079,3.129873606256135e-05,0.0064910049849360215,False
random,mixed,4,0,0.001,MD-Sinkhorn (M=2),913,7305,4.083751440048218,3.1114839333241934e-05,0.006471796873366653,False
random,mixed,4,0,0.001,MD-Sinkhorn (M=2),914,7313,4.08773946762085,3.093203493438658e-05,0.006452647234182658,False
random,mixed,4,0,0.001,MD-Sinkhorn (M=2),915,7321,4.092740535736084,3.075031634424094e-05,0.006433555891817643,False
random,mixed,4,0,0.001,MD-Sinkhorn (M=2),916,7329,4.096808910369873,3.0569677080346744e-05,0.006414522670406889,False
random,mixed,4,0,0.001,MD-Sinkhorn (M=2),917,7337,4.101736783981323,3.039011070020409e-05,0.006395547395377163,False
random,mixed,4,0,0.001,MD-Sinkhorn (M=2),918,7345,4.105736494064331,3.021161079719994e-05,0.006376629891972262,False
random,mixed,4,0,0.001,MD-Sinkhorn (M=2),919,7353,4.110697984695435,3.0034171008130065e-05,0.006357769986712028,False
random,mixed,4,0,0.001,MD-Sinkhorn (M=2),920,7361,4.115737676620483,2.9857785002343072e-05,0.0063389675057638935,False
random,mixed,4,0,0.001,MD-Sinkhorn (M=2),921,7369,4.120784282684326,2.9682446491282753e-05,0.006320222276310336,False
random,mixed,4,0,0.001,MD-Sinkhorn (M=2),922,7377,4.12477970123291,2.9508149221994383e-05,0.006301534125677939,False
random,mixed,4,0,0.001,MD-Sinkhorn (M=2),923,7385,4.129787921905518,2.9334886979815442e-05,0.006282902881876952,False
random,mixed,4,0,0.001,MD-Sinkhorn (M=2),924,7393,4.133727550506592,2.91626535881224e-05,0.0062643283735476455,False
random,mixed,4,0,0.001,MD-Sinkhorn (M=2),925,7401,4.137783765792847,2.899144290606143e-05,0.006245810429478617,False
random,mixed,4,0,0.001,MD-Sinkhorn (M=2),926,7409,4.142786502838135,2.8821248829814068e-05,0.006227348879023821,False
random,mixed,4,0,0.001,MD-Sinkhorn (M=2),927,7417,4.146789312362671,2.8652065292930103e-05,0.00620894355216759,False
random,mixed,4,0,0.001,MD-Sinkhorn (M=2),928,7425,4.150782823562622,2.8483886264522672e-05,0.006190594279193273,False
random,mixed,4,0,0.001,MD-Sinkhorn (M=2),929,7433,4.1558496952056885,2.8316705751105253e-05,0.006172300890930691,False
random,mixed,4,0,0.001,MD-Sinkhorn (M=2),930,7441,4.160876035690308,2.815051779413364e-05,0.006154063218858276,False
random,mixed,4,0,0.001,MD-Sinkhorn (M=2),931,7449,4.16485857963562,2.798531646938074e-05,0.006135881094365183,False
random,mixed,4,0,0.001,MD-Sinkhorn (M=2),932,7457,4.169445514678955,2.7821095890199864e-05,0.006117754349837089,False
random,mixed,4,0,0.001,MD-Sinkhorn (M=2),933,7465,4.173510313034058,2.7657850206534403e-05,0.006099682818175351,False
random,mixed,4,0,0.001,MD-Sinkhorn (M=2),934,7473,4.17850399017334,2.749557359965247e-05,0.006081666332324511,False
random,mixed,4,0,0.001,MD-Sinkhorn (M=2),935,7481,4.18365216255188,2.733426028889518e-05,0.006063704725932774,False
random,mixed,4,0,0.001,MD-Sinkhorn (M=2),936,7489,4.187628984451294,2.7173904527488438e-05,0.00604579783345347,False
random,mixed,4,0,0.001,MD-Sinkhorn (M=2),937,7497,4.1926188468933105,2.701450059975743e-05,0.00602794548893585,False
random,mixed,4,0,0.001,MD-Sinkhorn (M=2),938,7505,4.197642803192139,2.685604282987863e-05,0.006010147527668331,False
random,mixed,4,0,0.001,MD-Sinkhorn (M=2),939,7513,4.203584671020508,2.669852557266614e-05,0.0059924037852282855,False
random,mixed,4,0,0.001,MD-Sinkhorn (M=2),940,7521,4.2075841426849365,2.6541943216653994e-05,0.005974714097431413,False
random,mixed,4,0,0.001,MD-Sinkhorn (M=2),941,7529,4.2125866413116455,2.6386290186056948e-05,0.005957078300952134,False
random,mixed,4,0,0.001,MD-Sinkhorn (M=2),942,7537,4.2175822257995605,2.6231560936085463e-05,0.005939496232312179,False
random,mixed,4,0,0.001,MD-Sinkhorn (M=2),943,7545,4.221581220626831,2.6077749956704893e-05,0.005921967729193595,False
random,mixed,4,0,0.001,MD-Sinkhorn (M=2),944,7553,4.22558069229126,2.5924851770605875e-05,0.005904492629209216,False
random,mixed,4,0,0.001,MD-Sinkhorn (M=2),945,7561,4.230581045150757,2.577286093229713e-05,0.005887070770510148,False
random,mixed,4,0,0.001,MD-Sinkhorn (M=2),946,7569,4.234584331512451,2.562177202978101e-05,0.005869701991989282,False
random,mixed,4,0,0.001,MD-Sinkhorn (M=2),947,7577,4.239581108093262,2.547157968515578e-05,0.005852386132985146,False
random,mixed,4,0,0.001,MD-Sinkhorn (M=2),948,7585,4.243581771850586,2.53222785486686e-05,0.005835123032823034,False
random,mixed,4,0,0.001,MD-Sinkhorn (M=2),949,7593,4.248585939407349,2.5173863305475634e-05,0.005817912531580898,False
random,mixed,4,0,0.001,MD-Sinkhorn (M=2),950,7601,4.253710031509399,2.502632867262529e-05,0.005800754469899501,False
random,mixed,4,0,0.001,MD-Sinkhorn (M=2),951,7609,4.257848262786865,2.4879669397749745e-05,0.005783648688861326,False
random,mixed,4,0,0.001,MD-Sinkhorn (M=2),952,7617,4.262844085693359,2.4733880260221738e-05,0.005766595029796119,False
random,mixed,4,0,0.001,MD-Sinkhorn (M=2),953,7625,4.2678492069244385,2.458895607101064e-05,0.0057495933345745945,False
random,mixed,4,0,0.001,MD-Sinkhorn (M=2),954,7633,4.271608829498291,2.4444891671087835e-05,0.00573264344540804,False
random,mixed,4,0,0.001,MD-Sinkhorn (M=2),955,7641,4.2766077518463135,2.4301681934146477e-05,0.005715745205496398,False
random,mixed,4,0,0.001,MD-Sinkhorn (M=2),956,7649,4.281524658203125,2.415932176310406e-05,0.005698898457667027,False
random,mixed,4,0,0.001,MD-Sinkhorn (M=2),957,7657,4.285614252090454,2.4017806091210502e-05,0.005682103045652595,False
random,mixed,4,0,0.001,MD-Sinkhorn (M=2),958,7665,4.290614128112793,2.387712988302247e-05,0.00566535881377897,False
random,mixed,4,0,0.001,MD-Sinkhorn (M=2),959,7673,4.294616222381592,2.3737288132667187e-05,0.005648665606342582,False
random,mixed,4,0,0.001,MD-Sinkhorn (M=2),960,7681,4.299532175064087,2.3598275864406188e-05,0.005632023268678319,False
random,mixed,4,0,0.001,MD-Sinkhorn (M=2),961,7689,4.303538799285889,2.346008813174601e-05,0.005615431645881818,False
random,mixed,4,0,0.001,MD-Sinkhorn (M=2),962,7697,4.308534383773804,2.3322720019105662e-05,0.005598890584127599,False
random,mixed,4,0,0.001,MD-Sinkhorn (M=2),963,7705,4.312542200088501,2.318616663840169e-05,0.0055823999295241955,False
random,mixed,4,0,0.001,MD-Sinkhorn (M=2),964,7713,4.317556142807007,2.305042313224901e-05,0.005565959529027576,False
random,mixed,4,0,0.001,MD-Sinkhorn (M=2),965,7721,4.321537971496582,2.291548467255603e-05,0.005549569229777715,False
random,mixed,4,0,0.001,MD-Sinkhorn (M=2),966,7729,4.32553505897522,2.2781346458727712e-05,0.0055332288793094285,False
random,mixed,4,0,0.001,MD-Sinkhorn (M=2),967,7737,4.330485105514526,2.2648003718106285e-05,0.005516938325843309,False
random,mixed,4,0,0.001,MD-Sinkhorn (M=2),968,7745,4.335485219955444,2.25154517103213e-05,0.005500697417827025,False
random,mixed,4,0,0.001,MD-Sinkhorn (M=2),969,7753,4.339491367340088,2.2383685720838245e-05,0.005484506004461555,False
random,mixed,4,0,0.001,MD-Sinkhorn (M=2),970,7761,4.3435399532318115,2.2252701061970957e-05,0.005468363934743868,False
random,mixed,4,0,0.001,MD-Sinkhorn (M=2),971,7769,4.348585605621338,2.212249307760719e-05,0.005452271058730154,False
random,mixed,4,0,0.001,MD-Sinkhorn (M=2),972,7777,4.35265040397644,2.1993057135021477e-05,0.005436227226447687,False
random,mixed,4,0,0.001,MD-Sinkhorn (M=2),973,7785,4.356708288192749,2.186438863410788e-05,0.005420232288898736,False
random,mixed,4,0,0.001,MD-Sinkhorn (M=2),974,7793,4.36217188835144,2.1736482997393176e-05,0.005404286096976026,False
random,mixed,4,0,0.001,MD-Sinkhorn (M=2),975,7801,4.3662285804748535,2.1609335679314765e-05,0.005388388502249385,False
random,mixed,4,0,0.001,MD-Sinkhorn (M=2),976,7809,4.3708508014678955,2.148294215750438e-05,0.005372539356649936,False
random,mixed,4,0,0.001,MD-Sinkhorn (M=2),977,7817,4.375840663909912,2.135729793992377e-05,0.005356738512661401,False
random,mixed,4,0,0.001,MD-Sinkhorn (M=2),978,7825,4.380831241607666,2.1232398559418043e-05,0.005340985823099677,False
random,mixed,4,0,0.001,MD-Sinkhorn (M=2),979,7833,4.3848395347595215,2.1108239575182218e-05,0.005325281141110819,False
random,mixed,4,0,0.001,MD-Sinkhorn (M=2),980,7841,4.389838695526123,2.0984816573956416e-05,0.005309624320341842,False
random,mixed,4,0,0.001,MD-Sinkhorn (M=2),981,7849,4.393839120864868,2.0862125170437564e-05,0.0052940152150937145,False
random,mixed,4,0,0.001,MD-Sinkhorn (M=2),982,7857,4.397840261459351,2.0740161001279035e-05,0.005278453679625522,False
random,mixed,4,0,0.001,MD-Sinkhorn (M=2),983,7865,4.402837038040161,2.0618919732639222e-05,0.005262939568938001,False
random,mixed,4,0,0.001,MD-Sinkhorn (M=2),984,7873,4.407846927642822,2.049839705638989e-05,0.005247472738436187,False
random,mixed,4,0,0.001,MD-Sinkhorn (M=2),985,7881,4.411839962005615,2.0378588687800235e-05,0.005232053043837281,False
random,mixed,4,0,0.001,MD-Sinkhorn (M=2),986,7889,4.415842294692993,2.025949037055838e-05,0.005216680341276084,False
random,mixed,4,0,0.001,MD-Sinkhorn (M=2),987,7897,4.419839143753052,2.0141097871425017e-05,0.005201354487451927,False
random,mixed,4,0,0.001,MD-Sinkhorn (M=2),988,7905,4.424844741821289,2.0023406985978916e-05,0.005186075339459639,False
random,mixed,4,0,0.001,MD-Sinkhorn (M=2),989,7913,4.428845405578613,1.9906413528898985e-05,0.0051708427545611585,False
random,mixed,4,0,0.001,MD-Sinkhorn (M=2),990,7921,4.4327943325042725,1.979011334567261e-05,0.005155656590578454,False
random,mixed,4,0,0.001,MD-Sinkhorn (M=2),991,7929,4.437839984893799,1.9674502303738414e-05,0.005140516705966788,False
random,mixed,4,0,0.001,MD-Sinkhorn (M=2),992,7937,4.441838502883911,1.955957629605525e-05,0.005125422959211614,False
random,mixed,4,0,0.001,MD-Sinkhorn (M=2),993,7945,4.446832656860352,1.9445331239476644e-05,0.005110375209424872,False
random,mixed,4,0,0.001,MD-Sinkhorn (M=2),994,7953,4.452838897705078,1.9331763076304654e-05,0.005095373316047378,False
random,mixed,4,0,0.001,MD-Sinkhorn (M=2),995,7961,4.457893371582031,1.9218867772040495e-05,0.005080417139233579,False
random,mixed,4,0,0.001,MD-Sinkhorn (M=2),996,7969,4.46189284324646,1.9106641316320432e-05,0.005065506538987066,False
random,mixed,4,0,0.001,MD-Sinkhorn (M=2),997,7977,4.4668869972229,1.8995079723452913e-05,0.005050641376302733,False
random,mixed,4,0,0.001,MD-Sinkhorn (M=2),998,7985,4.4715049266815186,1.8884179030792352e-05,0.00503582151184799,False
random,mixed,4,0,0.001,MD-Sinkhorn (M=2),999,7993,4.47654390335083,1.8773935300633984e-05,0.0050210468075901115,False
random,mixed,4,0,0.001,MD-Sinkhorn (M=2),1000,8001,4.4805543422698975,1.86643446169984e-05,0.005006317125261291,False
random,mixed,4,0,0.001,MD-Sinkhorn (M=5),0,1,0.0009937286376953125,0.43675954146354123,0.6036672927498137,False
random,mixed,4,0,0.001,MD-Sinkhorn (M=5),1,21,0.010076045989990234,0.42355302976556586,0.5976240705599476,False
random,mixed,4,0,0.001,MD-Sinkhorn (M=5),2,41,0.022039175033569336,0.4105442006625736,0.5915416944469238,False
random,mixed,4,0,0.001,MD-Sinkhorn (M=5),3,61,0.03104257583618164,0.3977207475737611,0.5854124543391264,False
random,mixed,4,0,0.001,MD-Sinkhorn (M=5),4,81,0.041040658950805664,0.3850685124025527,0.579226754074597,False
random,mixed,4,0,0.001,MD-Sinkhorn (M=5),5,101,0.05704379081726074,0.37257129717550297,0.5729727624852784,False
random,mixed,4,0,0.001,MD-Sinkhorn (M=5),6,121,0.07815408706665039,0.36021063962017263,0.5666359836235744,False
random,mixed,4,0,0.001,MD-Sinkhorn (M=5),7,141,0.09184050559997559,0.34796554970562166,0.5601987259827224,False
random,mixed,4,0,0.001,MD-Sinkhorn (M=5),8,161,0.10182976722717285,0.3358122068469336,0.5536394463685803,False
random,mixed,4,0,0.001,MD-Sinkhorn (M=5),9,181,0.11179232597351074,0.32372362277821376,0.5469319398605161,False
random,mixed,4,0,0.001,MD-Sinkhorn (M=5),10,201,0.12279438972473145,0.3116692848165667,0.5400443439660634,False
random,mixed,4,0,0.001,MD-Sinkhorn (M=5),11,221,0.13481855392456055,0.2996148112012556,0.5329379244896406,False
random,mixed,4,0,0.001,MD-Sinkhorn (M=5),12,241,0.1447896957397461,0.28752167873823725,0.5255656163501012,False
random,mixed,4,0,0.001,MD-Sinkhorn (M=5),13,261,0.15474939346313477,0.275347129495351,0.5178703110428206,False
random,mixed,4,0,0.001,MD-Sinkhorn (M=5),14,281,0.1647493839263916,0.26304443655252574,0.5097829248565571,False
random,mixed,4,0,0.001,MD-Sinkhorn (M=5),15,301,0.17384839057922363,0.2505638194519431,0.5012203668762909,False
random,mixed,4,0,0.001,MD-Sinkhorn (M=5),16,321,0.18384337425231934,0.23785445750629877,0.4920836820173419,False
random,mixed,4,0,0.001,MD-Sinkhorn (M=5),17,341,0.1932511329650879,0.22486825306625488,0.48225691217822964,False
random,mixed,4,0,0.001,MD-Sinkhorn (M=5),18,361,0.20332098007202148,0.21156621657547364,0.4716076443785542,False
random,mixed,4,0,0.001,MD-Sinkhorn (M=5),19,381,0.21333074569702148,0.19792848095422733,0.4599908262844853,False
random,mixed,4,0,0.001,MD-Sinkhorn (M=5),20,401,0.22229433059692383,0.18396877639544917,0.4472581712883221,False
random,mixed,4,0,0.001,MD-Sinkhorn (M=5),21,421,0.2322392463684082,0.16975329880349235,0.43327607803677004,False
random,mixed,4,0,0.001,MD-Sinkhorn (M=5),22,441,0.24129128456115723,0.15542174965427835,0.4179547819847441,False
random,mixed,4,0,0.001,MD-Sinkhorn (M=5),23,461,0.2512083053588867,0.14120462107100362,0.4012892603672702,False
random,mixed,4,0,0.001,MD-Sinkhorn (M=5),24,481,0.26125121116638184,0.12742639735122807,0.3834069224885033,False
random,mixed,4,0,0.001,MD-Sinkhorn (M=5),25,501,0.27120351791381836,0.11448232244187465,0.3646083549668446,False
random,mixed,4,0,0.001,MD-Sinkhorn (M=5),26,521,0.28025197982788086,0.10278168089407574,0.3453790801763353,False
random,mixed,4,0,0.001,MD-Sinkhorn (M=5),27,541,0.29003477096557617,0.09266581398219187,0.3263506600155692,False
random,mixed,4,0,0.001,MD-Sinkhorn (M=5),28,561,0.30100512504577637,0.08432814805051048,0.30820614979580974,False
random,mixed,4,0,0.001,MD-Sinkhorn (M=5),29,581,0.3110020160675049,0.0777710961640663,0.2915541924305236,False
random,mixed,4,0,0.001,MD-Sinkhorn (M=5),30,601,0.32300710678100586,0.07281979697444278,0.27681865332807143,False
random,mixed,4,0,0.001,MD-Sinkhorn (M=5),31,621,0.3329734802246094,0.06918345634390342,0.2641862216311329,False
random,mixed,4,0,0.001,MD-Sinkhorn (M=5),32,641,0.3440108299255371,0.06653360532390758,0.2536235831276254,False
random,mixed,4,0,0.001,MD-Sinkhorn (M=5),33,661,0.3541719913482666,0.06456854067621288,0.24494218814329363,False
random,mixed,4,0,0.001,MD-Sinkhorn (M=5),34,681,0.36817049980163574,0.06304880328711801,0.23787514985528935,False
random,mixed,4,0,0.001,MD-Sinkhorn (M=5),35,701,0.37723875045776367,0.0618051633751834,0.23213962672713728,False
random,mixed,4,0,0.001,MD-Sinkhorn (M=5),36,721,0.3871724605560303,0.0607291736267986,0.22747533368679004,False
random,mixed,4,0,0.001,MD-Sinkhorn (M=5),37,741,0.39730048179626465,0.059756726812418566,0.2236623490345384,False
random,mixed,4,0,0.001,MD-Sinkhorn (M=5),38,761,0.4061851501464844,0.058850910835922726,0.22052462894904662,False
random,mixed,4,0,0.001,MD-Sinkhorn (M=5),39,781,0.41623663902282715,0.057984019257529426,0.2179196410179286,False
random,mixed,4,0,0.001,MD-Sinkhorn (M=5),40,801,0.426227331161499,0.0571064960977599,0.21569312086469206,False
random,mixed,4,0,0.001,MD-Sinkhorn (M=5),41,821,0.4382307529449463,0.05605600112549953,0.21350917594598448,False
random,mixed,4,0,0.001,MD-Sinkhorn (M=5),42,841,0.4481840133666992,0.05425822300184758,0.21025672603362103,False
random,mixed,4,0,0.001,MD-Sinkhorn (M=5),43,861,0.4582347869873047,0.049942613326928925,0.20236707199958615,False
random,mixed,4,0,0.001,MD-Sinkhorn (M=5),44,881,0.46822118759155273,0.0398097888296287,0.18192395779220114,False
random,mixed,4,0,0.001,MD-Sinkhorn (M=5),45,901,0.47719693183898926,0.024807904179096594,0.14512298435549278,False
random,mixed,4,0,0.001,MD-Sinkhorn (M=5),46,921,0.4872579574584961,0.013899696921770744,0.10800723677649565,False
random,mixed,4,0,0.001,MD-Sinkhorn (M=5),47,941,0.49688148498535156,0.009424879992078663,0.08521817432849435,False
random,mixed,4,0,0.001,MD-Sinkhorn (M=5),48,961,0.5068788528442383,0.00791674673177042,0.07447434290990278,False
random,mixed,4,0,0.001,MD-Sinkhorn (M=5),49,981,0.5158870220184326,0.0073328508908702085,0.07350370699090578,False
random,mixed,4,0,0.001,MD-Sinkhorn (M=5),50,1001,0.5258781909942627,0.00702550594703162,0.07335940681860086,False
random,mixed,4,0,0.001,MD-Sinkhorn (M=5),51,1021,0.53497314453125,0.006811233283445586,0.07271227698403018,False
random,mixed,4,0,0.001,MD-Sinkhorn (M=5),52,1041,0.5449519157409668,0.006633957224253074,0.0718512635228298,False
random,mixed,4,0,0.001,MD-Sinkhorn (M=5),53,1061,0.5550901889801025,0.0064742094675972455,0.0709051765188477,False
random,mixed,4,0,0.001,MD-Sinkhorn (M=5),54,1081,0.5649707317352295,0.0063244568927533894,0.06993053753471518,False
random,mixed,4,0,0.001,MD-Sinkhorn (M=5),55,1101,0.5741076469421387,0.006181550276166417,0.06895193816836773,False
random,mixed,4,0,0.001,MD-Sinkhorn (M=5),56,1121,0.5843420028686523,0.006044082322392193,0.06797999173858255,False
random,mixed,4,0,0.001,MD-Sinkhorn (M=5),57,1141,0.5940496921539307,0.005911368834531309,0.06701921489901512,False
random,mixed,4,0,0.001,MD-Sinkhorn (M=5),58,1161,0.6030046939849854,0.0057830334140808355,0.06607146942517406,False
random,mixed,4,0,0.001,MD-Sinkhorn (M=5),59,1181,0.6129980087280273,0.00565883340486233,0.06600161510303937,False
random,mixed,4,0,0.001,MD-Sinkhorn (M=5),60,1201,0.6220793724060059,0.005538585959981612,0.06594210566822678,False
random,mixed,4,0,0.001,MD-Sinkhorn (M=5),61,1221,0.632000207901001,0.0054221364136720854,0.0658796615458026,False
random,mixed,4,0,0.001,MD-Sinkhorn (M=5),62,1241,0.6410448551177979,0.005309344676729768,0.06581411689066755,False
random,mixed,4,0,0.001,MD-Sinkhorn (M=5),63,1261,0.6509997844696045,0.005200079340244725,0.06574538678996478,False
random,mixed,4,0,0.001,MD-Sinkhorn (M=5),64,1281,0.6599915027618408,0.005094215082365669,0.06567342390229376,False
random,mixed,4,0,0.001,MD-Sinkhorn (M=5),65,1301,0.6699934005737305,0.004991631492039026,0.06559819971114486,False
random,mixed,4,0,0.001,MD-Sinkhorn (M=5),66,1321,0.6801025867462158,0.0048922125013221,0.06551969634958163,False
random,mixed,4,0,0.001,MD-Sinkhorn (M=5),67,1341,0.6897482872009277,0.004795846079684866,0.06543790296949512,False
random,mixed,4,0,0.001,MD-Sinkhorn (M=5),68,1361,0.6998498439788818,0.004702424041495358,0.06535281406403354,False
random,mixed,4,0,0.001,MD-Sinkhorn (M=5),69,1381,0.709836483001709,0.0046118419029975615,0.06526442863141549,False
random,mixed,4,0,0.001,MD-Sinkhorn (M=5),70,1401,0.7187838554382324,0.004523998761463075,0.06517274970378645,False
random,mixed,4,0,0.001,MD-Sinkhorn (M=5),71,1421,0.728839635848999,0.004438797184801087,0.06507778403424518,False
random,mixed,4,0,0.001,MD-Sinkhorn (M=5),72,1441,0.7377815246582031,0.004356143106709389,0.06497954185559081,False
random,mixed,4,0,0.001,MD-Sinkhorn (M=5),73,1461,0.7478330135345459,0.004275945725204737,0.06487803667184742,False
random,mixed,4,0,0.001,MD-Sinkhorn (M=5),74,1481,0.7568304538726807,0.004198117403729081,0.06477328506759153,False
random,mixed,4,0,0.001,MD-Sinkhorn (M=5),75,1501,0.7668333053588867,0.0041225735744160556,0.06466530652691335,False
random,mixed,4,0,0.001,MD-Sinkhorn (M=5),76,1521,0.7769465446472168,0.004049232643466138,0.0645541232605609,False
random,mixed,4,0,0.001,MD-Sinkhorn (M=5),77,1541,0.7869443893432617,0.003978015898544134,0.06443976003927132,False
random,mixed,4,0,0.001,MD-Sinkhorn (M=5),78,1561,0.7966551780700684,0.003908847418177855,0.06432224403224937,False
random,mixed,4,0,0.001,MD-Sinkhorn (M=5),79,1581,0.8066554069519043,0.0038416539832372694,0.06420160465187279,False
random,mixed,4,0,0.001,MD-Sinkhorn (M=5),80,1601,0.8166654109954834,0.003776364990476823,0.06407787340440949,False
random,mixed,4,0,0.001,MD-Sinkhorn (M=5),81,1621,0.8276760578155518,0.003712912368067544,0.06395108374454754,False
random,mixed,4,0,0.001,MD-Sinkhorn (M=5),82,1641,0.8386468887329102,0.003651230493263414,0.06382127093703138,False
random,mixed,4,0,0.001,MD-Sinkhorn (M=5),83,1661,0.8486719131469727,0.003591256112083379,0.06368847192255286,False
random,mixed,4,0,0.001,MD-Sinkhorn (M=5),84,1681,0.8586044311523438,0.003532928261099102,0.06355272518995514,False
random,mixed,4,0,0.001,MD-Sinkhorn (M=5),85,1701,0.8686847686767578,0.0034761881911923136,0.0634140706523379,False
random,mixed,4,0,0.001,MD-Sinkhorn (M=5),86,1721,0.8778042793273926,0.0034209792934269986,0.06327254952958387,False
random,mixed,4,0,0.001,MD-Sinkhorn (M=5),87,1741,0.8878459930419922,0.0033672470268658154,0.06312820423487181,False
random,mixed,4,0,0.001,MD-Sinkhorn (M=5),88,1761,0.8980722427368164,0.003314938848462153,0.06298107826743163,False
random,mixed,4,0,0.001,MD-Sinkhorn (M=5),89,1781,0.9141173362731934,0.00326400414482597,0.06283121610830564,False
random,mixed,4,0,0.001,MD-Sinkhorn (M=5),90,1801,0.9261021614074707,0.0032143941660396132,0.06267866312286435,False
random,mixed,4,0,0.001,MD-Sinkhorn (M=5),91,1821,0.9361753463745117,0.003166061961308543,0.0625234654661157,False
random,mixed,4,0,0.001,MD-Sinkhorn (M=5),92,1841,0.9461822509765625,0.0031189623165548807,0.0623656699936525,False
random,mixed,4,0,0.001,MD-Sinkhorn (M=5),93,1861,0.9551453590393066,0.003073051693864474,0.062205324176740906,False
random,mixed,4,0,0.001,MD-Sinkhorn (M=5),94,1881,0.9650568962097168,0.0030282881727140736,0.062042476020748145,False
random,mixed,4,0,0.001,MD-Sinkhorn (M=5),95,1901,0.9756278991699219,0.0029846313930769483,0.06187717398937277,False
random,mixed,4,0,0.001,MD-Sinkhorn (M=5),96,1921,0.9846744537353516,0.0029420425001745855,0.0617094669305733,False
random,mixed,4,0,0.001,MD-Sinkhorn (M=5),97,1941,0.995337963104248,0.00290048409107326,0.06153940400883902,False
random,mixed,4,0,0.001,MD-Sinkhorn (M=5),98,1961,1.0043396949768066,0.0028599201628425022,0.06136703463867993,False
random,mixed,4,0,0.001,MD-Sinkhorn (M=5),99,1981,1.0142998695373535,0.0028203160624495627,0.061192408423461554,False
random,mixed,4,0,0.001,MD-Sinkhorn (M=5),100,2001,1.0243477821350098,0.002781638438222965,0.061015575096911065,False
random,mixed,4,0,0.001,MD-Sinkhorn (M=5),101,2021,1.034339189529419,0.002743855192890104,0.06083658446787062,False
random,mixed,4,0,0.001,MD-Sinkhorn (M=5),102,2041,1.0443463325500488,0.0027069354381515946,0.06065548636846398,False
random,mixed,4,0,0.001,MD-Sinkhorn (M=5),103,2061,1.054337978363037,0.0026708494507421,0.06047233060505825,False
random,mixed,4,0,0.001,MD-Sinkhorn (M=5),104,2081,1.0663397312164307,0.0026355686299707097,0.06028716691264951,False
random,mixed,4,0,0.001,MD-Sinkhorn (M=5),105,2101,1.07639741897583,0.002601065456638558,0.06010004491123548,False
random,mixed,4,0,0.001,MD-Sinkhorn (M=5),106,2121,1.0863621234893799,0.0025673134533737004,0.05991101406564127,False
random,mixed,4,0,0.001,MD-Sinkhorn (M=5),107,2141,1.0960206985473633,0.0025342871462734696,0.05972012364729723,False
random,mixed,4,0,0.001,MD-Sinkhorn (M=5),108,2161,1.106022596359253,0.002501962027883579,0.05952742269898839,False
random,mixed,4,0,0.001,MD-Sinkhorn (M=5),109,2181,1.116013526916504,0.002470314521430911,0.05933296000174287,False
random,mixed,4,0,0.001,MD-Sinkhorn (M=5),110,2201,1.1260108947753906,0.0024393219462521664,0.05913678404342209,False
random,mixed,4,0,0.001,MD-Sinkhorn (M=5),111,2221,1.1360132694244385,0.0024089624845097394,0.05893894299091154,False
random,mixed,4,0,0.001,MD-Sinkhorn (M=5),112,2241,1.1460185050964355,0.0023792151489511132,0.05873948466250274,False
random,mixed,4,0,0.001,MD-Sinkhorn (M=5),113,2261,1.1560611724853516,0.002350059751879942,0.058538456503593406,False
random,mixed,4,0,0.001,MD-Sinkhorn (M=5),114,2281,1.1660234928131104,0.002321476875175545,0.05833590556362745,False
random,mixed,4,0,0.001,MD-Sinkhorn (M=5),115,2301,1.1760733127593994,0.0022934478413839943,0.058131878474974655,False
random,mixed,4,0,0.001,MD-Sinkhorn (M=5),116,2321,1.1850764751434326,0.0022659546858400624,0.0579264214336286,False
random,mixed,4,0,0.001,MD-Sinkhorn (M=5),117,2341,1.1956849098205566,0.0022389801297471863,0.05771958018091686,False
random,mixed,4,0,0.001,MD-Sinkhorn (M=5),118,2361,1.2047669887542725,0.0022125075542750727,0.057511399987795864,False
random,mixed,4,0,0.001,MD-Sinkhorn (M=5),119,2381,1.2146880626678467,0.002186520975514478,0.05730192563913934,False
random,mixed,4,0,0.001,MD-Sinkhorn (M=5),120,2401,1.2247276306152344,0.0021610050203947594,0.0570912014206804,False
random,mixed,4,0,0.001,MD-Sinkhorn (M=5),121,2421,1.234727382659912,0.002135944903456551,0.056879271106897514,False
random,mixed,4,0,0.001,MD-Sinkhorn (M=5),122,2441,1.2437336444854736,0.0021113264044390592,0.056666177949675614,False
random,mixed,4,0,0.001,MD-Sinkhorn (M=5),123,2461,1.2537274360656738,0.0020871358466990728,0.056451964668424455,False
random,mixed,4,0,0.001,MD-Sinkhorn (M=5),124,2481,1.2637314796447754,0.0020633600764170643,0.05623667344129978,False
random,mixed,4,0,0.001,MD-Sinkhorn (M=5),125,2501,1.2737393379211426,0.0020399864425914085,0.05602034589801113,False
random,mixed,4,0,0.001,MD-Sinkhorn (M=5),126,2521,1.2838397026062012,0.0020170027777004014,0.055803023112350636,False
random,mixed,4,0,0.001,MD-Sinkhorn (M=5),127,2541,1.293576955795288,0.0019943973791402107,0.05558474559685774,False
random,mixed,4,0,0.001,MD-Sinkhorn (M=5),128,2561,1.3035888671875,0.00197215899129321,0.0553655532974411,False
random,mixed,4,0,0.001,MD-Sinkhorn (M=5),129,2581,1.313533067703247,0.001950276788330253,0.05514548558995648,False
random,mixed,4,0,0.001,MD-Sinkhorn (M=5),130,2601,1.3245306015014648,0.0019287403575615058,0.0549245812761599,False
random,mixed,4,0,0.001,MD-Sinkhorn (M=5),131,2621,1.3355395793914795,0.0019075396834809517,0.054702878581586054,False
random,mixed,4,0,0.001,MD-Sinkhorn (M=5),132,2641,1.3455328941345215,0.0018866651323585116,0.05448041515326571,False
random,mixed,4,0,0.001,MD-Sinkhorn (M=5),133,2661,1.3545334339141846,0.0018661074374233379,0.054257228058612245,False
random,mixed,4,0,0.001,MD-Sinkhorn (M=5),134,2681,1.3645269870758057,0.0018458576846385518,0.05403335378530837,False
random,mixed,4,0,0.001,MD-Sinkhorn (M=5),135,2701,1.374591588973999,0.0018259072989059138,0.053808828240011805,False
random,mixed,4,0,0.001,MD-Sinkhorn (M=5),136,2721,1.3855929374694824,0.001806248030899229,0.053583686749647266,False
random,mixed,4,0,0.001,MD-Sinkhorn (M=5),137,2741,1.3952217102050781,0.0017868719443678844,0.05335796406263806,False
random,mixed,4,0,0.001,MD-Sinkhorn (M=5),138,2761,1.4062168598175049,0.0017677714038420473,0.05313169434927954,False
random,mixed,4,0,0.001,MD-Sinkhorn (M=5),139,2781,1.4182181358337402,0.0017489390629127676,0.05290491120454571,False
random,mixed,4,0,0.001,MD-Sinkhorn (M=5),140,2801,1.436302661895752,0.001730367852866962,0.052677647649607764,False
random,mixed,4,0,0.001,MD-Sinkhorn (M=5),141,2821,1.458265781402588,0.0017120509718113138,0.05244993613493316,False
random,mixed,4,0,0.001,MD-Sinkhorn (M=5),142,2841,1.4702644348144531,0.0016939818742115907,0.05222180854363497,False
random,mixed,4,0,0.001,MD-Sinkhorn (M=5),143,2861,1.4803416728973389,0.0016761542606963974,0.05199329619276975,False
random,mixed,4,0,0.001,MD-Sinkhorn (M=5),144,2881,1.4898912906646729,0.0016585620685537563,0.051764429840552295,False
random,mixed,4,0,0.001,MD-Sinkhorn (M=5),145,2901,1.4999899864196777,0.001641199462166953,0.0515352396860017,False
random,mixed,4,0,0.001,MD-Sinkhorn (M=5),146,2921,1.5099973678588867,0.0016240608242588787,0.051305755377028875,False
random,mixed,4,0,0.001,MD-Sinkhorn (M=5),147,2941,1.5200014114379883,0.0016071407470797986,0.05107600601153088,False
random,mixed,4,0,0.001,MD-Sinkhorn (M=5),148,2961,1.529980182647705,0.001590434024235062,0.05084602014429826,False
random,mixed,4,0,0.001,MD-Sinkhorn (M=5),149,2981,1.5399062633514404,0.0015739356426412387,0.0506158257906267,False
random,mixed,4,0,0.001,MD-Sinkhorn (M=5),150,3001,1.549952745437622,0.0015576407748747806,0.0503854504317886,False
random,mixed,4,0,0.001,MD-Sinkhorn (M=5),151,3021,1.5600011348724365,0.0015415447717800456,0.05015492101984106,False
random,mixed,4,0,0.001,MD-Sinkhorn (M=5),152,3041,1.5699527263641357,0.001525643155390528,0.04992426398326353,False
random,mixed,4,0,0.001,MD-Sinkhorn (M=5),153,3061,1.580009937286377,0.0015099316121165885,0.04969350523241894,False
random,mixed,4,0,0.001,MD-Sinkhorn (M=5),154,3081,1.589484453201294,0.0014944059861311792,0.04946267016422155,False
random,mixed,4,0,0.001,MD-Sinkhorn (M=5),155,3101,1.5995573997497559,0.0014790622731679864,0.049231783669372225,False
random,mixed,4,0,0.001,MD-Sinkhorn (M=5),156,3121,1.6085433959960938,0.0014638966143782886,0.04900087013684959,False
random,mixed,4,0,0.001,MD-Sinkhorn (M=5),157,3141,1.6185505390167236,0.0014489052905433412,0.048769953460098166,False
random,mixed,4,0,0.001,MD-Sinkhorn (M=5),158,3161,1.628544569015503,0.0014340847164835964,0.04853905704321871,False
random,mixed,4,0,0.001,MD-Sinkhorn (M=5),159,3181,1.6384997367858887,0.0014194314356448584,0.04830820380626989,False
random,mixed,4,0,0.001,MD-Sinkhorn (M=5),160,3201,1.6474952697753906,0.00140494211502513,0.04807741619294011,False
random,mixed,4,0,0.001,MD-Sinkhorn (M=5),161,3221,1.6575758457183838,0.001390613540065629,0.0478467161741185,False
random,mixed,4,0,0.001,MD-Sinkhorn (M=5),162,3241,1.6675963401794434,0.001376442610033001,0.04761612525684705,False
random,mixed,4,0,0.001,MD-Sinkhorn (M=5),163,3261,1.6766841411590576,0.001362426333293436,0.047385664487740134,False
random,mixed,4,0,0.001,MD-Sinkhorn (M=5),164,3281,1.686605453491211,0.0013485618230132752,0.0471553544612866,False
random,mixed,4,0,0.001,MD-Sinkhorn (M=5),165,3301,1.6961314678192139,0.0013348462928957532,0.046925215325350544,False
random,mixed,4,0,0.001,MD-Sinkhorn (M=5),166,3321,1.7061312198638916,0.0013212770530811478,0.04669526678670767,False
random,mixed,4,0,0.001,MD-Sinkhorn (M=5),167,3341,1.7161331176757812,0.0013078515062830592,0.04646552811815459,False
random,mixed,4,0,0.001,MD-Sinkhorn (M=5),168,3361,1.726128339767456,0.00129456714402015,0.046236018164251276,False
random,mixed,4,0,0.001,MD-Sinkhorn (M=5),169,3381,1.7361290454864502,0.0012814215430346308,0.04600675534797651,False
random,mixed,4,0,0.001,MD-Sinkhorn (M=5),170,3401,1.7451322078704834,0.00126841236179663,0.04577775767620922,False
random,mixed,4,0,0.001,MD-Sinkhorn (M=5),171,3421,1.7551331520080566,0.0012555373372098587,0.04554904274648298,False
random,mixed,4,0,0.001,MD-Sinkhorn (M=5),172,3441,1.7651753425598145,0.0012427942814080537,0.045320627752882536,False
random,mixed,4,0,0.001,MD-Sinkhorn (M=5),173,3461,1.775242567062378,0.0012301810786942138,0.045092529492155344,False
random,mixed,4,0,0.001,MD-Sinkhorn (M=5),174,3481,1.785315990447998,0.0012176956825929325,0.04486476436978647,False
random,mixed,4,0,0.001,MD-Sinkhorn (M=5),175,3501,1.7949426174163818,0.0012053361130350375,0.04463734840621511,False
random,mixed,4,0,0.001,MD-Sinkhorn (M=5),176,3521,1.8049368858337402,0.0011931004536522704,0.04441029724292528,False
random,mixed,4,0,0.001,MD-Sinkhorn (M=5),177,3541,1.8149380683898926,0.001180986849142008,0.044183626147858944,False
random,mixed,4,0,0.001,MD-Sinkhorn (M=5),178,3561,1.8249382972717285,0.0011689935027973783,0.043957350021947034,False
random,mixed,4,0,0.001,MD-Sinkhorn (M=5),179,3581,1.8349409103393555,0.0011571186740924372,0.04373148340466358,False
random,mixed,4,0,0.001,MD-Sinkhorn (M=5),180,3601,1.8468880653381348,0.0011453606764031477,0.043506040480280304,False
random,mixed,4,0,0.001,MD-Sinkhorn (M=5),181,3621,1.8579812049865723,0.0011337178747547775,0.043281035082930186,False
random,mixed,4,0,0.001,MD-Sinkhorn (M=5),182,3641,1.8689286708831787,0.0011221886837318778,0.043056480702855726,False
random,mixed,4,0,0.001,MD-Sinkhorn (M=5),183,3661,1.8790457248687744,0.0011107715654568775,0.04283239049244651,False
random,mixed,4,0,0.001,MD-Sinkhorn (M=5),184,3681,1.8889942169189453,0.0010994650275887008,0.04260877727084382,False
random,mixed,4,0,0.001,MD-Sinkhorn (M=5),185,3701,1.8995234966278076,0.001088267621500654,0.04238565353057498,False
random,mixed,4,0,0.001,MD-Sinkhorn (M=5),186,3721,1.9085278511047363,0.001077177940444446,0.042163031442372975,False
random,mixed,4,0,0.001,MD-Sinkhorn (M=5),187,3741,1.9185283184051514,0.001066194617841349,0.0419409228607891,False
random,mixed,4,0,0.001,MD-Sinkhorn (M=5),188,3761,1.9285790920257568,0.0010553163256245904,0.041719339329721467,False
random,mixed,4,0,0.001,MD-Sinkhorn (M=5),189,3781,1.9377484321594238,0.0010445417726716087,0.04149829208790769,False
random,mixed,4,0,0.001,MD-Sinkhorn (M=5),190,3801,1.9477460384368896,0.001033869703246472,0.04127779207376929,False
random,mixed,4,0,0.001,MD-Sinkhorn (M=5),191,3821,1.9577603340148926,0.0010232988955610038,0.04105784993075076,False
random,mixed,4,0,0.001,MD-Sinkhorn (M=5),192,3841,1.9677653312683105,0.0010128281603840198,0.04083847601281739,False
random,mixed,4,0,0.001,MD-Sinkhorn (M=5),193,3861,1.976823091506958,0.0010024563396797026,0.04061968038912091,False
random,mixed,4,0,0.001,MD-Sinkhorn (M=5),194,3881,1.9868335723876953,0.0009921823053314683,0.04040147284918376,False
random,mixed,4,0,0.001,MD-Sinkhorn (M=5),195,3901,1.9962966442108154,0.000982004957908035,0.040183862907939696,False
random,mixed,4,0,0.001,MD-Sinkhorn (M=5),196,3921,2.0073509216308594,0.0009719232254917715,0.03996685981071203,False
random,mixed,4,0,0.001,MD-Sinkhorn (M=5),197,3941,2.018420934677124,0.0009619360625053586,0.039750472537360707,False
random,mixed,4,0,0.001,MD-Sinkhorn (M=5),198,3961,2.0284311771392822,0.0009520424486820218,0.039534709808105216,False
random,mixed,4,0,0.001,MD-Sinkhorn (M=5),199,3981,2.0413827896118164,0.0009422413879803635,0.03931958008738592,False
random,mixed,4,0,0.001,MD-Sinkhorn (M=5),200,4001,2.0543906688690186,0.0009325319076110765,0.039105091588919214,False
random,mixed,4,0,0.001,MD-Sinkhorn (M=5),201,4021,2.0663468837738037,0.0009229130570808073,0.03889125228034131,False
random,mixed,4,0,0.001,MD-Sinkhorn (M=5),202,4041,2.077392816543579,0.0009133839072560344,0.03867806988720349,False
random,mixed,4,0,0.001,MD-Sinkhorn (M=5),203,4061,2.09096097946167,0.0009039435495101149,0.03846555189797483,False
random,mixed,4,0,0.001,MD-Sinkhorn (M=5),204,4081,2.102616786956787,0.0008945910948646794,0.03825370556802042,False
random,mixed,4,0,0.001,MD-Sinkhorn (M=5),205,4101,2.1116111278533936,0.0008853256732079585,0.038042537924361755,False
random,mixed,4,0,0.001,MD-Sinkhorn (M=5),206,4121,2.1215929985046387,0.0008761464325046688,0.03783205576947955,False
random,mixed,4,0,0.001,MD-Sinkhorn (M=5),207,4141,2.132765054702759,0.0008670525380623881,0.03762226568570334,False
random,mixed,4,0,0.001,MD-Sinkhorn (M=5),208,4161,2.1427626609802246,0.0008580431718431358,0.037413174039591955,False
random,mixed,4,0,0.001,MD-Sinkhorn (M=5),209,4181,2.152801752090454,0.0008491175317548276,0.037204786985341284,False
random,mixed,4,0,0.001,MD-Sinkhorn (M=5),210,4201,2.163714647293091,0.0008402748310370558,0.03699711046948,False
random,mixed,4,0,0.001,MD-Sinkhorn (M=5),211,4221,2.1737961769104004,0.0008315142976221984,0.036790150234408674,False
random,mixed,4,0,0.001,MD-Sinkhorn (M=5),212,4241,2.183856725692749,0.0008228351735622883,0.03658391182264498,False
random,mixed,4,0,0.001,MD-Sinkhorn (M=5),213,4261,2.1934728622436523,0.0008142367144318768,0.03637840057993935,False
random,mixed,4,0,0.001,MD-Sinkhorn (M=5),214,4281,2.203479051589966,0.0008057181888240427,0.03617362166003772,False
random,mixed,4,0,0.001,MD-Sinkhorn (M=5),215,4301,2.215881824493408,0.0007972788778046057,0.035969580027598515,False
random,mixed,4,0,0.001,MD-Sinkhorn (M=5),216,4321,2.2268688678741455,0.000788918074425451,0.03576628046209726,False
random,mixed,4,0,0.001,MD-Sinkhorn (M=5),217,4341,2.236872673034668,0.0007806350832538535,0.03556372756150703,False
random,mixed,4,0,0.001,MD-Sinkhorn (M=5),218,4361,2.2458813190460205,0.0007724292199132988,0.0353619257456394,False
random,mixed,4,0,0.001,MD-Sinkhorn (M=5),219,4381,2.2559092044830322,0.0007642998106565067,0.035160879259838324,False
random,mixed,4,0,0.001,MD-Sinkhorn (M=5),220,4401,2.2659053802490234,0.0007562461919585653,0.034960592178430935,False
random,mixed,4,0,0.001,MD-Sinkhorn (M=5),221,4421,2.2749547958374023,0.0007482677100962135,0.034761068407588164,False
random,mixed,4,0,0.001,MD-Sinkhorn (M=5),222,4441,2.2849717140197754,0.000740363720799807,0.03456231168932326,False
random,mixed,4,0,0.001,MD-Sinkhorn (M=5),223,4461,2.2946343421936035,0.0007325335888808487,0.03436432560441567,False
random,mixed,4,0,0.001,MD-Sinkhorn (M=5),224,4481,2.304631471633911,0.0007247766878752233,0.034167113575441485,False
random,mixed,4,0,0.001,MD-Sinkhorn (M=5),225,4501,2.3135907649993896,0.0007170923997339615,0.03397067887014317,False
random,mixed,4,0,0.001,MD-Sinkhorn (M=5),226,4521,2.324702739715576,0.0007094801145076414,0.0337750246047958,False
random,mixed,4,0,0.001,MD-Sinkhorn (M=5),227,4541,2.334646463394165,0.0007019392300258789,0.03358015374648199,False
random,mixed,4,0,0.001,MD-Sinkhorn (M=5),228,4561,2.3447110652923584,0.0006944691516355237,0.033386069116907335,False
random,mixed,4,0,0.001,MD-Sinkhorn (M=5),229,4581,2.3556737899780273,0.000687069291922345,0.033192773394960184,False
random,mixed,4,0,0.001,MD-Sinkhorn (M=5),230,4601,2.3646433353424072,0.0006797390704407109,0.03300026911954412,False
random,mixed,4,0,0.001,MD-Sinkhorn (M=5),231,4621,2.374631643295288,0.0006724779134690685,0.032808558692440565,False
random,mixed,4,0,0.001,MD-Sinkhorn (M=5),232,4641,2.3842315673828125,0.0006652852537906043,0.032617644381601495,False
random,mixed,4,0,0.001,MD-Sinkhorn (M=5),233,4661,2.39582896232605,0.000658160530439243,0.032427528323047974,False
random,mixed,4,0,0.001,MD-Sinkhorn (M=5),234,4681,2.4059042930603027,0.0006511031885097357,0.03223821252431833,False
random,mixed,4,0,0.001,MD-Sinkhorn (M=5),235,4701,2.4158246517181396,0.00064411267892726,0.032049698866491005,False
random,mixed,4,0,0.001,MD-Sinkhorn (M=5),236,4721,2.4248263835906982,0.0006371884582857756,0.031861989107535044,False
random,mixed,4,0,0.001,MD-Sinkhorn (M=5),237,4741,2.4351999759674072,0.0006303299886354398,0.03167508488430035,False
random,mixed,4,0,0.001,MD-Sinkhorn (M=5),238,4761,2.4441990852355957,0.0006235367373182716,0.03148898771529947,False
random,mixed,4,0,0.001,MD-Sinkhorn (M=5),239,4781,2.454200267791748,0.0006168081767816661,0.03130369900271726,False
random,mixed,4,0,0.001,MD-Sinkhorn (M=5),240,4801,2.46420955657959,0.0006101437844601124,0.03111922003603987,False
random,mixed,4,0,0.001,MD-Sinkhorn (M=5),241,4821,2.474191665649414,0.000603543042571333,0.03093555199290922,False
random,mixed,4,0,0.001,MD-Sinkhorn (M=5),242,4841,2.4842536449432373,0.0005970054380051134,0.03075269594257571,False
random,mixed,4,0,0.001,MD-Sinkhorn (M=5),243,4861,2.493828296661377,0.0005905304621812127,0.030570652847857906,False
random,mixed,4,0,0.001,MD-Sinkhorn (M=5),244,4881,2.5038363933563232,0.0005841176108937335,0.03038942356704083,False
random,mixed,4,0,0.001,MD-Sinkhorn (M=5),245,4901,2.513831853866577,0.0005777663842361567,0.030209008857223208,False
random,mixed,4,0,0.001,MD-Sinkhorn (M=5),246,4921,2.524822473526001,0.0005714762864287939,0.03002940937506543,False
random,mixed,4,0,0.001,MD-Sinkhorn (M=5),247,4941,2.5351474285125732,0.0005652468257415218,0.02985062567999571,False
random,mixed,4,0,0.001,MD-Sinkhorn (M=5),248,4961,2.545114278793335,0.0005590775143742054,0.029672658235883914,False
random,mixed,4,0,0.001,MD-Sinkhorn (M=5),249,4981,2.555162191390991,0.0005529678683569776,0.02949550741318388,False
random,mixed,4,0,0.001,MD-Sinkhorn (M=5),250,5001,2.5661568641662598,0.0005469174074633799,0.029319173491229436,False
random,mixed,4,0,0.001,MD-Sinkhorn (M=5),251,5021,2.57621169090271,0.0005409256550930343,0.029143656659532072,False
random,mixed,4,0,0.001,MD-Sinkhorn (M=5),252,5041,2.587284803390503,0.0005349921382278356,0.02896895702087562,False
random,mixed,4,0,0.001,MD-Sinkhorn (M=5),253,5061,2.5979297161102295,0.0005291163873047517,0.028795074592014608,False
random,mixed,4,0,0.001,MD-Sinkhorn (M=5),254,5081,2.6079111099243164,0.0005232979361788508,0.02862200930672123,False
random,mixed,4,0,0.001,MD-Sinkhorn (M=5),255,5101,2.6178781986236572,0.0005175363220138061,0.02844976101666039,False
random,mixed,4,0,0.001,MD-Sinkhorn (M=5),256,5121,2.62687349319458,0.0005118310852395857,0.02827832949390194,False
random,mixed,4,0,0.001,MD-Sinkhorn (M=5),257,5141,2.636918544769287,0.0005061817694719975,0.028107714432382518,False
random,mixed,4,0,0.001,MD-Sinkhorn (M=5),258,5161,2.646899938583374,0.00050058792146107,0.027937915449960233,False
random,mixed,4,0,0.001,MD-Sinkhorn (M=5),259,5181,2.6569507122039795,0.0004950490910168039,0.027768932089649617,False
random,mixed,4,0,0.001,MD-Sinkhorn (M=5),260,5201,2.665947914123535,0.0004895648309781436,0.027600763822088502,False
random,mixed,4,0,0.001,MD-Sinkhorn (M=5),261,5221,2.675912857055664,0.000484134697120405,0.027433410046153794,False
random,mixed,4,0,0.001,MD-Sinkhorn (M=5),262,5241,2.68601655960083,0.0004787582481606987,0.02726687009192727,False
random,mixed,4,0,0.001,MD-Sinkhorn (M=5),263,5261,2.6957359313964844,0.0004734350456620964,0.02710114322114947,False
random,mixed,4,0,0.001,MD-Sinkhorn (M=5),264,5281,2.704712390899658,0.0004681646540154612,0.02693622862939822,False
random,mixed,4,0,0.001,MD-Sinkhorn (M=5),265,5301,2.714674711227417,0.00046294664038195286,0.026772125447364202,False
random,mixed,4,0,0.001,MD-Sinkhorn (M=5),266,5321,2.724715232849121,0.00045778057467997816,0.026608832742864102,False
random,mixed,4,0,0.001,MD-Sinkhorn (M=5),267,5341,2.734713077545166,0.000452666029508211,0.026446349521452337,False
random,mixed,4,0,0.001,MD-Sinkhorn (M=5),268,5361,2.7447094917297363,0.0004476025801530663,0.026284674729017285,False
random,mixed,4,0,0.001,MD-Sinkhorn (M=5),269,5381,2.755707025527954,0.00044258980452977197,0.026123807252346403,False
random,mixed,4,0,0.001,MD-Sinkhorn (M=5),270,5401,2.766669988632202,0.0004376272831570116,0.025963745920952727,False
random,mixed,4,0,0.001,MD-Sinkhorn (M=5),271,5421,2.7756669521331787,0.00043271459911968166,0.02580448950799985,False
random,mixed,4,0,0.001,MD-Sinkhorn (M=5),272,5441,2.785722255706787,0.0004278513380652311,0.02564603673254572,False
random,mixed,4,0,0.001,MD-Sinkhorn (M=5),273,5461,2.7952964305877686,0.00042303708816085906,0.025488386260270134,False
random,mixed,4,0,0.001,MD-Sinkhorn (M=5),274,5481,2.8052968978881836,0.00041827144006104273,0.025331536704520735,False
random,mixed,4,0,0.001,MD-Sinkhorn (M=5),275,5501,2.8143115043640137,0.0004135539869068311,0.025175486628365124,False
random,mixed,4,0,0.001,MD-Sinkhorn (M=5),276,5521,2.824300765991211,0.0004088843242870694,0.025020234545291474,False
random,mixed,4,0,0.001,MD-Sinkhorn (M=5),277,5541,2.8343920707702637,0.00040426205022953913,0.024865778920759175,False
random,mixed,4,0,0.001,MD-Sinkhorn (M=5),278,5561,2.844392776489258,0.0003996867651706081,0.02471211817314041,False
random,mixed,4,0,0.001,MD-Sinkhorn (M=5),279,5581,2.8543946743011475,0.00039515807194479523,0.024559250674993652,False
random,mixed,4,0,0.001,MD-Sinkhorn (M=5),280,5601,2.8644003868103027,0.0003906755757727496,0.024407174754520318,False
random,mixed,4,0,0.001,MD-Sinkhorn (M=5),281,5621,2.8743960857391357,0.0003862388842424758,0.02425588869669415,False
random,mixed,4,0,0.001,MD-Sinkhorn (M=5),282,5641,2.883831262588501,0.00038184760728815167,0.024105390743859766,False
random,mixed,4,0,0.001,MD-Sinkhorn (M=5),283,5661,2.8944225311279297,0.0003775013571856126,0.023955679097459798,False
random,mixed,4,0,0.001,MD-Sinkhorn (M=5),284,5681,2.9044294357299805,0.00037319974852394276,0.023806751918520767,False
random,mixed,4,0,0.001,MD-Sinkhorn (M=5),285,5701,2.9144320487976074,0.0003689423982210481,0.02365860732955861,False
random,mixed,4,0,0.001,MD-Sinkhorn (M=5),286,5721,2.924433469772339,0.0003647289254829764,0.02351124341471883,False
random,mixed,4,0,0.001,MD-Sinkhorn (M=5),287,5741,2.9344303607940674,0.00036055895182248495,0.023364658221637632,False
random,mixed,4,0,0.001,MD-Sinkhorn (M=5),288,5761,2.9445548057556152,0.00035643210101926354,0.023218849761762812,False
random,mixed,4,0,0.001,MD-Sinkhorn (M=5),289,5781,2.9545085430145264,0.0003523479991297189,0.023073816011685566,False
random,mixed,4,0,0.001,MD-Sinkhorn (M=5),290,5801,2.9654181003570557,0.0003483062744785003,0.02292955491420481,False
random,mixed,4,0,0.001,MD-Sinkhorn (M=5),291,5821,2.974468946456909,0.00034430655763669914,0.022786064378899837,False
random,mixed,4,0,0.001,MD-Sinkhorn (M=5),292,5841,2.985583782196045,0.000340348481440459,0.022643342283846058,False
random,mixed,4,0,0.001,MD-Sinkhorn (M=5),293,5861,2.9952828884124756,0.0003364316809415704,0.022501386475219716,False
random,mixed,4,0,0.001,MD-Sinkhorn (M=5),294,5881,3.0052919387817383,0.00033255579344046134,0.022360194769442426,False
random,mixed,4,0,0.001,MD-Sinkhorn (M=5),295,5901,3.015282154083252,0.00032872045847054713,0.022219764953774514,False
random,mixed,4,0,0.001,MD-Sinkhorn (M=5),296,5921,3.0252792835235596,0.00032492531778015527,0.02208009478681896,False
random,mixed,4,0,0.001,MD-Sinkhorn (M=5),297,5941,3.0352225303649902,0.0003211700153258599,0.02194118199930966,False
random,mixed,4,0,0.001,MD-Sinkhorn (M=5),298,5961,3.045285224914551,0.00031745419728248505,0.021803024295515325,False
random,mixed,4,0,0.001,MD-Sinkhorn (M=5),299,5981,3.0552377700805664,0.0003137775120357223,0.021665619353874288,False
random,mixed,4,0,0.001,MD-Sinkhorn (M=5),300,6001,3.065197706222534,0.00031013961016190025,0.021528964827367852,False
random,mixed,4,0,0.001,MD-Sinkhorn (M=5),301,6021,3.075192451477051,0.00030654014443371575,0.021393058344644972,False
random,mixed,4,0,0.001,MD-Sinkhorn (M=5),302,6041,3.085205316543579,0.0003029787698204552,0.021257897510994744,False
random,mixed,4,0,0.001,MD-Sinkhorn (M=5),303,6061,3.094726324081421,0.00029945514347899074,0.021123479908801528,False
random,mixed,4,0,0.001,MD-Sinkhorn (M=5),304,6081,3.1047255992889404,0.0002959689247386229,0.02098980309807521,False
random,mixed,4,0,0.001,MD-Sinkhorn (M=5),305,6101,3.1147944927215576,0.00029251977511559127,0.02085686461775574,False
random,mixed,4,0,0.001,MD-Sinkhorn (M=5),306,6121,3.124772787094116,0.00028910735830522775,0.020724661986290888,False
random,mixed,4,0,0.001,MD-Sinkhorn (M=5),307,6141,3.1347668170928955,0.0002857313401622575,0.020593192701710922,False
random,mixed,4,0,0.001,MD-Sinkhorn (M=5),308,6161,3.144773006439209,0.0002823913887175537,0.020462454243202994,False
random,mixed,4,0,0.001,MD-Sinkhorn (M=5),309,6181,3.1547646522521973,0.0002790871741613404,0.02033244407117364,False
random,mixed,4,0,0.001,MD-Sinkhorn (M=5),310,6201,3.1647756099700928,0.0002758183688445232,0.020203159628142654,False
random,mixed,4,0,0.001,MD-Sinkhorn (M=5),311,6221,3.1747725009918213,0.0002725846472766643,0.02007459833939018,False
random,mixed,4,0,0.001,MD-Sinkhorn (M=5),312,6241,3.1848247051239014,0.0002693856861150589,0.01994675761349616,False
random,mixed,4,0,0.001,MD-Sinkhorn (M=5),313,6261,3.195437431335449,0.00026622116417163795,0.019819634843119577,False
random,mixed,4,0,0.001,MD-Sinkhorn (M=5),314,6281,3.205442190170288,0.00026309076239780364,0.019693227405300766,False
random,mixed,4,0,0.001,MD-Sinkhorn (M=5),315,6301,3.216878890991211,0.00025999416389823216,0.019567532662729637,False
random,mixed,4,0,0.001,MD-Sinkhorn (M=5),316,6321,3.2268776893615723,0.0002569310539007872,0.01944254796327237,False
random,mixed,4,0,0.001,MD-Sinkhorn (M=5),317,6341,3.236874580383301,0.000253901119782705,0.019318270641697395,False
random,mixed,4,0,0.001,MD-Sinkhorn (M=5),318,6361,3.247258186340332,0.00025090405104016833,0.019194698019235942,False
random,mixed,4,0,0.001,MD-Sinkhorn (M=5),319,6381,3.2572505474090576,0.00024793953930749143,0.01907182740490651,False
random,mixed,4,0,0.001,MD-Sinkhorn (M=5),320,6401,3.2672529220581055,0.0002450072783323335,0.018949656095546514,False
random,mixed,4,0,0.001,MD-Sinkhorn (M=5),321,6421,3.2772674560546875,0.00024210696399276752,0.01882818137672401,False
random,mixed,4,0,0.001,MD-Sinkhorn (M=5),322,6441,3.2873001098632812,0.00023923829427454908,0.018707400522808962,False
random,mixed,4,0,0.001,MD-Sinkhorn (M=5),323,6461,3.297917127609253,0.0002364009692794385,0.01858731079796281,False
random,mixed,4,0,0.001,MD-Sinkhorn (M=5),324,6481,3.3080108165740967,0.00023359469121672074,0.01846790945628475,False
random,mixed,4,0,0.001,MD-Sinkhorn (M=5),325,6501,3.31791615486145,0.000230819164401722,0.01834919374262645,False
random,mixed,4,0,0.001,MD-Sinkhorn (M=5),326,6521,3.327911138534546,0.00022807409524238406,0.018231160892481453,False
random,mixed,4,0,0.001,MD-Sinkhorn (M=5),327,6541,3.3409860134124756,0.00022535919225105433,0.018113808133286464,False
random,mixed,4,0,0.001,MD-Sinkhorn (M=5),328,6561,3.3519437313079834,0.0002226741660210803,0.017997132684013782,False
random,mixed,4,0,0.001,MD-Sinkhorn (M=5),329,6581,3.3619191646575928,0.00022001872924554394,0.01788113175660123,False
random,mixed,4,0,0.001,MD-Sinkhorn (M=5),330,6601,3.372907876968384,0.00021739259668381852,0.01776580255518219,False
random,mixed,4,0,0.001,MD-Sinkhorn (M=5),331,6621,3.381964921951294,0.00021479548518600123,0.017651142277816112,False
random,mixed,4,0,0.001,MD-Sinkhorn (M=5),332,6641,3.3919663429260254,0.0002122271136631548,0.01753714811562173,False
random,mixed,4,0,0.001,MD-Sinkhorn (M=5),333,6661,3.4014296531677246,0.00020968720310455624,0.017423817254550368,False
random,mixed,4,0,0.001,MD-Sinkhorn (M=5),334,6681,3.411349058151245,0.000207175476545754,0.017311146874218822,False
random,mixed,4,0,0.001,MD-Sinkhorn (M=5),335,6701,3.4219303131103516,0.0002046916591040193,0.01719913415025335,False
random,mixed,4,0,0.001,MD-Sinkhorn (M=5),336,6721,3.43190336227417,0.0002022354779209754,0.01708777625251097,False
random,mixed,4,0,0.001,MD-Sinkhorn (M=5),337,6741,3.440901756286621,0.00019980666220223236,0.01697707034722177,False
random,mixed,4,0,0.001,MD-Sinkhorn (M=5),338,6761,3.4512243270874023,0.00019740494319122237,0.016867013596560006,False
random,mixed,4,0,0.001,MD-Sinkhorn (M=5),339,6781,3.4602134227752686,0.0001950300541586948,0.016757603158834813,False
random,mixed,4,0,0.001,MD-Sinkhorn (M=5),340,6801,3.4701898097991943,0.0001926817304185298,0.016648836189714546,False
random,mixed,4,0,0.001,MD-Sinkhorn (M=5),341,6821,3.4802932739257812,0.00019035970929495044,0.016540709841430544,False
random,mixed,4,0,0.001,MD-Sinkhorn (M=5),342,6841,3.4892890453338623,0.00018806373013622647,0.016433221264062048,False
random,mixed,4,0,0.001,MD-Sinkhorn (M=5),343,6861,3.499028444290161,0.0001857935342983669,0.01632636760521354,False
random,mixed,4,0,0.001,MD-Sinkhorn (M=5),344,6881,3.508981704711914,0.00018354886514389225,0.016220146010842026,False
random,mixed,4,0,0.001,MD-Sinkhorn (M=5),345,6901,3.5189831256866455,0.0001813294680389581,0.016114553625477944,False
random,mixed,4,0,0.001,MD-Sinkhorn (M=5),346,6921,3.527984142303467,0.0001791350903325474,0.01600958759209627,False
random,mixed,4,0,0.001,MD-Sinkhorn (M=5),347,6941,3.54042387008667,0.0001769654813658715,0.015905245052949834,False
random,mixed,4,0,0.001,MD-Sinkhorn (M=5),348,6961,3.5504579544067383,0.00017482039246177012,0.01580152314995132,False
random,mixed,4,0,0.001,MD-Sinkhorn (M=5),349,6981,3.559464693069458,0.00017269957690087528,0.01569841902396513,False
random,mixed,4,0,0.001,MD-Sinkhorn (M=5),350,7001,3.5694196224212646,0.00017060278994684595,0.015595929816615183,False
random,mixed,4,0,0.001,MD-Sinkhorn (M=5),351,7021,3.5805771350860596,0.00016852978880977916,0.01549405266932079,False
random,mixed,4,0,0.001,MD-Sinkhorn (M=5),352,7041,3.59060001373291,0.0001664803326561525,0.01539278472424975,False
random,mixed,4,0,0.001,MD-Sinkhorn (M=5),353,7061,3.6023049354553223,0.00016445418258790776,0.015292123123960475,False
random,mixed,4,0,0.001,MD-Sinkhorn (M=5),354,7081,3.612257719039917,0.00016245110165563712,0.015192065012712686,False
random,mixed,4,0,0.001,MD-Sinkhorn (M=5),355,7101,3.622311592102051,0.00016047085482675302,0.015092607535468174,False
random,mixed,4,0,0.001,MD-Sinkhorn (M=5),356,7121,3.631312370300293,0.0001585132089938087,0.014993747839066311,False
random,mixed,4,0,0.001,MD-Sinkhorn (M=5),357,7141,3.641305923461914,0.00015657793296543774,0.014895483072133597,False
random,mixed,4,0,0.001,MD-Sinkhorn (M=5),358,7161,3.650735855102539,0.00015466479745664596,0.014797810385457544,False
random,mixed,4,0,0.001,MD-Sinkhorn (M=5),359,7181,3.660735845565796,0.0001527735750713429,0.014700726931769062,False
random,mixed,4,0,0.001,MD-Sinkhorn (M=5),360,7201,3.6707370281219482,0.00015090404030838303,0.014604229866459068,False
random,mixed,4,0,0.001,MD-Sinkhorn (M=5),361,7221,3.679863452911377,0.0001490559695534546,0.014508316348014316,False
random,mixed,4,0,0.001,MD-Sinkhorn (M=5),362,7241,3.689849615097046,0.0001472291410552465,0.014412983537311049,False
random,mixed,4,0,0.001,MD-Sinkhorn (M=5),363,7261,3.6994636058807373,0.0001454233349337372,0.014318228598802378,False
random,mixed,4,0,0.001,MD-Sinkhorn (M=5),364,7281,3.7095820903778076,0.00014363833316460178,0.014224048700265824,False
random,mixed,4,0,0.001,MD-Sinkhorn (M=5),365,7301,3.7205004692077637,0.00014187391956812915,0.014130441012790054,False
random,mixed,4,0,0.001,MD-Sinkhorn (M=5),366,7321,3.7315549850463867,0.00014012987980922473,0.014037402711633893,False
random,mixed,4,0,0.001,MD-Sinkhorn (M=5),367,7341,3.7415075302124023,0.00013840600137627669,0.013944930975579787,False
random,mixed,4,0,0.001,MD-Sinkhorn (M=5),368,7361,3.7515087127685547,0.00013670207359002995,0.013853022988186683,False
random,mixed,4,0,0.001,MD-Sinkhorn (M=5),369,7381,3.760507583618164,0.0001350178875716495,0.013761675936709107,False
random,mixed,4,0,0.001,MD-Sinkhorn (M=5),370,7401,3.77150559425354,0.00013335323626342062,0.01367088701369635,False
random,mixed,4,0,0.001,MD-Sinkhorn (M=5),371,7421,3.7816085815429688,0.00013170791438460428,0.013580653415530698,False
random,mixed,4,0,0.001,MD-Sinkhorn (M=5),372,7441,3.7915596961975098,0.000130081718451303,0.013490972344068698,False
random,mixed,4,0,0.001,MD-Sinkhorn (M=5),373,7461,3.803293228149414,0.0001284744467553282,0.013401841006071192,False
random,mixed,4,0,0.001,MD-Sinkhorn (M=5),374,7481,3.814305067062378,0.00012688589935820832,0.013313256613623798,False
random,mixed,4,0,0.001,MD-Sinkhorn (M=5),375,7501,3.824289083480835,0.0001253158780770041,0.013225216384046817,False
random,mixed,4,0,0.001,MD-Sinkhorn (M=5),376,7521,3.835249900817871,0.00012376418647517444,0.013137717540016101,False
random,mixed,4,0,0.001,MD-Sinkhorn (M=5),377,7541,3.8452539443969727,0.00012223062986689787,0.013050757310388725,False
random,mixed,4,0,0.001,MD-Sinkhorn (M=5),378,7561,3.856330394744873,0.00012071501528310678,0.012964332929230011,False
random,mixed,4,0,0.001,MD-Sinkhorn (M=5),379,7581,3.866332530975342,0.00011921715149024355,0.012878441637258632,False
random,mixed,4,0,0.001,MD-Sinkhorn (M=5),380,7601,3.877281427383423,0.00011773684895600577,0.012793080680779133,False
random,mixed,4,0,0.001,MD-Sinkhorn (M=5),381,7621,3.8877103328704834,0.0001162739198554137,0.012708247312634448,False
random,mixed,4,0,0.001,MD-Sinkhorn (M=5),382,7641,3.899338722229004,0.00011482817805436442,0.012623938791992853,False
random,mixed,4,0,0.001,MD-Sinkhorn (M=5),383,7661,3.90938401222229,0.00011339943909934903,0.012540152384368513,False
random,mixed,4,0,0.001,MD-Sinkhorn (M=5),384,7681,3.920382261276245,0.00011198752021611955,0.012456885362345169,False
random,mixed,4,0,0.001,MD-Sinkhorn (M=5),385,7701,3.932434558868408,0.00011059224028205365,0.012374135004556246,False
random,mixed,4,0,0.001,MD-Sinkhorn (M=5),386,7721,3.944467306137085,0.00010921341984080637,0.012291898597222298,False
random,mixed,4,0,0.001,MD-Sinkhorn (M=5),387,7741,3.9574289321899414,0.00010785088107241646,0.0122101734333347,False
random,mixed,4,0,0.001,MD-Sinkhorn (M=5),388,7761,3.968430757522583,0.00010650444779067444,0.012128956812775787,False
random,mixed,4,0,0.001,MD-Sinkhorn (M=5),389,7781,3.9774301052093506,0.00010517394544298526,0.012048246043422379,False
random,mixed,4,0,0.001,MD-Sinkhorn (M=5),390,7801,3.9875376224517822,0.00010385920106740598,0.011968038439010325,False
random,mixed,4,0,0.001,MD-Sinkhorn (M=5),391,7821,3.9972479343414307,0.00010256004333192336,0.011888331322310219,False
random,mixed,4,0,0.001,MD-Sinkhorn (M=5),392,7841,4.00623893737793,0.0001012763024832229,0.011809122022760537,False
random,mixed,4,0,0.001,MD-Sinkhorn (M=5),393,7861,4.0162413120269775,0.00010000781035567302,0.011730407877616814,False
random,mixed,4,0,0.001,MD-Sinkhorn (M=5),394,7881,4.026241779327393,9.875440035561362e-05,0.011652186231780194,False
random,mixed,4,0,0.001,MD-Sinkhorn (M=5),395,7901,4.035252809524536,9.751590745286183e-05,0.011574454438082955,False
random,mixed,4,0,0.001,MD-Sinkhorn (M=5),396,7921,4.045185089111328,9.629216817557198e-05,0.011497209857444698,False
random,mixed,4,0,0.001,MD-Sinkhorn (M=5),397,7941,4.056251525878906,9.508302059261045e-05,0.011420449858689573,False
random,mixed,4,0,0.001,MD-Sinkhorn (M=5),398,7961,4.067240953445435,9.388830429921655e-05,0.011344171818300369,False
random,mixed,4,0,0.001,MD-Sinkhorn (M=5),399,7981,4.079335927963257,9.270786042194748e-05,0.011268373121526159,False
random,mixed,4,0,0.001,MD-Sinkhorn (M=5),400,8001,4.0902581214904785,9.154153159754083e-05,0.011193051161551167,False
random,mixed,4,0,0.001,MD-Sinkhorn (M=5),401,8021,4.099780797958374,9.038916196393658e-05,0.011118203339988893,False
random,mixed,4,0,0.001,MD-Sinkhorn (M=5),402,8041,4.108783006668091,8.9250597153436e-05,0.011043827066799265,False
random,mixed,4,0,0.001,MD-Sinkhorn (M=5),403,8061,4.118784427642822,8.812568427542938e-05,0.010969919760302739,False
random,mixed,4,0,0.001,MD-Sinkhorn (M=5),404,8081,4.1288533210754395,8.701427192447453e-05,0.010896478847979292,False
random,mixed,4,0,0.001,MD-Sinkhorn (M=5),405,8101,4.137913227081299,8.591621014031933e-05,0.010823501764993564,False
random,mixed,4,0,0.001,MD-Sinkhorn (M=5),406,8121,4.147987604141235,8.483135042213993e-05,0.010750985955793232,False
random,mixed,4,0,0.001,MD-Sinkhorn (M=5),407,8141,4.158011198043823,8.375954571213551e-05,0.010678928873430617,False
random,mixed,4,0,0.001,MD-Sinkhorn (M=5),408,8161,4.16799259185791,8.270065038045523e-05,0.010607327979783115,False
random,mixed,4,0,0.001,MD-Sinkhorn (M=5),409,8181,4.1788647174835205,8.165452021851672e-05,0.010536180745519954,False
random,mixed,4,0,0.001,MD-Sinkhorn (M=5),410,8201,4.189977407455444,8.062101243019914e-05,0.010465484650345063,False
random,mixed,4,0,0.001,MD-Sinkhorn (M=5),411,8221,4.200310230255127,7.959998561520086e-05,0.010395237182624431,False
random,mixed,4,0,0.001,MD-Sinkhorn (M=5),412,8241,4.211315870285034,7.859129976988365e-05,0.01032543584019649,False
random,mixed,4,0,0.001,MD-Sinkhorn (M=5),413,8261,4.22131872177124,7.759481626422489e-05,0.010256078129708981,False
random,mixed,4,0,0.001,MD-Sinkhorn (M=5),414,8281,4.23225474357605,7.661039784223503e-05,0.010187161566811414,False
random,mixed,4,0,0.001,MD-Sinkhorn (M=5),415,8301,4.242271900177002,7.563790860507847e-05,0.01011868367667035,False
random,mixed,4,0,0.001,MD-Sinkhorn (M=5),416,8321,4.25320839881897,7.467721400825642e-05,0.010050641993587142,False
random,mixed,4,0,0.001,MD-Sinkhorn (M=5),417,8341,4.263258934020996,7.37281808354136e-05,0.009983034060531953,False
random,mixed,4,0,0.001,MD-Sinkhorn (M=5),418,8361,4.274213552474976,7.279067721444586e-05,0.009915857430774586,False
random,mixed,4,0,0.001,MD-Sinkhorn (M=5),419,8381,4.285220623016357,7.18645725848897e-05,0.00984910966644268,False
random,mixed,4,0,0.001,MD-Sinkhorn (M=5),420,8401,4.29567289352417,7.094973768849975e-05,0.009782788338526667,False
random,mixed,4,0,0.001,MD-Sinkhorn (M=5),421,8421,4.305693864822388,7.00460445765775e-05,0.009716891028259317,False
random,mixed,4,0,0.001,MD-Sinkhorn (M=5),422,8441,4.316695928573608,6.915336658611039e-05,0.009651415325879409,False
random,mixed,4,0,0.001,MD-Sinkhorn (M=5),423,8461,4.326698064804077,6.827157833081484e-05,0.009586358831315256,False
random,mixed,4,0,0.001,MD-Sinkhorn (M=5),424,8481,4.33669376373291,6.740055569310407e-05,0.00952171915360044,False
random,mixed,4,0,0.001,MD-Sinkhorn (M=5),425,8501,4.34771728515625,6.654017581672329e-05,0.009457493911854416,False
random,mixed,4,0,0.001,MD-Sinkhorn (M=5),426,8521,4.358766555786133,6.569031709568085e-05,0.009393680734600302,False
random,mixed,4,0,0.001,MD-Sinkhorn (M=5),427,8541,4.369075536727905,6.485085915689285e-05,0.00933027725965456,False
random,mixed,4,0,0.001,MD-Sinkhorn (M=5),428,8561,4.380123138427734,6.402168285899758e-05,0.009267281134586823,False
random,mixed,4,0,0.001,MD-Sinkhorn (M=5),429,8581,4.39107084274292,6.320267028388194e-05,0.009204690017009461,False
random,mixed,4,0,0.001,MD-Sinkhorn (M=5),430,8601,4.401587247848511,6.239370471636404e-05,0.009142501573617404,False
random,mixed,4,0,0.001,MD-Sinkhorn (M=5),431,8621,4.410589694976807,6.159467064674982e-05,0.009080713481269091,False
random,mixed,4,0,0.001,MD-Sinkhorn (M=5),432,8641,4.420709609985352,6.080545374709885e-05,0.00901932342606129,False
random,mixed,4,0,0.001,MD-Sinkhorn (M=5),433,8661,4.4306395053863525,6.0025940879898524e-05,0.008958329104365921,False
random,mixed,4,0,0.001,MD-Sinkhorn (M=5),434,8681,4.4407124519348145,5.9256020066706045e-05,0.008897728221729911,False
random,mixed,4,0,0.001,MD-Sinkhorn (M=5),435,8701,4.4507081508636475,5.8495580497427676e-05,0.008837518493859676,False
random,mixed,4,0,0.001,MD-Sinkhorn (M=5),436,8721,4.460713863372803,5.77445125110414e-05,0.008777697646165945,False
random,mixed,4,0,0.001,MD-Sinkhorn (M=5),437,8741,4.472717523574829,5.700270758730538e-05,0.008718263413782859,False
random,mixed,4,0,0.001,MD-Sinkhorn (M=5),438,8761,4.48273229598999,5.627005833499642e-05,0.008659213541553655,False
random,mixed,4,0,0.001,MD-Sinkhorn (M=5),439,8781,4.491734743118286,5.554645848747982e-05,0.008600545784128957,False
random,mixed,4,0,0.001,MD-Sinkhorn (M=5),440,8801,4.50226354598999,5.483180289412096e-05,0.008542257906406215,False
random,mixed,4,0,0.001,MD-Sinkhorn (M=5),441,8821,4.512234210968018,5.412598750131664e-05,0.008484347682554516,False
random,mixed,4,0,0.001,MD-Sinkhorn (M=5),442,8841,4.52126932144165,5.342890935155641e-05,0.008426812896759072,False
random,mixed,4,0,0.001,MD-Sinkhorn (M=5),443,8861,4.532231092453003,5.274046657361515e-05,0.008369651343230432,False
random,mixed,4,0,0.001,MD-Sinkhorn (M=5),444,8881,4.542221546173096,5.206055836744119e-05,0.008312860825748121,False
random,mixed,4,0,0.001,MD-Sinkhorn (M=5),445,8901,4.553229331970215,5.138908500376834e-05,0.00825643915825747,False
random,mixed,4,0,0.001,MD-Sinkhorn (M=5),446,8921,4.563222646713257,5.072594780302275e-05,0.008200384164122408,False
random,mixed,4,0,0.001,MD-Sinkhorn (M=5),447,8941,4.572183609008789,5.007104913757731e-05,0.00814469367690828,False
random,mixed,4,0,0.001,MD-Sinkhorn (M=5),448,8961,4.582305431365967,4.942429241773679e-05,0.008089365539968939,False
random,mixed,4,0,0.001,MD-Sinkhorn (M=5),449,8981,4.591310977935791,4.878558208261082e-05,0.008034397606547224,False
random,mixed,4,0,0.001,MD-Sinkhorn (M=5),450,9001,4.600996255874634,4.815482358726383e-05,0.007979787739573772,False
random,mixed,4,0,0.001,MD-Sinkhorn (M=5),451,9021,4.611001968383789,4.7531923401847895e-05,0.00792553381189736,False
random,mixed,4,0,0.001,MD-Sinkhorn (M=5),452,9041,4.6219329833984375,4.6916788998649546e-05,0.007871633706450321,False
random,mixed,4,0,0.001,MD-Sinkhorn (M=5),453,9061,4.632917881011963,4.630932883901767e-05,0.007818085315712505,False
random,mixed,4,0,0.001,MD-Sinkhorn (M=5),454,9081,4.642999172210693,4.5709452370819195e-05,0.007764886542071468,False
random,mixed,4,0,0.001,MD-Sinkhorn (M=5),455,9101,4.652968168258667,4.5117070015353766e-05,0.007712035297810857,False
random,mixed,4,0,0.001,MD-Sinkhorn (M=5),456,9121,4.662995100021362,4.4532093163919084e-05,0.007659529505219878,False
random,mixed,4,0,0.001,MD-Sinkhorn (M=5),457,9141,4.671911001205444,4.395443415958992e-05,0.007607367095998047,False
random,mixed,4,0,0.001,MD-Sinkhorn (M=5),458,9161,4.6819844245910645,4.338400630048676e-05,0.007555546012096118,False
random,mixed,4,0,0.001,MD-Sinkhorn (M=5),459,9181,4.69198203086853,4.282072381784751e-05,0.007504064204922397,False
random,mixed,4,0,0.001,MD-Sinkhorn (M=5),460,9201,4.701513290405273,4.226450188026627e-05,0.007452919635897165,False
random,mixed,4,0,0.001,MD-Sinkhorn (M=5),461,9221,4.710515260696411,4.171525657843168e-05,0.0074021102763237746,False
random,mixed,4,0,0.001,MD-Sinkhorn (M=5),462,9241,4.7210376262664795,4.1172904913799944e-05,0.00735163410696444,False
random,mixed,4,0,0.001,MD-Sinkhorn (M=5),463,9261,4.73132848739624,4.063736479825719e-05,0.007301489118635285,False
random,mixed,4,0,0.001,MD-Sinkhorn (M=5),464,9281,4.740314722061157,4.010855503677952e-05,0.007251673311641781,False
random,mixed,4,0,0.001,MD-Sinkhorn (M=5),465,9301,4.751279592514038,3.9586395329164895e-05,0.007202184696538184,False
random,mixed,4,0,0.001,MD-Sinkhorn (M=5),466,9321,4.7602338790893555,3.907080625309802e-05,0.0071530212932301145,False
random,mixed,4,0,0.001,MD-Sinkhorn (M=5),467,9341,4.771579742431641,3.856170925506722e-05,0.00710418113106925,False
random,mixed,4,0,0.001,MD-Sinkhorn (M=5),468,9361,4.781768560409546,3.8059026651520735e-05,0.007055662249710871,False
random,mixed,4,0,0.001,MD-Sinkhorn (M=5),469,9381,4.791769981384277,3.756268161441052e-05,0.007007462698164792,False
random,mixed,4,0,0.001,MD-Sinkhorn (M=5),470,9401,4.802388668060303,3.707259816107154e-05,0.0069595805352021985,False
random,mixed,4,0,0.001,MD-Sinkhorn (M=5),471,9421,4.8124098777771,3.6588701151602974e-05,0.006912013829243674,False
random,mixed,4,0,0.001,MD-Sinkhorn (M=5),472,9441,4.823344469070435,3.6110916277291025e-05,0.0068647606584188075,False
random,mixed,4,0,0.001,MD-Sinkhorn (M=5),473,9461,4.834391355514526,3.563917005255078e-05,0.006817819110273838,False
random,mixed,4,0,0.001,MD-Sinkhorn (M=5),474,9481,4.8433897495269775,3.51733898081558e-05,0.006771187282075508,False
random,mixed,4,0,0.001,MD-Sinkhorn (M=5),475,9501,4.853888988494873,3.471350368755208e-05,0.006724863280985087,False
random,mixed,4,0,0.001,MD-Sinkhorn (M=5),476,9521,4.86489462852478,3.4259440627482226e-05,0.006678845223121078,False
random,mixed,4,0,0.001,MD-Sinkhorn (M=5),477,9541,4.874893426895142,3.381113036365945e-05,0.00663313123469182,False
random,mixed,4,0,0.001,MD-Sinkhorn (M=5),478,9561,4.884965181350708,3.336850341303628e-05,0.006587719451180792,False
random,mixed,4,0,0.001,MD-Sinkhorn (M=5),479,9581,4.895257472991943,3.293149107349495e-05,0.006542608017664674,False
random,mixed,4,0,0.001,MD-Sinkhorn (M=5),480,9601,4.9053122997283936,3.2500025409477125e-05,0.006497795088583319,False
random,mixed,4,0,0.001,MD-Sinkhorn (M=5),481,9621,4.915316343307495,3.2074039249585995e-05,0.00645327882797417,False
random,mixed,4,0,0.001,MD-Sinkhorn (M=5),482,9641,4.925318002700806,3.165346617929848e-05,0.00640905740942424,False
random,mixed,4,0,0.001,MD-Sinkhorn (M=5),483,9661,4.935269832611084,3.123824052929608e-05,0.006365129015888607,False
random,mixed,4,0,0.001,MD-Sinkhorn (M=5),484,9681,4.9463231563568115,3.0828297367213424e-05,0.0063214918391589344,False
random,mixed,4,0,0.001,MD-Sinkhorn (M=5),485,9701,4.95631217956543,3.042357250218142e-05,0.00627814408155517,False
random,mixed,4,0,0.001,MD-Sinkhorn (M=5),486,9721,4.966390609741211,3.0024002461196742e-05,0.0062350839537550235,False
random,mixed,4,0,0.001,MD-Sinkhorn (M=5),487,9741,4.976390361785889,2.962952449118148e-05,0.0061923096759730414,False
random,mixed,4,0,0.001,MD-Sinkhorn (M=5),488,9761,4.987445592880249,2.924007655358263e-05,0.006149819478248836,False
random,mixed,4,0,0.001,MD-Sinkhorn (M=5),489,9781,4.997076988220215,2.885559731134117e-05,0.006107611599262715,False
random,mixed,4,0,0.001,MD-Sinkhorn (M=5),490,9801,5.0070812702178955,2.84760261244657e-05,0.006065684287339609,False
random,mixed,4,0,0.001,MD-Sinkhorn (M=5),491,9821,5.016435623168945,2.8101303042991628e-05,0.006024035799859659,False
random,mixed,4,0,0.001,MD-Sinkhorn (M=5),492,9841,5.0254411697387695,2.7731368801723667e-05,0.005982664403540286,False
random,mixed,4,0,0.001,MD-Sinkhorn (M=5),493,9861,5.037513017654419,2.736616481096069e-05,0.005941568374310185,False
random,mixed,4,0,0.001,MD-Sinkhorn (M=5),494,9881,5.049443483352661,2.700563314771956e-05,0.005900745996944184,False
random,mixed,4,0,0.001,MD-Sinkhorn (M=5),495,9901,5.061448574066162,2.6649716556590114e-05,0.005860195565765718,False
random,mixed,4,0,0.001,MD-Sinkhorn (M=5),496,9921,5.073429822921753,2.6298358433993977e-05,0.0058199153839287796,False
random,mixed,4,0,0.001,MD-Sinkhorn (M=5),497,9941,5.084499359130859,2.59515028266774e-05,0.005779903763742157,False
random,mixed,4,0,0.001,MD-Sinkhorn (M=5),498,9961,5.097168684005737,2.5609094425928453e-05,0.005740159026684887,False
random,mixed,4,0,0.001,MD-Sinkhorn (M=5),499,9981,5.108171701431274,2.5271078556011843e-05,0.00570067950301837,False
random,mixed,4,0,0.001,MD-Sinkhorn (M=5),500,10001,5.12017035484314,2.4937401171751792e-05,0.005661463532062666,False
random,mixed,4,0,0.001,MD-Sinkhorn (M=5),501,10021,5.132176876068115,2.4608008853539394e-05,0.00562250946237024,False
random,mixed,4,0,0.001,MD-Sinkhorn (M=5),502,10041,5.144131660461426,2.428284879430647e-05,0.0055838156511021555,False
random,mixed,4,0,0.001,MD-Sinkhorn (M=5),503,10061,5.157125234603882,2.3961868799211037e-05,0.005545380464502895,False
random,mixed,4,0,0.001,MD-Sinkhorn (M=5),504,10081,5.169125080108643,2.3645017277275837e-05,0.005507202277544464,False
random,mixed,4,0,0.001,MD-Sinkhorn (M=5),505,10101,5.181133031845093,2.3332243235028188e-05,0.005469279474200995,False
random,mixed,4,0,0.001,MD-Sinkhorn (M=5),506,10121,5.193132162094116,2.302349627096329e-05,0.005431610447279814,False
random,mixed,4,0,0.001,MD-Sinkhorn (M=5),507,10141,5.205646514892578,2.271872656886228e-05,0.005394193598318864,False
random,mixed,4,0,0.001,MD-Sinkhorn (M=5),508,10161,5.217646837234497,2.2417884889393042e-05,0.005357027337621301,False
random,mixed,4,0,0.001,MD-Sinkhorn (M=5),509,10181,5.228926420211792,2.2120922570168086e-05,0.0053201100841774145,False
random,mixed,4,0,0.001,MD-Sinkhorn (M=5),510,10201,5.240934371948242,2.18277915118723e-05,0.005283440265671143,False
random,mixed,4,0,0.001,MD-Sinkhorn (M=5),511,10221,5.253934383392334,2.1538444180464202e-05,0.005247016318764853,False
random,mixed,4,0,0.001,MD-Sinkhorn (M=5),512,10241,5.264913558959961,2.1252833594210402e-05,0.0052108366882212785,False
random,mixed,4,0,0.001,MD-Sinkhorn (M=5),513,10261,5.27693510055542,2.0970913321883872e-05,0.005174899827864809,False
random,mixed,4,0,0.001,MD-Sinkhorn (M=5),514,10281,5.288978576660156,2.0692637474184982e-05,0.005139204199834331,False
random,mixed,4,0,0.001,MD-Sinkhorn (M=5),515,10301,5.301372051239014,2.041796070377294e-05,0.005103748275163109,False
random,mixed,4,0,0.001,MD-Sinkhorn (M=5),516,10321,5.311302661895752,2.0146838190592746e-05,0.005068530532940881,False
random,mixed,4,0,0.001,MD-Sinkhorn (M=5),517,10341,5.322366952896118,1.987922564367897e-05,0.005033549461053344,False
random,mixed,4,0,0.001,MD-Sinkhorn (M=5),518,10361,5.333292245864868,1.9615079294049362e-05,0.0049988035557874035,False
random,mixed,4,0,0.001,MD-Sinkhorn (M=5),519,10381,5.343250274658203,1.9354355883565095e-05,0.0049642913217013244,False
random,mixed,4,0,0.001,MD-Sinkhorn (M=5),520,10401,5.352294206619263,1.9097012669386086e-05,0.004930011272064657,False
random,mixed,4,0,0.001,MD-Sinkhorn (M=5),521,10421,5.362294673919678,1.8843007409960716e-05,0.0048959619282834075,False
random,mixed,4,0,0.001,MD-Sinkhorn (M=5),522,10441,5.371293306350708,1.859229836018953e-05,0.0048621418197891016,False
random,mixed,4,0,0.001,MD-Sinkhorn (M=5),523,10461,5.381373643875122,1.8344844275018386e-05,0.004828549485044579,False
random,mixed,4,0,0.001,MD-Sinkhorn (M=5),524,10481,5.390388488769531,1.810060439219705e-05,0.004795183470103318,False
random,mixed,4,0,0.001,MD-Sinkhorn (M=5),525,10501,5.400156497955322,1.7859538435442018e-05,0.004762042329813057,False
random,mixed,4,0,0.001,MD-Sinkhorn (M=5),526,10521,5.410229444503784,1.762160660545532e-05,0.004729124626747764,False
random,mixed,4,0,0.001,MD-Sinkhorn (M=5),527,10541,5.421142101287842,1.738676957292241e-05,0.0046964289317312025,False
random,mixed,4,0,0.001,MD-Sinkhorn (M=5),528,10561,5.437153100967407,1.7154988480264403e-05,0.004663953824013139,False
random,mixed,4,0,0.001,MD-Sinkhorn (M=5),529,10581,5.451150178909302,1.692622492965038e-05,0.004631697890768447,False
random,mixed,4,0,0.001,MD-Sinkhorn (M=5),530,10601,5.461111783981323,1.6700440980797044e-05,0.004599659726978848,False
random,mixed,4,0,0.001,MD-Sinkhorn (M=5),531,10621,5.471158266067505,1.6477599147000335e-05,0.004567837936168018,False
random,mixed,4,0,0.001,MD-Sinkhorn (M=5),532,10641,5.480154275894165,1.625766238734673e-05,0.0045362311294534245,False
random,mixed,4,0,0.001,MD-Sinkhorn (M=5),533,10661,5.4902074337005615,1.6040594104216495e-05,0.004504837926116629,False
random,mixed,4,0,0.001,MD-Sinkhorn (M=5),534,10681,5.499826669692993,1.5826358138678037e-05,0.004473656953341396,False
random,mixed,4,0,0.001,MD-Sinkhorn (M=5),535,10701,5.5098254680633545,1.5614918760959893e-05,0.00444268684612067,False
random,mixed,4,0,0.001,MD-Sinkhorn (M=5),536,10721,5.518911361694336,1.540624067490891e-05,0.004411926247527592,False
random,mixed,4,0,0.001,MD-Sinkhorn (M=5),537,10741,5.528945207595825,1.520028900597718e-05,0.004381373808430606,False
random,mixed,4,0,0.001,MD-Sinkhorn (M=5),538,10761,5.5388805866241455,1.4997029292876439e-05,0.004351028187181933,False
random,mixed,4,0,0.001,MD-Sinkhorn (M=5),539,10781,5.547879219055176,1.4796427496451459e-05,0.004320888050409065,False
random,mixed,4,0,0.001,MD-Sinkhorn (M=5),540,10801,5.5578696727752686,1.4598449979587444e-05,0.004290952071770835,False
random,mixed,4,0,0.001,MD-Sinkhorn (M=5),541,10821,5.568875789642334,1.4403063518772942e-05,0.004261218933624198,False
random,mixed,4,0,0.001,MD-Sinkhorn (M=5),542,10841,5.5788893699646,1.4210235282237664e-05,0.0042316873250477696,False
random,mixed,4,0,0.001,MD-Sinkhorn (M=5),543,10861,5.588930130004883,1.401993284017906e-05,0.004202355943446406,False
random,mixed,4,0,0.001,MD-Sinkhorn (M=5),544,10881,5.599339723587036,1.3832124150810047e-05,0.004173223493344294,False
random,mixed,4,0,0.001,MD-Sinkhorn (M=5),545,10901,5.610374927520752,1.3646777561414369e-05,0.00414428868697112,False
random,mixed,4,0,0.001,MD-Sinkhorn (M=5),546,10921,5.620343208312988,1.3463861802865686e-05,0.0041155502444951385,False
random,mixed,4,0,0.001,MD-Sinkhorn (M=5),547,10941,5.631337642669678,1.3283345980957427e-05,0.004087006892814347,False
random,mixed,4,0,0.001,MD-Sinkhorn (M=5),548,10961,5.642338514328003,1.3105199581450776e-05,0.0040586573670748265,False
random,mixed,4,0,0.001,MD-Sinkhorn (M=5),549,10981,5.652350664138794,1.2929392454978574e-05,0.004030500409340278,False
random,mixed,4,0,0.001,MD-Sinkhorn (M=5),550,11001,5.663349151611328,1.2755894821025581e-05,0.004002534769259527,False
random,mixed,4,0,0.001,MD-Sinkhorn (M=5),551,11021,5.674350023269653,1.2584677261035827e-05,0.003974759203956797,False
random,mixed,4,0,0.001,MD-Sinkhorn (M=5),552,11041,5.684438467025757,1.2415710712531953e-05,0.0039471724776636175,False
random,mixed,4,0,0.001,MD-Sinkhorn (M=5),553,11061,5.695437431335449,1.2248966468601514e-05,0.003919773362143247,False
random,mixed,4,0,0.001,MD-Sinkhorn (M=5),554,11081,5.705155372619629,1.2084416170536985e-05,0.0038925606362473783,False
random,mixed,4,0,0.001,MD-Sinkhorn (M=5),555,11101,5.71614670753479,1.1922031807045915e-05,0.0038655330860396554,False
random,mixed,4,0,0.001,MD-Sinkhorn (M=5),556,11121,5.726152181625366,1.1761785707157049e-05,0.0038386895050469168,False
random,mixed,4,0,0.001,MD-Sinkhorn (M=5),557,11141,5.737158298492432,1.1603650538499375e-05,0.0038120286937585296,False
random,mixed,4,0,0.001,MD-Sinkhorn (M=5),558,11161,5.74711012840271,1.1447599303590573e-05,0.003785549459734654,False
random,mixed,4,0,0.001,MD-Sinkhorn (M=5),559,11181,5.757124423980713,1.1293605334395946e-05,0.0037592506179255965,False
random,mixed,4,0,0.001,MD-Sinkhorn (M=5),560,11201,5.768179416656494,1.1141642289380692e-05,0.0037331309899557743,False
random,mixed,4,0,0.001,MD-Sinkhorn (M=5),561,11221,5.778164386749268,1.0991684149822749e-05,0.0037071894048479746,False
random,mixed,4,0,0.001,MD-Sinkhorn (M=5),562,11241,5.7883124351501465,1.084370521779645e-05,0.003681424698425983,False
random,mixed,4,0,0.001,MD-Sinkhorn (M=5),563,11261,5.7989795207977295,1.069768010798517e-05,0.003655835713570762,False
random,mixed,4,0,0.001,MD-Sinkhorn (M=5),564,11281,5.809990882873535,1.0553583749317607e-05,0.0036304213000222132,False
random,mixed,4,0,0.001,MD-Sinkhorn (M=5),565,11301,5.820937871932983,1.0411391378294891e-05,0.003605180314490259,False
random,mixed,4,0,0.001,MD-Sinkhorn (M=5),566,11321,5.830937623977661,1.027107853542275e-05,0.0035801116203861083,False
random,mixed,4,0,0.001,MD-Sinkhorn (M=5),567,11341,5.840938329696655,1.0132621064016449e-05,0.0035552140884327595,False
random,mixed,4,0,0.001,MD-Sinkhorn (M=5),568,11361,5.852949380874634,9.995995104549273e-06,0.0035304865954423033,False
random,mixed,4,0,0.001,MD-Sinkhorn (M=5),569,11381,5.862940549850464,9.86117709010268e-06,0.0035059280255512683,False
random,mixed,4,0,0.001,MD-Sinkhorn (M=5),570,11401,5.872937917709351,9.728143747416828e-06,0.003481537269524869,False
random,mixed,4,0,0.001,MD-Sinkhorn (M=5),571,11421,5.882991075515747,9.596872088358784e-06,0.003457313224466789,False
random,mixed,4,0,0.001,MD-Sinkhorn (M=5),572,11441,5.892998933792114,9.46733941188313e-06,0.0034332547948098123,False
random,mixed,4,0,0.001,MD-Sinkhorn (M=5),573,11461,5.903148174285889,9.339523294788496e-06,0.003409360891124945,False
random,mixed,4,0,0.001,MD-Sinkhorn (M=5),574,11481,5.913073301315308,9.213401593089507e-06,0.003385630430591567,False
random,mixed,4,0,0.001,MD-Sinkhorn (M=5),575,11501,5.923065900802612,9.088952438737286e-06,0.0033620623373283795,False
random,mixed,4,0,0.001,MD-Sinkhorn (M=5),576,11521,5.935373306274414,8.966154230662267e-06,0.0033386555415016697,False
random,mixed,4,0,0.001,MD-Sinkhorn (M=5),577,11541,5.946382999420166,8.844985640977837e-06,0.0033154089802709076,False
random,mixed,4,0,0.001,MD-Sinkhorn (M=5),578,11561,5.957374095916748,8.725425603295616e-06,0.003292321596928394,False
random,mixed,4,0,0.001,MD-Sinkhorn (M=5),579,11581,5.968421459197998,8.607453314123537e-06,0.00326939234135536,False
random,mixed,4,0,0.001,MD-Sinkhorn (M=5),580,11601,5.978398084640503,8.491048229434237e-06,0.00324662016989739,False
random,mixed,4,0,0.001,MD-Sinkhorn (M=5),581,11621,5.988527059555054,8.376190059593703e-06,0.0032240040448940346,False
random,mixed,4,0,0.001,MD-Sinkhorn (M=5),582,11641,5.999123573303223,8.262858768630409e-06,0.003201542935742559,False
random,mixed,4,0,0.001,MD-Sinkhorn (M=5),583,11661,6.011138677597046,8.151034571056545e-06,0.003179235817383029,False
random,mixed,4,0,0.001,MD-Sinkhorn (M=5),584,11681,6.021118402481079,8.040697926203224e-06,0.003157081671587142,False
random,mixed,4,0,0.001,MD-Sinkhorn (M=5),585,11701,6.031400918960571,7.931829539969135e-06,0.003135079486121338,False
random,mixed,4,0,0.001,MD-Sinkhorn (M=5),586,11721,6.040399074554443,7.824410357054406e-06,0.0031132282550534202,False
random,mixed,4,0,0.001,MD-Sinkhorn (M=5),587,11741,6.050398588180542,7.718421561553226e-06,0.003091526978542953,False
random,mixed,4,0,0.001,MD-Sinkhorn (M=5),588,11761,6.060411214828491,7.613844573878237e-06,0.0030699746630737006,False
random,mixed,4,0,0.001,MD-Sinkhorn (M=5),589,11781,6.069421768188477,7.510661043184724e-06,0.003048570320941668,False
random,mixed,4,0,0.001,MD-Sinkhorn (M=5),590,11801,6.079397678375244,7.4088528548529094e-06,0.0030273129710426806,False
random,mixed,4,0,0.001,MD-Sinkhorn (M=5),591,11821,6.089450836181641,7.308402116333211e-06,0.003006201637833333,False
random,mixed,4,0,0.001,MD-Sinkhorn (M=5),592,11841,6.098583459854126,7.209291161166891e-06,0.0029852353519481535,False
random,mixed,4,0,0.001,MD-Sinkhorn (M=5),593,11861,6.108576536178589,7.111502544948384e-06,0.0029644131500449356,False
random,mixed,4,0,0.001,MD-Sinkhorn (M=5),594,11881,6.117577314376831,7.015019041206898e-06,0.0029437340747697762,False
random,mixed,4,0,0.001,MD-Sinkhorn (M=5),595,11901,6.127580165863037,6.919823643552212e-06,0.0029231971748987016,False
random,mixed,4,0,0.001,MD-Sinkhorn (M=5),596,11921,6.138575077056885,6.825899555234572e-06,0.002902801504554532,False
random,mixed,4,0,0.001,MD-Sinkhorn (M=5),597,11941,6.148573637008667,6.733230193693945e-06,0.0028825461243138836,False
random,mixed,4,0,0.001,MD-Sinkhorn (M=5),598,11961,6.158575534820557,6.641799184261405e-06,0.002862430100352583,False
random,mixed,4,0,0.001,MD-Sinkhorn (M=5),599,11981,6.169576168060303,6.551590358132916e-06,0.002842452504369744,False
random,mixed,4,0,0.001,MD-Sinkhorn (M=5),600,12001,6.179650783538818,6.462587752682075e-06,0.0028226124144510407,False
random,mixed,4,0,0.001,MD-Sinkhorn (M=5),601,12021,6.190784692764282,6.374775605206217e-06,0.002802908913908402,False
random,mixed,4,0,0.001,MD-Sinkhorn (M=5),602,12041,6.200324773788452,6.288138350788201e-06,0.0027833410919530445,False
random,mixed,4,0,0.001,MD-Sinkhorn (M=5),603,12061,6.211335182189941,6.202660625047145e-06,0.00276390804363646,False
random,mixed,4,0,0.001,MD-Sinkhorn (M=5),604,12081,6.221320390701294,6.1183272530938165e-06,0.0027446088691907796,False
random,mixed,4,0,0.001,MD-Sinkhorn (M=5),605,12101,6.2323219776153564,6.03512325768465e-06,0.0027254426752855382,False
random,mixed,4,0,0.001,MD-Sinkhorn (M=5),606,12121,6.242404460906982,5.953033845306551e-06,0.0027064085731859913,False
random,mixed,4,0,0.001,MD-Sinkhorn (M=5),607,12141,6.25236701965332,5.872044415102104e-06,0.002687505680710615,False
random,mixed,4,0,0.001,MD-Sinkhorn (M=5),608,12161,6.263376951217651,5.7921405470771925e-06,0.002668733120386837,False
random,mixed,4,0,0.001,MD-Sinkhorn (M=5),609,12181,6.27336859703064,5.713308007021273e-06,0.0026500900205936387,False
random,mixed,4,0,0.001,MD-Sinkhorn (M=5),610,12201,6.284463882446289,5.6355327410298754e-06,0.002631575515159285,False
random,mixed,4,0,0.001,MD-Sinkhorn (M=5),611,12221,6.295462369918823,5.5588008731935175e-06,0.0026131887436911735,False
random,mixed,4,0,0.001,MD-Sinkhorn (M=5),612,12241,6.305155038833618,5.483098704362095e-06,0.0025949288506030353,False
random,mixed,4,0,0.001,MD-Sinkhorn (M=5),613,12261,6.31615686416626,5.4084127074655736e-06,0.0025767949858595033,False
random,mixed,4,0,0.001,MD-Sinkhorn (M=5),614,12281,6.326172590255737,5.334729532625079e-06,0.0025587863052954785,False
random,mixed,4,0,0.001,MD-Sinkhorn (M=5),615,12301,6.336154222488403,5.2620359943293346e-06,0.0025409019693823087,False
random,mixed,4,0,0.001,MD-Sinkhorn (M=5),616,12321,6.346161603927612,5.190319078884702e-06,0.0025231411443515234,False
random,mixed,4,0,0.001,MD-Sinkhorn (M=5),617,12341,6.356163263320923,5.119565937874353e-06,0.002505503001420404,False
random,mixed,4,0,0.001,MD-Sinkhorn (M=5),618,12361,6.366121292114258,5.0497638842907e-06,0.0024879867172613234,False
random,mixed,4,0,0.001,MD-Sinkhorn (M=5),619,12381,6.376112937927246,4.980900395573661e-06,0.002470591473440786,False
random,mixed,4,0,0.001,MD-Sinkhorn (M=5),620,12401,6.386183738708496,4.912963109257422e-06,0.0024533164570549786,False
random,mixed,4,0,0.001,MD-Sinkhorn (M=5),621,12421,6.3971312046051025,4.8459398199165635e-06,0.0024361608603000874,False
random,mixed,4,0,0.001,MD-Sinkhorn (M=5),622,12441,6.406705856323242,4.779818477247731e-06,0.0024191238802287124,False
random,mixed,4,0,0.001,MD-Sinkhorn (M=5),623,12461,6.417653322219849,4.714587187644437e-06,0.0024022047193708665,False
random,mixed,4,0,0.001,MD-Sinkhorn (M=5),624,12481,6.427658796310425,4.650234208018625e-06,0.002385402584969009,False
random,mixed,4,0,0.001,MD-Sinkhorn (M=5),625,12501,6.437788724899292,4.586747946239367e-06,0.0023687166895031355,False
random,mixed,4,0,0.001,MD-Sinkhorn (M=5),626,12521,6.448771238327026,4.524116957473518e-06,0.002352146250369215,False
random,mixed,4,0,0.001,MD-Sinkhorn (M=5),627,12541,6.458677291870117,4.4623299465984165e-06,0.0023356904900287212,False
random,mixed,4,0,0.001,MD-Sinkhorn (M=5),628,12561,6.469703674316406,4.401375759926579e-06,0.002319348635764645,False
random,mixed,4,0,0.001,MD-Sinkhorn (M=5),629,12581,6.479788780212402,4.341243388730656e-06,0.002303119919913951,False
random,mixed,4,0,0.001,MD-Sinkhorn (M=5),630,12601,6.489911794662476,4.2819219665548e-06,0.002287003579796929,False
random,mixed,4,0,0.001,MD-Sinkhorn (M=5),631,12621,6.499689102172852,4.223400765207617e-06,0.0022709988573046554,False
random,mixed,4,0,0.001,MD-Sinkhorn (M=5),632,12641,6.510571718215942,4.165669195258491e-06,0.002255104999495332,False
random,mixed,4,0,0.001,MD-Sinkhorn (M=5),633,12661,6.52065634727478,4.108716801690495e-06,0.0022393212579002765,False
random,mixed,4,0,0.001,MD-Sinkhorn (M=5),634,12681,6.531656265258789,4.052533266948145e-06,0.0022236468892138607,False
random,mixed,4,0,0.001,MD-Sinkhorn (M=5),635,12701,6.541656255722046,3.9971084042658114e-06,0.002208081154511376,False
random,mixed,4,0,0.001,MD-Sinkhorn (M=5),636,12721,6.551891565322876,3.94243215884137e-06,0.0021926233199698704,False
random,mixed,4,0,0.001,MD-Sinkhorn (M=5),637,12741,6.56289005279541,3.888494606465391e-06,0.0021772726563094244,False
random,mixed,4,0,0.001,MD-Sinkhorn (M=5),638,12761,6.572894334793091,3.835285948707007e-06,0.002162028438615878,False
random,mixed,4,0,0.001,MD-Sinkhorn (M=5),639,12781,6.582889556884766,3.7827965151160966e-06,0.002146889947183088,False
random,mixed,4,0,0.001,MD-Sinkhorn (M=5),640,12801,6.593405485153198,3.731016760662203e-06,0.0021318564666661472,False
random,mixed,4,0,0.001,MD-Sinkhorn (M=5),641,12821,6.603241682052612,3.6799372614204422e-06,0.0021169272862196975,False
random,mixed,4,0,0.001,MD-Sinkhorn (M=5),642,12841,6.614222764968872,3.629548718476637e-06,0.002102101699800455,False
random,mixed,4,0,0.001,MD-Sinkhorn (M=5),643,12861,6.624223947525024,3.579841949442078e-06,0.002087379005612703,False
random,mixed,4,0,0.001,MD-Sinkhorn (M=5),644,12881,6.634185314178467,3.530807895695318e-06,0.0020727585066821655,False
random,mixed,4,0,0.001,MD-Sinkhorn (M=5),645,12901,6.645224571228027,3.482437610270386e-06,0.0020582395102790836,False
random,mixed,4,0,0.001,MD-Sinkhorn (M=5),646,12921,6.655223369598389,3.4347222660644427e-06,0.0020438213285026,False
random,mixed,4,0,0.001,MD-Sinkhorn (M=5),647,12941,6.666239023208618,3.387653148424031e-06,0.002029503277414046,False
random,mixed,4,0,0.001,MD-Sinkhorn (M=5),648,12961,6.677178859710693,3.3412216571618845e-06,0.0020152846778195605,False
random,mixed,4,0,0.001,MD-Sinkhorn (M=5),649,12981,6.687238931655884,3.2954193022312025e-06,0.0020011648547736214,False
random,mixed,4,0,0.001,MD-Sinkhorn (M=5),650,13001,6.697240591049194,3.250237704866259e-06,0.001987143137829822,False
random,mixed,4,0,0.001,MD-Sinkhorn (M=5),651,13021,6.7068822383880615,3.2056685942228127e-06,0.001973218860677484,False
random,mixed,4,0,0.001,MD-Sinkhorn (M=5),652,13041,6.717123508453369,3.161703808100537e-06,0.001959391361436004,False
random,mixed,4,0,0.001,MD-Sinkhorn (M=5),653,13061,6.728061199188232,3.118335289231688e-06,0.0019456599826935368,False
random,mixed,4,0,0.001,MD-Sinkhorn (M=5),654,13081,6.7380900382995605,3.075555085265357e-06,0.0019320240709541506,False
random,mixed,4,0,0.001,MD-Sinkhorn (M=5),655,13101,6.749117374420166,3.0333553476522056e-06,0.0019184829771958156,False
random,mixed,4,0,0.001,MD-Sinkhorn (M=5),656,13121,6.759047031402588,2.9917283301589455e-06,0.0019050360564904307,False
random,mixed,4,0,0.001,MD-Sinkhorn (M=5),657,13141,6.770041227340698,2.9506663878777037e-06,0.001891682668219341,False
random,mixed,4,0,0.001,MD-Sinkhorn (M=5),658,13161,6.781032562255859,2.9101619735992306e-06,0.0018784221756935247,False
random,mixed,4,0,0.001,MD-Sinkhorn (M=5),659,13181,6.791095733642578,2.8702076405529226e-06,0.0018652539468087899,False
random,mixed,4,0,0.001,MD-Sinkhorn (M=5),660,13201,6.801570415496826,2.830796037968749e-06,0.0018521773531101175,False
random,mixed,4,0,0.001,MD-Sinkhorn (M=5),661,13221,6.811603307723999,2.7919199115158933e-06,0.0018391917702340944,False
random,mixed,4,0,0.001,MD-Sinkhorn (M=5),662,13241,6.822611093521118,2.7535721013497794e-06,0.0018262965784816665,False
random,mixed,4,0,0.001,MD-Sinkhorn (M=5),663,13261,6.832610607147217,2.7157455415929832e-06,0.0018134911616678553,False
random,mixed,4,0,0.001,MD-Sinkhorn (M=5),664,13281,6.842660427093506,2.6784332573441625e-06,0.0018007749073955075,False
random,mixed,4,0,0.001,MD-Sinkhorn (M=5),665,13301,6.853694915771484,2.6416283661911965e-06,0.0017881472079249216,False
random,mixed,4,0,0.001,MD-Sinkhorn (M=5),666,13321,6.863687515258789,2.605324075413511e-06,0.001775607459152608,False
random,mixed,4,0,0.001,MD-Sinkhorn (M=5),667,13341,6.873688697814941,2.5695136800934788e-06,0.001763155060741848,False
random,mixed,4,0,0.001,MD-Sinkhorn (M=5),668,13361,6.884825944900513,2.534190565575906e-06,0.0017507894166408121,False
random,mixed,4,0,0.001,MD-Sinkhorn (M=5),669,13381,6.894795894622803,2.4993482012179854e-06,0.0017385099345867683,False
random,mixed,4,0,0.001,MD-Sinkhorn (M=5),670,13401,6.904492139816284,2.4649801437397797e-06,0.0017263160259070555,False
random,mixed,4,0,0.001,MD-Sinkhorn (M=5),671,13421,6.91550087928772,2.4310800322658124e-06,0.0017142071063217274,False
random,mixed,4,0,0.001,MD-Sinkhorn (M=5),672,13441,6.925451278686523,2.3976415920581927e-06,0.001702182594686733,False
random,mixed,4,0,0.001,MD-Sinkhorn (M=5),673,13461,6.936446905136108,2.3646586274303244e-06,0.0016902419143098343,False
random,mixed,4,0,0.001,MD-Sinkhorn (M=5),674,13481,6.947452068328857,2.3321250276503328e-06,0.0016783844920180385,False
random,mixed,4,0,0.001,MD-Sinkhorn (M=5),675,13501,6.957449436187744,2.3000347604501352e-06,0.0016666097583043279,False
random,mixed,4,0,0.001,MD-Sinkhorn (M=5),676,13521,6.967447757720947,2.2683818709713806e-06,0.0016549171475998543,False
random,mixed,4,0,0.001,MD-Sinkhorn (M=5),677,13541,6.977473258972168,2.237160485529311e-06,0.0016433060978145995,False
random,mixed,4,0,0.001,MD-Sinkhorn (M=5),678,13561,6.987506151199341,2.2063648067574874e-06,0.0016317760507747964,False
random,mixed,4,0,0.001,MD-Sinkhorn (M=5),679,13581,6.99658989906311,2.1759891124388574e-06,0.0016203264518791093,False
random,mixed,4,0,0.001,MD-Sinkhorn (M=5),680,13601,7.007123708724976,2.1460277551079343e-06,0.0016089567501500182,False
random,mixed,4,0,0.001,MD-Sinkhorn (M=5),681,13621,7.017078876495361,2.1164751663341815e-06,0.0015976663983573102,False
random,mixed,4,0,0.001,MD-Sinkhorn (M=5),682,13641,7.027451753616333,2.0873258454572876e-06,0.0015864548527636298,False
random,mixed,4,0,0.001,MD-Sinkhorn (M=5),683,13661,7.037447214126587,2.0585743669373254e-06,0.0015753215730920935,False
random,mixed,4,0,0.001,MD-Sinkhorn (M=5),684,13681,7.047499656677246,2.0302153754538056e-06,0.001564266023144309,False
random,mixed,4,0,0.001,MD-Sinkhorn (M=5),685,13701,7.0584962368011475,2.002243589025685e-06,0.0015532876695822913,False
random,mixed,4,0,0.001,MD-Sinkhorn (M=5),686,13721,7.0686798095703125,1.9746537912619785e-06,0.0015423859828771053,False
random,mixed,4,0,0.001,MD-Sinkhorn (M=5),687,13741,7.07968282699585,1.94744083790714e-06,0.0015315604372075058,False
random,mixed,4,0,0.001,MD-Sinkhorn (M=5),688,13761,7.0897486209869385,1.920599651093627e-06,0.0015208105098773587,False
random,mixed,4,0,0.001,MD-Sinkhorn (M=5),689,13781,7.099748611450195,1.8941252203907302e-06,0.0015101356820568202,False
random,mixed,4,0,0.001,MD-Sinkhorn (M=5),690,13801,7.1103291511535645,1.8680126008290476e-06,0.0014995354378682917,False
random,mixed,4,0,0.001,MD-Sinkhorn (M=5),691,13821,7.120853424072266,1.842256915159774e-06,0.0014890092651480274,False
random,mixed,4,0,0.001,MD-Sinkhorn (M=5),692,13841,7.1308698654174805,1.8168533469415825e-06,0.0014785566549788617,False
random,mixed,4,0,0.001,MD-Sinkhorn (M=5),693,13861,7.140908241271973,1.7917971468623642e-06,0.0014681771020004944,False
random,mixed,4,0,0.001,MD-Sinkhorn (M=5),694,13881,7.150906801223755,1.7670836268361266e-06,0.0014578701041139928,False
random,mixed,4,0,0.001,MD-Sinkhorn (M=5),695,13901,7.160911798477173,1.74270815887789e-06,0.001447635162343534,False
random,mixed,4,0,0.001,MD-Sinkhorn (M=5),696,13921,7.171908855438232,1.7186661806812024e-06,0.0014374717812459304,False
random,mixed,4,0,0.001,MD-Sinkhorn (M=5),697,13941,7.181903123855591,1.6949531882795284e-06,0.0014273794688163927,False
random,mixed,4,0,0.001,MD-Sinkhorn (M=5),698,13961,7.191864967346191,1.6715647351182254e-06,0.0014173577359574323,False
random,mixed,4,0,0.001,MD-Sinkhorn (M=5),699,13981,7.202391862869263,1.6484964377192835e-06,0.0014074060970595847,False
random,mixed,4,0,0.001,MD-Sinkhorn (M=5),700,14001,7.213394641876221,1.625743966662932e-06,0.00139752406948254,False
random,mixed,4,0,0.001,MD-Sinkhorn (M=5),701,14021,7.223443508148193,1.6033030533978382e-06,0.0013877111742096322,False
random,mixed,4,0,0.001,MD-Sinkhorn (M=5),702,14041,7.233784914016724,1.5811694844086418e-06,0.0013779669352145514,False
random,mixed,4,0,0.001,MD-Sinkhorn (M=5),703,14061,7.24383020401001,1.5593391008838099e-06,0.0013682908792803524,False
random,mixed,4,0,0.001,MD-Sinkhorn (M=5),704,14081,7.25483512878418,1.53780780217332e-06,0.001358682536902327,False
random,mixed,4,0,0.001,MD-Sinkhorn (M=5),705,14101,7.264828681945801,1.5165715395976218e-06,0.0013491414414091986,False
random,mixed,4,0,0.001,MD-Sinkhorn (M=5),706,14121,7.274832487106323,1.4956263200068562e-06,0.0013396671292936354,False
random,mixed,4,0,0.001,MD-Sinkhorn (M=5),707,14141,7.2858946323394775,1.4749682017301403e-06,0.0013302591402117802,False
random,mixed,4,0,0.001,MD-Sinkhorn (M=5),708,14161,7.295910835266113,1.4545932965925087e-06,0.0013209170167415756,False
random,mixed,4,0,0.001,MD-Sinkhorn (M=5),709,14181,7.306525707244873,1.43449776838608e-06,0.0013116403046852208,False
random,mixed,4,0,0.001,MD-Sinkhorn (M=5),710,14201,7.317526578903198,1.4146778307848112e-06,0.0013024285524703932,False
random,mixed,4,0,0.001,MD-Sinkhorn (M=5),711,14221,7.327533960342407,1.395129747962736e-06,0.001293281312149275,False
random,mixed,4,0,0.001,MD-Sinkhorn (M=5),712,14241,7.338475704193115,1.3758498361953863e-06,0.001284198138472269,False
random,mixed,4,0,0.001,MD-Sinkhorn (M=5),713,14261,7.348816871643066,1.3568344577806707e-06,0.0012751785888758705,False
random,mixed,4,0,0.001,MD-Sinkhorn (M=5),714,14281,7.35983419418335,1.3380800250458683e-06,0.0012662222244006964,False
random,mixed,4,0,0.001,MD-Sinkhorn (M=5),715,14301,7.369817495346069,1.319582997445708e-06,0.001257328608458359,False
random,mixed,4,0,0.001,MD-Sinkhorn (M=5),716,14321,7.383812665939331,1.3013398827414107e-06,0.0012484973076096028,False
random,mixed,4,0,0.001,MD-Sinkhorn (M=5),717,14341,7.4056010246276855,1.2833472341313757e-06,0.0012397278912382019,False
random,mixed,4,0,0.001,MD-Sinkhorn (M=5),718,14361,7.416596412658691,1.265601651300797e-06,0.0012310199316914207,False
random,mixed,4,0,0.001,MD-Sinkhorn (M=5),719,14381,7.426624298095703,1.2480997796919134e-06,0.0012223730042365771,False
random,mixed,4,0,0.001,MD-Sinkhorn (M=5),720,14401,7.437647104263306,1.230838308566187e-06,0.0012137866869369458,False
random,mixed,4,0,0.001,MD-Sinkhorn (M=5),721,14421,7.447643756866455,1.2138139722865356e-06,0.001205260560520145,False
random,mixed,4,0,0.001,MD-Sinkhorn (M=5),722,14441,7.457647323608398,1.1970235489378468e-06,0.0011967942087141663,False
random,mixed,4,0,0.001,MD-Sinkhorn (M=5),723,14461,7.4676430225372314,1.1804638580836292e-06,0.0011883872180539611,False
random,mixed,4,0,0.001,MD-Sinkhorn (M=5),724,14481,7.476595640182495,1.1641317647173192e-06,0.001180039177633662,False
random,mixed,4,0,0.001,MD-Sinkhorn (M=5),725,14501,7.486705541610718,1.1480241728546595e-06,0.001171749679618674,False
random,mixed,4,0,0.001,MD-Sinkhorn (M=5),726,14521,7.496702194213867,1.132138030074609e-06,0.0011635183188422964,False
random,mixed,4,0,0.001,MD-Sinkhorn (M=5),727,14541,7.507093667984009,1.1164703219875807e-06,0.001155344692421354,False
random,mixed,4,0,0.001,MD-Sinkhorn (M=5),728,14561,7.51704478263855,1.1010180791130647e-06,0.0011472284008044848,False
random,mixed,4,0,0.001,MD-Sinkhorn (M=5),729,14581,7.526114225387573,1.085778367280061e-06,0.0011391690468434078,False
random,mixed,4,0,0.001,MD-Sinkhorn (M=5),730,14601,7.536086082458496,1.070748293111829e-06,0.0011311662359656353,False
random,mixed,4,0,0.001,MD-Sinkhorn (M=5),731,14621,7.547099828720093,1.0559250040129028e-06,0.0011232195764642084,False
random,mixed,4,0,0.001,MD-Sinkhorn (M=5),732,14641,7.557103157043457,1.0413056824498445e-06,0.0011153286791474848,False
random,mixed,4,0,0.001,MD-Sinkhorn (M=5),733,14661,7.566418409347534,1.026887550948047e-06,0.0011074931574741416,False
random,mixed,4,0,0.001,MD-Sinkhorn (M=5),734,14681,7.577418804168701,1.0126678677775712e-06,0.0010997126274712912,False
random,mixed,4,0,0.001,MD-Sinkhorn (M=5),735,14701,7.587470054626465,9.986439295970012e-07,0.0010919867077381802,False
random,mixed,4,0,0.001,MD-Sinkhorn (M=5),736,14721,7.597426891326904,9.848130679067737e-07,0.001084315019786587,False
random,mixed,4,0,0.001,MD-Sinkhorn (M=5),737,14741,7.607093811035156,9.711726507846073e-07,0.0010766971870923088,False
random,mixed,4,0,0.001,MD-Sinkhorn (M=5),738,14761,7.618165731430054,9.577200811859606e-07,0.0010691328360676162,False
random,mixed,4,0,0.001,MD-Sinkhorn (M=5),739,14781,7.628188610076904,9.444527970702747e-07,0.0010616215955592963,False
random,mixed,4,0,0.001,MD-Sinkhorn (M=5),740,14801,7.638096809387207,9.313682709313504e-07,0.0010541630968483868,False
random,mixed,4,0,0.001,MD-Sinkhorn (M=5),741,14821,7.647560358047485,9.184640107240839e-07,0.0010467569739922946,False
random,mixed,4,0,0.001,MD-Sinkhorn (M=5),742,14841,7.657567024230957,9.05737555045581e-07,0.0010394028630881925,False
random,mixed,4,0,0.001,MD-Sinkhorn (M=5),743,14861,7.6675684452056885,8.931864767042019e-07,0.0010321004029055386,False
random,mixed,4,0,0.001,MD-Sinkhorn (M=5),744,14881,7.677569389343262,8.80808382167119e-07,0.0010248492347268645,False
random,mixed,4,0,0.001,MD-Sinkhorn (M=5),745,14901,7.687619686126709,8.68600909185603e-07,0.001017649002327977,False
random,mixed,4,0,0.001,MD-Sinkhorn (M=5),746,14921,7.697619915008545,8.565617280773625e-07,0.0010104993516076727,False
random,mixed,4,0,0.001,MD-Sinkhorn (M=5),747,14941,7.707233667373657,8.446885389943958e-07,0.0010033999308619122,False
random,mixed,4,0,0.001,MD-Sinkhorn (M=5),748,14961,7.7172322273254395,8.329790749899541e-07,0.000996350391347709,False
random,mixed,4,0,0.001,MD-Sinkhorn (M=5),749,14981,7.7282490730285645,8.214310981659247e-07,0.000989350385962284,False
random,mixed,4,0,0.001,MD-Sinkhorn (M=5),750,15001,7.738232374191284,8.100424018107688e-07,0.0009823995705006395,False
random,mixed,4,0,0.001,MD-Sinkhorn (M=5),751,15021,7.749590873718262,7.988108075203415e-07,0.0009754976024412866,False
random,mixed,4,0,0.001,MD-Sinkhorn (M=5),752,15041,7.767587423324585,7.87734168762125e-07,0.000968644142462348,False
random,mixed,4,0,0.001,MD-Sinkhorn (M=5),753,15061,7.778594017028809,7.768103647704932e-07,0.0009618388527171186,False
random,mixed,4,0,0.001,MD-Sinkhorn (M=5),754,15081,7.788649320602417,7.660373061786667e-07,0.0009550813983183492,False
random,mixed,4,0,0.001,MD-Sinkhorn (M=5),755,15101,7.7987329959869385,7.554129294915055e-07,0.0009483714459724692,False
random,mixed,4,0,0.001,MD-Sinkhorn (M=5),756,15121,7.808494806289673,7.449352027125307e-07,0.0009417086654780327,False
random,mixed,4,0,0.001,MD-Sinkhorn (M=5),757,15141,7.81746506690979,7.34602116382195e-07,0.0009350927280137867,False
random,mixed,4,0,0.001,MD-Sinkhorn (M=5),758,15161,7.827460765838623,7.244116906285705e-07,0.0009285233075657285,False
random,mixed,4,0,0.001,MD-Sinkhorn (M=5),759,15181,7.837461471557617,7.143619739074657e-07,0.00092200008031391,False
random,mixed,4,0,0.001,MD-Sinkhorn (M=5),760,15201,7.846458435058594,7.044510384564875e-07,0.0009155227243135477,False
random,mixed,4,0,0.001,MD-Sinkhorn (M=5),761,15221,7.856373310089111,6.94676984162011e-07,0.0009090909200290347,False
random,mixed,4,0,0.001,MD-Sinkhorn (M=5),762,15241,7.866499900817871,6.850379350033622e-07,0.0009027043501806254,False
random,mixed,4,0,0.001,MD-Sinkhorn (M=5),763,15261,7.875439167022705,6.755320426888391e-07,0.0008963626994829511,False
random,mixed,4,0,0.001,MD-Sinkhorn (M=5),764,15281,7.885499000549316,6.66157481097346e-07,0.0008900656546856312,False
random,mixed,4,0,0.001,MD-Sinkhorn (M=5),765,15301,7.895563125610352,6.569124515714956e-07,0.000883812905204092,False
random,mixed,4,0,0.001,MD-Sinkhorn (M=5),766,15321,7.906283378601074,6.477951776538753e-07,0.0008776041418531483,False
random,mixed,4,0,0.001,MD-Sinkhorn (M=5),767,15341,7.91624116897583,6.388039078010217e-07,0.0008714390579276401,False
random,mixed,4,0,0.001,MD-Sinkhorn (M=5),768,15361,7.926455497741699,6.29936914999722e-07,0.0008653173490160964,False
random,mixed,4,0,0.001,MD-Sinkhorn (M=5),769,15381,7.936556339263916,6.211924939789472e-07,0.0008592387124275582,False
random,mixed,4,0,0.001,MD-Sinkhorn (M=5),770,15401,7.94754695892334,6.125689637703714e-07,0.0008532028475745386,False
random,mixed,4,0,0.001,MD-Sinkhorn (M=5),771,15421,7.956562042236328,6.040646664026814e-07,0.000847209456213678,False
random,mixed,4,0,0.001,MD-Sinkhorn (M=5),772,15441,7.966555595397949,5.956779641780059e-07,0.0008412582419074287,False
random,mixed,4,0,0.001,MD-Sinkhorn (M=5),773,15461,7.977553606033325,5.874072444528409e-07,0.0008353489100945501,False
random,mixed,4,0,0.001,MD-Sinkhorn (M=5),774,15481,7.987652063369751,5.792509153794661e-07,0.0008294811685427032,False
random,mixed,4,0,0.001,MD-Sinkhorn (M=5),775,15501,7.997659206390381,5.712074052197671e-07,0.0008236547268951875,False
random,mixed,4,0,0.001,MD-Sinkhorn (M=5),776,15521,8.008272171020508,5.632751670697409e-07,0.0008178692967002514,False
random,mixed,4,0,0.001,MD-Sinkhorn (M=5),777,15541,8.019314527511597,5.554526703889767e-07,0.0008121245916137619,False
random,mixed,4,0,0.001,MD-Sinkhorn (M=5),778,15561,8.029320240020752,5.477384096426284e-07,0.0008064203270989724,False
random,mixed,4,0,0.001,MD-Sinkhorn (M=5),779,15581,8.040315389633179,5.401308972921695e-07,0.0008007562207369278,False
random,mixed,4,0,0.001,MD-Sinkhorn (M=5),780,15601,8.050701379776001,5.326286665614772e-07,0.0007951319918267972,False
random,mixed,4,0,0.001,MD-Sinkhorn (M=5),781,15621,8.061819791793823,5.252302707614288e-07,0.0007895473618181258,False
random,mixed,4,0,0.001,MD-Sinkhorn (M=5),782,15641,8.071786880493164,5.179342825784077e-07,0.0007840020539831424,False
random,mixed,4,0,0.001,MD-Sinkhorn (M=5),783,15661,8.0818030834198,5.107392949103856e-07,0.0007784957932372843,False
random,mixed,4,0,0.001,MD-Sinkhorn (M=5),784,15681,8.091855764389038,5.036439183362323e-07,0.0007730283068665468,False
random,mixed,4,0,0.001,MD-Sinkhorn (M=5),785,15701,8.101483345031738,4.966467838792249e-07,0.0007675993236652559,False
random,mixed,4,0,0.001,MD-Sinkhorn (M=5),786,15721,8.11160683631897,4.897465403904479e-07,0.0007622085743657287,False
random,mixed,4,0,0.001,MD-Sinkhorn (M=5),787,15741,8.120593786239624,4.829418545780395e-07,0.0007568557917024974,False
random,mixed,4,0,0.001,MD-Sinkhorn (M=5),788,15761,8.130592346191406,4.7623141277641984e-07,0.0007515407098154154,False
random,mixed,4,0,0.001,MD-Sinkhorn (M=5),789,15781,8.140581846237183,4.696139174446975e-07,0.0007462630653749478,False
random,mixed,4,0,0.001,MD-Sinkhorn (M=5),790,15801,8.150586128234863,4.630880903389636e-07,0.000741022596224239,False
random,mixed,4,0,0.001,MD-Sinkhorn (M=5),791,15821,8.160592317581177,4.566526693575753e-07,0.0007358190421394815,False
random,mixed,4,0,0.001,MD-Sinkhorn (M=5),792,15841,8.170583963394165,4.503064097214184e-07,0.0007306521448126851,False
random,mixed,4,0,0.001,MD-Sinkhorn (M=5),793,15861,8.181541681289673,4.4404808507666257e-07,0.0007255216477900072,False
random,mixed,4,0,0.001,MD-Sinkhorn (M=5),794,15881,8.191555976867676,4.378764840464025e-07,0.0007204272964037425,False
random,mixed,4,0,0.001,MD-Sinkhorn (M=5),795,15901,8.20160722732544,4.317904114084671e-07,0.0007153688371654672,False
random,mixed,4,0,0.001,MD-Sinkhorn (M=5),796,15921,8.212812900543213,4.2578869084055194e-07,0.0007103460190535294,False
random,mixed,4,0,0.001,MD-Sinkhorn (M=5),797,15941,8.222814083099365,4.198701598432796e-07,0.0007053585923155976,False
random,mixed,4,0,0.001,MD-Sinkhorn (M=5),798,15961,8.233769178390503,4.1403367204605396e-07,0.0007004063092803513,False
random,mixed,4,0,0.001,MD-Sinkhorn (M=5),799,15981,8.243885040283203,4.082780972067485e-07,0.0006954889237058826,False
random,mixed,4,0,0.001,MD-Sinkhorn (M=5),800,16001,8.253811120986938,4.0260231987934367e-07,0.0006906061908990695,False
random,mixed,4,0,0.001,MD-Sinkhorn (M=5),801,16021,8.26481556892395,3.970052410113363e-07,0.0006857578683171831,False
random,mixed,4,0,0.001,MD-Sinkhorn (M=5),802,16041,8.274766445159912,3.914857757177911e-07,0.0006809437147591719,False
random,mixed,4,0,0.001,MD-Sinkhorn (M=5),803,16061,8.284812450408936,3.860428526555529e-07,0.0006761634907226304,False
random,mixed,4,0,0.001,MD-Sinkhorn (M=5),804,16081,8.294871091842651,3.806754181780175e-07,0.0006714169584635066,False
random,mixed,4,0,0.001,MD-Sinkhorn (M=5),805,16101,8.3055739402771,3.7538243021214093e-07,0.0006667038817312688,False
random,mixed,4,0,0.001,MD-Sinkhorn (M=5),806,16121,8.315574169158936,3.7016286267970713e-07,0.0006620240259476002,False
random,mixed,4,0,0.001,MD-Sinkhorn (M=5),807,16141,8.326557636260986,3.650157025305038e-07,0.0006573771582208514,False
random,mixed,4,0,0.001,MD-Sinkhorn (M=5),808,16161,8.336448431015015,3.599399511994224e-07,0.0006527630473983849,False
random,mixed,4,0,0.001,MD-Sinkhorn (M=5),809,16181,8.346495628356934,3.5493462305072256e-07,0.0006481814634426628,False
random,mixed,4,0,0.001,MD-Sinkhorn (M=5),810,16201,8.35749340057373,3.499987460541681e-07,0.0006436321784246237,False
random,mixed,4,0,0.001,MD-Sinkhorn (M=5),811,16221,8.367493629455566,3.451313617614996e-07,0.0006391149655546307,False
random,mixed,4,0,0.001,MD-Sinkhorn (M=5),812,16241,8.37849473953247,3.403315257572727e-07,0.0006346296001472978,False
random,mixed,4,0,0.001,MD-Sinkhorn (M=5),813,16261,8.388549327850342,3.35598304761965e-07,0.0006301758584130584,False
random,mixed,4,0,0.001,MD-Sinkhorn (M=5),814,16281,8.398548364639282,3.309307790370073e-07,0.0006257535186111572,False
random,mixed,4,0,0.001,MD-Sinkhorn (M=5),815,16301,8.409193992614746,3.263280421261338e-07,0.0006213623604254626,False
random,mixed,4,0,0.001,MD-Sinkhorn (M=5),816,16321,8.419167280197144,3.217891983376951e-07,0.0006170021648472076,False
random,mixed,4,0,0.001,MD-Sinkhorn (M=5),817,16341,8.429284572601318,3.1731336567941064e-07,0.0006126727144957778,False
random,mixed,4,0,0.001,MD-Sinkhorn (M=5),818,16361,8.439286708831787,3.128996741787971e-07,0.0006083737936856178,False
random,mixed,4,0,0.001,MD-Sinkhorn (M=5),819,16381,8.450292110443115,3.0854726418639894e-07,0.0006041051880193895,False
random,mixed,4,0,0.001,MD-Sinkhorn (M=5),820,16401,8.46028757095337,3.042552910989863e-07,0.0005998666845553056,False
random,mixed,4,0,0.001,MD-Sinkhorn (M=5),821,16421,8.47024393081665,3.000229180311344e-07,0.0005956580718339635,False
random,mixed,4,0,0.001,MD-Sinkhorn (M=5),822,16441,8.48024606704712,2.9584932196307674e-07,0.0005914791401506264,False
random,mixed,4,0,0.001,MD-Sinkhorn (M=5),823,16461,8.491296768188477,2.9173368999095805e-07,0.0005873296807584041,False
random,mixed,4,0,0.001,MD-Sinkhorn (M=5),824,16481,8.502385139465332,2.876752218318088e-07,0.0005832094868612437,False
random,mixed,4,0,0.001,MD-Sinkhorn (M=5),825,16501,8.513089179992676,2.8367312627200394e-07,0.0005791183526053934,False
random,mixed,4,0,0.001,MD-Sinkhorn (M=5),826,16521,8.523082256317139,2.7972662431328537e-07,0.0005750560739177449,False
random,mixed,4,0,0.001,MD-Sinkhorn (M=5),827,16541,8.534097671508789,2.7583494746975833e-07,0.0005710224481117873,False
random,mixed,4,0,0.001,MD-Sinkhorn (M=5),828,16561,8.545047998428345,2.719973369024812e-07,0.000567017273619757,False
random,mixed,4,0,0.001,MD-Sinkhorn (M=5),829,16581,8.555047988891602,2.682130457173031e-07,0.0005630403505645448,False
random,mixed,4,0,0.001,MD-Sinkhorn (M=5),830,16601,8.564999341964722,2.6448133524729754e-07,0.0005590914803855991,False
random,mixed,4,0,0.001,MD-Sinkhorn (M=5),831,16621,8.576152801513672,2.608014791578091e-07,0.0005551704658946994,False
random,mixed,4,0,0.001,MD-Sinkhorn (M=5),832,16641,8.587167739868164,2.5717275895879166e-07,0.000551277111178961,False
random,mixed,4,0,0.001,MD-Sinkhorn (M=5),833,16661,8.59722113609314,2.5359446881695845e-07,0.0005474112217369845,False
random,mixed,4,0,0.001,MD-Sinkhorn (M=5),834,16681,8.606839179992676,2.50065908554621e-07,0.0005435726044756925,False
random,mixed,4,0,0.001,MD-Sinkhorn (M=5),835,16701,8.615836143493652,2.465863916568611e-07,0.0005397610675484946,False
random,mixed,4,0,0.001,MD-Sinkhorn (M=5),836,16721,8.626186609268188,2.431552379134977e-07,0.0005359764204040262,False
random,mixed,4,0,0.001,MD-Sinkhorn (M=5),837,16741,8.635187864303589,2.39771779931544e-07,0.0005322184741937434,False
random,mixed,4,0,0.001,MD-Sinkhorn (M=5),838,16761,8.645188331604004,2.3643535474542722e-07,0.0005284870407350705,False
random,mixed,4,0,0.001,MD-Sinkhorn (M=5),839,16781,8.655184268951416,2.3314531303723375e-07,0.0005247819337963748,False
random,mixed,4,0,0.001,MD-Sinkhorn (M=5),840,16801,8.664174556732178,2.2990101211000838e-07,0.0005211029678605484,False
random,mixed,4,0,0.001,MD-Sinkhorn (M=5),841,16821,8.674193143844604,2.2670181765185285e-07,0.0005174499592727455,False
random,mixed,4,0,0.001,MD-Sinkhorn (M=5),842,16841,8.683181285858154,2.2354710666717487e-07,0.0005138227250909324,False
random,mixed,4,0,0.001,MD-Sinkhorn (M=5),843,16861,8.692787885665894,2.2043626089542507e-07,0.000510221083908197,False
random,mixed,4,0,0.001,MD-Sinkhorn (M=5),844,16881,8.703359603881836,2.173686737647835e-07,0.0005066448558461515,False
random,mixed,4,0,0.001,MD-Sinkhorn (M=5),845,16901,8.712414264678955,2.1434374644854363e-07,0.0005030938617479056,False
random,mixed,4,0,0.001,MD-Sinkhorn (M=5),846,16921,8.722407341003418,2.1136088764842098e-07,0.0004995679240947107,False
random,mixed,4,0,0.001,MD-Sinkhorn (M=5),847,16941,8.732416152954102,2.0841951274138087e-07,0.0004960668664449019,False
random,mixed,4,0,0.001,MD-Sinkhorn (M=5),848,16961,8.74142575263977,2.055190485786019e-07,0.000492590513640473,False
random,mixed,4,0,0.001,MD-Sinkhorn (M=5),849,16981,8.751416206359863,2.026589280138734e-07,0.0004891386915814318,False
random,mixed,4,0,0.001,MD-Sinkhorn (M=5),850,17001,8.76241946220398,1.998385907309096e-07,0.0004857112276799975,False
random,mixed,4,0,0.001,MD-Sinkhorn (M=5),851,17021,8.772418737411499,1.970574866633093e-07,0.00048230795038711684,False
random,mixed,4,0,0.001,MD-Sinkhorn (M=5),852,17041,8.782419919967651,1.943150713099354e-07,0.00047892868920391583,False
random,mixed,4,0,0.001,MD-Sinkhorn (M=5),853,17061,8.792434930801392,1.9161080807067243e-07,0.00047557327495241725,False
random,mixed,4,0,0.001,MD-Sinkhorn (M=5),854,17081,8.80298900604248,1.8894416716611399e-07,0.00047224153984194153,False
random,mixed,4,0,0.001,MD-Sinkhorn (M=5),855,17101,8.814004898071289,1.8631462847587532e-07,0.0004689333166259419,False
random,mixed,4,0,0.001,MD-Sinkhorn (M=5),856,17121,8.82528305053711,1.8372167579117662e-07,0.0004656484401188125,False
random,mixed,4,0,0.001,MD-Sinkhorn (M=5),857,17141,8.835336208343506,1.8116480368985028e-07,0.00046238674552235914,False
random,mixed,4,0,0.001,MD-Sinkhorn (M=5),858,17161,8.847343683242798,1.7864350993453191e-07,0.0004591480696283334,False
random,mixed,4,0,0.001,MD-Sinkhorn (M=5),859,17181,8.857340574264526,1.7615730096311438e-07,0.0004559322499289037,False
random,mixed,4,0,0.001,MD-Sinkhorn (M=5),860,17201,8.866344690322876,1.7370569078419646e-07,0.0004527391256931606,False
random,mixed,4,0,0.001,MD-Sinkhorn (M=5),861,17221,8.876346111297607,1.7128819904960863e-07,0.00044956853669944803,False
random,mixed,4,0,0.001,MD-Sinkhorn (M=5),862,17241,8.88633942604065,1.6890435252592603e-07,0.00044642032407351287,False
random,mixed,4,0,0.001,MD-Sinkhorn (M=5),863,17261,8.896402359008789,1.6655368425867067e-07,0.00044329433020828243,False
random,mixed,4,0,0.001,MD-Sinkhorn (M=5),864,17281,8.90703010559082,1.642357331028518e-07,0.0004401903983237385,False
random,mixed,4,0,0.001,MD-Sinkhorn (M=5),865,17301,8.917061805725098,1.6195004604508306e-07,0.0004371083729572558,False
random,mixed,4,0,0.001,MD-Sinkhorn (M=5),866,17321,8.928011655807495,1.5969617449633613e-07,0.0004340480995045508,False
random,mixed,4,0,0.001,MD-Sinkhorn (M=5),867,17341,8.93809700012207,1.574736764561302e-07,0.00043100942480929873,False
random,mixed,4,0,0.001,MD-Sinkhorn (M=5),868,17361,8.948098421096802,1.5528211675392957e-07,0.0004279921962682132,False
random,mixed,4,0,0.001,MD-Sinkhorn (M=5),869,17381,8.959066390991211,1.531210662566055e-07,0.0004249962627950115,False
random,mixed,4,0,0.001,MD-Sinkhorn (M=5),870,17401,8.968974351882935,1.5099010133770558e-07,0.0004220214740895885,False
random,mixed,4,0,0.001,MD-Sinkhorn (M=5),871,17421,8.980054140090942,1.4888880303620103e-07,0.0004190676809648141,False
random,mixed,4,0,0.001,MD-Sinkhorn (M=5),872,17441,8.989166259765625,1.4681676069489295e-07,0.0004161347354325736,False
random,mixed,4,0,0.001,MD-Sinkhorn (M=5),873,17461,9.00016474723816,1.447735670272857e-07,0.00041322249035691835,False
random,mixed,4,0,0.001,MD-Sinkhorn (M=5),874,17481,9.008896350860596,1.4275882142144225e-07,0.0004103307997070779,False
random,mixed,4,0,0.001,MD-Sinkhorn (M=5),875,17501,9.01885437965393,1.4077212976346256e-07,0.0004074595182625311,False
random,mixed,4,0,0.001,MD-Sinkhorn (M=5),876,17521,9.028862953186035,1.3881310108368033e-07,0.00040460850230486414,False
random,mixed,4,0,0.001,MD-Sinkhorn (M=5),877,17541,9.038864374160767,1.3688135096309744e-07,0.0004017776085641082,False
random,mixed,4,0,0.001,MD-Sinkhorn (M=5),878,17561,9.04885458946228,1.3497650245348542e-07,0.00039896669505593056,False
random,mixed,4,0,0.001,MD-Sinkhorn (M=5),879,17581,9.05985403060913,1.3309817909898586e-07,0.0003961756208999698,False
random,mixed,4,0,0.001,MD-Sinkhorn (M=5),880,17601,9.069855690002441,1.312460130816265e-07,0.000393404245969653,False
random,mixed,4,0,0.001,MD-Sinkhorn (M=5),881,17621,9.080857515335083,1.2941964136583054e-07,0.0003906524310739398,False
random,mixed,4,0,0.001,MD-Sinkhorn (M=5),882,17641,9.091869831085205,1.2761870544559422e-07,0.00038792003845347715,False
random,mixed,4,0,0.001,MD-Sinkhorn (M=5),883,17661,9.101961374282837,1.258428521273486e-07,0.0003852069307989696,False
random,mixed,4,0,0.001,MD-Sinkhorn (M=5),884,17681,9.113655090332031,1.2409173171885397e-07,0.00038251297183501643,False
random,mixed,4,0,0.001,MD-Sinkhorn (M=5),885,17701,9.124571561813354,1.2236500109688223e-07,0.0003798380265463384,False
random,mixed,4,0,0.001,MD-Sinkhorn (M=5),886,17721,9.135658979415894,1.206623206748524e-07,0.00037718196055803793,False
random,mixed,4,0,0.001,MD-Sinkhorn (M=5),887,17741,9.1456618309021,1.1898335649870867e-07,0.000374544640724609,False
random,mixed,4,0,0.001,MD-Sinkhorn (M=5),888,17761,9.15566110610962,1.1732777874112619e-07,0.0003719259344206901,False
random,mixed,4,0,0.001,MD-Sinkhorn (M=5),889,17781,9.166659593582153,1.156952621189899e-07,0.00036932571037425865,False
random,mixed,4,0,0.001,MD-Sinkhorn (M=5),890,17801,9.177571535110474,1.1408548594272572e-07,0.00036674383778988553,False
random,mixed,4,0,0.001,MD-Sinkhorn (M=5),891,17821,9.187575101852417,1.1249813424131586e-07,0.00036418018739521455,False
random,mixed,4,0,0.001,MD-Sinkhorn (M=5),892,17841,9.198747158050537,1.1093289463813023e-07,0.0003616346302283102,False
random,mixed,4,0,0.001,MD-Sinkhorn (M=5),893,17861,9.209421873092651,1.0938946042789865e-07,0.00035910703848120846,False
random,mixed,4,0,0.001,MD-Sinkhorn (M=5),894,17881,9.219406604766846,1.0786752694581943e-07,0.0003565972853359166,False
random,mixed,4,0,0.001,MD-Sinkhorn (M=5),895,17901,9.229405164718628,1.0636679646063154e-07,0.00035410524468837374,False
random,mixed,4,0,0.001,MD-Sinkhorn (M=5),896,17921,9.239365577697754,1.0488697305590641e-07,0.00035163079144718396,False
random,mixed,4,0,0.001,MD-Sinkhorn (M=5),897,17941,9.249414443969727,1.0342776654157832e-07,0.0003491738012290252,False
random,mixed,4,0,0.001,MD-Sinkhorn (M=5),898,17961,9.258364915847778,1.0198888958535553e-07,0.0003467341507540353,False
random,mixed,4,0,0.001,MD-Sinkhorn (M=5),899,17981,9.268404960632324,1.0057005964493116e-07,0.000344311717416189,False
random,mixed,4,0,0.001,MD-Sinkhorn (M=5),900,18001,9.278430461883545,9.917099730113755e-08,0.00034190637972083155,False
random,mixed,4,0,0.001,MD-Sinkhorn (M=5),901,18021,9.28740930557251,9.779142793164949e-08,0.0003395180166094547,False
random,mixed,4,0,0.001,MD-Sinkhorn (M=5),902,18041,9.29751181602478,9.643107993988578e-08,0.0003371465079856941,False
random,mixed,4,0,0.001,MD-Sinkhorn (M=5),903,18061,9.308147668838501,9.508968639866644e-08,0.00033479173514315574,False
random,mixed,4,0,0.001,MD-Sinkhorn (M=5),904,18081,9.31823468208313,9.376698266384316e-08,0.00033245357968804553,False
random,mixed,4,0,0.001,MD-Sinkhorn (M=5),905,18101,9.32823371887207,9.246270930798086e-08,0.00033013192388097053,False
random,mixed,4,0,0.001,MD-Sinkhorn (M=5),906,18121,9.338231801986694,9.117660975791516e-08,0.0003278266511926455,False
random,mixed,4,0,0.001,MD-Sinkhorn (M=5),907,18141,9.34814715385437,8.990843017471755e-08,0.00032553764600507103,False
random,mixed,4,0,0.001,MD-Sinkhorn (M=5),908,18161,9.359193325042725,8.865792202939388e-08,0.0003232647929849085,False
random,mixed,4,0,0.001,MD-Sinkhorn (M=5),909,18181,9.369196653366089,8.742483870755616e-08,0.00032100797820823896,False
random,mixed,4,0,0.001,MD-Sinkhorn (M=5),910,18201,9.379244804382324,8.620893783748925e-08,0.00031876708808126935,False
random,mixed,4,0,0.001,MD-Sinkhorn (M=5),911,18221,9.390161514282227,8.500998042730888e-08,0.0003165420100743339,False
random,mixed,4,0,0.001,MD-Sinkhorn (M=5),912,18241,9.400174140930176,8.382773026294481e-08,0.0003143326325009962,False
random,mixed,4,0,0.001,MD-Sinkhorn (M=5),913,18261,9.411050796508789,8.2661955146974e-08,0.0003121388440903763,False
random,mixed,4,0,0.001,MD-Sinkhorn (M=5),914,18281,9.42107105255127,8.15124246192922e-08,0.0003099605345916269,False
random,mixed,4,0,0.001,MD-Sinkhorn (M=5),915,18301,9.43092942237854,8.037891307652282e-08,0.0003077975948504319,False
random,mixed,4,0,0.001,MD-Sinkhorn (M=5),916,18321,9.441931247711182,7.926119776010025e-08,0.0003056499159899683,False
random,mixed,4,0,0.001,MD-Sinkhorn (M=5),917,18341,9.452980995178223,7.815905817709921e-08,0.00030351738986593636,False
random,mixed,4,0,0.001,MD-Sinkhorn (M=5),918,18361,9.462982654571533,7.707227813407949e-08,0.00030139990973841854,False
random,mixed,4,0,0.001,MD-Sinkhorn (M=5),919,18381,9.472984790802002,7.600064200663755e-08,0.00029929736873639636,False
random,mixed,4,0,0.001,MD-Sinkhorn (M=5),920,18401,9.48297643661499,7.494394048632191e-08,0.00029720966140559326,False
random,mixed,4,0,0.001,MD-Sinkhorn (M=5),921,18421,9.494444131851196,7.390196509456326e-08,0.0002951366827856981,False
random,mixed,4,0,0.001,MD-Sinkhorn (M=5),922,18441,9.504443407058716,7.287451054586259e-08,0.00029307832858476324,False
random,mixed,4,0,0.001,MD-Sinkhorn (M=5),923,18461,9.516062259674072,7.186137476241771e-08,0.0002910344954886971,False
random,mixed,4,0,0.001,MD-Sinkhorn (M=5),924,18481,9.527068853378296,7.086235775555526e-08,0.0002890050805913079,False
random,mixed,4,0,0.001,MD-Sinkhorn (M=5),925,18501,9.5360689163208,6.987726330789072e-08,0.0002869899821556737,False
random,mixed,4,0,0.001,MD-Sinkhorn (M=5),926,18521,9.548145771026611,6.890589666321207e-08,0.00028498909858350077,False
random,mixed,4,0,0.001,MD-Sinkhorn (M=5),927,18541,9.558043003082275,6.794806800885245e-08,0.00028300232940991327,False
random,mixed,4,0,0.001,MD-Sinkhorn (M=5),928,18561,9.567107677459717,6.700358728272429e-08,0.0002810295747161714,False
random,mixed,4,0,0.001,MD-Sinkhorn (M=5),929,18581,9.577111005783081,6.607226951940164e-08,0.00027907073546484557,False
random,mixed,4,0,0.001,MD-Sinkhorn (M=5),930,18601,9.587068557739258,6.515393027365198e-08,0.000277125713094174,False
random,mixed,4,0,0.001,MD-Sinkhorn (M=5),931,18621,9.596126079559326,6.424838953020137e-08,0.0002751944096145143,False
random,mixed,4,0,0.001,MD-Sinkhorn (M=5),932,18641,9.60570502281189,6.335546815464273e-08,0.00027327672847526387,False
random,mixed,4,0,0.001,MD-Sinkhorn (M=5),933,18661,9.61566710472107,6.247499060884384e-08,0.0002713725725879462,False
random,mixed,4,0,0.001,MD-Sinkhorn (M=5),934,18681,9.624666213989258,6.160678348035589e-08,0.0002694818468550759,False
random,mixed,4,0,0.001,MD-Sinkhorn (M=5),935,18701,9.63470458984375,6.075067652556841e-08,0.00026760445567157096,False
random,mixed,4,0,0.001,MD-Sinkhorn (M=5),936,18721,9.644702434539795,5.990649956800337e-08,0.00026574030503915093,False
random,mixed,4,0,0.001,MD-Sinkhorn (M=5),937,18741,9.654659986495972,5.907408723615333e-08,0.00026388930093747964,False
random,mixed,4,0,0.001,MD-Sinkhorn (M=5),938,18761,9.664660930633545,5.8253275619375006e-08,0.0002620513506344128,False
random,mixed,4,0,0.001,MD-Sinkhorn (M=5),939,18781,9.674710512161255,5.744390356793579e-08,0.0002602263615535678,False
random,mixed,4,0,0.001,MD-Sinkhorn (M=5),940,18801,9.684657096862793,5.664580932009466e-08,0.00025841424199672105,False
random,mixed,4,0,0.001,MD-Sinkhorn (M=5),941,18821,9.694666385650635,5.5858837693273004e-08,0.0002566149005860023,False
random,mixed,4,0,0.001,MD-Sinkhorn (M=5),942,18841,9.705172538757324,5.508283356469611e-08,0.0002548282471670669,False
random,mixed,4,0,0.001,MD-Sinkhorn (M=5),943,18861,9.715350866317749,5.4317642454704116e-08,0.0002530541918791862,False
random,mixed,4,0,0.001,MD-Sinkhorn (M=5),944,18881,9.725359678268433,5.356311530219164e-08,0.0002512926454165148,False
random,mixed,4,0,0.001,MD-Sinkhorn (M=5),945,18901,9.73531460762024,5.2819102379485786e-08,0.00024954351921048956,False
random,mixed,4,0,0.001,MD-Sinkhorn (M=5),946,18921,9.745312929153442,5.2085457798364945e-08,0.0002478067254481302,False
random,mixed,4,0,0.001,MD-Sinkhorn (M=5),947,18941,9.755314826965332,5.1362037027784675e-08,0.0002460821766640136,False
random,mixed,4,0,0.001,MD-Sinkhorn (M=5),948,18961,9.765357255935669,5.0648697239568795e-08,0.0002443697862096841,False
random,mixed,4,0,0.001,MD-Sinkhorn (M=5),949,18981,9.775368690490723,4.994529680138902e-08,0.0002426694680307218,False
random,mixed,4,0,0.001,MD-Sinkhorn (M=5),950,19001,9.78535509109497,4.9251698927321096e-08,0.000240981136499735,False
random,mixed,4,0,0.001,MD-Sinkhorn (M=5),951,19021,9.795414686203003,4.856776518231845e-08,0.00023930470702671736,False
random,mixed,4,0,0.001,MD-Sinkhorn (M=5),952,19041,9.806042194366455,4.789336218358111e-08,0.0002376400949863943,False
random,mixed,4,0,0.001,MD-Sinkhorn (M=5),953,19061,9.817046642303467,4.722835678591539e-08,0.00023598721679014904,False
random,mixed,4,0,0.001,MD-Sinkhorn (M=5),954,19081,9.827097415924072,4.657261679613165e-08,0.00023434598951440098,False
random,mixed,4,0,0.001,MD-Sinkhorn (M=5),955,19101,9.83808708190918,4.592601440606885e-08,0.0002327163305868049,False
random,mixed,4,0,0.001,MD-Sinkhorn (M=5),956,19121,9.852083206176758,4.5288421397107303e-08,0.0002310981578128522,False
random,mixed,4,0,0.001,MD-Sinkhorn (M=5),957,19141,9.86608076095581,4.465971256660336e-08,0.00022949139005624126,False
random,mixed,4,0,0.001,MD-Sinkhorn (M=5),958,19161,9.876084804534912,4.4039763950631274e-08,0.0002278959465916853,False
random,mixed,4,0,0.001,MD-Sinkhorn (M=5),959,19181,9.88608193397522,4.342845199674036e-08,0.0002263117472195325,False
random,mixed,4,0,0.001,MD-Sinkhorn (M=5),960,19201,9.895167112350464,4.282565829586728e-08,0.00022473871211451613,False
random,mixed,4,0,0.001,MD-Sinkhorn (M=5),961,19221,9.9056236743927,4.2231263454462614e-08,0.00022317676218917877,False
random,mixed,4,0,0.001,MD-Sinkhorn (M=5),962,19241,9.915632247924805,4.164514911666686e-08,0.00022162581926543322,False
random,mixed,4,0,0.001,MD-Sinkhorn (M=5),963,19261,9.926632165908813,4.1067201204164e-08,0.0002200858050260419,False
random,mixed,4,0,0.001,MD-Sinkhorn (M=5),964,19281,9.936631917953491,4.0497304868010816e-08,0.00021855664208438573,False
random,mixed,4,0,0.001,MD-Sinkhorn (M=5),965,19301,9.946632146835327,3.9935348058257376e-08,0.00021703825372778422,False
random,mixed,4,0,0.001,MD-Sinkhorn (M=5),966,19321,9.955631971359253,3.9381220511163265e-08,0.00021553056352380977,False
random,mixed,4,0,0.001,MD-Sinkhorn (M=5),967,19341,9.965632200241089,3.883481255982104e-08,0.0002140334958250582,False
random,mixed,4,0,0.001,MD-Sinkhorn (M=5),968,19361,9.975632429122925,3.829601581490982e-08,0.00021254697527660785,False
random,mixed,4,0,0.001,MD-Sinkhorn (M=5),969,19381,9.984667778015137,3.7764725850328464e-08,0.00021107092699909906,False
random,mixed,4,0,0.001,MD-Sinkhorn (M=5),970,19401,9.994827508926392,3.724083622544348e-08,0.00020960527708481426,False
random,mixed,4,0,0.001,MD-Sinkhorn (M=5),971,19421,10.00385856628418,3.672424440188184e-08,0.00020814995181566006,False
random,mixed,4,0,0.001,MD-Sinkhorn (M=5),972,19441,10.01358675956726,3.621484867546244e-08,0.00020670487787286727,False
random,mixed,4,0,0.001,MD-Sinkhorn (M=5),973,19461,10.023543119430542,3.5712548472545836e-08,0.00020526998270244655,False
random,mixed,4,0,0.001,MD-Sinkhorn (M=5),974,19481,10.033588647842407,3.5217245194231304e-08,0.00020384519412124168,False
random,mixed,4,0,0.001,MD-Sinkhorn (M=5),975,19501,10.04359483718872,3.472884063186315e-08,0.0002024304408454003,False
random,mixed,4,0,0.001,MD-Sinkhorn (M=5),976,19521,10.0535888671875,3.424723856833292e-08,0.00020102565151167807,False
random,mixed,4,0,0.001,MD-Sinkhorn (M=5),977,19541,10.062586069107056,3.377234441825984e-08,0.0001996307554195178,False
random,mixed,4,0,0.001,MD-Sinkhorn (M=5),978,19561,10.072584867477417,3.330406433387295e-08,0.00019824568263414848,False
random,mixed,4,0,0.001,MD-Sinkhorn (M=5),979,19581,10.082586765289307,3.284230616020344e-08,0.00019687036357928178,False
random,mixed,4,0,0.001,MD-Sinkhorn (M=5),980,19601,10.091514348983765,3.238697899143924e-08,0.0001955047290615789,False
random,mixed,4,0,0.001,MD-Sinkhorn (M=5),981,19621,10.101514339447021,3.1937993263847936e-08,0.0001941487106016494,False
random,mixed,4,0,0.001,MD-Sinkhorn (M=5),982,19641,10.112030267715454,3.1495260326968054e-08,0.0001928022397977637,False
random,mixed,4,0,0.001,MD-Sinkhorn (M=5),983,19661,10.12103009223938,3.1058692292057895e-08,0.0001914652492272714,False
random,mixed,4,0,0.001,MD-Sinkhorn (M=5),984,19681,10.131155967712402,3.062820365368253e-08,0.0001901376716215687,False
random,mixed,4,0,0.001,MD-Sinkhorn (M=5),985,19701,10.141090393066406,3.020370957798897e-08,0.000188819440329224,False
random,mixed,4,0,0.001,MD-Sinkhorn (M=5),986,19721,10.151125431060791,2.9785126956557436e-08,0.0001875104890144009,False
random,mixed,4,0,0.001,MD-Sinkhorn (M=5),987,19741,10.161076545715332,2.9372371828741194e-08,0.00018621075201463944,False
random,mixed,4,0,0.001,MD-Sinkhorn (M=5),988,19761,10.171078205108643,2.8965364689422342e-08,0.0001849201640685265,False
random,mixed,4,0,0.001,MD-Sinkhorn (M=5),989,19781,10.181079149246216,2.85640239189296e-08,0.0001836386602841883,False
random,mixed,4,0,0.001,MD-Sinkhorn (M=5),990,19801,10.192167043685913,2.8168271393455905e-08,0.00018236617627245092,False
random,mixed,4,0,0.001,MD-Sinkhorn (M=5),991,19821,10.20215630531311,2.7778028487872655e-08,0.00018110264818148265,False
random,mixed,4,0,0.001,MD-Sinkhorn (M=5),992,19841,10.212769269943237,2.7393218210300185e-08,0.0001798480123438527,False
random,mixed,4,0,0.001,MD-Sinkhorn (M=5),993,19861,10.222771644592285,2.701376582405694e-08,0.00017860220607901085,False
random,mixed,4,0,0.001,MD-Sinkhorn (M=5),994,19881,10.232771396636963,2.6639595206224192e-08,0.00017736516667349824,False
random,mixed,4,0,0.001,MD-Sinkhorn (M=5),995,19901,10.242770433425903,2.6270633916450424e-08,0.00017613683181759386,False
random,mixed,4,0,0.001,MD-Sinkhorn (M=5),996,19921,10.252764225006104,2.5906808277282337e-08,0.000174917140158473,False
random,mixed,4,0,0.001,MD-Sinkhorn (M=5),997,19941,10.262778043746948,2.5548047266911434e-08,0.00017370603003513012,False
random,mixed,4,0,0.001,MD-Sinkhorn (M=5),998,19961,10.2727792263031,2.5194279176842996e-08,0.00017250344089362143,False
random,mixed,4,0,0.001,MD-Sinkhorn (M=5),999,19981,10.283773422241211,2.484543600391438e-08,0.00017130931251395715,False
random,mixed,4,0,0.001,MD-Sinkhorn (M=5),1000,20001,10.294832229614258,2.4501447622931954e-08,0.00017012358457793884,False
